speaker;start_time;stop_time;text
Participant;16.76;17.55;<synch>
Ellie;33.357;54.897;IntroV4Confirmation (hi i'm ellie thanks for coming in today i was created to talk to people in a safe and secure environment i'm not a therapist but i'm here to learn about people and would love to learn about you i'll ask a few questions to get us started and please feel free to tell me anything your answers are totally confidential are you ok with this)
Participant;55.39;55.87;yes
Ellie;56.415;60.946;okay_confirm (okay) how_doingV (so how are you doing today)
Participant;61.44;61.83;okay
Ellie;62.856;65.626;thats_good (that's good) where_originally (where are you from originally)
Participant;65.96;66.95;from santa monica
Ellie;68.414;72.652;really (really) like_about_LA (what are some things you really like about l_a)
Participant;74.71;76.73;uh the people mostly
Ellie;78.861;81.211;dont_like_LA (what are some things you don't really like about l_a)
Participant;83.06;85.98;<sigh> well the people also <laughter>
Ellie;86.887;87.917;see_mean (i see what you mean)
Participant;87.91;91.11;<laughter>
Ellie;90.185;96.385;travel_shoes (i'm sure you can tell by my shoes i'm not much of a world explorer do you travel a lot)
Participant;96.82;97.83;uh no not a lot
Ellie;99.769;100.339;why2 (why)
Participant;101.49;103.99;well i can't afford to travel as much as i'd like to
Ellie;105.864;109.011;okay_confirm (okay) study (what did you study at school)
Participant;110.6;112.17;mm i was an english major
Ellie;113.996;117.388;sounds_interesting (that sounds interesting) hard_decision (how did you decide to do that)
Participant;119.42;126.26;uh i just liked reading a lot at the time so it sounded like the best thing well the most fun thing to study
Ellie;127.673;128.703;still_doing_X (are you still doing that)
Participant;129.71;130.55;no not anymore
Ellie;132.418;138.554;job_virtually (i love my job you could almost say it's virtually made for me what's your dream job)
Participant;139.79;144.78;oh i guess my dream job would be to manage a uh soccer club
Ellie;147.136;148.076;difficult (how hard is that)
Participant;149.03;151.7;oh it'd be pretty much impossible for me
Ellie;153.757;154.327;why2 (why)
Participant;154.82;157.8;um i don't have any experience <laughter> in that field
Ellie;160.168;169.066;understand (i understand) shyoutgoing (do you consider yourself more shy or outgoing)
Participant;168.02;168.87;i'm very shy
Ellie;171.202;183.28;relax_fishtank (sometimes when i'm feeling tense i turn on the fish tank screensaver hey i know it's not hawaii but it's the best i've got what do you do to relax)
Participant;184.12;185.26;i play music
Ellie;189.535;191.065;what_do_when_annoyed (what do you do when you are annoyed)
Participant;192.4;207.29;<sigh> what do i do when i'm annoyed i don't know um what do i do when i'm annoyed i can't think of anything i don't know i don't think yeah i don't do anything specifically
Ellie;205.049;210.415;okay_confirm (okay) control_temper (how are you at controlling your temper)
Participant;211.87;215.66;uh pretty good i would say very good i don't lose my temper very often
Ellie;216.553;221.1;thats_good (that's good) last_argument (when was the last time you argued with someone and what was it about)
Participant;223.26;240.29;mm when was the last time i argued with someone <sigh> i can't remember uh yeah i don't have a lot of conflicts with people i can't remember the last time i argued with someone
Ellie;241.848;248.033;hmmB (hmm) memory_erase (tell me about an event or something that you wish you could erase from your memory)
Participant;249.2;276.44;<sigh> well let's see when i was um a little kid i was outside my grandparents' uh restaurant and there was a robbery and i saw it i well i saw it when when the robbers were leaving um yeah maybe i would want to erase that from my memory if i could
Ellie;278.24;281.021;yeah_downer (yeah) describe_felt (how did you feel in that moment)
Participant;283.04;306.43;well i didn't know what was happening in that moment so i didn't feel so bad at the time but i felt bad afterward because then um you know my mother was upset by it my mother was there and she had to call the police and it was it was disturbing to see her you know really disturbed that way but at the time that it actually happened i wasn't really upset it was more the the aftermath of it
Ellie;307.237;310.261;yeah_downer (yeah) been_hard (that sounds really hard)
Participant;312.78;313.75;mm it was <wa> it was
Ellie;313.123;316.915;situation_handled (tell me about a situation that you wish you had handled differently)
Participant;314.48;382.18;<laughter> <sigh> situation that <sniffle> <sigh> i don't know um well i can think of um there's probably a million situations that i would've <laughter> i wish i would've handled differently i can't think of one in particular um maybe i think that when i was a kid i um well i think that when i was let's see well i have okay i have a good one um i didn't marry the girl that i think that i should have married so that's a big one for me
Ellie;384.528;385.688;tell_about_that (can you tell me about that)
Participant;387.58;429.7;yeah well we <w> we were together for about four years and uh i think i just took her for granted and i just didn't uh commit and um that was a long time ago and now that's it's been so many years i realize well i don't know that if it's a realization but i think now that that yeah she should've been my wife that we were meant for each other or made for each other but because my selfishness and because i just uh had this fear of commitment at the time i just felt like i didn't uh i didn't do what i should've done what what the smart thing would've been
Ellie;431.989;438.186;mm (mm) feelguilty (what's something you feel guilty about)
Participant;440.17;483.34;<sigh> well the last thing i can think of that i would say i feel guilty about was <sigh> no i feel a lot of guilt about my my friendships i've not i don't feel like i'm as as good of a friend as i could be but then at the same time i don't really know exactly what uh how i could be a better friend i just feel a little guilty that i'm not that i can't help people anyone who who has a problem i can't i never feel like i can help anyone who i know who has a problem so
Ellie;485.582;487.122;bouts_symptoms (when was the last time that happened)
Participant;488.13;501.35;oh that happens every day i guess it that happens with everyone who i know and everyone all of my relatives and all of my friends i don't feel like i can really give them anything or help them in their lives you know
Ellie;503.176;508.079;mhm (mhm) family_relationship (tell me about your relationship with your family)
Participant;510.63;547.64;well they're um it's very distant it's it's just it's very cordial and it's very uh uh i don't know what the word is it's on the it's kept at a very surface level i don't think that they know i don't think that my family really knows me very well at all and uh i don't know them very well either not not in a not in a true sense so yeah it's it's i think a lot of families are that way but it it is it does bother me that mine is that way
Ellie;549.159;555.564;yeah_downer (yeah) easy_sleep (how easy is it for you to get a good night's sleep)
Participant;556.61;564.88;oh it's very easy i sleep a lot and i um yeah i i i have no problem sleeping at all
Ellie;567.031;570.201;behavior_changes (have you noticed any changes in your behavior or thoughts lately)
Participant;572.23;588.52;no not not really i would say they way i am now it's the way i think i've been my whole life so even when i was a little kid i slept a lot also and no i don't think i've i've changed much
Ellie;589.968;591.348;feel_lately (how have you been feeling lately)
Participant;592.76;606.98;mm pretty down but like i said in a way i could say yeah i'm feeling really down but then again i've always been this way so it's hard to say that's it's down when it's consistently that way
Ellie;607.944;611.789;yeah_downer (yeah) depression_diagnosed (have you been diagnosed with depression)
Participant;612.19;612.68;yes
Ellie;613.466;615.386;when_diagnosed (how long ago were you diagnosed)
Participant;613.57;621.99;a long oh a long time ago i was um about ten years old or around there about
Ellie;621.626;622.976;why_seek_help (what got you to seek help)
Participant;625.21;638.76;uh i was just missing a lot of school i didn't wanna go to school so eventually uh they sent me to to a therapist and then to a psychologist and then to a psychiatrist and uh it went from there
Ellie;640.171;641.611;therapy_going (do you still go to therapy now)
Participant;642.36;647.27;no i haven't gone to therapy since i was a teenager
Ellie;648.291;648.941;stop_going (why did you stop)
Participant;650.87;660.83;well i didn't feel it was helping me at all so one day i just decided i didn't wanna go anymore eh
Ellie;662.228;664.118;therapist_affect (how has seeing a therapist affected you)
Participant;667.57;675.22;uh well like i said it i didn't feel that it helped me um so i guess it i don't know that it affected me much
Ellie;678.794;680.344;disturbing_thoughts (do you have disturbing thoughts)
Participant;682.06;685.3;no i wouldn't say disturbing no
Ellie;688.765;692.482;happy_lasttime (tell me about the last time you felt really happy)
Participant;693.23;708.5;mm well i feel pretty happy whenever i see my nephew and uh i have a my best friend's children are i feel like they're my my nephew and my niece and i'm pretty happy when i'm around them
Ellie;711.81;717.715;thats_great (that's great) ideal_weekendC (tell me how you spend your ideal weekend)
Participant;720.0;736.12;uh my ideal weekend would be um i would travel <tr> i would probably be traveling i i would really enjoy just getting out of the city every weekend um eh going anywhere really just anywhere out of the city
Ellie;737.694;739.214;travel_changed (what do you enjoy about traveling)
Participant;741.53;769.36;uh just seeing the way different people live and how people are different wherever you go i really do think people are different when you go to different places and how they interact with you and how they see the world different food um and i also like historical places i i'm into history and i and i enjoy um just visiting anywhere that has some sort of a historical significance
Ellie;770.639;771.359;awesome (awesome)
Participant;771.5;775.35;<laughter>
Ellie;773.422;775.102;travel_trips (i'd love to hear about one of your trips)
Participant;776.87;804.47;oh i haven't taken a trip in a long time um the last trip i really took was i went to france a few years ago for a wedding and i had a really good time there and i had always wanted to go to paris and so i got to go to paris and then i went to a little town um that's a few hours away from paris where the actual wedding was and yeah it was really fun i think the the church where the wedding was was uh like a thousand years old so
Ellie;804.945;805.515;wow (wow)
Participant;806.48;808.01;yeah it was a really cool trip
Ellie;809.449;811.809;memorableB (what's one of your most memorable experiences)
Participant;815.02;823.79;<sigh> <sigh> like i don't know i don't <laughter> i don't know what's what would would be considered memorable
Ellie;824.892;826.092;mind (whatever comes to your mind)
Participant;825.38;869.49;uh a memorable experience probably the most memorable experience i guess would just be nothing in particular but but living with the girl who i just who i told you earlier that i think now that we should've gotten married um that's something that stays in my memory that's why i'm saying it's memorable because it's it's still with me and um eh it's something that i don't think you know well i'll know i'll never forget it but it's not any mm particular day or any particular moment you know
Ellie;871.074;876.942;yeah_downer (yeah) self_change (what are some things you wish you could change about yourself)
Participant;880.38;908.24;oh a lot um wish i could be healthier for one thing uh more energetic and um more friendly well no i think i am pretty friendly but more uh more outgoing more social <s> more uh more social um those two things mainly i guess i would like to be more more social more enthusiastic and more and healthier
Ellie;910.475;912.165;BF_describe (how would your best friend describe you)
Participant;914.43;947.68;oh that's a good question my best friend how would my best friend describe me i think i think he would say that i'm a very <sigh> well it sounds cheesy but it <laughter> he would probably say that i'm a very spiritual person and that i'm very giving i i think i'm a lot more selfish than people think i am but people think that i'm not selfish um and probably he would say that i'm creative also
Ellie;950.537;953.487;advice_back (what advice would you give to yourself ten or twenty years ago)
Participant;956.8;965.3;<sigh> wow well my advice to to myself i don't understand the question <laughter>
Ellie;971.632;972.702;regret (is there anything you regret)
Participant;974.61;976.04;yeah but we already talked about it
Ellie;977.522;982.075;right2 (right) Ellie17Dec2012_08 (what are you most proud of in your life)
Participant;984.65;1010.36;<sigh> nah i can't uh well i don't think that i really believe in in being proud or in in pride um i don't think that it accomplishments are really something to be proud of but i can't really think of any accomplishment anyway even if i did have something <laughter> to be proud of no i can't think of anything <anythi> any sort of accomplishment i've had
Ellie;1011.634;1016.77;okay_confirm (okay) Ellie17Dec2012_10 (tell me about something you did recently that you really enjoyed)
Participant;1017.34;1043.11;<sigh> uh something i did recently that i really enjoyed well i sang karaoke with a couple of friends of mine <laughter> and i don't usually do that but yeah i had a that was a lot of fun a few days ago
Ellie;1044.286;1050.822;cool3 (cool) asked_everything (okay i think i have asked everything i need to) appreciate_open (thanks for sharing your thoughts with me)
Participant;1051.83;1052.36;thank you
Ellie;1053.047;1053.657;bye (goodbye)
Participant;1066.06;1089.32;
