speaker;start_time;stop_time;text
Ellie;34.205;55.675;hi i'm ellie thanks for coming in today i was created to talk to people in a safe and secure environment i'm not a therapist but i'm here to learn about people and would love to learn about you i'll ask a few questions to get us started and please feel free to tell me anything your answers are totally confidential are you okay with this
Participant;56.145;56.385;yeah
Ellie;57.32;60.565;okay so how are you doing today
Participant;61.725;62.395;i'm okay
Ellie;63.51;66.64;that's good where are you from originally
Participant;67.225;68.475;um chicago illinois
Ellie;69.355;69.845;really
Participant;70.045;70.335;mhm
Ellie;71.12;72.03;why'd you move to l_a
Participant;73.09;74.53;uh my husband's work was here
Ellie;76.67;77.58;when'd you move to l_a
Participant;78.635;79.595;in eighty four
Ellie;80.915;83.355;how easy was it for you to get used to living in l_a
Participant;83.895;86.785;it was not easy for me it took about three years
Ellie;87.965;90.39;wow can you tell me about that
Participant;91.275;101.065;um just the move i moved away from my family so i was uncomfortable i didn't know anyone here and even though i did make friends i just felt out of place
Ellie;101.79;105.965;mm i see what you mean how often do you go back to your home town
Participant;106.85;115.02;uh not as often as i would like i used to go back like at least once a year but in the last few years that's diminished so i would say like every three years
Ellie;116.28;119.7;okay what are some things you really like about l_a
Participant;120.835;131.01;the weather <laughter> i love the weather the beach um you know as i've been here as long as i have the people you know some nice people here
Ellie;132.015;135.545;mhm what are some things you don't really like about l_a
Participant;137.995;141.545;um the people some of the people <laughter> um
Ellie;141.115;141.895;<laughter>
Participant;141.955;150.955;yeah also um i i would say the economy it's very difficult to make it here in los angeles
Ellie;151.81;155.32;yeah what'd you study at school
Participant;156.275;158.875;business and computer graphics
Ellie;159.895;160.875;are you still working in that
Participant;162.295;164.195;i'm not working in it right now
Ellie;165.89;166.72;what do you do now
Participant;167.24;168.83;i'm working in retail
Ellie;170.095;172.795;cool how did you decide to do that
Participant;173.695;178.68;i just eh couldn't find work and so i had to settle for doing that for right now
Ellie;179.695;181.735;it can be tough to find a good job these days
Participant;182.065;182.925;it's very tough
Ellie;183.905;185.065;what's your dream job
Participant;186.41;190.66;um i would like to be a human resource representative
Ellie;192.005;193.075;that sounds interesting
Participant;193.17;193.6;mhm
Ellie;195.575;197.005;do you consider yourself an introvert
Participant;198.63;198.87;no
Ellie;199.925;200.275;why
Participant;201.515;223.795;um i like to talk to people too much and when i understand or i i know a lot about a subject i can go on and on about it and i'm interested in finding out about people if i'm sitting next to somebody i'll strike up a conversation with them just to find out who they are and just um you know i'd i like to talk to people i enjoy it
Ellie;224.61;229.425;that's great what do you do when you're annoyed
Participant;230.815;231.695;i'm quiet
Ellie;233.57;235.58;what are some things that make you really mad
Participant;237.11;247.065;um let's see rude people um people that harm children and the elderly <el> elderly that makes me very angry uh war
Ellie;249.115;252.485;mm how are you at controlling your temper
Participant;253.33;261.35;i control my temper i i don't have a problem with that i just get quiet when i feel angry and i try to think before i act
Ellie;262.795;265.725;when was the last time you argued with someone and what was it about
Participant;267.425;286.7;the last time i argued with someone was about a month ago and it was with my daughter and um i was arguing with her over her therapy she has cancer and um she wasn't telling me enough she wasn't giving me enough information and so that made me very angry i was frustrated and angry
Ellie;287.76;289.09;that sounds really hard
Participant;289.17;290.37;yeah it was very hard
Ellie;292.215;293.725;do you find it easy to be a parent
Participant;294.485;295.485;no <laughter>
Ellie;296.25;298.17;what's the hardest thing about being a parent
Participant;299.195;314.972;watching your children fail when they're trying hard or seeing that they can hurt themselves and trying to prepare them for that when they won't listen to your advice and they uh i feel like sometimes they need to trust me more
Ellie;316.475;316.925;yeah
Participant;317.315;317.655;mhm
Ellie;318.19;319.89;what's the best thing about being a parent
Participant;321.015;322.915;um the love of my children
Ellie;324.28;324.77;aw
Participant;324.9;325.28;yeah
Ellie;329.585;331.985;when was the last time you felt really happy
Participant;334.17;338.98;uh when i was uh playing with my granddaughter and that was about a month ago
Ellie;340.885;342.455;how did you feel in that moment
Participant;344.875;354.995;very excited and happy and just um all my cares were gone i wasn't thinking about anything except for having fun with her so it was a good time
Ellie;356.61;358.33;that sounds like a great situation
Participant;360.1;361.4;yeah it's the best <laughter>
Ellie;362.93;364.46;have you ever served in the military
Participant;364.81;365.1;no
Ellie;366.615;368.535;have you ever been diagnosed with p_t_s_d
Participant;369.375;369.905;yes
Ellie;370.96;372.74;how long ago were you diagnosed
Participant;373.16;374.75;um it was over five years ago
Ellie;376.27;377.53;what got you to seek help
Participant;378.75;401.84;i couldn't function i couldn't drive i couldn't sleep i couldn't eat um at my i i couldn't do anything i was completely shut down i felt like i felt like i was looking out a window and and life was going on outside that window and i was just stuck i behind the glass i i couldn't participate
Ellie;392.46;406.725;wow i see did you think you had a problem before you found out
Participant;408.67;412.265;um i knew something wasn't right but i
Ellie;411.95;413.32;how have you been feeling lately
Participant;414.09;417.14;lately i've been feeling depressed
Ellie;418.88;419.87;i'm sorry to hear that
Participant;419.95;420.35;mhm
Ellie;421.905;424.165;how easy is it for you to get a good night's sleep
Participant;425.095;441.27;i haven't had a good night's sleep in a year i would say i i my regular pattern is to maybe sleep in a an hour up to three hour intervals and i just keep waking up and i never quite get into a deep sleep
Ellie;442.745;445.425;okay what are you like when you don't sleep well
Participant;446.695;449.87;um groggy and i have no energy
Ellie;451.88;452.72;how hard is that
Participant;453.585;460.425;it's very hard because it's uh difficult to work and it's difficult to concentrate i make mistakes and i forget a lot
Ellie;461.975;463.64;yeah that makes sense
Participant;464.12;464.49;mhm
Ellie;465.85;467.35;do you have disturbing thoughts
Participant;469.33;471.31;um yes i do mhm
Ellie;471.92;473.17;are they triggered by something
Participant;474.36;474.78;yes
Ellie;478.225;479.505;do you still go to therapy now
Participant;480.89;482.66;no i'm not in therapy right now
Ellie;483.63;484.33;why did you stop
Participant;484.99;487.03;i could not afford to continue
Ellie;488.97;493.19;i understand do you feel like therapy's useful
Participant;494.455;495.175;i'm sorry what
Ellie;495.88;497.09;do you feel like therapy's useful
Participant;500.315;501.005;i'm not sure
Ellie;501.6;503.27;is going to a therapist helping you
Participant;504.665;505.135;yes
Ellie;506.27;509.13;what sort of changes have you noticed since you've been going to therapy
Participant;506.435;527.205;yeah um i i feel uh more relaxed and i i feel like some of my worries are lifted from me i i have uh i can think clearer because i'm using the tools that i've learned through therapy
Ellie;530.815;531.465;that's good
Participant;531.79;532.2;mhm
Ellie;535.6;537.34;what are you most proud of in your life
Participant;539.505;540.205;my children
Ellie;541.865;542.435;aw
Participant;542.675;543.035;mhm
Ellie;544.68;546.89;what would you say are some of your best qualities
Participant;548.78;554.52;um i don't know <laughter>
Ellie;555.245;556.795;how would your best friend describe you
Participant;559.265;559.755;friendly
Ellie;563.29;566.725;that's good what do you think of today's kids
Participant;568.575;572.295;i think it's just horrible <laughter>
Ellie;573.715;574.715;can you tell me about that
Participant;575.895;595.74;um i feel that um the children are so neglected today and it's not the fault of the parents i think that um i think that we as a society we forgot that it takes a village to raise a child and nobody wants to pitch in noone wants to help anymore noone's helping their neighbor and it's very sad
Ellie;596.61;598.59;yeah that sucks
Participant;598.985;599.345;mhm
Ellie;601.06;603.22;what's one of your most memorable experiences
Participant;605.8;608.375;um i don't know
Ellie;613.165;614.205;whatever comes to your mind
Participant;619.265;621.135;um eating dinner with my family
Ellie;625.985;630.8;that's so good to hear is there anything you regret
Participant;634.13;638.87;i regret not spending enough time on my education
Ellie;641.24;642.61;how did you decide to do that
Participant;644.715;649.25;um i had children very young so i needed to
Ellie;648.93;650.16;that sounds really hard
Participant;650.24;652.26;yeah i needed to uh take care of them
Ellie;654.24;655.96;could you have done anything to avoid it
Participant;659.05;660.19;i'm sure i could have
Ellie;662.375;666.29;okay what advice would you give yourself ten or twenty years ago
Participant;669.4;670.26;to seek help
Ellie;674.58;678.505;okay who's someone that's been a positive influence in your life
Participant;682.9;684.02;my grandparents
Ellie;686.305;687.915;i'd love to hear all about it
Participant;690.165;702.52;um just they introduced me to church and um just you know letting me play at their home and play in their garden it just showed me a lot of love and and i felt like i was cared for
Ellie;703.935;704.665;that's great
Participant;705.025;705.365;mhm
Ellie;708.53;709.52;do you travel a lot
Participant;710.15;710.44;no
Ellie;713.51;720.74;okay what are some things that usually put you in a good mood
Participant;722.07;726.76;uh listening to music watching um my a funny program on t_v
Ellie;729.81;730.24;mhm
Participant;730.71;732.38;going to school working
Ellie;735.795;748.08;okay what are some things you like to do for fun
Participant;746.555;756.51;that's um go to dinner with a friend
Ellie;758.3;759.87;when was the last time that happened
Participant;761.215;762.145;over a year ago
Ellie;764.605;765.455;how do you know them
Participant;767.945;768.595;my friend
Ellie;769.645;770.025;mhm
Participant;771.33;773.535;um through work
Ellie;774.7;775.84;how close are you to them
Participant;777.215;778.295;um very close
Ellie;780.435;781.045;nice
Participant;781.3;781.67;mhm
Ellie;786.16;790.745;okay i think i've asked everything i need to thanks for sharing your thoughts with me
Participant;791.185;791.705;you're welcome
Ellie;792.175;792.725;goodbye
Participant;793.08;793.39;bye
