speaker;start_time;stop_time;text
Participant;10.91;23.62;<synch> <laughter>
Ellie;25.162;46.702;IntroV4Confirmation (hi i'm ellie thanks for coming in today i was created to talk to people in a safe and secure environment i'm not a therapist but i'm here to learn about people and would love to learn about you i'll ask a few questions to get us started and please feel free to tell me anything your answers are totally confidential are you ok with this)
Participant;46.57;47.22;yes
Ellie;47.737;51.612;okay_confirm (okay) how_doingV (so how are you doing today)
Participant;52.33;53.44;i'm doing well
Ellie;54.239;56.996;thats_good (that's good) where_originally (where are you from originally)
Participant;57.48;59.1;i was born in oakland
Ellie;59.969;64.064;really (really) like_about_LA (what are some things you really like about l_a)
Participant;64.78;70.44;um <sigh> all the different areas of the city uh the different cultures that are here
Ellie;71.407;75.521;mhm (mhm) dont_like_LA (what are some things you don't really like about l_a)
Participant;75.9;83.53;the traffic the um lack of public transportation and the superficiality
Ellie;84.55;93.226;see_mean (i see what you mean) travel_shoes (i'm sure you can tell by my shoes i'm not much of a world explorer do you travel a lot)
Participant;90.54;96.08;<laughter> i i don't i would love to travel more
Ellie;97.632;99.152;travel_changed (what do you enjoy about traveling)
Participant;99.98;111.9;um <sigh> being able to experience a different way of living um getting outside the bubble that you normally live in and getting a different perspective
Ellie;112.445;117.058;uh_huh (uh huh) travel_trips (i'd love to hear about one of your trips)
Participant;118.36;137.81;um in two thousand eight i studied abroad in brazil and that was about four months and i was in bahia which is in the north and um let's see the program consisted of learning the history learning the language and staying with a homestay family
Ellie;139.167;143.02;nice (nice) change_directions (what made you decide to do that)
Participant;143.62;159.82;um i've always wanted to travel and i chose brazil because um they have an afro-brazilian population or a large afro-brazilian population which i really wanted to learn more about and i think the history and the cullture is really interesting
Ellie;160.545;164.255;mhm (mhm) memorableB (what's one of your most memorable experiences)
Participant;165.11;181.09;um i think taking a bus by myself to a remote beach and just navigating on my own and um figuring out where to go yeah
Ellie;181.24;184.866;thats_great (that's great) study (what did you study at school)
Participant;185.44;188.35;right now i'm getting my master's in social work
Ellie;190.192;191.392;dream_job (what's your dream job)
Participant;192.06;224.88;<laughter> dream job <sigh> i think to um consult about um mental health and how to um how to intervene effectively with different cultures and doing research and consulting work and getting to travel um basically that those would be the main characteristics
Ellie;225.61;232.848;okay_confirm (okay) shyoutgoing (do you consider yourself more shy or outgoing)
Participant;233.22;249.76;i think that's a false dichotomy but i do consider myself shy but at the same time outgoing in the sense that i push myself to do things outside of my comfort zone and i'm determined to do what it takes to become successful
Ellie;250.82;264.278;makes_sense (that makes sense) relax_fishtank (sometimes when i'm feeling tense i turn on the fish tank screensaver hey i know it's not hawaii but it's the best i've got what do you do to relax)
Participant;261.6;276.23;<laughter> um i listen to music and just lay on my bed and um i guess you could say do mindfulness and really just take my mind off of things
Ellie;276.883;277.393;mhm (mhm)
Participant;277.09;284.13;also breathing exercises which i'm learning more about um as well as exercise
Ellie;284.847;288.473;cool3 (cool) control_temper (how are you at controlling your temper)
Participant;289.37;298.55;pretty good i don't get angry a lot um so as far as angry temperament i'm pretty good at that
Ellie;299.387;303.992;thats_good (that's good) last_argument (when was the last time you argued with someone and what was it about)
Participant;304.29;337.18;hmm um mm what month is this may probably two months ago and i argued via text message <laughter> so it's not really intense arguing but i guess you could call it arguing in a sense over whether or not i should be forgiven for something that i thought was minor um with a friend i've had for a few years
Ellie;338.13;341.341;hmm_downer (hmm) describe_felt (how did you feel in that moment)
Participant;342.15;354.71;i felt anxious um sad and angry um yeah those are the main emotions
Ellie;356.469;360.102;downer (okay) how_know (how do you know them)
Participant;361.31;385.73;i know them because i think i'm pretty in touch with my emotions and being able to identify them and then i'll notice the physical uh manifestations of emotions like if i if my heart's racing or if i'm getting sweaty if i'm <sigh> if my breathing is more shallow i'll know i'm anxious i'll know something's bothering me
Ellie;386.315;391.504;mhm (mhm) situation_handled (tell me about a situation that you wish you had handled differently)
Participant;392.19;434.92;hmm <laughter> that i wish i had handled differently i guess related to this argument um i went out one night and got a little too intoxicated and <clears throat> ended up calling a person for a ride home but that really upset that person and i know that it wasn't such a big deal but i wish i hadn't have let myself get to that point um it it impacted a relationship and i also felt really bad about what i did
Ellie;436.328;441.746;okay_confirm (okay) hard_decisionB (tell me about the hardest decision you've ever had to make)
Participant;441.89;476.96;mm <clears throat> hardest decision <sigh> wow um probably deciding what type of graduate program to go into i briefly went to law school and decided not to do that so afterwards well after dropping out i had to really rethink what it is that i wanted to do and what i wanted to dedicate my life to go into debt for spend a lot of energy on
Ellie;477.911;480.571;yeah_downer (yeah) hard_decision (how did you decide to do that)
Participant;481.42;496.39;um <sigh> i think by recognizing what i don't want to do and doing a lot of research on program requirements and the jobs that you can get after completing a program
Ellie;498.132;504.729;makes_sense (that makes sense) memory_erase (tell me about an event or something that you wish you could erase from your memory)
Participant;505.14;541.21;<sigh> mm <sigh> i have to think <sigh> oh <laughter> um revolving around the same person i spoke of earlier it was a dating relationship and a few years ago we had a falling out over his treatment of me and it involved another person and i wish i could get that out of my mind
Ellie;543.034;549.283;sorry_hear (i'm sorry to hear that) family_relationship (tell me about your relationship with your family)
Participant;550.79;588.21;um <laughter> <laughter> i have a pretty good relationship with my mom she lives in the bay area i didn't grow up with her but i've gotten um closer to her as an adult uh we talk pretty regularly with my dad i grew up with him mostly he lives in atlanta and um we don't talk as much but we are we have a pretty decent relationship it's not really that contentious or anything and i'm an only child so i don't have siblings i don't have a large family
Ellie;583.619;584.089;uh_huh (uh huh)
Participant;588.95;596.71;um so in general i'm not really that close to family
Ellie;598.277;600.607;influence_positive (who's someone that's been a positive influence in your life)
Participant;601.68;627.53;um one person is my mentor who i met in two thousand five and she's a judge and i met her when i was in community college and she really opened my eyes to possibilities and made me feel that i would be able to achieve certain things
Ellie;628.466;633.326;thats_great (that's great) easy_sleep (how easy is it for you to get a good night's sleep)
Participant;633.63;639.67;<sigh> pretty easy well it's easy for me to sleep what's not easy is getting up
Ellie;641.159;641.729;why2 (why)
Participant;642.97;660.1;because usually i do not forward <f> look forward to what i have to do that day and the thought of it is you know just makes me wanna stay in bed also i wake up pretty tired not really feeling refreshed
Ellie;661.158;662.108;understand (i understand)
Participant;662.73;663.61;<clears throat>
Ellie;663.048;664.158;symptoms_cope (how do you cope with them)
Participant;665.82;693.76;i think just <sigh> self-talk about how what i have to do isn't that bad or that the things that i'm doing now are gonna end pretty soon with the end of the school year um trying to think of things that i can look forward to in the week um also listening to music and browsing the internet kinda gets my mind going
Ellie;694.34;698.292;mhm (mhm) feel_lately (how have you been feeling lately)
Participant;699.74;724.54;<sigh> feeling <sigh> uh wow um feeling emotionally drained on some ways and at the same time feeling like i've accomplished a lot and that i've grown so a mix of ambivalence and feeling drained and a mixture of feeling accomplished and proud at the same time
Ellie;725.352;729.896;uh_huh (uh huh) ptsd_diagnosed (have you ever been diagnosed with p_t_s_d)
Participant;730.09;731.23;no i haven't
Ellie;732.254;734.064;depression_diagnosed (have you been diagnosed with depression)
Participant;733.96;734.59;yes
Ellie;735.304;737.224;when_diagnosed (how long ago were you diagnosed)
Participant;737.27;739.4;in two thousand six
Ellie;740.494;741.844;why_seek_help (what got you to seek help)
Participant;743.01;771.09;the convergence of a lot of stressful factors um i was out of touch with my mom i started um well i had transferred to a university that was pretty rigorous and just all those changes going on really um exacerbated things that were already there depressive tendencies that were already there and it got to a point where i just felt really overwhelmed
Ellie;772.159;775.041;yeah_downer (yeah) therapy_going (do you still go to therapy now)
Participant;775.7;776.95;yes i do
Ellie;778.921;780.371;therapy_useful (do you feel like therapy is useful)
Participant;781.1;781.65;yes
Ellie;783.098;785.948;therapy_changes (what sort of changes have you noticed since you've been going to therapy)
Participant;786.78;819.71;i notice i'm better able to accept my emotions and not judge them and also identify them i'm <sigh> able to think <th> think differently about things that happened maybe look at things in a more positive light and also identify the areas i need to work on and the underlying issues in those areas <clears throat>
Ellie;819.383;823.656;thats_good (that's good) happy_lasttime (tell me about the last time you felt really happy)
Participant;825.06;835.72;mm <sigh> um this past weekend i reconnected with some old friends and it was really good to see them and be back in touch again
Ellie;837.018;841.125;awesome (awesome) BF_describe (how would your best friend describe you)
Participant;841.92;862.13;<laughter> um <sigh> people have different takes on on me i don't have one best friend but i think people would describe me as very um analytical sensitive intelligent intellectual
Ellie;864.666;870.762;uh_huh (uh huh) self_change (what are some things you wish you could change about yourself)
Participant;871.75;887.61;um i wish that i did not or wait i wish i was better able to cope with my anxiety and depression which i'm working on and <sigh> i wish that i had more energy
Ellie;890.996;896.453;okay_confirm (okay) advice_back (what advice would you give to yourself ten or twenty years ago)
Participant;897.54;934.86;<laughter> start going to therapy now <laughter> um but yeah i really would and also to what how old am i twenty eight ten years ago eighteen okay so graduating from high school i would <sigh> tell myself to pick up some more job skills so that i wouldn't have to struggle as much in the future and to seek out mentors to get a clearer um idea of what i wanted to do as a career
Ellie;936.81;941.546;okay_confirm (okay) Ellie17Dec2012_08 (what are you most proud of in your life)
Participant;942.18;960.69;um i think the fact that i'm in grad school and coming from the background that i that i come from low socio-economic status and just pushing through challenges to get here
Ellie;962.971;964.331;good_hear (that's so good to hear)
Participant;964.39;964.86;<laughter>
Ellie;966.463;970.925;asked_everything (okay i think i have asked everything i need to) appreciate_open (thanks for sharing your thoughts with me)
Participant;971.21;971.98;you're welcome
Ellie;972.761;973.371;bye (goodbye)
Participant;973.59;974.04;bye
