speaker;start_time;stop_time;text
Participant;20.88;21.19;hi
Ellie;21.71;43.18;hi i'm ellie thanks for coming in today i was created to talk to people in a safe and secure environment i'm not a therapist but i'm here to learn about people and would love to learn about you i'll ask a few questions to get us started and please feel free to tell me anything your answers are totally confidential are you okay with this
Participant;43.68;43.98;sure
Ellie;44.85;46.93;so how are you doing today
Participant;48.05;52.22;i'm fine tired i had to bike it here so my back is sweaty
Ellie;51.78;52.97;where are you from originally
Participant;53.84;56.36;i'm from l_a
Ellie;58.06;60.08;what are some things you really like about l_a
Participant;61.01;67.04;um the places there is to go there's always things to do here
Ellie;68.54;70.6;what are some things you don't really like about l_a
Participant;71.26;73.13;um drivers
Ellie;75.73;76.85;what'd you study at school
Participant;77.71;81.18;i'm trying to do audio engineering working with music
Ellie;82.29;83.37;are you still working in that
Participant;84.11;89.24;yeah i'll be graduating in about two more years
Ellie;90.66;91.79;what's your dream job
Participant;92.76;101.08;uh working in a recording studio probably doing soundtracks for music or i have no idea <laughter>
Ellie;102.45;103.95;do you consider yourself an introvert
Participant;105.04;105.96;i have no idea what that is
Ellie;108.3;109.9;let's come back to that later
Participant;110.51;111.22;<laughter>
Ellie;110.77;111.79;do you travel a lot
Participant;112.39;116.16;no i'm always either in l_a or just at home
Ellie;118.44;119.82;what do you do to relax
Participant;120.66;124.45;ride my bike make music sit at home watch movies
Ellie;125.89;128.05;what are some things that make you really mad
Participant;132.36;137.54;drivers people who gangsters i don't know <laughter>
Ellie;138.67;140.1;what do you do when you're annoyed
Participant;141.63;143.62;go out ride my bike take a walk
Ellie;145.51;147.37;how are you at controlling your temper
Participant;148.22;150.26;pretty good i don't get angry very often
Ellie;151.34;154.37;when was the last time you argued with someone and what was it about
Participant;155.42;171.32;uh let's see <sigh> hmm <makes sound with mouth> my girlfriend she didn't wanna go to my friend's house and <hiss sound> what happened what happened yeah that was it <laughter>
Ellie;173.03;174.71;what are some things you like to do for fun
Participant;176.0;185.93;um same thing make music ride my bike um hang out with friends just normal kid stuff <laughter>
Ellie;186.94;188.52;how close are you to your family
Participant;189.14;197.55;um my don't live my mom right now but i do live with my dad so we're pretty close i'm okay with that
Ellie;198.1;200.56;who's someone that's been a positive influence in your life
Participant;201.64;208.94;uh let's see i don't really know a bunch of people i guess i can't really pick one right now
Ellie;213.37;214.9;have you ever served in the military
Participant;215.46;215.69;nope
Ellie;216.69;218.61;have you ever been diagnosed with p_t_s_d
Participant;216.95;219.6;i don't want to nope
Ellie;220.49;222.22;have you been diagnosed with depression
Participant;223.67;224.52;no <laughter>
Ellie;225.08;227.43;how easy is it for you to get a good night's sleep
Participant;228.28;240.64;um i mean i usually just stay up pretty late so i usually my fault that i don't go to sleep early and then i wake up really late in the afternoon so
Ellie;241.74;243.43;what are you like when you don't sleep well
Participant;241.75;253.19;kind of hard um the same just a little drowsy tend to go to sleep earlier um nothing i'm still active i don't really change
Ellie;254.55;255.95;how have you been feeling lately
Participant;256.87;262.11;um fine happy normal just mm
Ellie;262.65;265.06;when was the last time you felt really happy
Participant;262.7;277.49;same my birthday that was two days ago two three days ago um i got some i got a gift from my girlfriend it was pretty cool <laughter>
Ellie;279.3;280.85;how would your best friend describe you
Participant;282.72;290.58;um <sigh> cool funny energetic smart um active
Ellie;293.61;295.47;what are you most proud of in your life
Participant;298.32;300.76;the music that i make
Ellie;303.79;304.86;is there anything you regret
Participant;306.09;313.92;mm a couple things i can't name 'em right now probably things i did in high school <laughter>
Ellie;315.18;317.93;what advice would you give yourself ten or twenty years ago
Participant;321.16;335.91;um let's see what would i say to myself um <deep breath> uh <gibberish> don't get arrested stay in school <laughter>
Ellie;336.57;338.76;what's one of your most memorable experiences
Participant;340.03;351.72;um i wouldn't even know just i don't know skip <laughter>
Ellie;353.61;356.74;tell me about something you did recently that you really enjoyed
Participant;357.99;370.85;um what did i do watched movies with my dad about yeah yesterday stayed home watched movies made some food hung out this thing is cool
Ellie;370.12;377.04;okay i think i've asked everything i need to thanks for sharing your thoughts with me goodbye
Participant;377.89;381.815;bye <laughter>
