speaker;start_time;stop_time;text
Ellie;48.58;70.12;hi i'm ellie thanks for coming in today i was created to talk to people in a safe and secure environment i'm not a therapist but i'm here to learn about people and would love to learn about you i'll ask a few questions to get us started and please feel free to tell me anything your answers are totally confidential are you okay with this
Participant;70.6;71.02;sure
Ellie;72.1;75.6;okay so how are you doing today
Participant;76.21;77.53;mm okay
Ellie;79.05;82.23;that's good where are you from originally
Participant;82.72;83.69;los angeles
Ellie;84.56;88.41;really what are some things you really like about l_a
Participant;89.85;100.56;um well <laughter> that's a good question um i like the familiarity with everything i know where everything is in the city
Ellie;101.89;102.38;mhm
Participant;103.74;107.19;mm that's all i can say right now
Ellie;108.21;111.49;okay what are some things you don't really like about l_a
Participant;112.1;115.3;so spread out so hard to get places
Ellie;118.08;119.0;i see what you mean
Participant;123.0;124.22;is there anything else
Ellie;125.03;126.29;what's your dream job
Participant;128.64;137.55;my dream job i don't think there is a dream job um for me no there isn't one
Ellie;138.47;139.33;what do you do now
Participant;139.56;144.02;mm i'm uh sort of unemployed right now
Ellie;145.5;146.57;i'm sorry to hear that
Participant;147.49;150.6;<sigh> so am i <cough>
Ellie;150.2;152.34;it can be tough to find a good job these days
Participant;152.52;153.42;mm that's true
Ellie;154.51;155.77;what'd you study at school
Participant;155.97;159.19;<sniffle> i started i studied urban planning
Ellie;161.26;167.97;that sounds interesting what are some things that make you really mad
Participant;170.07;182.2;well um i think this um school shooting thing and uh the n_r_a seeming to not wanna budge on this gun control issue thing
Ellie;183.89;184.33;yeah
Participant;187.58;187.99;that's it
Ellie;188.07;189.51;what do you do when you're annoyed
Participant;191.41;198.58;mm um i try to remove myself from that situation that's annoying me <sniffle>
Ellie;199.75;201.69;how are you at controlling your temper
Participant;202.81;216.04;i've gotten better over the years um most of the time i just try to um you know walk away or you know control my emotions in terms of you know just walking away
Ellie;218.0;221.13;that's good what do you do to relax
Participant;222.44;224.64;mm just watch t_v now
Ellie;227.69;229.92;what's one of your most memorable experiences
Participant;230.62;234.94;hmm i would say my children being born
Ellie;237.23;238.21;tell me more about that
Participant;241.02;250.8;well i have four children um each birth was speical and um <sniffle> you know it was a unique experience each time
Ellie;253.55;258.51;that's great do you find it easy to be a parent
Participant;259.98;266.27;well it's a lot easier now because they're all adults um but you know it was challenging
Ellie;268.14;269.95;what's the best thing about being a parent
Participant;271.35;279.06;um i would say seeing your children grow up to be successful and exceeding your expectations
Ellie;280.74;282.82;what's the hardest thing about being a parent
Participant;283.29;290.32;you worry all the time you worry for 'em you know now i'm not around them as much and i certainly worry about 'em
Ellie;291.69;296.95;that makes sense when was the last time that happened
Participant;298.15;299.28;that i saw my children
Ellie;301.48;301.95;yes
Participant;302.84;304.37;oh about a week ago
Ellie;306.32;308.15;how did you feel in that moment
Participant;308.87;314.19;i'm usually pretty happy when i see 'em you know i have interest
Ellie;313.78;314.53;that's great
Participant;314.55;316.53;yeah <sigh>
Ellie;317.19;320.17;when was the last time you argued with someone and what was it about
Participant;320.59;326.57;mm my girlfriend and insignificant
Ellie;330.93;333.91;okay do you travel a lot
Participant;334.07;337.81;no around l_a maybe but that's about it
Ellie;339.55;340.51;why why
Participant;339.58;340.81;<cough> excuse me
Ellie;343.14;343.49;why
Participant;344.83;349.09;why don't i travel i don't have the funds to do that anymore
Ellie;346.82;347.2;yes
Participant;350.33;351.15;or the health
Ellie;352.5;356.75;okay have you ever served in the military
Participant;357.04;357.44;no
Ellie;359.48;361.38;have you ever been diagnosed with p_t_s_d
Participant;361.73;362.13;no
Ellie;363.04;364.92;have you been diagnosed with depression
Participant;364.94;365.38;yes
Ellie;366.61;368.31;how long ago were you diagnosed
Participant;368.57;370.0;mm i'd say about a year
Ellie;371.93;373.29;what got you to seek help
Participant;374.58;379.72;um recognizing that there were some things in me that that were wrong
Ellie;381.35;383.47;did you think you had a problem before you found out
Participant;384.57;387.7;i knew that there was something wrong 'cause i wasn't myself
Ellie;389.0;390.21;what were your symptoms
Participant;391.62;406.09;well you know i was always tired and not excited about things anymore and kinda lethargic you know laying around and just not feeling myself
Ellie;407.01;409.15;mm how have you been feeling lately
Participant;409.67;410.99;mm about the same
Ellie;412.84;416.96;i'm sorry to hear that do you still go to therapy now
Participant;417.96;419.51;yes i do once a month
Ellie;420.59;421.92;do you feel like therapy's useful
Participant;423.51;424.98;yeah i do i do
Ellie;428.09;429.22;can you tell me about that
Participant;431.13;443.43;well it's you know it's you know i see a psychologist and um we talk about things um i don't really wanna elaborate in detail but you know it's it i seem to think that it's helpful
Ellie;444.74;447.67;what sort of changes have you noticed since you've been going to therapy
Participant;449.59;457.43;well i i think um that's a hard question let's move on please
Ellie;458.38;461.43;okay what are you like when you don't sleep well
Participant;462.9;465.14;irritable cranky
Ellie;468.65;470.06;that sounds really hard
Participant;471.74;473.04;yeah it is
Ellie;474.48;477.04;when was the last time you felt really happy
Participant;477.55;485.15;<sigh> ooh that's a good question it's been awhile i'd say year and a half maybe
Ellie;486.81;488.21;could you say a little more about that
Participant;489.15;501.19;hmm well there's been a lot going on in my life you know i just lost my parent my dad my last parent just a lot of stuff going on so i'll leave it at that
Ellie;502.35;508.21;i see what you mean what are some things that usually put you in a good mood
Participant;508.97;532.6;hmm well i still like sports you know and um watching a good game or something is usually puts me in a good mood particularly if my team wins you know i like u_s_c um i have a nephew that's um freshman football player at u_s_c and uh i've been a trojan football fan for forty years so
Ellie;533.2;533.97;nice
Participant;534.03;536.26;yeah hmm
Ellie;537.35;539.61;what would you say are some of your best qualities
Participant;540.64;549.62;well i you know i think i i listen well and um you know i'm pretty much honest and straightforward
Ellie;551.74;553.3;how would your best friend describe you
Participant;555.19;558.07;that's a good question i don't know you would have to ask her
Ellie;559.64;564.57;okay who's someone that's been a positive influence in your life
Participant;565.14;575.03;definitely my mother but she's deceased now she's been deceased ten years but she was definitely positive influence my entire life
Ellie;577.28;584.4;that's so good to hear is there anything you regret
Participant;586.4;598.56;no i have many regrets too many to name and number but um you know it's you know you have the the benefit of hindsight and yeah i have a lot of regrets
Ellie;600.98;603.91;what advice would you give yourself ten or twenty years ago
Participant;605.15;616.62;hmm to listen to the older people in my life the people who cared about me the people who only interest was to guide me in the right direction
Ellie;619.6;624.67;okay what are you most proud of in your life
Participant;630.08;633.02;like i said my kids i'm very proud of 'em
Ellie;640.43;645.08;okay i think i've asked everything i need to thanks for sharing your thoughts with me
Participant;645.38;646.59;sure my pleasure
Ellie;647.34;647.86;goodbye
Participant;648.03;648.37;bye
