speaker;start_time;stop_time;text
Participant;26.64;27.57;<synch>
Ellie;42.645;64.185;IntroV4Confirmation (hi i'm ellie thanks for coming in today i was created to talk to people in a safe and secure environment i'm not a therapist but i'm here to learn about people and would love to learn about you i'll ask a few questions to get us started and please feel free to tell me anything your answers are totally confidential are you ok with this)
Participant;64.67;66.09;yeah i am
Ellie;66.042;69.906;okay_confirm (okay) how_doingV (so how are you doing today)
Participant;71.23;73.815;um good to moderate
Ellie;75.59;78.327;thats_good (that's good) where_originally (where are you from originally)
Participant;78.78;79.84;los angeles
Ellie;80.741;81.331;really (really)
Participant;81.81;82.79;yeah i'm from
Ellie;82.857;84.967;like_about_LA (what are some things you really like about l_a)
Participant;85.48;98.85;um just a lot of different kinds of people and um eh i love the weather most of the time and um great creative scene i'm i'm really into music so um it's a great scene for that
Ellie;98.104;103.585;cool3 (cool) dont_like_LA (what are some things you don't really like about l_a)
Participant;104.03;111.03;i i don't like driving <laughter> i don't know who does right i it's just it's just such a drag and uh
Ellie;108.75;109.22;yeah3 (yeah)
Participant;111.71;117.68;getting from point a to point b is just a daily need and it doesn't get any easier it's too many people
Ellie;117.442;118.472;see_mean (i see what you mean)
Participant;118.23;119.74;too many people <laughter>
Ellie;120.769;121.239;yeah3 (yeah)
Participant;120.81;122.39;<laughter>
Ellie;122.628;128.814;travel_shoes (i'm sure you can tell by my shoes i'm not much of a world explorer do you travel a lot)
Participant;126.015;133.65;i can't see your shoes um uh yeah when i can uh when <whe> when i can afford to
Ellie;135.231;136.751;travel_changed (what do you enjoy about traveling)
Participant;137.02;151.95;um <sigh> just being somewhere else not having to drive usually most places have better public transportation um just i love <lo> i'm you know i'm a culture junkie i like experiencing different types of cultures so that's
Ellie;152.04;153.72;travel_trips (i'd love to hear about one of your trips)
Participant;152.31;177.45;xxx um well you know i haven't been to that many places i've been to like mexico and italy it it's uh you know i wanna go to more places i wanna go to japan so that'll be that'll be interesting it's usually just with my family um it's my mom sometimes my girlfriend sometimes my brother and we just uh yeah we go to italy we spent two weeks there though that was cool
Ellie;178.759;179.489;nice (nice)
Participant;179.43;179.83;yeah
Ellie;180.126;182.486;memorableB (what's one of your most memorable experiences)
Participant;182.91;192.87;um living next to the best gelato shop in italy in we <w> we were in florence <f> when we were in florence spent uh spent a week in florence
Ellie;189.005;189.725;awesome (awesome)
Participant;193.63;198.46;that was great very very good uh culture there as well art
Ellie;198.815;202.836;okay_confirm (okay) study (what did you study at school)
Participant;203.5;213.32;studied uh film and digital media 'cause uh i make music and i wanted to learn how to make music videos so it's something i'm trying to get into
Ellie;214.929;216.189;still_working_on_X (are you still working in that)
Participant;216.79;227.37;uh yeah yeah i mean i need to get a camera though that's the thing uh but um i mainly my main focus is music i studied film but my focus is music
Ellie;228.973;230.133;tell_about_that (can you tell me about that)
Participant;230.61;250.025;um yeah <y> sure i've been playing music i've been playing guitar uh keyboard bass drums for um for about twelve years now and uh i do uh production and songwriting i'm in a indie rock band scrubbed_entry
Ellie;250.509;251.309;wild_laughter3 ((laughter))
Participant;251.06;257.9;um that's a great website i highly recommend it and it's uh it's mine so check it out
Ellie;260.3;263.057;okay_confirm (okay) dream_job (what's your dream job)
Participant;263.76;271.16;uh international rockstar music producer and uh filmmaker director
Ellie;273.03;280.622;mhm (mhm) shyoutgoing (do you consider yourself more shy or outgoing)
Participant;279.06;280.17;probably outgoing
Ellie;281.332;281.902;why2 (why)
Participant;282.33;296.38;um just just feel like it's a way to get the best <be> most out of life uh just talking to people and learning about them and having them learn about you and care about you it's uh kinda just goes with the territory <caritor> territory <laughter>
Ellie;296.749;310.559;makes_sense (that makes sense) relax_fishtank (sometimes when i'm feeling tense i turn on the fish tank screensaver hey i know it's not hawaii but it's the best i've got what do you do to relax)
Participant;307.84;314.88;<laughter> yeah um i uh do meditation and
Ellie;314.734;315.674;difficult (how hard is that)
Participant;315.97;341.25;uh it's not really hard 'cause it's fun and it it relaxes me and helps me focus at the same time which uh you know that that was a huge epiphany for me that you can relax and focus at the same time 'cause normally when i'm relaxing i'm i'm tuning out i'm focusing on something else but um to be able to combine those sensations was uh yeah i've been doing that for about uh three months now so
Ellie;342.286;342.926;thats_good (that's good)
Participant;343.38;344.93;yeah it is
Ellie;344.672;346.732;control_temper (how are you at controlling your temper)
Participant;347.47;368.23;um almost too good at times <laughter> uh sometimes uh there's things that should be said that i that i don't um just because um you know it's like you're opening up a can of worms maybe one of your friends for example i got a problem with him but they don't have a problem with him necessarily 'cause he didn't do anything to them
Ellie;368.973;369.423;hmm_downer (hmm)
Participant;368.99;378.53;and uh i've had to deal with that in the past sort of a awkward social situation but um you know i make do
Ellie;380.967;385.78;okay_confirm (okay) last_argument (when was the last time you argued with someone and what was it about)
Participant;386.35;415.91;um <makes sound with mouth> probably argued with uh the guitarist from my band uh we had a falling out we're not gonna be in a band together i mean we're still friends so at least there's that mm but um it was just basically about creative control of the project and how we're gonna prioritize it in in our lives and uh you know we just our priorities weren't the same and i got very upset so that was the end of that
Ellie;416.803;418.343;describe_felt (how did you feel in that moment)
Participant;419.23;436.815;um <sigh> i felt good that it was definitive that it was you know a choice had been made on both parties uh also regretful that you know he didn't feel the way that i wanted him to feel about it which was excited about the project so
Ellie;437.789;438.229;yeah_downer (yeah)
Participant;437.93;443.6;the fact that he wasn't really in it kinda pissed me off um but
Ellie;443.472;444.422;understand (i understand)
Participant;444.25;455.99;i got over it um and you know i got some other people that are really really excited to be working with me you know even honored so you know i'm uh i'ma keep going
Ellie;457.9;458.8;thats_great (that's great)
Participant;460.07;460.48;thank you
Ellie;460.207;463.991;situation_handled (tell me about a situation that you wish you had handled differently)
Participant;465.27;479.59;um <sigh> hmm i don't know i don't really i don't really have any regrets like that at the moment i can't really think of any um
Ellie;479.819;481.971;feelguilty (what's something you feel guilty about)
Participant;482.285;506.992;<deep breath> um when i was in high school i cheated on my girlfriend i didn't think it would mean anything at the time but i did it i i regret it but um you know xxx you know life happens you make some mistakes
Ellie;507.912;510.772;yeah_downer (yeah) change_directions (what made you decide to do that)
Participant;511.77;518.13;selfishness um being young and thinking it wouldn't matter
Ellie;515.616;516.056;isee_downer (i see)
Participant;518.79;541.855;um you know thinking you know you only live once and you know for eh it was probably for the best ultimately 'cause you know i love my current girlfriend and i would never do that to her so that was <wa> that was years ago but uh she was a nice girl she didn't deserve that so i regret it
Ellie;542.981;549.271;okay_confirm (okay) hard_decisionB (tell me about the hardest decision you've ever had to make)
Participant;550.405;595.27;<deep breath> um shit geez um i guess uh whether to go to college or not 'cause uh i uh i had some projects going in l_a that i didn't really wanna shut off uh i i had a band going we had a manager um we were playing out a lot and i wasn't sure if i wanted to keep that going or go to school and start over and um i made the decision to go to school in santa cruz and and start a new life there for four years and it it was a difficult decision but i'm glad i did 'cause i met a lot of people a lot of people i'm still close with today that you know we work on stuff together and all that so it's good
Ellie;595.265;595.905;thats_good (that's good)
Participant;597.08;600.09;i agree it is good <laughter> thank you <laughter>
Ellie;600.611;604.67;memory_erase (tell me about an event or something that you wish you could erase from your memory)
Participant;605.58;634.85;um maybe i wish i could forget getting spanked in the parking lot when i was four by a danish babysitter uh you know on the abuse scale it's pretty low but it was somewhat humiliating and i i don't forget it so i have a pretty vivid picture of it and i'm i'm i'd be happier if it wasn't there
Ellie;638.865;644.733;downer (okay) family_relationship (tell me about your relationship with your family)
Participant;645.55;670.77;it's positive they're supportive um they give me a hard time sometimes because they don't think that i keep things in perspective in terms of how i'm gonna support myself even though i do it's just um you know i have a a more long range picture than they do and i have faith in myself and the creative projects that i make so
Ellie;671.773;672.243;mm (mm)
Participant;672.8;685.26;yeah there's a bit of tension there just 'cause you know they expect certain things from me and i expect them as well but i just have a different way of going about it than they might prefer
Ellie;686.283;686.723;yeah_downer (yeah)
Participant;688.35;689.45;but they're sweet people
Ellie;689.102;690.212;symptoms_cope (how do you cope with them)
Participant;690.7;715.94;how do i cope with them uh i you know they're lovely people at their core you know um cope with them 'cause i love them i just uh you know at times i'll just uh go off on my own for a while and eh you know take a breather whatever you know xxx everyone makes you mad sometimes so
Ellie;713.551;714.021;uh_huh (uh huh)
Participant;716.4;717.42;<deep breath>
Ellie;718.013;721.922;yeah3 (yeah) easy_sleep (how easy is it for you to get a good night's sleep)
Participant;722.47;723.18;challenging
Ellie;724.437;725.007;why2 (why)
Participant;725.895;740.91;um <sigh> i just i try and it doesn't work um sometimes i have to take medication for it i have to take ambien something like that um yeah it's difficult <di>
Ellie;740.804;742.584;sleep_affects (what are you like when you don't sleep well)
Participant;744.57;765.88;i'm someone who sleeps in late so i always get at least six or seven hours if i have to wake up early for something um i get nauseous sometimes i'll throw up in the morning um yeah i've had jobs where i'd wake up and you know vomit while i'm brushing my teeth it's horrible
Ellie;766.689;767.529;that_sucks (that sucks)
Participant;767.62;790.35;it does suck um it's kinda something i'm worried about you know i i kinda need to get some part time work while i'm not you know getting a steady pay flow for my music production so yeah <sigh> it's pretty rough <sigh> got some stuff i need to get over i'm not really sure how
Ellie;793.067;793.607;like_what (like what)
Participant;793.93;843.21;just not feeling good getting nervous when you know there's something stressful like a stressful work environment or just something i that doesn't sit well with me like being in a you know a a rushed and you know stressful work environment it just um unless it's about something that i care about you know like music or the arts it's just very hard to to give a shit frankly like and you know i i try to psych myself into giving a shit and it just makes me sick you know maybe i'll have a red bull or something and you know xxx my body doesn't want that in the morning it just i feel like my body rejects things and yeah
Ellie;844.212;847.01;yeah_downer (yeah) feel_lately (how have you been feeling lately)
Participant;848.36;891.27;okay i've been feeling okay very uh very reflective very contemplative you know there's gonna be some changes and there's gonna be some new people in my life some new people uh in my band um you know i'm gonna try to push myself but try to stay grounded at the same time 'cause you know i expect more from myself it's just pissing me off when my get my you know i basically feel like i'm shitting all over myself my body's shitting on me anyway just by being so um shitty <laughter> yeah
Ellie;889.037;894.001;hmm_downer (hmm) ptsd_diagnosed (have you ever been diagnosed with p_t_s_d)
Participant;894.91;895.52;no
Ellie;896.818;898.628;depression_diagnosed (have you been diagnosed with depression)
Participant;898.87;899.53;yes
Ellie;900.408;902.328;when_diagnosed (how long ago were you diagnosed)
Participant;903.2;916.17;um i was diagnosed um about uh twelve years ago i haven't been in therapy since um they gave me zoloft and i didn't like it
Ellie;918.249;918.819;why2 (why)
Participant;919.95;931.02;it made me feel worse than i do in the shittiest moments i was telling you about it it uh it made me feel numb um i don't wanna feel numb i wanna feel everything even if it sucks
Ellie;931.93;935.07;understand (i understand) why_seek_help (what got you to seek help)
Participant;936.24;945.74;being forced to it was a private school they thought i was acting up thought i was a uppity kid i think i was just being a kid so
Ellie;948.699;950.149;therapy_useful (do you feel like therapy is useful)
Participant;951.95;953.73;yes i do
Ellie;955.285;958.135;therapy_changes (what sort of changes have you noticed since you've been going to therapy)
Participant;959.95;968.36;um well i haven't been in in twelve years but i do think that it might be helpful for me in the future
Ellie;970.635;971.795;tell_about_that (can you tell me about that)
Participant;973.75;977.86;i thought you weren't a therapist that's a typical therapist question right there <laughter>
Ellie;976.946;977.746;wild_laughter3 ((laughter))
Participant;978.64;995.09;um well yeah i uh uh i i kinda wanna go back to therapy it might help might help me find some solutions maybe maybe it's not a therapist i need maybe it's a life coach i have no idea but i'll be seeking help soon
Ellie;996.73;1001.137;okay_confirm (okay) happy_lasttime (tell me about the last time you felt really happy)
Participant;1002.64;1012.82;um yesterday i was watching a movie with my girlfriend and i looked over at her we smiled at each other and it was it was it was great
Ellie;1013.936;1014.616;aw (aw)
Participant;1015.38;1015.98;yeah
Ellie;1016.47;1018.16;BF_describe (how would your best friend describe you)
Participant;1019.52;1033.78;um very honest um sometimes brutally so but i'm a good guy i think that my friends all think i'm a good guy probably funny um open-minded
Ellie;1033.59;1036.457;self_change (what are some things you wish you could change about yourself)
Participant;1038.01;1051.83;um i guess well it's what i'm working on which is trying to improve my discipline and try to work through my body rejecting shittiness of the world <laughter>
Ellie;1053.512;1059.759;okay_confirm (okay) advice_back (what advice would you give to yourself ten or twenty years ago)
Participant;1061.79;1077.08;it gets better <sigh> um stay in shape it gets harder the longer you wait um don't give up on your dreams keep doing what you're doing
Ellie;1078.028;1082.729;mhm (mhm) Ellie17Dec2012_08 (what are you most proud of in your life)
Participant;1085.36;1086.06;my music
Ellie;1090.948;1095.234;asked_everything (okay i think i have asked everything i need to) appreciate_open (thanks for sharing your thoughts with me)
Participant;1095.72;1097.11;you're welcome nice talking to you
Ellie;1096.849;1097.459;bye (goodbye)
