speaker;start_time;stop_time;text
Participant;12.17;13.01;<synch>
Ellie;32.564;54.104;IntroV4Confirmation (hi i'm ellie thanks for coming in today i was created to talk to people in a safe and secure environment i'm not a therapist but i'm here to learn about people and would love to learn about you i'll ask a few questions to get us started and please feel free to tell me anything your answers are totally confidential are you ok with this)
Participant;54.18;54.72;yes
Ellie;56.445;60.671;okay_confirm (okay) how_doingV (so how are you doing today)
Participant;61.095;64.795;spectacular this is an interesting experiment
Ellie;63.559;67.592;thats_good (that's good) awesome (awesome)
Participant;67.68;68.07;<laughter>
Ellie;69.34;70.66;where_originally (where are you from originally)
Participant;70.99;73.68;uh i'm from middle of nowhere iowa
Ellie;74.539;78.022;really (really) when_LA (when did you move to l_a)
Participant;78.29;85.85;<sigh> uh may second of two thousand seven so exactly five years six years ago
Ellie;84.105;86.005;often_backB (how often do you go back to your hometown)
Participant;86.79;89.88;um infrequently like once every couple years
Ellie;91.522;94.872;okay_confirm (okay) compares_LA (how does it compare to l_a)
Participant;95.255;105.56;uh the weather exists so it's more extreme and then  it's rather less exciting a lot less colorful
Ellie;106.868;107.888;why_LA (why did you move to l_a)
Participant;108.53;111.59;uh winter in minnesota <laughter>
Ellie;112.367;117.723;wild_laughter3 ((laughter)) adapted_LA (how easy was it for you to get used to living in l_a)
Participant;119.02;129.545;uh it took approximately the drive in that's that's about all it took the lights uh the lights took care of the rest
Ellie;130.504;135.153;wow (wow) like_about_LA (what are some things you really like about l_a)
Participant;135.33;152.925;uh i really love that it's a giant concrete playground at nighttime so that bycicles uh have free rein of the streets i like all the art i love the fact that there's so many different kinds of culture jammed all together and that if you look hard enough you can find anything you really want here
Ellie;154.726;157.076;dont_like_LA (what are some things you don't really like about l_a)
Participant;157.42;168.22;oh you know the traffic <sigh> the exceedingly high cost of living uh yeah those are those are my big beefs
Ellie;169.344;178.914;see_mean (i see what you mean) travel_shoes (i'm sure you can tell by my shoes i'm not much of a world explorer do you travel a lot)
Participant;177.95;181.28;uh not nearly as much as i would like to i've done a little bit
Ellie;182.776;184.296;travel_changed (what do you enjoy about traveling)
Participant;184.48;200.45;uh i like not knowing exactly how things are gonna go i like the fact that it forces me to uh deal with people to deal with situations in ways that i normally wouldn't have to
Ellie;202.632;204.312;travel_trips (i'd love to hear about one of your trips)
Participant;204.7;219.87;uh last year i got to hang out in san marcos for a little bit after i split up with my ex and then after san marcos i went back to iowa for a bunch of family stuff and then i brought my little brother to los angeles
Ellie;221.12;221.8;aw (aw)
Participant;222.44;223.02;<laughter>
Ellie;224.196;226.556;memorableB (what's one of your most memorable experiences)
Participant;227.035;277.36;uh last week managed to go on a bike ride for cyclavia scrubbed_entry as a <laughter> he was basically a rolling green light the entire way down venice boulevard and so he made he made a bunch of like national news and he was all over the place but the rest of us as his support group riding around on tall bikes and stuff the we didn't bat an eye we didn't blink because this is this is normal for our friends that wasn't even the most absurd thing he's done lately that was just a a happy normal sunday but our group of friends is so unusual that a normal sunday for us is extreme for everyone else
Ellie;278.293;282.706;wild_laughter3 ((laughter)) great_situation (that sounds like a great situation)
Participant;283.37;284.96;<laughter>
Ellie;285.196;289.611;shyoutgoing (do you consider yourself more shy or outgoing)
Participant;288.4;293.38;i used to be an introvert but definitely an extrovert the last few years thank you los angeles
Ellie;295.503;296.663;tell_about_that (can you tell me about that)
Participant;297.425;315.555;um <clears throat> once i found the right group of friends it was easy to be social it it drew me to be social extroverted even outgoing bombastic for the first time and it stuck
Ellie;317.512;331.968;thats_great (that's great) relax_fishtank (sometimes when i'm feeling tense i turn on the fish tank screensaver hey i know it's not hawaii but it's the best i've got what do you do to relax)
Participant;331.69;348.84;um if i weren't already the most relaxed guy already i would probably do things but when i'm really stressed out i i do all sorts of stuff it um usually i try to enlist my friends to help me do an art project
Ellie;351.021;354.37;cool3 (cool) control_temper (how are you at controlling your temper)
Participant;354.67;357.62;uh what temper <laughter>
Ellie;357.933;360.983;last_argument (when was the last time you argued with someone and what was it about)
Participant;361.35;369.41;uh scrubbed_entry
Ellie;371.92;373.46;describe_felt (how did you feel in that moment)
Participant;373.77;382.085;um <laughter> panicked 'cause i really wanted to make him not hate me and i mostly failed
Ellie;383.936;385.286;been_hard (that sounds really hard)
Participant;385.11;392.69;uh hard on him i mostly uh mostly got by with a couple of scrapes on my ego
Ellie;394.764;400.259;okay_confirm (okay) situation_handled (tell me about a situation that you wish you had handled differently)
Participant;399.825;423.07;uh when when that all went down i tried to to talk to him but i got distracted for the very first time that day and so instead of having my <sigh> verbal gloves up i managed to take a whole bunch of words to the side of the head and fall over a trash can it was not my most graceful moment
Ellie;424.056;429.972;uh_oh (uh oh) feelguilty (what's something you feel guilty about)
Participant;430.66;439.27;uh i feel guilty about lots of stuff um i feel guilty about eating more often than anything else
Ellie;440.871;441.441;why2 (why)
Participant;442.06;447.37;'cause i really love junk food it's really good i have very little food willpower 'cause i used to be a fat guy
Ellie;446.912;454.335;wild_laughter3 ((laughter)) hard_decisionB (tell me about the hardest decision you've ever had to make)
Participant;459.295;481.345;i'm not sure what the hardest decision i ever had to make was uh made a lot of hard decisions i guess <sigh> it was pretty hard to leave los angeles after my ex and my best friend did a whole bunch of nasty stuff but it wasn't even that hard 'cause it pushed me to do it so it's a tricky question madam
Ellie;482.887;484.317;change_directions (what made you decide to do that)
Participant;484.65;491.42;uh oh you know broken collarbone severe pain get surgery on it it all seemed like it made sense at the time
Ellie;494.202;500.148;isee_downer (i see) memory_erase (tell me about an event or something that you wish you could erase from your memory)
Participant;497.89;511.94;<laughter> mm no my memories are important i have lived a spoiled blessed life and if i changed anything then it wouldn't be the same universe i like this universe
Ellie;513.172;514.122;understand (i understand)
Participant;514.68;515.38;<laughter>
Ellie;515.807;518.516;family_relationship (tell me about your relationship with your family)
Participant;519.64;540.16;uh my little brother lives here he's awesome he's actually right outside waiting for me uh my mom is crazy my dad is crazy everyone else is crazy i'm pretty crazy uh but since most of the rest of them live so far away don't really have to deal with them too much relationship is positive and sparce
Ellie;542.104;547.1;thats_good (that's good) influence_positive (who's someone that's been a positive influence in your life)
Participant;547.12;554.035;uh jackrabbit's been a pretty positive influence on me lately she is a magical creature
Ellie;556.09;557.25;tell_about_that (can you tell me about that)
Participant;558.11;609.83;uh well there's the part where she's intensely physically beautiful there's the part where she manages to hit me with the best inspiration words there's the part where she actually works on the exact things that make me excited there's the part where she pops in and out of my life at the exact right instance and then there's the part where she is a hundred percent kind and caring all the time all of those things are really nice but then when you add to that and compound it with the fact that she does this all without wanting anything in return i don't know that's <sigh> smitten <laughter>
Ellie;610.187;611.337;how_know (how do you know them)
Participant;611.81;627.02;uh <laughter> what a funny question how do i know them as though she's multiple people how did you know uh i know her through my bicycle friends <sigh>
Ellie;629.398;633.754;cool3 (cool) easy_sleep (how easy is it for you to get a good night's sleep)
Participant;633.955;648.55;uh the hard part is going to bed but as soon as i get to to sleepland i'm pretty much there until an earthquake uh hits so i i get to sleep poorly but then i'm a pro at it so it doesn't matter
Ellie;650.073;651.853;sleep_affects (what are you like when you don't sleep well)
Participant;652.155;661.375;<deep breath> less verbose and that's about it my dark circles get slightly larger and i'm pretty much the exact same dude because i've been doing it most of my life
Ellie;662.805;665.888;okay_confirm (okay) feel_lately (how have you been feeling lately)
Participant;666.27;669.52;uh so stoked that i might as well be on fire
Ellie;671.581;672.151;why2 (why)
Participant;672.55;710.49;um mm because the universe in its infinite uh i suppose the word is sardonic sense of humor uh has managed to convince me of the reality of magic in the arthur c clark sense uh so as a fortunate and <cough> vaguely aware being eh it's my privilege to get to enjoy more time like this
Ellie;713.403;716.573;behavior_changes (have you noticed any changes in your behavior or thoughts lately)
Participant;716.91;732.945;uh yeah uh my excitement is increasing at an almost exponential rate and i'm feeling more and more inspired all the time if i could just work on the motivation i'd be set
Ellie;735.486;739.068;okay_confirm (okay) ptsd_diagnosed (have you ever been diagnosed with p_t_s_d)
Participant;739.06;742.01;mm not since you asked me on the form a little while ago no
Ellie;742.835;744.645;depression_diagnosed (have you been diagnosed with depression)
Participant;744.81;748.41;uh no i used to think i had it but who knows at this point that was awhile ago
Ellie;750.435;751.595;tell_about_that (can you tell me about that)
Participant;752.39;767.6;uh i was very unhappy with most of my life for a very long time and then i moved to los angeles and started having fun mm and then that's uh yeah the rest is ancient history
Ellie;770.173;772.72;happy_lasttime (tell me about the last time you felt really happy)
Participant;773.1;798.7;um twenty thirteen <laughter> uh <sigh> working on my shoes this morning was really nice doodling uh an art project that all my friends helped and put on that's that was really nice it's a nice feeling
Ellie;800.165;805.86;awesome (awesome) BF_describe (how would your best friend describe you)
Participant;805.505;816.325;<laughter> <sigh> that's a very good question i'm not actually sure i'll ask him later today though
Ellie;819.518;822.458;Ellie17Dec2012_07 (what would you say are some of your best qualities)
Participant;822.81;848.59;um i guess i'm enthusiastic i am thesauric and i am <sigh> i'm gonna have to say highly analytical <laughter>
Ellie;851.572;854.456;self_change (what are some things you wish you could change about yourself)
Participant;853.88;860.85;uh it'd be nice if i could get my super powers back that'd be pretty cool
Ellie;862.756;863.296;like_what (like what)
Participant;864.15;880.39;uh like turning on some of the fancier finely tuned and delicate machinery that chinese medicine has clued me into inside myself <laughter>
Ellie;880.546;882.846;Ellie17Dec2012_08 (what are you most proud of in your life)
Participant;883.09;901.86;uh that's a really tough one i think the thing that i'm most proud of would probably be <sigh> you know i'm not actually sure <laughter>
Ellie;902.523;903.593;regret (is there anything you regret)
Participant;903.89;905.74;oh all sorts of stuff but i'm working on that
Ellie;908.061;911.011;advice_back (what advice would you give to yourself ten or twenty years ago)
Participant;910.67;916.68;<clears throat> <deep breath> don't masturbate so much <laughter>
Ellie;916.905;924.05;wild_laughter3 ((laughter)) Ellie17Dec2012_09 (what are some things that usually put you in a good mood)
Participant;924.4;931.065;uh jackrabbit really bad puns uh and dessert
Ellie;933.941;936.381;asked_everything (okay i think i have asked everything i need to)
Participant;936.94;938.985;<laughter>
Ellie;936.945;938.385;appreciate_open (thanks for sharing your thoughts with me)
Participant;939.255;939.955;no problem
Ellie;940.481;941.091;bye (goodbye)
Participant;941.18;941.69;bye ellie
