speaker;start_time;stop_time;text
Participant;15.24;16.08;<synch>
Ellie;32.849;54.389;IntroV4Confirmation (hi i'm ellie thanks for coming in today i was created to talk to people in a safe and secure environment i'm not a therapist but i'm here to learn about people and would love to learn about you i'll ask a few questions to get us started and please feel free to tell me anything your answers are totally confidential are you ok with this)
Participant;54.51;54.89;yes
Ellie;55.55;59.562;okay_confirm (okay) how_doingV (so how are you doing today)
Participant;59.785;60.365;i'm good
Ellie;61.161;64.289;thats_good (that's good) where_originally (where are you from originally)
Participant;64.65;65.07;michigan
Ellie;66.033;69.377;really (really) when_LA (when did you move to l_a)
Participant;70.045;70.745;two years ago
Ellie;72.173;74.073;often_backB (how often do you go back to your hometown)
Participant;74.81;75.69;um every three months
Ellie;77.709;79.329;compares_LA (how does it compare to l_a)
Participant;80.34;84.845;it's more homey and country than fast-paced and stuff
Ellie;85.449;87.805;mm (mm) why_LA (why did you move to l_a)
Participant;88.54;92.03;uh the i work in the entertainment business so i had to be out here
Ellie;94.402;96.872;adapted_LA (how easy was it for you to get used to living in l_a)
Participant;97.58;101.98;it was pretty easy because i lived in new york first and if you can survive new york you can survive l_a
Ellie;102.609;109.387;wild_laughter5 ((laughter)) see_mean (i see what you mean) like_about_LA (what are some things you really like about l_a)
Participant;110.085;117.445;the weather of course beaches uh the people are much ruder and mean than what i'm used to but i like l_a
Ellie;120.754;121.894;study (what did you study at school)
Participant;122.68;124.68;uh graphic design media arts
Ellie;125.624;128.84;sounds_interesting (that sounds interesting) hard_decision (how did you decide to do that)
Participant;129.81;140.135;um in high school i was ahead in all my classes and credits so i had to take a college course so while in high school i got a two year college degree doing it 'cause i was good at it
Ellie;140.781;141.351;wow (wow)
Participant;142.66;142.9;yeah
Ellie;143.181;144.181;happy_didthat (are you happy you did that)
Participant;144.755;146.945;yeah but now i wanna go into something else
Ellie;149.182;149.722;like_what (like what)
Participant;150.125;153.825;um i'm in school actually i take online classes now for business management
Ellie;156.727;157.927;dream_job (what's your dream job)
Participant;158.75;175.985;<laughter> i um a really one day i wanna own me and my sisters wanna own our own uh rental properties and like uh real estate company we own six houses now we bought with our college money and now we wanna eventually one day own our own homes and apartment complexes
Ellie;177.219;186.622;thats_great (that's great) travel_shoes (i'm sure you can tell by my shoes i'm not much of a world explorer do you travel a lot)
Participant;185.865;186.235;yeah
Ellie;187.562;189.082;travel_changed (what do you enjoy about traveling)
Participant;189.93;197.81;meeting new people seeing different things that you've never seen before um different languages everything just seeing what the world has to offer
Ellie;198.775;200.455;travel_trips (i'd love to hear about one of your trips)
Participant;201.045;213.895;oh okay um me and my sisters went to hawaii last year um i believe we went to hawaii <hawa> honolulu and to then hmm maui yeah and we met the people in hawaii and they were so nice if i could live there i would
Ellie;215.496;217.856;memorableB (what's one of your most memorable experiences)
Participant;218.93;227.975;um everything was memorable but probably jet-skiing in honolulu was very fun
Ellie;228.907;229.627;awesome (awesome)
Participant;229.705;230.015;yeah
Ellie;232.905;237.308;shyoutgoing (do you consider yourself more shy or outgoing)
Participant;235.96;236.67;outgoing
Ellie;239.16;250.923;relax_fishtank (sometimes when i'm feeling tense i turn on the fish tank screensaver hey i know it's not hawaii but it's the best i've got what do you do to relax)
Participant;246.83;254.565;<laughter> <laughter> music music is much therapy for me
Ellie;255.809;256.969;tell_about_that (can you tell me about that)
Participant;257.71;269.485;um well my family is very musically inclined like my dad and my mom's family so music has always been like that thing no matter how i feel if i put music on it makes it much better
Ellie;271.014;275.614;good_hear (that's so good to hear) control_temper (how are you at controlling your temper)
Participant;276.725;291.16;i'm pretty good i used to box so it let out a lot of frustration so sometimes i do that too i go to the gym and i do like a kickboxing class but i don't i never escalated to the point where i like blurt out or no i can control it pretty much
Ellie;291.806;296.522;okay_confirm (okay) last_argument (when was the last time you argued with someone and what was it about)
Participant;297.19;305.44;well i live with my sisters so i argue every day <laughter> but it was over clothes my sisters and clothes always clothes
Ellie;300.691;310.888;wild_laughter5 ((laughter)) family_relationship (tell me about your relationship with your family)
Participant;311.5;334.625;um my mother my father are pastors of a church i grew up with two sisters and a older brother who was a cop and we're pretty close i have a nephew we're pretty close like every day we see each other close and we don't all live in the same house but we're together every single day at some point when we lived in a when we lived in michigan my family eh is in michigan
Ellie;335.925;341.9;thats_great (that's great) feelguilty (what's something you feel guilty about)
Participant;342.805;357.055;um when i cheat like right now i'm on a diet with my sisters but last night i snuck and got mcdonalds so i feel bad because they've been so sticking to it and i cheated but that's pretty much <laughter it
Ellie;357.173;357.973;wild_laughter3 ((laughter))
Participant;358.89;359.34;<laughter>
Ellie;359.784;363.577;situation_handled (tell me about a situation that you wish you had handled differently)
Participant;363.92;391.307;um hmm mm me and my when me and my a friend of mine got into it and we said things that weren't like we hit below the belt and we and we usually don't and we haven't spoken in like three months now and i know that it could've been prevented if we would've just sat down and talked to each other but it didn't make it that far so yeah
Ellie;391.243;397.918;yeah_downer (yeah) hard_decisionB (tell me about the hardest decision you've ever had to make)
Participant;399.67;406.12;um probably moving here moving to l_a
Ellie;405.927;406.497;why2 (why)
Participant;406.98;424.54;because like i'm i'm really like close <clo> we're really close with our family like i skype with my mom and dad every day so it was hard to go from there to here and them taking care of everything to me and my sisters having to do it on our own it was much it was different
Ellie;426.021;431.082;yeah_downer (yeah) influence_positive (who's someone that's been a positive influence in your life)
Participant;431.46;441.96;oh my goodness uh my parents my brother my dad my mom my sisters my family <fam> i have a great family so my family definitely
Ellie;443.9;450.438;okay_confirm (okay) memory_erase (tell me about an event or something that you wish you could erase from your memory)
Participant;451.73;483.31;um i wanna say two years ago three years ago my brother was shot on duty and he almost lost his life but he didn't and for some reason as much as i try i don't tell them this 'cause i don't want them to be like i need to you know whatever i always think about it over and over again and i'll cry about it like it happened yesterday but it happened three years just the mere fact of almost losing him kinda yeah
Ellie;484.043;491.098;yeah_downer (yeah) been_hard (that sounds really hard) easy_sleep (how easy is it for you to get a good night's sleep)
Participant;491.74;502.945;not easy i work as a personal assistant and administrative assistant for a casting agent so i'm on call for her whenever so i'm never i never get a good night's sleep ever
Ellie;504.467;505.307;that_sucks (that sucks)
Participant;505.15;505.99;i know <laughter>
Ellie;507.67;509.45;sleep_affects (what are you like when you don't sleep well)
Participant;511.62;525.83;um a zombie <laughter> i'm pretty much you would never know 'cause when it's work i i'm professional so if i am tired they'd never know but i'm very annoyed and very grouchy when i haven't slept
Ellie;527.521;530.711;okay_confirm (okay) feel_lately (how have you been feeling lately)
Participant;531.93;542.607;um <sigh> tired and i have crazy headaches but that's probably from not getting enough sleep and working too much but yeah very tired
Ellie;544.411;547.581;behavior_changes (have you noticed any changes in your behavior or thoughts lately)
Participant;548.232;549.827;yeah definitely
Ellie;551.712;552.252;like_what (like what)
Participant;553.282;580.095;um i'm shorter with people like being in the industry i mean people don't really care it's all about self and when i first came here i had the i had the personality and attitude of family and love and nice and being here showed me that everybody's kinda out for self here even the like the other girls i work with so i've learned to like cut people off and be short with people when that's not really me but i just see that's how you have to be <laughter>
Ellie;580.99;585.158;yeah3 (yeah) ptsd_diagnosed (have you ever been diagnosed with p_t_s_d)
Participant;585.37;585.55;no
Ellie;586.528;588.338;depression_diagnosed (have you been diagnosed with depression)
Participant;588.485;588.735;no
Ellie;589.862;593.591;happy_lasttime (tell me about the last time you felt really happy)
Participant;593.97;604.77;um <sigh> last saturday i did a weigh-in and i lost seven pounds i was like excited so <laughter> that was the last time
Ellie;605.271;609.964;thats_great (that's great) BF_describe (how would your best friend describe you)
Participant;611.45;633.07;um care too much uh i think about others more than myself so she'd probably say i care too much i'm loving i'm the person that every friend i have confide in from best friend to just regular friend so yeah i'm the mom of my friends
Ellie;635.34;636.41;regret (is there anything you regret)
Participant;637.62;643.855;um no not no i don't regret anything
Ellie;644.551;647.501;advice_back (what advice would you give to yourself ten or twenty years ago)
Participant;651.12;654.83;hmm never take no for an answer
Ellie;658.396;661.273;self_change (what are some things you wish you could change about yourself)
Participant;662.71;680.89;um i wish i could well i don't know personally i wanna lose like twenty more pounds but uh just i don't know be a little more adventurous little more adventurous
Ellie;681.656;688.66;mhm (mhm) feelbadly (tell me about a time when someone made you feel really badly about yourself)
Participant;689.575;707.185;um <sigh> i don't think i've had a time baby feel bad no i can't no i don't think i have one it i'm sorry i don't think i <laughter> have one
Ellie;707.149;713.419;okay_confirm (okay) ideal_weekendC (tell me how you spend your ideal weekend)
Participant;714.39;729.29;oh um well me and my sisters has just started with yoga and we already do the beach like every friday but yoga is like our new addiction so we do yoga and we probably go to like a spa or something that's an ideal <ide>
Ellie;729.005;729.735;nice (nice)
Participant;729.535;729.965;yeah
Ellie;732.547;734.847;Ellie17Dec2012_08 (what are you most proud of in your life)
Participant;736.0;750.415;um my my job my career because i've gotten a pretty long way at twenty three the job i hold so i'm pretty pretty proud of that
Ellie;752.396;756.906;asked_everything (okay i think i have asked everything i need to) appreciate_open (thanks for sharing your thoughts with me)
Participant;756.875;757.375;you're welcome
Ellie;758.069;758.679;bye (goodbye)
Participant;758.655;758.995;bye
