speaker;start_time;stop_time;text
Participant;6.02;7.05;[syncing]
Ellie;60.84;82.3;hi i'm ellie thanks for coming in today i was created to talk to people in a safe and secure environment i'm not a therapist but i'm here to learn about people and would love to learn about you i'll ask a few questions to get us started and please feel free to tell me anything your answers are totally confidential are you okay with this
Participant;82.81;83.22;yes
Ellie;83.825;87.42;okay so how are you doing today
Participant;88.04;89.22;i'm a little nervous
Ellie;90.555;91.125;why
Participant;91.915;93.295;mm this is different
Ellie;94.5;99.125;[laughter] i understand where are you from originally
Participant;99.555;100.435;california
Ellie;101.15;101.83;really
Participant;101.855;102.535;yes
Ellie;102.9;104.99;what are some things you really like about l_a
Participant;107.09;108.43;i like the beach
Ellie;109.605;110.295;mhm
Participant;110.415;118.83;um the weather mm mm
Ellie;118.84;122.73;okay what are some things you don't really like about l_a
Participant;122.89;125.19;so many people [laughter]
Ellie;126.23;126.74;mm
Participant;126.79;127.38;yeah
Ellie;129.88;130.8;what do you do now
Participant;131.755;135.98;what do you mean what do i do now
Ellie;136.665;137.935;what's your dream job
Participant;139.595;141.035;i don't know right now
Ellie;144.32;145.54;what'd you study at school
Participant;146.43;149.185;um i went through nursing
Ellie;150.695;151.925;that sounds interesting
Participant;151.925;152.605;mhm
Ellie;153.41;154.74;are you happy you did that
Participant;154.91;155.52;yes
Ellie;157.07;158.35;are you still working in that
Participant;158.685;159.455;no
Ellie;161.525;162.605;tell me more about that
Participant;162.91;163.88;about nursing
Ellie;164.86;165.45;mhm
Participant;167.38;172.195;that's a great field to be in if you have the heart the passion for caring for people
Ellie;173.51;174.84;how did you decide to do that
Participant;174.85;175.74;my mother
Ellie;177.52;178.04;aw
Participant;178.095;178.735;yeah
Ellie;181.48;183.06;how close are you to your family
Participant;183.735;187.875;right now uh it's we're we're close i have a pretty close family
Ellie;188.675;189.585;that's good
Participant;189.575;190.075;mhm
Ellie;192.79;194.44;do you consider yourself an introvert
Participant;195.54;196.63;mm what do you mean
Ellie;199.26;200.94;why don't we talk about that later
Participant;201.055;201.595;okay
Ellie;202.8;204.2;what do you do to relax
Participant;205.085;210.62;i like to read and i like watching some television
Ellie;212.565;213.185;cool
Participant;213.21;213.83;yeah
Ellie;214.305;216.495;how are you at controlling your temper
Participant;218.845;221.095;i think i'm very good at controlling it
Ellie;221.585;224.905;when was the last time you argued with someone and what was it about
Participant;225.92;230.32;i i can't remember the last time i had an argument
Ellie;231.93;236.73;okay what do you do when you're annoyed
Participant;239.595;253.525;mm i'm not for sure what i do when i'm really annoyed i think i get i don't know walk a lot i i'm not for sure when i'm annoyed because i have different reactions to whatever's annoying me
Ellie;254.165;254.585;<laughter>
Participant;254.6;255.05;<laughter>
Ellie;254.805;255.725;i understand
Participant;255.43;255.83;mhm
Ellie;256.655;258.815;what are some things that make you really mad
Participant;260.23;275.93;like mad well let me see mad is a hell of a word for me to be mad it means like when i'm mad it's it's uncontrollable when i'm mad
Ellie;276.63;277.06;mhm
Participant;277.43;277.91;mhm
Ellie;283.14;284.79;how would your best friend describe you
Participant;285.13;286.64;i don't have a best friend
Ellie;288.65;291.02;what would you say are some of your best qualities
Participant;292.21;293.88;i don't really know now
Ellie;297.54;303.09;okay who's someone that's been a positive influence in your life
Participant;303.555;304.365;my mother
Ellie;306.665;307.325;aw
Participant;307.41;308.05;mhm
Ellie;308.335;309.805;could you say a little more about that
Participant;309.925;310.875;about my mother
Ellie;311.905;312.485;mhm
Participant;313.67;321.635;my mother was a beautiful woman and she had great values instilled in us when raising me yeah
Ellie;321.035;322.615;can you give me an example of that
Participant;324.77;335.457;values are like well good one thing is like my mother cooked and that was a valuable thing to me because she taught me to cook so that was very valuable honesty
Ellie;337.697;338.747;that's great
Participant;339.367;339.977;mhm
Ellie;341.067;343.657;is it uncomfortable for you to talk about this
Participant;343.937;344.917;about my mother
Ellie;345.552;346.162;yes
Participant;347.722;349.442;well she's no longer living
Ellie;349.997;350.977;i'm sorry to hear that
Participant;350.977;351.467;mhm
Ellie;354.587;357.867;have you noticed any changes in your behavior or thoughts lately
Participant;358.322;359.112;excuse me
Ellie;359.672;363.202;have you noticed any changes in your behavior or thoughts lately
Participant;364.822;367.052;mm changes in my behavior
Ellie;367.782;368.382;mhm
Participant;370.417;371.927;mm since i've been here
Ellie;374.297;374.927;yes
Participant;376.227;382.322;i don't i i think a little uncomfortable yeah it's a little strange
Ellie;381.817;383.077;how have you been feeling lately
Participant;383.622;388.602;how i've been feeling lately a little uneasy
Ellie;390.617;391.187;why
Participant;391.427;396.602;because of my experience the things i went through have been going through
Ellie;398.052;399.602;could you say a little more about that
Participant;399.752;410.002;i was raped and sodomized and they kept a gun to my head and cut my hair so i've been going through a hell of a thing lately
Ellie;404.267;412.747;i'm sorry that sounds really hard
Participant;412.747;413.917;yes it is
Ellie;416.417;417.637;how do you cope with them
Participant;418.492;421.882;i cope it's it's difficult but i do cope
Ellie;422.882;423.692;yeah
Participant;423.692;424.432;mhm
Ellie;424.897;427.367;how easy is it for you to get a good night's sleep
Participant;428.347;432.007;it's not easy for me to sleep to get a good night's sleep
Ellie;433.182;435.002;what are you like when you don't sleep well
Participant;435.817;436.557;excuse me
Ellie;437.382;439.302;what are you like when you don't sleep well
Participant;440.407;448.847;i don't know maybe sluggish maybe sometimes i can be more irritable if i don't sleep well i don't sleep well that often
Ellie;451.297;454.942;mm have you ever been diagnosed with p_t_s_d
Participant;455.137;456.757;yes that's what i have been diagnosed
Ellie;457.552;459.462;how long ago were you diagnosed
Participant;459.822;460.772;a few years ago
Ellie;463.152;464.712;what got you to seek help
Participant;466.357;469.387;because i wanted to get revenge on the guys that raped me
Ellie;472.097;473.777;do you still go to therapy now
Participant;473.792;477.417;no but i'm gonna go back
Ellie;476.417;477.087;why did you stop
Participant;477.692;478.392;excuse me
Ellie;478.467;479.127;why did you stop
Participant;481.032;483.797;i thought i was better i thought
Ellie;485.262;487.592;did you think you had a problem before you found out
Participant;488.572;490.762;i knew i had a problem but i didn't know what it was
Ellie;491.642;492.972;what were your symptoms
Participant;494.332;505.982;as far as what i didn't sleep i didn't eat i had nightmares i still have them
Ellie;507.942;508.592;i see
Participant;508.022;515.877;i was just really [real] afraid of uh really afraid i was not avoiding it
Ellie;516.464;520.409;yeah do you have disturbing thoughts
Participant;521.249;525.719;as far as what disturbing thoughts like what
Ellie;526.709;527.949;whatever comes to your mind
Participant;530.324;533.974;of the things that's happened to me was disturbing [di] are disturbing thoughts
Ellie;536.564;537.284;i see
Participant;537.409;538.054;mhm
Ellie;538.054;539.564;are they triggered by something
Participant;539.674;540.434;sometimes
Ellie;543.429;544.629;can you give me an example of that
Participant;545.134;557.354;if i see four men together with hoods on it's i have it triggered by that sometimes when i have to go upstairs it's a trigger because of the of what happened they took me upstairs
Ellie;559.054;560.614;that sounds really hard
Participant;560.619;561.529;yes ma'am
Ellie;563.799;565.309;do you feel like therapy is useful
Participant;565.849;566.499;excuse me
Ellie;567.299;568.689;do you feel like therapy is useful
Participant;570.049;571.179;therapy is what
Ellie;572.689;575.459;what sort of changes have you noticed since you've been going to therapy
Participant;576.939;588.499;i haven't been to therapy in a while but i've noticed how to calm myself down when i get um afraid and that's about it
Ellie;589.624;590.464;that's good
Participant;590.519;591.159;mhm
Ellie;592.134;594.074;how has seeing a therapist affected you
Participant;594.499;601.284;it helped a lot of things that happened in my past i didn't realize it was deep down inside me still
Ellie;602.594;604.034;how have you been feeling lately
Participant;607.119;615.714;i'm like just jest you know just day by day just making it i think
Ellie;617.559;622.989;okay what are some things that usually put you in a good mood
Participant;623.324;624.074;music
Ellie;626.254;627.134;that's great
Participant;628.709;629.289;yeah
Ellie;631.524;634.804;tell me about something you did recently that you really enjoyed
Participant;639.039;642.794;cooking the other day cooking
Ellie;645.314;650.079;cool what are you most proud of in your life
Participant;650.949;651.849;my son
Ellie;654.284;658.444;aw tell me about your kids
Participant;658.659;662.849;i only have one son and he's a beautiful child
Ellie;665.184;666.694;that's so good to hear
Participant;666.734;667.374;mhm
Ellie;667.809;669.589;do you find it easy to be a parent
Participant;669.784;671.899;no it's not [laughter]
Ellie;672.879;674.789;what's the hardest thing about being a parent
Participant;674.979;681.174;um i think decision making
Ellie;683.22;684.76;can you give me an example of that
Participant;687.875;696.89;well some of the things that he's asked to like i'm not into tattoos i don't like tattoos and and he does
Ellie;695.45;696.06;mhm
Participant;698.46;706.625;and well there's a lot of different things
Ellie;708.26;711.99;okay what's the best thing about being a parent
Participant;713.99;725.775;the best thing about being a parent is giving life to my son [laughter] and seeing them grow up in joy in their lives is going on it's a good thing
Ellie;726.415;731.42;awesome is there anything you regret
Participant;732.495;733.105;no
Ellie;734.695;737.645;what advice would you give yourself ten or twenty years ago
Participant;739.505;751.85;god what advice would i give myself i don't really know i really don't know
Ellie;752.825;757.05;okay what's one of your most memorable experiences
Participant;757.065;758.185;as far as what
Ellie;759.57;760.82;whatever comes to your mind
Participant;761.15;770.235;my memorable experience i i could say when graduating it was a good experience
Ellie;770.81;771.41;really
Participant;771.425;771.895;yes
Ellie;772.035;773.695;how did you feel in that moment
Participant;773.69;776.515;great when i graduated great
Ellie;777.775;779.025;how hard is that
Participant;780.465;783.455;to graduate from high school it wasn't hard
Ellie;783.275;783.795;yes
Participant;783.87;786.54;no it wasn't hard i enjoyed school
Ellie;788.255;796.4;that's great when was the last time you felt really happy
Participant;797.485;798.825;i don't remember
Ellie;802.84;809.435;okay okay i think i've asked everything i need to thanks for sharing your thoughts with me
Participant;809.43;809.82;mhm
Ellie;810.55;811.26;goodbye
Participant;811.33;812.03;bye
