speaker;start_time;stop_time;text
Participant;15.6;16.42;<sync>
Ellie;57.51;79.05;IntroV4Confirmation (hi i'm ellie thanks for coming in today i was created to talk to people in a safe and secure environment i'm not a therapist but i'm here to learn about people and would love to learn about you i'll ask a few questions to get us started and please feel free to tell me anything your answers are totally confidential are you ok with this)
Participant;72.36;79.7;okay mm okay sure
Ellie;80.035;83.978;okay_confirm (okay) how_doingV (so how are you doing today)
Participant;81.94;85.46;mm doing okay
Ellie;86.19;89.326;thats_good (that's good) where_originally (where are you from originally)
Participant;89.97;91.15;i'm from uh l_a
Ellie;91.628;92.218;really (really)
Participant;92.38;92.67;yeah
Ellie;93.537;95.647;like_about_LA (what are some things you really like about l_a)
Participant;96.31;99.83;i like the weather i like the sports teams i like the entertainment
Ellie;100.363;100.873;mhm (mhm)
Participant;101.17;101.45;yeah
Ellie;102.111;104.461;dont_like_LA (what are some things you don't really like about l_a)
Participant;105.19;126.83;uh it's pretty much the same year round as far as well actually the weather could be good and could be bad you don't get to get all four seasons so it's it's kinda like a mixed bag and um i guess i maybe i'm kinda used to it by now so it'd be kinda nice to explore other areas i've lived here all my life having done too much traveling so uh it's a little bit of uh kind of a ruttiness to it but uh overall it's okay
Ellie;127.61;130.601;okay_confirm (okay) study (what did you study at school)
Participant;131.9;141.0;uh well i took computer programming in operations but that's going back to the seventies so it's technology's changed a lot as you can tell <laughter> in the last forty odd years <laughter>
Ellie;141.243;141.713;yeah3 (yeah)
Participant;141.26;143.05;that's why that's my that was my major yeah
Ellie;144.117;145.547;change_directions (what made you decide to do that)
Participant;146.38;187.01;um i don't know it's kind of it's kind of inquisitive you have to use your mind uh it was like you know brand new something you know very novel back in the in the old days you know back in the seventies now it's everything to computers but back then it was sort of like <sniff> something very unique um you didn't see you know too many computers around back then and um i worked in programming so i was kind of into the logicalness of it you know putting together you know solving a a particular um problem you know come up with step by step solutions on i guess all sort of back then i was kind of more into the the analytic <ana> analytical <ana> analytical <ana> analytical<anal> i can't say that word now <laughter> the analyticalness of the um the problem
Ellie;188.776;191.276;mhm (mhm) still_working_on_X (are you still working in that)
Participant;190.23;197.55;mhm uh no i kinda phased out i still use computers but i haven't gotten i been haven't been in programming for a long time
Ellie;198.207;198.777;why2 (why)
Participant;199.46;218.26;um well i kinda got into a another area kinda diversion <di> uh diversion <divorcion> to diversion to another area in my life uh this is going back to the um the late seventies i kinda took another turn and then by the time i kinda got back into it it was i kinda got into another field so i never really pursued it to the degree that i wanted to
Ellie;219.8;221.0;dream_job (what's your dream job)
Participant;221.93;256.36;wow that's a good question <laughter> i never thought about that uh well actually kinda <ki> ironically <i> ironically actually something was pretty simple at this point in time this is why maybe i'm kinda like made me a little bit depressed and then i um at this point i kind of just wanted kind of just do a nice relaxing job but but i do want somewhat of a challenge but i don't want to have to like do too much too much thinking that's almost like the opposite of what i was back in the in the old days you know i just want a nice comfortable relaxing job that i i can feel fulfillment on but i don't wanna too tense of a situation i'm kinda at the point in my life where i just want a nice relaxing job
Ellie;257.144;257.614;yeah3 (yeah)
Participant;257.92;258.7;yeah <laughter>
Ellie;258.514;259.544;see_mean (i see what you mean)
Participant;259.67;259.99;yeah
Ellie;262.041;266.447;shyoutgoing (do you consider yourself more shy or outgoing)
Participant;265.66;287.84;oh i would say well for the most part shy but sometimes once i get going i could be outgoing um but i generally speaking i'm i'm shy to begin with and then i at times i can kinda loosen up and be more vocal and sometimes i can take it to the to the extreme where i'm talking too much like once the funny gates open up they kind of <laughter> open up too much so i have to like back off you know
Ellie;288.18;289.05;wild_laughter5 ((laughter))
Participant;288.55;291.68;but overall i would say i'm kind of shy as as a general demeanor
Ellie;292.116;305.834;okay_confirm (okay) relax_fishtank (sometimes when i'm feeling tense i turn on the fish tank screensaver hey i know it's not hawaii but it's the best i've got what do you do to relax)
Participant;298.74;340.85;oh really <laughter> <laughter> yeah <laughter> oh um well i listen to music um i'll um well i watch t_v um i'll um just what what do i do to relax well i just try uh avoid stressful situations so like kinda i stay relaxed i also talk to my friends too i'll be around an area around kind of a comfort area where i i feel safe i can just dialogue with people so kinda gets me out of my thinking about my own problems i'm having i kinda just you know focus on being in the moment with my um acquaintances <acqu> friends and acquaintances
Ellie;341.206;344.563;mm (mm) control_temper (how are you at controlling your temper)
Participant;345.39;362.38;um i'm pretty good i don't really have a temper problem it takes a lot to get me to uh to explode i think when i was <w> in my younger days i think i was a little bit more had a little bit slight bit of temper i never had a really bad temper but uh uh temper is not really an issue i have i i tend to be pretty mellow easy going
Ellie;362.861;363.501;thats_good (that's good)
Participant;363.87;364.21;yeah
Ellie;364.725;367.775;last_argument (when was the last time you argued with someone and what was it about)
Participant;369.1;386.82;wow that's a good question um i'm not sure to be honest um i'd have to think about that for a long time <laughter> to be honest i i can't come up with an answer on that it's not really part of my repertoire um nothing comes to mind off top of my head
Ellie;387.108;392.593;okay_confirm (okay) situation_handled (tell me about a situation that you wish you had handled differently)
Participant;393.38;441.23;well um well the only thing i can think of and kinda going way back i made some bad investments <in> bad investments back about ten years ago i was more um i'm trying to think of what word i'm looking for more trusting of people like uh people and like uh <tisk> who i thought were expert in their field and um i uh i inherited some money i was a little bit careless with it and i just kinda had a vibe you know that uh nothing would go wrong kinda a little bit of naitivity <nait> naitivity and um unfortunately i made some bad financial decisions it kinda put me in a bad position for the rest of my life unfortunately um because of a medical conditions i have it's hard for me to rebound and you know make it all up so i would say mainly uh financial uh investment decisions that i really regret
Ellie;441.703;446.789;isee_downer (i see) hard_decisionB (tell me about the hardest decision you've ever had to make)
Participant;447.72;460.6;wow hmm that's a tough one i can't think of anything off the top of my head <laughter>
Ellie;461.167;461.627;okay_confirm (okay)
Participant;461.79;462.19;okay
Ellie;463.153;465.839;family_relationship (tell me about your relationship with your family)
Participant;465.83;512.07;oh well uh don't really have too much family left the only one i have is my um it's just me and my uncle and we communicate <c> we communicate on a regular basis um he lives <li> but he lives in clearwater florida so uh we're we're okay but um uh he's like eight he's he's in his eighties and obviously i'm in my fifties so um we we do we have kinda a small talk he's kinda concerned about my well being but it's kind of on somewhat of a shallow <sh> on a shallow level it's not we don't get really deep and uh he's got his own problems so we don't really get into too deep of a conversation and other than him it's really there's not really anybody else i have so it did it probably makes me a little bit depressed 'cause i don't really feel i have anybody i can really count on or really confide in
Ellie;513.116;517.949;downer (okay) easy_sleep (how easy is it for you to get a good night's sleep)
Participant;519.1;544.82;um it is challenging uh i don't know why but i do have a medical condition so i think that might be part of the problem and um i have a little bit of b_p_a so ocassionally i'll get up have to go to the restroom and um so to to answer your question <laughter> to make a long story short <laughter> um it is challenging to get a good night's sleep i usually uh wake <w> wake up feeling a little bit tired or achy so it is it is difficult
Ellie;546.089;547.469;feel_lately (how have you been feeling lately)
Participant;548.97;567.08;uh <sigh> well i've been feeling okay i mean um i've been kinda feeling mellow actually um i'm i'm trying to address issues that i haven't taken uh responsibility for but um i feel a bit of calmness as of late
Ellie;568.354;572.346;thats_good (that's good) ptsd_diagnosed (have you ever been diagnosed with p_t_s_d)
Participant;572.95;573.25;no
Ellie;573.567;575.377;depression_diagnosed (have you been diagnosed with depression)
Participant;576.07;584.74;well i did say yes when i filled out the questionnaire and um i'm not positive if i was technically diagnosed with it i did take a uh i think it's called m_m_p_h
Ellie;585.463;585.973;mhm (mhm)
Participant;585.58;612.46;the minnesota multifaceted personality something of whether this is going back about six months ago they were asking me questions about my memory but then they also got into questions about my my well being psychologically too and i think some of the the answers said that they advise that i see a psychologist or a psychiatrist i didn't follow that up on that because of philosophical differences but uh i think i might have a you know a mild case of depression
Ellie;613.526;614.096;why2 (why)
Participant;615.17;647.31;well you know um like i said i'm just kinda like kinda going along in life i'm uh i'm doing okay but i you know i kinda life's passing me by so i haven't really fulfilled my my goals i you know i'm kinda like alone i'd like to have a girlfriend i don't have a girlfriend so that's kind of somebody who i feel i can get close to and i'm not really i'm kinda in a transitional period in my life right now so uh there's a little bit of uncertainty i have some you know kinda financial uncertainties so um you know overall i'm not doing as good as i'd like to
Ellie;648.589;657.522;okay_confirm (okay) happy_lasttime (tell me about the last time you felt really happy)
Participant;657.32;710.63;wow that's a good one <laughter> really happy um let me think about that a minute well actually um it wasn't that long ago actually i went to um <makes sound with mouth> okay i know that one actually i can come up with an answer um i helped out a lady she was at a at a tradeshow it was anaheim it was a natural products expo so it was pretty nice we uh we had some nice meals afterwards there was a lot of exhibiters giving out really nice samples it was in anaheim so i kinda got a chance to get away from l_a and um you know met some interesting people uh they were very outgoing they were willing to like have me experience their product or service and um i was around people that i work with who uh i got to socialize with so uh i think i was pretty happy back then and that was about uh about a month ago
Ellie;711.194;713.074;great_situation (that sounds like a great situation)
Participant;713.25;714.76;yeah yeah it was
Ellie;715.279;716.969;BF_describe (how would your best friend describe you)
Participant;718.57;734.74;best friend i don't know if i really have a best friend but uh i would say um hmm i don't know technically i really don't have a best friend so it's really hard for me to answer that so uh i can't really come with an answer to be honest <laughter>
Ellie;735.622;738.562;Ellie17Dec2012_07 (what would you say are some of your best qualities)
Participant;739.64;765.12;um i i like to be conscientious i you know i do have flaws and every but i think overall i'm conscientious i try to be honest for the most part on the on the major issues i might you know say little white lies or you know i'm not perfect on that but when it comes to the serious stuff i tend to be pretty honest and i'm i'm a hard worker i got <g> got good work ethic um i tend to be pretty calm for the most part
Ellie;765.937;768.108;mhm (mhm) regret (is there anything you regret)
Participant;770.15;775.62;um what do i regret well can you elaborate that <laughter>
Ellie;776.221;777.421;mind (whatever comes to your mind)
Participant;777.81;812.74;uh well um i just well just overall um i regret uh not being a little more assertive in in my earlier uh earlier life um and kinda put myself in this position it's going kinda goes back to my financial decisions that was sort of that's sort of like my albatross in my life i made some bad decisions and unfortunately i have to kinda pay the price for now so i kind of like sort of like living sort of a pauper existence right now which is kinda kinda depressing so i would say that's probably what i regret most of all
Ellie;813.005;817.345;mm (mm) advice_back (what advice would you give to yourself ten or twenty years ago)
Participant;819.79;844.75;well i'd say to really you know analyze kinda go with what you really feel um i think i was going with other people's opinion other people's advice i was kinda going away from my basic beingness you know like the way i really felt like for example i'd make i would do aggressive uh investing which if it turned out good it would've been like sort of like winning the lotto i would've been well off for the rest of my life <laughter>
Ellie;845.085;845.615;yeah2 (yeah)
Participant;845.32;870.55;but unfortunately it went the opposite way too too many eggs in that basket so i kinda regretted going with my gut feeling and and let other people influence me and uh 'cause by nature i'm a conservative person so i should really do more concervative investments in other areas my life i tend to be more conservative but i kinda made some aggressive financial <f> financial decisions so that's pretty much kinda it always goes back to that area as far as what i regret
Ellie;870.736;871.126;right2 (right)
Participant;871.8;872.06;yeah
Ellie;873.745;875.947;ideal_weekendC (tell me how you spend your ideal weekend)
Participant;876.93;910.32;wow that's interesting uh well i've been doing a lot on weekends so <laughter> <laughter> well i do like like to be profitable uh i like to do something where i can actually you know make money that's sort of like my bread and butter time 'cause i do tradeshows but if i'm not doing that then i like to maybe watch some um you know i'd like to go to entertainment maybe go to a ball game uh go to a movie go out with some friends so i would just or you know just kinda kick back but my main primary <prima> primary focus would be on you know earning earning money on the weekends
Ellie;911.198;915.503;mhm (mhm) Ellie17Dec2012_08 (what are you most proud of in your life)
Participant;916.38;951.93;uh that's interesting most proud of um i would say that i lived by and large i lived a wholesome life i would say i never got myself into any kind of really bad bad uh vice um you know i i lived a pretty wholesome <wholeso> wholesome life i'd say that'd probably i don't know if it's really proud um but as but as far as i stayed the course as far as uh not going down any real deep <laughter> alleys so to speak
Ellie;952.934;955.374;asked_everything (okay i think i have asked everything i need to)
Participant;955.79;956.21;okay
Ellie;956.462;957.902;appreciate_open (thanks for sharing your thoughts with me)
Participant;958.42;959.01;my pleasure
Ellie;959.21;959.82;bye (goodbye)
Participant;960.21;1004.22;bye now
