speaker;start_time;stop_time;text
Ellie;60.85;82.33;hi i'm ellie thanks for coming in today i was created to talk to people in a safe and secure environment i'm not a therapist but i'm here to learn about people and would love to learn about you i'll ask a few questions to get us started and please feel free to tell me anything your answers are totally confidential are you okay with this
Participant;82.57;83.07;yes
Ellie;83.73;86.82;okay so how are you doing today
Participant;87.19;87.84;i'm fine
Ellie;88.63;91.32;that's good where are you from originally
Participant;92.54;93.78;um ohio
Ellie;94.39;96.94;really why'd you move to l_a
Participant;98.12;102.32;mmm <laughter> bigger city more opportunity
Ellie;103.53;105.5;okay when'd you move to l_a
Participant;107.04;109.93;um bigger city big city
Ellie;111.49;113.37;how often do you go back to your hometown
Participant;113.98;114.66;not often
Ellie;115.94;116.32;why
Participant;118.16;122.21;um i don't know uh there's phones i can call
Ellie;124.5;130.33;i understand what are some things you really like about l_a
Participant;132.14;148.93;um let's see the water the ocean um the big city there's lot to do a lot of people um the mountainous skiing all kinds of stuff
Ellie;149.8;152.89;uh huh what are some things you don't really like about l_a
Participant;154.12;154.66;traffic
Ellie;157.4;160.61;okay how close are you to your family
Participant;161.9;162.38;close
Ellie;166.1;167.56;do you consider yourself an introvert
Participant;168.47;168.83;no
Ellie;170.19;170.55;why
Participant;171.81;172.61;'cause i like to talk
Ellie;175.18;176.43;what's your dream job
Participant;180.77;182.36;uh maybe running a company
Ellie;185.14;186.27;what'd you study at school
Participant;187.85;188.66;politics
Ellie;191.72;193.09;what made you decide to do that
Participant;194.27;194.88;parents
Ellie;197.13;198.07;that sucks
Participant;198.18;200.6;<laughter> i guess
Ellie;200.26;201.57;what do you do to relax
Participant;202.52;203.2;play my guitar
Ellie;204.71;209.63;cool how are you at controlling your temper
Participant;210.9;212.76;um it depends
Ellie;215.09;216.66;i'd love to hear all about it
Participant;217.7;219.49;<laughter> no you wouldn't but sure okay
Ellie;222.99;225.95;when was the last time you argued with someone and what was it about
Participant;230.48;236.79;um ex-girlfriend and i don't remember
Ellie;238.54;239.7;how close are you to them
Participant;240.96;242.79;mm close for a lot of years
Ellie;246.77;247.68;how do you know them
Participant;251.25;252.65;just know 'em for a long time
Ellie;254.91;258.04;okay is there anything you regret
Participant;259.91;260.3;no
Ellie;261.93;264.71;what advice would you give yourself ten or twenty years ago
Participant;266.47;268.62;be a little more patient with her
Ellie;273.51;275.02;what do you think of today's kids
Participant;275.71;276.05;huh
Ellie;277.18;278.69;what do you think of today's kids
Participant;279.25;280.05;uh they're okay
Ellie;282.92;286.81;okay have you ever served in the military
Participant;287.49;289.48;eh no but i helped
Ellie;291.39;292.38;tell me more about that
Participant;292.64;298.59;um and i did stuff with the marines which was fun and uh i lived out of the country
Ellie;300.19;301.61;what made you decide to do that
Participant;302.62;305.42;which <whi> which one living out of the country or helping with the marines
Ellie;305.72;306.1;yes
Participant;307.18;311.54;yes how bout the first one go living out of the country 'cause my parents lived <li> my parents lived out of the country
Ellie;309.69;310.14;okay
Participant;312.44;313.87;so i lived with them you know
Ellie;314.45;320.27;oh do you travel a lot
Participant;320.61;321.96;uh used to
Ellie;323.28;324.74;what do you enjoy about traveling
Participant;326.67;333.12;um <sigh> the different sceneries difference period different
Ellie;334.46;335.99;i'd love to hear about one of your trips
Participant;337.27;343.28;uh which one the one <o> europe france what uh yeah it was cool
Ellie;340.93;341.33;yeah
Participant;344.09;355.09;it was great learning different languages and seeing different cultures and different people it's it's enlightening mind mind expansion definitely
Ellie;356.02;357.85;that sounds like a great situation
Participant;358.34;359.68;mm to say the least
Ellie;359.45;361.67;what's one of your most memorable experiences
Participant;361.78;362.45;berlin wall
Ellie;366.03;367.66;how did you feel in that moment
Participant;373.38;374.59;uh overwhelmed
Ellie;375.99;376.39;why
Participant;377.31;381.27;hmm 'cause it was atrocities and stuff that went down <clears throat> during that war
Ellie;382.81;389.0;i see what you mean how easy is it for you to get a good night's sleep
Participant;391.34;395.26;uh that's a good question depends
Ellie;399.49;400.56;can you tell me about that
Participant;402.83;408.48;well it depends on if i if i'm sleeping by myself or sleeping with somebody <laughter>
Ellie;409.9;410.76;i understand
Participant;410.75;411.1;yeah
Ellie;412.0;413.67;what are you like when you don't sleep well
Participant;415.98;420.7;mm agitated i guess i don't know
Ellie;423.06;426.34;okay how have you been feeling lately
Participant;427.98;428.36;okay
Ellie;429.58;432.69;have you noticed any changes in your behavior or thoughts lately
Participant;433.21;438.63;no not me my girlfriend may say so <laughter> i don't know
Ellie;440.33;441.62;can you give me an example of that
Participant;441.78;445.03;i have no clue she <sh> she could tell you i have no clue
Ellie;446.54;451.58;okay do you feel down
Participant;452.4;452.77;no
Ellie;455.64;457.54;have you ever been diagnosed with p_t_s_d
Participant;457.76;458.11;nope
Ellie;459.14;460.92;have you been diagnosed with depression
Participant;461.03;461.37;nope
Ellie;465.64;468.68;okay how would your best friend describe you
Participant;471.58;477.04;whirlwind i guess a doer
Ellie;477.23;479.53;what would you say are some of your best qualities
Participant;481.29;482.17;persistence
Ellie;486.19;487.98;what are you most proud of in your life
Participant;494.22;497.68;mm achievements and goals accomplishments
Ellie;501.29;502.48;can you give me an example of that
Participant;505.18;508.19;i race motocross and i was one of the first black professionals
Ellie;509.15;509.53;wow
Participant;509.58;511.35;yeah you ain't joking wow <laughter>
Ellie;512.33;513.41;that sounds interesting
Participant;513.3;514.68;yeah pretty pretty cool
Ellie;519.81;522.38;what are some things that usually put you in a good mood
Participant;525.62;526.98;guitar playing my guitar
Ellie;528.79;530.31;when was the last time that happened
Participant;530.37;531.11;uh last night
Ellie;532.81;533.11;cool
Participant;533.27;533.6;yeah
Ellie;535.85;536.71;tell me about that
Participant;538.61;543.33;playing <laughter> playing chords and playing the songs playing songs
Ellie;545.67;551.46;okay tell me about something you did recently that you really enjoyed
Participant;553.03;557.2;playing um with some other musicians at a rehearsal studio
Ellie;558.75;561.58;awesome how do you know them
Participant;562.32;569.79;um just acquaintances through other friends and i like to fly too i like to fly in planes
Ellie;570.86;571.46;nice
Participant;572.54;572.88;mhm
Ellie;574.68;576.76;what are some things that make you really mad
Participant;580.15;587.79;my girlfriend talking <laughter> talking uh <laughter> um my girlfriend sometimes that's about it
Ellie;583.42;589.08;<laughter> why
Participant;589.76;593.61;i don't know she's i don't know she's cool but she's a little arrogant
Ellie;596.78;599.17;is it uncomfortable for you to talk about this
Participant;599.88;600.54;no not really
Ellie;602.55;611.12;that's good who's someone that's been a positive influence in your life
Participant;611.39;611.75;hmm
Ellie;612.84;615.21;who's someone that's been a positive influence in your life
Participant;615.17;616.63;uh my mom my dad
Ellie;618.76;621.72;aw tell me about that
Participant;623.25;624.14;they're strong people
Ellie;628.07;635.43;okay when was the last time you felt really happy
Participant;639.33;661.54;i don't know um um maybe when i was flying last flying in a private plane i guess um you know there's there's no reason to get super super super happy unless you i guess if you're married hopefully that make you super happy but no i'm pretty even keel you know what i'm saying i stay <st> i stay pretty level
Ellie;662.86;665.31;okay i understand
Participant;665.15;665.52;mm
Ellie;666.42;668.76;okay i think i've asked everything i need to
Participant;668.43;670.51;oh great well it's nice talking to you
Ellie;672.54;673.03;thank you
Participant;673.14;673.83;yeah you're welcome
Ellie;674.28;674.79;goodbye
Participant;674.83;675.22;goodbye
