speaker;start_time;stop_time;text
Ellie;28.01;49.53;hi i'm ellie thanks for coming in today i was created to talk to people in a safe and secure environment i'm not a therapist but i'm here to learn about people and would love to learn about you i'll ask a few questions to get us started and please feel free to tell me anything your answers are totally confidential are you okay with this
Participant;49.65;50.12;yes
Ellie;50.66;54.43;okay so how are you doing today
Participant;54.78;55.3;i'm okay
Ellie;56.07;58.63;that's good where are you from originally
Participant;59.26;60.29;here in los angeles
Ellie;60.85;64.12;really what are some things you really like about l_a
Participant;65.25;71.32;there's a lot of things to do i love the beach um i love the i love that it's sunny all the time
Ellie;72.55;75.77;mhm what are some things you don't really like about l_a
Participant;76.04;84.07;um the amount of people um that's really about it the amount of people
Ellie;84.98;88.59;yeah i see what you mean do you travel a lot
Participant;89.16;89.86;just a little
Ellie;91.08;92.67;what do you enjoy about traveling
Participant;93.29;97.5;i just like um going to new places and just discovering new things
Ellie;98.61;100.12;i'd love to hear about one of your trips
Participant;101.26;130.16;um i recently went to new york i was there for about three months um and it was extremely boring i went to western new york um and it was extremely uh snowy and um i didn't <didn> was in a position where i didn't have a car so i didn't get to go very many places and i was in a small town so um i uh uh it was beautiful for what i got to see but really it wasn't really much to it <laughter>
Ellie;130.36;131.18;that sucks
Participant;131.2;131.58;yeah
Ellie;133.49;135.16;do you consider yourself an introvert
Participant;136.1;139.71;um both i'm both an introvert and an extrovert
Ellie;140.53;141.5;tell me more about that
Participant;141.95;147.21;um i really enjoy doing things by myself um
Ellie;147.23;147.6;mhm
Participant;147.98;163.2;i um have a lot of my own um my likes and dislikes and i've spent a lot of time alone even though um i have <ha> i do have a lot of friends and uh when i do go out i i do tend to meet a lot of people but um i also enjoy um being by myself a lot
Ellie;163.97;167.23;okay how would your best friend describe you
Participant;168.2;180.86;um probably outgoing creative um talented um fun trustworthy
Ellie;182.25;184.83;cool what'd you study at school
Participant;185.58;197.81;um i studied language um and um physics and um math
Ellie;198.83;199.98;are you still working in that
Participant;200.53;202.76;no i'm not i'm actually um
Ellie;202.53;203.26;what do you do now
Participant;203.38;205.05;i'm um i'm trying to be an actress
Ellie;207.26;208.69;how did you decide to do that
Participant;209.35;228.55;it was something that i fell into when i was a teenager scrubbed_entry and uh i really enjoyed doing it and i hadn't done it for years um so i figured why not i just came back to california and might as well try something that i did enjoy really doing
Ellie;229.35;232.11;that sounds interesting are you happy you did that
Participant;232.34;243.44;um so far um i just got picked up by an agent so i haven't really done anything yet as an adult but um i'm hoping hoping something it'll be fruitful
Ellie;245.46;250.06;yeah who's someone that's been a positive influence in your life
Participant;250.53;275.31;um <sigh> i really don't haven't had too many um i guess my sister she's done really well um my boyfriend he's a he's a very positive human being um but um really i haven't had too many positive influences
Ellie;277.25;278.84;how close are you to your family
Participant;279.63;296.83;um i'm close i mean we <w> we hang out um i i don't tell them everything um they're kind of judgmental but um other than that i mean i mean we hang out i mean i see them every day
Ellie;297.77;301.42;that's good what do you do to relax
Participant;302.06;326.7;um geez um it's kinda hard for me to relax um i mean i try to watch t_v um and i read a lot um that's probably about it i read i do a lot of sleeping <laughter> i'm a little depressed so um yeah it's kinda it's xxx like i said it's really hard for me to relax
Ellie;329.59;331.89;how easy is it for you to get a good night's sleep
Participant;332.1;353.18;um it isn't um i tend to think a lot um about the things that stress me out um i've been through a lot of a lot of stuff so um yeah so i i don't i don't i don't sleep very well at night and if i do fall asleep i wake up all through the night usually with some kind of anxiety attacks
Ellie;354.65;356.01;are they triggered by something
Participant;356.63;387.49;um i dream a lot about um the stuff that has uh has affected me throughout the years so um it's usually you know like i i'll dream about something that stressed me out and then i'll wake up and my my chest'll hurt um or just i just can't sleep all night because i just think i seem to be i don't know if i'm afraid to go to sleep but i uh <sigh> i just i don't know i feel like that <th> that's a vulnerable place for me because of stuff that've happened to me
Ellie;386.26;386.62;yeah
Participant;387.94;393.15;so um i i so i sleeping is just not really something i do well
Ellie;394.0;396.91;okay what are you like when you don't sleep well
Participant;397.95;424.47;um tired i'm uh i'm moody i'm very sensitive um i uh i'm just negative <ne> a negative person um which really that's not me um i uh yeah i'm like <l> judgmental is not me either um i just i'm just not a not a nice person to be around
Ellie;425.46;426.27;how do you cope with them
Participant;427.88;457.45;um i try to <t> i i spend a lot of my time reading i try to go out and do um i force myself to go out and do things um just to keep myself involved um so that i don't uh sit <si> just sit around and and and dwell on the fact that i can't sleep and i i try to um get myself as exhausted as i possibly can um by running around and and and doing things so
Ellie;457.74;460.11;mhm how hard is that
Participant;460.64;488.6;um it's difficult um i do like there is a part of me that doesn't wanna i don't really wanna go out and do things i have to actually force myself to um if i have make appointments i uh i make appointments to like for auditions or or um even to do this i um i i tend to uh just not like at the last minute i'll i'll try to convince myself not to go <laughter> but then i force myself to anyways
Ellie;487.16;493.38;yeah i see have you ever been diagnosed with p_t_s_d
Participant;493.51;493.92;yes
Ellie;494.99;496.78;how long ago were you diagnosed
Participant;496.91;508.15;um i've been diagnosed for two instances um i was diagnosed <dia> diagnosed about three years three and a half years ago and then i was diagnosed again um in august
Ellie;509.95;511.18;what got you to seek help
Participant;512.08;526.93;um the first time it was um i just wasn't sleeping <sl> because of the not sleeping um and the uh just the stress <st> the unbelievable stress
Ellie;527.45;527.8;uh huh
Participant;527.64;556.37;um and then the second time it was a xxx uh once again i started with the not sleeping um and then every moment of the day was just thinking about what happened to me um and i just i i just couldn't take it anymore so i i figured um i was getting too gloomy i was getting like um not thinking life was worth it and and i i i that's i just needed to see somebody before anything escalated
Ellie;550.99;558.35;yeah that sounds really hard
Participant;558.45;559.85;yeah it was
Ellie;561.79;563.14;do you still go to therapy now
Participant;563.28;564.12;i no <n> do not
Ellie;565.35;566.08;why did you stop
Participant;566.55;577.4;um one of the reasons i went to new york was to try to um get out of my environment um and uh and that seemed to help a lot um
Ellie;576.98;577.36;uh huh
Participant;577.9;585.37;and uh out here i i was i just the counselors that i was going to just didn't really seem to be helping me much um they just
Ellie;585.02;585.88;i'm sorry to hear that
Participant;586.32;591.1;they just seemed to be giving me a lot of medications and i don't believe that that's what i needed um
Ellie;590.91;591.3;yeah
Participant;591.43;594.02;yeah so um yeah
Ellie;594.64;596.08;how have you been feeling lately
Participant;597.21;610.39;<sigh> stressed um uh lately i've been really sad and i don't know why um but like i said i've been trying to combat that by um keeping myself busy
Ellie;611.66;617.1;that's good when was the last time you felt really happy
Participant;617.66;640.31;um actually um i'm kind of a couple days ago i was actually really happy and i was genuinely happy um but then i went back to being you know going back to feeling miserable so
Ellie;640.54;641.54;can you tell me about that
Participant;642.02;676.85;um well i realized i got up in the morning i actually did get a good night of sleep and um i realized uh that i'm actually really lucky um 'cause i've been through a lot in my life and i have um somebody in my life who really loves me and somebody who um is finally there for me and uh you know he gives me what i need emotionally and i was just really thankful for that and that made me really happy um
Ellie;676.67;677.93;that's so good to hear
Participant;678.15;680.81;yeah thank you <laughter>
Ellie;681.44;683.13;what are you most proud of in your life
Participant;684.17;708.66;oh geez um i've had so many years of just just bad just a lot of bad that it there has it's been a long time since i've been proud of anything i guess if anything it's my ability to survive through all the hardships i've been through
Ellie;709.11;709.51;mhm
Participant;709.68;725.72;um my <m> a lesser person i guess would've gotten rid of themselves a long time ago but um even though like i'm really depressed and i feel gloomy and i feel <fe> just feel miserable about a lot of things um there's gotta be a silver lining so
Ellie;725.33;725.77;yeah
Participant;726.94;746.08;um so yeah so i mean like i guess that's what i'm proud of that uh i although a whole bunch of bad things have happened to me it hasn't ruined me i still try to be a good person um i i try not to be negative towards other people and um and truthful and i still i still have drive in me
Ellie;747.1;747.73;that's great
Participant;748.01;748.46;yeah
Ellie;749.0;750.03;is there anything you regret
Participant;751.95;769.11;ugh <sigh> so much um my last marriage um not getting out when i should have um and uh just i regret a lot
Ellie;771.26;774.08;what advice would you give yourself ten or twenty years ago
Participant;777.22;809.61;<sigh> um the any situation that would've had a red flag um eh just get out of it you know eh some things just don't work and um no matter how hard you try no matter how much you put into it so um i i would tell myself um to um that it's not selfish to let go of a bad situation and um not everybody can be helped so sometimes you just gotta live for yourself and help yourself
Ellie;804.26;804.57;yeah
Participant;810.2;810.55;so if
Ellie;810.27;810.72;mhm
Participant;810.89;817.88;had i known that then had had i known that then i i i probably would've done better in life so
Ellie;818.21;818.92;i see what you mean
Participant;819.43;819.84;yeah
Ellie;821.05;823.15;what are some things that make you really mad
Participant;824.82;865.07;<sigh> um people who um when people are down on me for my faults um that i have done that i have things that i've done in my past that people steal still relive when i'm trying to forgive myself um people who are mean to other people uh people who talk poorly about people behind their backs people that are untrustworthy um just anybody who picks on the little guy um you know people who don't care about the environment or animals um
Ellie;864.94;865.33;mhm
Participant;867.69;884.86;i just <jus> i think that everybody should be as good as they possibly can be and uh it's it's disheartening and it it just makes me so mad that people just can't be people don't let people live people try to make um everybody feel as negative and as poorly as they do and uh i that makes me mad
Ellie;883.54;888.94;yeah okay what do you do when you're annoyed
Participant;890.61;910.86;<laughter> i vent <laughter> um yeah i tend to vent and then uh and them um and then it's usually over i try not to bad mouth people um i try to just talk through it until um until it's gone and then it doesn't bother me anymore
Ellie;911.51;915.08;that's good how are you at controlling your temper
Participant;915.78;945.23;mm i try not to get angry um because i have a really bad temper and it um and it can get outta hand so um what i do is i i <laughter> something gets me so mad i tend to go and take a nap um <laughter> if i'm not in that situation where i can just go and take a nap um i usually just walk away from the situation and i try to clear my mind and come back to it
Ellie;945.8;950.01;okay when was the last time you argued with someone and what was it about
Participant;950.34;1009.98;um it was a couple days ago it was actually with my mother um it was about um actually she thought that i had taken a shirt from her and um she was screaming and yelling at me and um i was i was tired um i was it was late and um i started to yell at <a> back at her you know because i was hurt that she would accuse me of something so petty um and you <yo> <sigh> it's uh going back to my past you know when i was younger and you know i didn't care about you know people's things and i would just kinda take and do whatever i wanted to and i'm not i'm so far from that person um and i it it hurt me so i got mad and i and i started to yell and argue mm kinda petty and stupid but at the time it it seemed it seemed uh viable
Ellie;1011.09;1015.37;yeah what's one of your most memorable experiences
Participant;1016.7;1061.33;um hmm one of my most memorable experiences um god <go> i've had so many um maybe it was um i don't know um it was probably um graduating pharmacy school
Ellie;1062.9;1066.16;that's great how did you feel in that moment
Participant;1066.66;1080.1;um i felt pretty great i didn't know if i was doing uh very very well or not um and i ended up getting like on my last test scores i getting <get> ended up getting like ninety eight percent and um
Ellie;1079.61;1079.96;wow
Participant;1081.41;1098.16;i uh i actually i didn't <did> i had no confidence <laughter> that i had done well in class in school at all and i i didn't even know how i was getting the grades i was getting um so that was a really big accomplishment for me um and uh yeah that was a great it was a great memory yeah
Ellie;1098.83;1099.47;awesome
Participant;1101.27;1101.56;yeah
Ellie;1102.74;1105.02;what would you say are some of your best qualities
Participant;1106.01;1152.61;um i'm reliable um i um i'm talented um i i'm a good listener um i'm always there to help people um i tend to always try to do the right thing um sometimes actually i forget that i have any good qualities but um and just i uh all around i try to be you know as as good and the best person that i can be to other people and myself um
Ellie;1152.67;1153.21;that's good
Participant;1153.36;1153.68;yeah
Ellie;1155.83;1158.42;what are some things that usually put you in a good mood
Participant;1159.94;1190.55;um going to comedy shows um just um having moments where you just laugh with people um sometimes just reading puts me in a good mood uh i don't know probably that's about it
Ellie;1191.71;1192.11;mhm
Participant;1192.19;1192.66;uh huh
Ellie;1192.7;1194.97;okay i think i've asked everything i need to
Participant;1195.27;1195.62;okay
Ellie;1195.75;1197.2;thanks for sharing your thoughts with me
Participant;1197.81;1198.27;thank you
Ellie;1198.68;1199.24;goodbye
Participant;1199.38;1199.65;bye
