speaker;start_time;stop_time;text
Ellie;34.18;55.607;hi i'm ellie thanks for coming in today i was created to talk to people in a safe and secure environment i'm not a therapist but i'm here to learn about people and would love to learn about you i'll ask a few questions to get us started and please feel free to tell me anything your answers are totally confidential are you okay with this
Participant;55.982;56.772;yes it's okay
Ellie;57.782;60.962;okay so how are you doing today
Participant;61.422;62.762;<laughter> fine
Ellie;64.542;69.957;that's good where do you live
Participant;70.172;72.167;<laughter> i live in hollywood
Ellie;75.257;76.497;where are you from originally
Participant;77.522;79.847;uh seattle <laughter>
Ellie;81.207;82.657;how does it compare to l_a
Participant;86.652;89.037;uh it's kind of a vague question um
Ellie;92.452;93.342;why'd you move to l_a
Participant;93.232;95.342;<laughter> just needed a change of scenery
Ellie;98.542;99.862;what do you enjoy about traveling
Participant;102.892;106.02;uh i like traveling by train it's not my favorite thing
Ellie;106.92;107.25;why
Participant;108.752;113.06;uh because i don't fly i i can't stand airplanes so i prefer trains
Ellie;112.63;113.01;really
Participant;113.195;113.435;yeah
Ellie;114.48;115.87;when was the last time that happened
Participant;116.15;121.895;<laughter> uh what uh flying on an airplane
Ellie;122.93;123.29;yes
Participant;123.39;129.02;<clears throat> mm probably december of nineteen eighty six or eighty seven
Ellie;133.36;134.77;i'd love to hear about one of your trips
Participant;134.9;149.375;<laughter> <laughter> uh it's nothing uh much to tell really my usually i just go from l_a up to seattle then up to vancouver that's probably the main thing i do so took the train
Ellie;150.427;151.017;awesome
Participant;151.917;152.137;<laughter>
Ellie;152.402;154.082;how often do you go back to your home town
Participant;155.782;159.387;uh not very often so once every five years or so
Ellie;160.617;161.157;aw
Participant;163.012;163.312;so
Ellie;164.627;166.037;do you consider yourself an introvert
Participant;167.857;169.477;oh yeah sure absolutely yeah
Ellie;173.707;174.967;what do you do when you're annoyed
Participant;177.842;181.557;uh depends on what it is that i'm annoyed by could be anything depends
Ellie;184.107;185.457;could you say a little more about that
Participant;186.812;204.287;<laughter> it depends on whether it's uh a something or a someone you know eh if it's a someone i mean i'm i don't i don't uh i don't get physical towards them but i mean i've <clears throat> depends on what they've done to piss me off i mean i'm certainly not above uh shouting at them for whatever reason so
Ellie;205.037;205.427;mhm
Participant;205.392;205.942;just depends
Ellie;207.042;208.792;how are you at controlling your temper
Participant;211.172;232.785;uh in terms of lashing out at other people physically i don't do that but in order to let off some aggressions if if need be i'll i'm not above you know punching a wall or punching something nearby i just i mean i'm not trying to you know just as long as it doesn't physically hurt me but but i i you know just get some steam let off let off some steam well that's normal for me
Ellie;234.17;239.005;i see what you mean when was the last time you argued with someone and what was it about
Participant;245.4;256.555;uh <sigh> face to face uh <sigh> mm can't remember it's been a long time eh but i mean eh but i argue about
Ellie;255.065;255.515;okay
Participant;257.415;263.035;with people online about stupid shit yeah and that's that's normal shit but as far as like face to face you know it's been a long time and
Ellie;261.365;261.945;<laughter>
Participant;263.635;263.945;<clears throat>
Ellie;265.485;269.465;hmm who's someone that's been a positive influence in your life
Participant;272.265;274.065;currently or or overall
Ellie;278.545;278.865;yes
Participant;280.535;301.237;which one i mean someone i'm in contact with now or someone from maybe from my past or which is it <clears throat> <laughter> okay uh my mom had a uh uh a boyfriend when i was a teenager he was like a father figure when i was about fourteen so he was a pretty positive influence
Ellie;302.362;302.912;aw
Participant;303.507;303.967;<laughter>
Ellie;304.017;305.537;how close are you to your family
Participant;306.232;306.642;not at all
Ellie;310.122;315.792;okay what's your dream job
Participant;318.197;320.147;to uh open up a record shop
Ellie;322.257;322.567;really
Participant;322.737;322.947;yeah
Ellie;325.812;326.472;what do you do now
Participant;328.327;332.292;uh i'm an unemployed office worker right now <laughter>
Ellie;337.062;339.212;what's one of your most memorable experiences
Participant;341.317;347.947;as in what doing what be more specific <laughter>
Ellie;348.477;349.387;whatever comes to your mind
Participant;350.212;364.855;<sigh> going on a first date with a a girlfriend back in uh two thousand seven when we first met
Ellie;367.27;369.865;awesome tell me more about that
Participant;372.465;386.51;uh <clears throat> just made arrangements to meet her and her daughter and her daughter's friends at the queen mary in long beach and uh you know i had to cement the evening to cement the day and evening together uh hanging out and eating dinner and just ate at their hotel and yeah just got to know each other that way so
Ellie;387.002;388.562;that sounds like a great situation
Participant;389.307;389.927;yeah it was yeah
Ellie;391.417;392.157;how do you know them
Participant;395.12;405.635;uh well we were that was the beginning of a relationship at the same so that was that's how i knew her you know she was my girlfriend at the time so <laughter>
Ellie;404.07;404.44;mhm
Participant;407.835;408.135;so
Ellie;408.19;409.28;do you have roommates
Participant;410.535;411.705;currently yeah i do yeah
Ellie;413.23;414.67;how do you like your living situation
Participant;416.465;420.24;uh i don't it sucks balls i hate to have roommates it sucks <laughter>
Ellie;420.06;420.95;i'm sorry to hear that
Participant;420.83;423.75;<laughter> god <laughter>
Ellie;423.995;425.435;what's it like for you living with them
Participant;427.71;447.005;mm in some ways it's okay 'cause they don't see me that much 'cause i'm not really around them and other times i i need i need to have my own space you know so uh it's difficult for me that way but we get uh get along but i i don't really see them that much and that's by design so
Ellie;447.985;448.845;i understand
Participant;449.04;449.33;<cough>
Ellie;449.795;451.075;what do you do to relax
Participant;453.775;464.41;<sigh> uh <sigh> i like to be alone sometimes i read but just mainly i i just like to be alone maybe maybe just doing nothing so just depends
Ellie;462.34;469.9;okay uh huh have you ever served in the military
Participant;470.535;470.865;no
Ellie;472.435;474.275;have you ever been diagnosed with p_t_s_d
Participant;475.245;475.465;no
Ellie;477.95;479.6;have you been diagnosed with depression
Participant;479.54;480.63;<clears throat> no
Ellie;481.97;484.94;have you noticed any changes in your behavior or thoughts lately
Participant;485.73;486.66;i'm sorry you repeat that
Ellie;487.495;490.445;have you noticed any changes in your behavior or thoughts lately
Participant;493.92;496.34;no not necessarily <clears throat>
Ellie;496.97;498.93;how easy is it for you to get a good night's sleep
Participant;500.645;501.545;very i'm a heavy sleeper
Ellie;507.205;508.085;do you feel down
Participant;513.71;525.08;<clears throat> i don't know that i would call it down but i'm not necessarily what you would call you know cheery but i don't know that i'm necessarily down yeah
Ellie;525.525;526.675;do you feel that way often
Participant;527.295;527.905;yeah all the time
Ellie;533.7;536.09;when was the last time you felt really happy
Participant;542.32;548.59;<sigh> uh mm it's hard to say i i don't know i uh i'm not sure
Ellie;552.845;555.035;what would you say are some of your best qualities
Participant;557.38;567.445;<clears throat> mm i don't know that i'm really one <on> the one to ask you know i think you <laughter> have to ask someone else about that you know i have a difficult time answering that question
Ellie;566.435;567.095;<laughter>
Participant;568.275;568.725;<laughter>
Ellie;569.69;571.34;what are you most proud of in your life
Participant;573.355;574.345;most proud of
Ellie;576.145;576.605;mhm
Participant;583.18;589.475;uh that i didn't didn't fall into drugs like a lot of other other people that i know yeah
Ellie;589.565;590.145;that's great
Participant;591.51;591.79;hmm
Ellie;592.94;595.47;what are some things that usually put you in a good mood
Participant;596.565;599.395;<clears throat> listening to music on vinyl
Ellie;601.9;602.41;nice
Participant;602.485;604.055;being around dogs mm
Ellie;606.82;609.8;tell me about something you did recently that you really enjoyed
Participant;614.98;619.025;uh spent new year's eve with a friend real close friend so
Ellie;620.205;621.215;can you tell me about that
Participant;621.03;624.19;<laughter> not really <laughter>
Ellie;624.8;626.38;<laughter>
Participant;625.865;627.095;<laughter> <laughter>
Ellie;627.155;627.545;okay
Participant;628.495;629.025;<laughter>
Ellie;632.22;633.65;what do you think of today's kids
Participant;635.56;642.38;i'm glad i don't have any i think they're uh especially here in los angeles i i they drive me nuts i can't stand them
Ellie;645.89;651.835;i see what you mean what'd you study at school
Participant;653.25;659.845;<clears throat> uh i assume you mean post-high school um
Ellie;660.285;660.695;yes
Participant;663.105;687.165;uh briefly just took basic uh what did i take uh just general studies i from what i remember i i i i actually didn't finish i quit to uh uh go play in a band so i i i skipped a lot of school so i didn't really <laughter> you know so nothing uh it was a junior college <coll> or community college so it was i didn't go to university so i was just
Ellie;687.22;688.54;what made you decide to do that
Participant;689.46;691.935;do what stop going
Ellie;693.305;693.685;yes
Participant;694.41;699.9;i just wasn't interested <laughter> my interests were elsewhere so i just i just quit going you know so
Ellie;701.275;704.91;hmm is there anything you regret
Participant;706.745;707.385;in terms of what
Ellie;709.305;710.325;whatever comes to your mind
Participant;711.955;718.225;oh sure everyone has regret over something you know i'm i'm not gonna get specific but yeah sure i <laughter> there are things i regret sure
Ellie;719.035;721.745;what advice would you give yourself ten or twenty years ago
Participant;723.275;765.645;<clears throat> mm twenty years ago what was that ninety three oh mm well ten years ago uh two thousand and three hmm it's hard to say it's hard to say gonna <go> have to have to come back to that one maybe
Ellie;766.69;769.77;okay how would your best friend describe you
Participant;772.08;776.74;oh i don't have a best friend these days <laughter>
Ellie;777.415;777.715;why
Participant;779.69;803.655;i think it depends on your definition of friend uh i don't uh <clears throat> i don't hang out with too many people you know i had <ha> i had best i had a so-called best friend you know but that was like no <laughter> twenty year twenty some odd years ago you know i don't really i'm very much a loner these days so i i don't really have what you would consider a best or really close friend you know eh i just don't have that
Ellie;804.86;809.125;okay thanks for sharing your thoughts with me
Participant;808.98;810.18;<laughter> okay
Ellie;810.77;814.765;okay i think i've asked everything i need to goodbye
Participant;815.39;817.105;see ya <laughter>
