speaker;start_time;stop_time;text
Ellie;26.94;48.45;hi i'm ellie thanks for coming in today i was created to talk to people in a safe and secure environment i'm not a therapist but i'm here to learn about people and would love to learn about you i'll ask a few questions to get us started and please feel free to tell me anything your answers are totally confidential are you okay with this
Participant;49.1;49.44;yes
Ellie;50.23;53.51;okay so how are you doing today
Participant;54.42;55.03;very well
Ellie;57.53;61.04;that's good where are you from originally
Participant;62.34;62.96;new york
Ellie;63.94;64.37;really
Participant;66.01;67.52;just turn the volume up a little bit
Ellie;67.75;68.41;<research assistant speaking>
Participant;69.25;69.68;<laughter>
Ellie;73.61;76.8;<research assistant speaking> why'd you move to l_a
Participant;77.74;84.55;uh for a change yeah it's good i wanted <wa> i wanted to
Ellie;84.11;85.1;when'd you move to l_a
Participant;85.66;87.74;i wanted to see what los angeles was about
Ellie;89.56;92.04;how easy was it for you to get used to living in l_a
Participant;93.76;96.08;um probably took a year or two
Ellie;98.3;99.28;can you tell me about that
Participant;101.53;113.56;uh you know being away from my family being away from what i was used to in new york the neighborhoods the people and just getting acclimated to a whole new lifestyle here
Ellie;114.46;120.24;yeah i see what you mean what are some things you really like about l_a
Participant;120.79;134.57;uh the weather you can't beat the weather it's generally always nice it's not too hot it's not too cold uh it's creative i do like uh you know movies uh like the beach
Ellie;133.97;140.09;cool what are some things you don't really like about l_a
Participant;140.46;153.28;the traffic it's a lot of traffic uh some of the sometimes i think people are a little bit colder here than and more distant and unfriendly than other places
Ellie;154.0;157.99;uh huh what'd you study at school
Participant;159.26;160.44;i was a history major
Ellie;162.8;163.88;are you still working in that
Participant;164.53;164.94;no
Ellie;165.88;166.81;what do you do now
Participant;167.78;172.52;uh i do uh demonstrations in really <rea> uh high-end supermarkets
Ellie;173.78;174.93;what's your dream job
Participant;175.72;177.22;uh to be a screenwriter
Ellie;178.46;178.89;really
Participant;179.29;181.35;that's one of the reasons why i came to los angeles
Ellie;183.49;184.44;how hard is that
Participant;185.48;193.11;um it's hard 'cause i don't always maintain uh focus and motivation i let other things distract me
Ellie;194.58;196.13;yeah that sucks
Participant;196.47;197.23;<laughter>
Ellie;197.58;198.87;how did you decide to do that
Participant;200.44;209.28;uh i was uh i've always been interested in films ever since i was a child and i was just always you know was writing and had an active imagination
Ellie;212.15;214.66;cool do you travel a lot
Participant;215.92;227.86;uh i've in the last probably almost ten years i've traveled more than i had in the past <pa> well i've always traveled even as a kid my parents would travel around so yes
Ellie;227.66;231.08;awesome what do you enjoy about traveling
Participant;232.09;242.32;seeing new places and seeing uh people that are different than i am seeing how they live and taking in the sights
Ellie;243.32;244.93;i'd love to hear about one of your trips
Participant;245.91;261.41;uh i went to kenya that was probably one of the best trips i ever went on um on the safari and just going out in a jeep and seeing <laughter> wild animals in their own natural habitat was pretty incredible
Ellie;262.4;266.02;wow are you happy you did that
Participant;266.38;291.36;oh yeah that's one the great experiences of my life and i also got to uh a a place in egypt uh at the end of that trip um called uh sharm el sheikh which is right on the water and it has some of the best scuba diving in the world which is hard to believe that egypt would but it was just amazing i went <we> i didn't go scuba diving i went uh snorkeling
Ellie;292.76;297.11;nice what do you do to relax
Participant;298.51;321.2;what do i do to relax uh i i do i like to listen to music i like to uh helping watching movies helps me relax 'cause it takes me out of you know whatever might be on my mind i do meditate every day um i like to take walks in nature that's always calming especially down by the uh the ocean
Ellie;323.0;326.83;that's good what do you do when you're annoyed
Participant;328.31;356.57;uh what i it depends <laughter> sometimes i get angry and lose my temper uh a lot of times uh i'll do like a form of self-hypnosis and calm myself which is something i've recently learned how to do which is very helpful and also since i meditate it doesn't i don't get annoyed at things as easily as i did in the past
Ellie;350.39;362.0;okay uh huh that's good what are some things that make you really mad
Participant;364.28;381.76;some things that makes me really mad i guess uh think of injustice in the world or done to people when uh it doesn't really need to be that way that we could all get along um
Ellie;381.61;382.53;yeah yeah
Participant;382.21;383.81;and and make the world better
Ellie;385.97;390.4;i see when was the last time you argued with someone and what was it about
Participant;390.46;411.19;<laughter> uh last night i went to a movie screening of a independent film and i didn't think it was done very well it's not so much that we had a fun argument about uh about the movie so that was like you know that just happened yesterday so that was that's on my mind
Ellie;412.38;413.87;<laughter> okay
Participant;414.16;414.79;<laughter>
Ellie;417.3;418.31;is there anything you regret
Participant;420.16;431.37;is there anything i regret yeah there's there are have been opportunities in my life that i wished i had uh taken them and pursued them
Ellie;432.61;433.13;like what
Participant;434.21;447.44;uh certain jobs you know when i first got to los angeles i had an opportunity to uh become a grip and uh and i i probably should've pursued that
Ellie;450.1;451.38;how did you decide to do that
Participant;455.23;458.57;how did i decide it to do that i don't really understand the questions
Ellie;459.6;464.6;let's come back to that later what advice would you give yourself ten or twenty years ago
Participant;466.09;482.32;take advantage of every opportunity that came my way to always <alway> i think saying yes uh to any opportunity is is very important and no matter how you feel you know you have to be confident that you'll be able to achieve what you wanna do
Ellie;484.47;487.53;mhm have you ever served in the military
Participant;488.03;488.39;no
Ellie;489.37;491.24;have you ever been diagnosed with p_t_s_d
Participant;491.6;491.93;no
Ellie;492.79;494.6;have you been diagnosed with depression
Participant;495.35;497.68;no but i've been depressed in my life
Ellie;498.96;500.35;how have you been feeling lately
Participant;501.91;519.05;uh for the most part i've i've been feeling good sometimes uh i feel a little blue uh i think you know sometimes if i if i allow <allo> allow a regret to come into my mind that can bring me down but i can you know usually get out if it pretty quickly
Ellie;520.07;521.32;are they triggered by something
Participant;523.15;543.35;uh sometimes financial concerns sometimes uh an an opportunity um how do i explain it eh there sometimes <so> sometimes <someti> eh financial is one way i that i if i had made another decision i might have more money or my life would be different
Ellie;544.55;550.17;uh huh have you noticed any changes in your behavior or thoughts lately
Participant;551.95;560.39;um not really i mean i i feel pretty much the same
Ellie;561.13;563.91;okay what got you to seek help
Participant;566.7;571.4;what got me to seek help for <laughter> let's come back to that
Ellie;572.56;576.92;okay how has seeing a therapist affected you
Participant;578.76;584.22;um i've well okay well it generally talking to someone has helped when i did do that
Ellie;587.13;591.09;that's good that's good how easy is it for you to get a good night's sleep
Participant;592.7;597.42;uh pretty easy i don't have a problem sleeping uh
Ellie;597.33;598.96;what are you like when you don't sleep well
Participant;601.48;609.19;usually i'm grumpy <laughter> so if i don't sleep well uh you know i feel tired and irritable
Ellie;611.62;615.75;i see what you mean how would your best friend describe you
Participant;618.95;645.37;uh how would my best friend describe me that's a good question um friendly <f> well i'm friendly <f> i'm definitely friendly and outgoing uh little bit secretive um i would probably that i should be they'd like to see me more accomplished and uh and uh attaining my goals and happier <ha> maybe a little happier
Ellie;647.38;652.67;mhm do you consider yourself an introvert do you consider yourself an introvert
Participant;653.04;676.44;i think um it it it's tough it depends sometimes i'm very introverted 'cause i do like to write so that takes it means that i have to spend time alone and then when i come out of that uh i'm extroverted so i don't really see myself with as one hard way or the other it all depends on my on the situation and my mood
Ellie;678.23;682.29;hmm what would you say are some of your best qualities
Participant;683.82;709.46;my best qualities um i think i'm caring i think i'm intelligent uh i think i'm funny i'm outgoing um i have a likeable personality you know people have said that um i'm engaging but not uh oppressive or overly engaging there's a sort of a cool detachment um
Ellie;709.39;709.94;that's good
Participant;709.94;711.96;and creative intuitive
Ellie;713.43;717.07;uh huh who's someone that's been a positive influence in your life
Participant;719.13;720.56;<laughter> yes <laughter>
Ellie;723.37;730.06;okay when was the last time you felt really happy
Participant;732.12;743.09;last time i felt really happy i don't know i woke up this morning i was pretty happy i had breakfast i was happy sun was shining
Ellie;742.7;746.12;okay that's great
Participant;746.86;747.55;<laughter>
Ellie;748.99;751.28;what's one of your most memorable experiences
Participant;753.64;773.74;um i think that like i said going to kenya was a memorable experience i do remember <remem> scuba uh snorkeling was a really great experience <ex> experience i just remembered you know seeing all the colors in the ocean you know and feeling the sun powerful sun on my back
Ellie;775.6;777.18;how did you feel in that moment
Participant;775.61;789.94;um almost beyond you know because <beca> almost beyond like human in a way just more in touch with like everything the universe
Ellie;790.81;793.57;wow that sounds like a great situation
Participant;796.05;798.99;yeah it would be nice to feel that way every moment of the day but
Ellie;801.28;807.51;i understand what are you most proud of in your life
Participant;810.08;833.05;what am i most proud of in my life i think i've uh helped <pft> people uh and sometimes when they were in crisis um you know i've written some screenplays <scr> screenplays um i've had some good relationships
Ellie;836.89;838.09;can you give me an example of that
Participant;841.45;855.88;um good relationships just you know being connected with someone else you know spending time with them and connecting on emotional and
Ellie;855.36;856.6;that's so good to hear
Participant;856.53;860.3;<laughter> physical and mental levels
Ellie;862.36;869.55;okay what are some things that usually put you in a good mood
Participant;871.88;894.52;um what it could be a song that i hear on the radio uh it could be uh lot of times looking forward to something you know if i'm gonna go to a movie go bowling hang out with people um you know looking at work and and going to work and feeling productive can put me in it puts me in a good mood
Ellie;896.13;904.75;that's great okay i think i've asked everything i need to thanks for sharing your thoughts with me goodbye
Participant;904.3;905.87;you're welcome bye bye
