speaker;start_time;stop_time;text
Participant;31.19;32.3;<sync>
Ellie;45.823;67.363;IntroV4Confirmation (hi i'm ellie thanks for coming in today i was created to talk to people in a safe and secure environment i'm not a therapist but i'm here to learn about people and would love to learn about you i'll ask a few questions to get us started and please feel free to tell me anything your answers are totally confidential are you ok with this)
Participant;67.71;68.22;yeah sure
Ellie;68.816;72.768;okay_confirm (okay) how_doingV (so how are you doing today)
Participant;73.22;74.22;i'm good how are you
Ellie;75.276;79.584;great_thanks (i'm great thanks) where_originally (where are you from originally)
Participant;80.22;81.8;i'm from florida originally
Ellie;82.309;82.899;really (really)
Participant;83.37;83.58;mhm
Ellie;84.419;85.499;when_LA (when did you move to l_a)
Participant;84.64;88.99;where are you from oh um for work <laughter>
Ellie;90.088;91.988;often_backB (how often do you go back to your hometown)
Participant;92.79;96.28;uh i haven't been back in like a few months
Ellie;97.645;99.265;compares_LA (how does it compare to l_a)
Participant;100.45;105.27;um i don't know i guess it's like a smaller town than here
Ellie;108.285;110.755;adapted_LA (how easy was it for you to get used to living in l_a)
Participant;112.16;118.82;it was pretty easy it's um it's not that  much of a difference except i guess the buildings are bigger <laughter>
Ellie;119.808;123.358;thats_good (that's good) like_about_LA (what are some things you really like about l_a)
Participant;124.4;133.65;um <tisk> i like the weather and uh i like the environment of like hollywood i guess <laughter>
Ellie;133.91;137.334;mhm (mhm) dont_like_LA (what are some things you don't really like about l_a)
Participant;138.44;143.6;i hate the transportation <transporta> the transportation system and the traffic it's really bad <laughter>
Ellie;144.139;145.169;see_mean (i see what you mean)
Participant;145.65;145.92;mhm
Ellie;147.318;153.785;travel_shoes (i'm sure you can tell by my shoes i'm not much of a world explorer do you travel a lot)
Participant;153.58;156.16;yeah i've traveled a lot around america
Ellie;156.908;158.428;travel_changed (what do you enjoy about traveling)
Participant;159.57;169.7;um i like like seeing new places and meeting new people from different areas and stuff and uh i guess it's just relaxing and it's fun <laughter>
Ellie;169.682;174.528;uh_huh (uh huh) travel_trips (i'd love to hear about one of your trips)
Participant;175.89;185.23;uh well i went to canada once my mom has a friend up there so we went to visit her there it's pretty cold <laughter> i didn't like that
Ellie;187.438;189.798;memorableB (what's one of your most memorable experiences)
Participant;192.08;194.7;about that particular trip or
Ellie;194.973;195.443;yeah3 (yeah)
Participant;196.49;209.04;um i don't know she made us this uh like canadian food called i think it's poutine or something and so i guess that <laughter> that was a  new experience
Ellie;209.764;224.597;nice (nice) relax_fishtank (sometimes when i'm feeling tense i turn on the fish tank screensaver hey i know it's not hawaii but it's the best i've got what do you do to relax)
Participant;225.26;229.82;um i try to get out in the sun like go to the beach or something
Ellie;231.09;233.15;control_temper (how are you at controlling your temper)
Participant;231.46;241.09;or read a book um pretty okay <laughter> depends on how bad the situation is
Ellie;240.202;243.252;last_argument (when was the last time you argued with someone and what was it about)
Participant;244.61;252.49;um i don't know like  two days ago i was arguing with my sister about something
Ellie;254.848;256.008;tell_about_that (can you tell me about that)
Participant;256.56;265.62;oh yeah <laughter> i really don't remember it something stupid i think she i don't know she borrowed something from me and she didn't give it back on time <laughter>
Ellie;266.52;272.579;okay_confirm (okay) situation_handled (tell me about a situation that you wish you had handled differently)
Participant;273.74;286.35;um i don't know i guess i mean yeah i wish i just wouldn't lose my temper so quickly sometimes but that doesn't happen really often
Ellie;287.86;289.73;avoid (could you have done anything to avoid it)
Participant;291.81;301.24;um i don't know i guess think more before i talk then maybe i won't lose my temper <laughter>
Ellie;302.43;310.048;okay_confirm (okay) memory_erase (tell me about an event or something that you wish you could erase from your memory)
Participant;311.87;331.82;um something i wish i could erase from my memory um i don't know i guess just like uh negative people or something negative people that i've met before i guess i just wanna erase the thought of meeting them
Ellie;333.164;334.494;give_example (can you give me an example of that)
Participant;335.87;350.63;um well i had like friends that were just like not very good company and they're just very not very good influences so yeah i would just wanna erase meeting them but i'm not friends with them anymore so
Ellie;350.995;355.065;mm (mm) influence_positive (who's someone that's been a positive influence in your life)
Participant;356.47;367.95;um my who's a positive influence my family is a positive influence <laughter> and my friends now
Ellie;367.073;369.774;family_relationship (tell me about your relationship with your family)
Participant;370.22;377.87;oh it's pretty good i talk to them a lot i see them a lot so yeah
Ellie;380.053;385.824;okay_confirm (okay) hard_decisionB (tell me about the hardest decision you've ever had to make)
Participant;387.55;411.93;mm the hardest decision i've ever had to make i don't know <laughter> i guess um what i wanted to study in college maybe it's not that hard but <laughter> it's a little it's a big decision
Ellie;412.858;413.998;study (what did you study at school)
Participant;414.67;415.69;computer science
Ellie;417.247;420.038;cool3 (cool) still_working_on_X (are you still working in that)
Participant;418.9;424.79;thanks yeah a little bit <laughter> not not as much but a little bit
Ellie;428.081;429.491;hard_decision (how did you decide to do that)
Participant;430.65;441.74;well i got into it it when <wh> i got into it when i was a teenager so i guess i just and i was good at it so i just figured i'd go on studying it for higher at a higher level
Ellie;443.362;444.362;happy_didthat (are you happy you did that)
Participant;444.96;456.47;yeah somewhat but i uh kinda wanted to i was kinda trying to make a decision between that and like the arts so yeah i'm just happy i did it though
Ellie;457.475;458.675;dream_job (what's your dream job)
Participant;459.58;463.99;my dream job <laughter> uh fashion designer <laughter>
Ellie;464.068;464.788;awesome (awesome)
Participant;465.06;465.33;yeah
Ellie;467.459;468.399;difficult (how hard is that)
Participant;469.09;470.41;how hard is the job
Ellie;472.45;473.07;yes (yes)
Participant;473.54;484.22;um i don't think it's a hard job <laughter> i like clothes and fabric and making clothes like that so i don't think it's a hard job actually
Ellie;484.861;490.013;okay_confirm (okay) easy_sleep (how easy is it for you to get a good night's sleep)
Participant;491.14;495.74;i fall asleep like within five minutes depending on how tired i am
Ellie;496.677;500.092;thats_good (that's good) sleep_affects (what are you like when you don't sleep well)
Participant;500.94;511.13;i'm very irritable <laughter> and uh yeah i'm very irritable and not good to be around <laughter> when i'm tired
Ellie;511.7;512.21;mhm (mhm)
Participant;512.6;513.6;and i can't focus
Ellie;514.558;515.938;feel_lately (how have you been feeling lately)
Participant;517.16;518.76;i've been feeling good fine
Ellie;519.683;520.323;thats_good (that's good)
Participant;520.84;521.33;thanks
Ellie;522.414;525.584;behavior_changes (have you noticed any changes in your behavior or thoughts lately)
Participant;526.1;526.5;no
Ellie;528.234;530.274;ptsd_diagnosed (have you ever been diagnosed with p_t_s_d)
Participant;530.75;531.2;no
Ellie;531.596;533.406;depression_diagnosed (have you been diagnosed with depression)
Participant;533.91;534.36;no
Ellie;534.975;537.522;happy_lasttime (tell me about the last time you felt really happy)
Participant;539.03;565.84;um the last time i felt really happy mm i guess like a week or so ago i went to um i went to where did i go i went to this event downtown it was like a art walk thing so it was exciting
Ellie;567.832;568.552;awesome (awesome)
Participant;569.77;570.35;thanks
Ellie;570.353;571.513;tell_about_that (can you tell me about that)
Participant;572.83;583.92;oh it was just like different art um galleries and stuff downtown they're just exhibiting their work and i don't know it was just interesting to walk around and see all that
Ellie;587.711;590.651;Ellie17Dec2012_07 (what would you say are some of your best qualities)
Participant;592.89;620.37;um i think i'm generous um patient i think i'm a good friend <laughter> um i think i'm hard working and what else yeah i that's that's it i think
Ellie;619.795;625.869;okay_confirm (okay) self_change (what are some things you wish you could change about yourself)
Participant;627.14;656.82;um i wish i was more outgoing like more sociable person and um what else i don't know and i wish i was like i guess not um not easy to um anger like get a temper or something
Ellie;657.618;660.635;mm (mm) landed_trouble (has that gotten you in trouble)
Participant;660.89;670.93;oh no not in trouble it's just sometimes it's <laughter> it's not pleasant for people um getting <get> getting a having a temper but i've never gotten in trouble or
Ellie;672.133;679.496;okay_confirm (okay) feelbadly (tell me about a time when someone made you feel really badly about yourself)
Participant;680.12;720.59;mm really badly no um i can't <laughter> think of um i guess i was in i was in a um <tisk> elevator one time and this person like was running towards it and like like i was trying to hold it for them but i couldn't reach it in time and they like started cursing me out <laughter> so  like i felt really bad 'cause they  probably thought i didn't try to open it for them but
Ellie;720.53;721.37;that_sucks (that sucks)
Participant;721.38;724.31;yeah it was that <laughter>
Ellie;725.083;726.153;regret (is there anything you regret)
Participant;727.66;744.65;um anything i regret <clears throat> not really i well yeah i regret um not contacting like old friends that i knew so i guess yeah maybe i'll do that in the future
Ellie;746.128;747.278;how_know (how do you know them)
Participant;747.87;750.76;i know them from like elementary school
Ellie;751.728;752.688;awB (aw)
Participant;752.89;757.66;yeah but we lost contact through the years 'cause i switched schools
Ellie;759.094;763.953;understand (i understand) advice_back (what advice would you give to yourself ten or twenty years ago)
Participant;763.97;794.89;<clears throat> for now i mean oh okay um i don't know i guess i would just say um learn as much as i can and i don't know just don't hold back so much with like um like not being outgoing and stuff i guess i'd just tell myself to be more outgoing <laughter>
Ellie;795.301;799.327;mhm (mhm) BF_describe (how would your best friend describe you)
Participant;801.32;821.74;um i think they'd say the same thing i said earlier that i'm generous patient hard working and what else did i say um kind <laughter> i hope they'd say that
Ellie;822.537;827.742;okay_confirm (okay) Ellie17Dec2012_08 (what are you most proud of in your life)
Participant;828.71;836.07;<sigh> mm i am proud of my intelligence
Ellie;839.038;841.478;asked_everything (okay i think i have asked everything i need to)
Participant;841.74;842.19;okay
Ellie;842.121;843.561;appreciate_open (thanks for sharing your thoughts with me)
Participant;843.93;844.9;okay bye
Ellie;844.783;845.393;bye (goodbye)
Participant;845.74;846.09;take care
