speaker;start_time;stop_time;text
Ellie;35.44;56.91;hi i'm ellie thanks for coming in today i was created to talk to people in a safe and secure environment i'm not a therapist but i'm here to learn about people and would love to learn about you i'll ask a few questions to get us started and please feel free to tell me anything your answers are totally confidential are you okay with this
Participant;57.52;58.01;yes
Ellie;58.48;61.59;okay so how are you doing today
Participant;61.89;62.33;okay
Ellie;63.17;65.86;that's good where are you from originally
Participant;66.38;68.39;from here from eh from alhambra
Ellie;69.01;72.29;really what are some things you really like about l_a
Participant;73.38;77.82;uh the weather's really nice and everything's very familiar
Ellie;78.74;81.84;mhm what are some things you don't really like about l_a
Participant;82.29;87.23;uh sometimes there's too much congestion on the roads too too much traffic
Ellie;87.96;92.11;yeah i see what you mean what'd you study at school
Participant;92.83;95.44;i i studied art and photography
Ellie;96.64;99.73;that sounds interesting how did you decide to do that
Participant;100.69;106.51;uh it it wasn't so much a decision i just kept noticing that i was very interested in it
Ellie;107.65;110.1;cool are you still working in that
Participant;110.28;110.73;yes
Ellie;111.51;112.33;what do you do now
Participant;112.68;113.64;i'm a photographer
Ellie;114.79;115.4;nice
Participant;115.77;116.17;mhm
Ellie;116.46;117.54;what's your dream job
Participant;118.74;129.31;oh i suppose uh um running a family portrait studio or some other type of photography business
Ellie;130.18;133.21;okay do you travel a lot
Participant;133.82;138.19;uh no not no i'm an also an apartment manager it keeps me tied down
Ellie;140.02;144.11;i see how do you like your living situation
Participant;144.68;158.16;um it's uh fair it's not the greatest because of being an apartment manager i've i do have free rent but i have to stay there a lot so
Ellie;158.04;160.38;mhm that sucks
Participant;160.84;163.41;that part does the free rent part is very good
Ellie;165.36;167.68;what's one of your most memorable experiences
Participant;168.92;188.43;oh gosh my most memorable experience that's hard to say um well i mean there's good and bad memorable experiences
Ellie;189.97;191.08;whatever comes to your mind
Participant;191.73;215.26;oh well i guess some s s s like sport success when i was in high school there was a few of the things that i was happy about and some art pieces i've made were memorable and some bad things would be my father's death you know but those are very memorable not good though
Ellie;216.879;221.399;mhm who's someone that's been a positive influence in your life
Participant;222.939;231.21;uh well my parents and my i i have a lot of brothers and sisters uh so <s> so the my family
Ellie;232.71;234.32;how close are you to your family
Participant;235.12;249.34;uh fairly close but they most of them live around l_a uh there's a few that are from far <f> distant <di> uh distant my brother lives in new york and my other brother lives in maui <clears throat>
Ellie;249.66;250.1;wow
Participant;250.7;251.08;mhm
Ellie;252.86;254.3;what do you think of today's kids
Participant;256.16;275.42;oh mostly very talented <ss> um just um more involved in technology than maybe i was or am and they're um i think they're more of a hive mind than when i grew up just seems like they were all hooked into social media
Ellie;276.61;281.24;yeah i understand what do you do to relax
Participant;283.36;287.52;uh go on a walk or watch television
Ellie;288.53;289.0;mhm
Participant;289.75;293.77;or play with my computer and uh
Ellie;293.22;295.32;what are some things that make you really mad
Participant;296.78;322.93;um well there's some <so> some uh there's some kind of uh injustices that happen in not not <n> not big deals but for example our parking situation got worse with some new district parking eh that's kind of upsetting and the city doesn't seem to wanna
Ellie;320.62;321.3;oh
Participant;324.35;336.69;uh make any exceptions or change some rules and also uh some unfair things at work sometimes happen that are upsetting <ups> uh that are upsetting
Ellie;338.72;339.95;can you give me an example of that
Participant;340.94;420.08;uh yeah i worked for <f> in school <sch> uh uh at a high school <sch> i worked at a high school dance uh this last weekend and when we arrived at the site the people at the site said we couldn't set up all of our equipment and backdrops and things at the location where we were assigned to do it that we had to go outside and then to get an okay to go inside because being outside we weren't prepared for nor <no> nor told in advance that we were to be outside um it delayed our setup time and that doesn't <does> wouldn't have bothered me except that on monday morning um the school called <call> called our boss and complained that we were late setting up when it when they told us to wait for them and we told them we would be delayed if we wait and did we still get a complaint so that that part is upsetting and and our work doesn't back us up the at the office they just need to please the school to maintain the account so uh often when that something like that happens it means they will not send you out to work at that school again which to would translate into less payroll hours for the the photographers that were on that job
Ellie;420.71;421.59;oh no
Participant;421.83;425.52;that's yeah that's how they do things so that that is upsetting
Ellie;426.19;427.16;how do you cope with them
Participant;428.56;440.67;uh most of the time that will i i dust off my resume <laughter> and start looking for other situations that are that might be better um
Ellie;440.69;441.27;that's good
Participant;441.4;441.83;yeah
Ellie;444.6;446.55;how are you at controlling your temper
Participant;448.42;463.3;uh pretty good <sigh> i i i usually xxx might uh i in the moment i don't really lose it but xxx later i might um vent or something like that but on the spot <sp> on the location i wouldn't do that
Ellie;464.34;468.83;mhm when was the last time you argued with someone and what was it about
Participant;469.48;497.67;um well just today um we have a uh schedule <sc> tight schedule today and i have a friend that i'm car <c> sharing a car with today and uh we we were arguing where to go first and um so we compromised and did most of her things and one of my things then after this <th> this was one of the things is over then we're gonna do some more of her things so but it
Ellie;497.76;498.3;that's good
Participant;498.54;498.88;yeah
Ellie;500.38;501.94;have you ever served in the military
Participant;501.97;502.3;no
Ellie;503.56;505.53;have you ever been diagnosed with p_t_s_d
Participant;506.15;508.98;post-traumatic stress syndrome is that what that is
Ellie;509.67;510.06;mhm
Participant;510.93;513.27;uh no i have not
Ellie;514.28;516.04;have you been diagnosed with depression
Participant;516.24;516.68;yes
Ellie;517.56;519.43;how long ago were you diagnosed
Participant;519.61;526.72;oh <sigh> i'd say nineteen eighty yeah i think believe it was nineteen eighty
Ellie;525.99;527.18;that's a long time
Participant;527.59;527.9;yeah
Ellie;530.07;531.23;what got you to seek help
Participant;531.9;540.22;um well my father noticed some symptoms my father is just well he's passed away but he was a psychiatrist
Ellie;541.11;542.36;what were your symptoms
Participant;543.11;574.32;um well i wasn't sleeping i was laying around the house um i was waking up at noon <laughter> something like and i didn't have a um focus like for getting a job it wasn't clear enough uh i i remember some job interviews that i'd go to their front door and then i wouldn't go in <laughter> and i think that was all all part of depression
Ellie;575.36;578.69;yeah did you think you had a problem before you found out
Participant;579.95;582.57;yeah i thought i had a problem but i didn't know what it was
Ellie;585.38;586.7;do you still go to therapy now
Participant;587.42;587.8;no
Ellie;588.88;589.68;why did you stop
Participant;590.74;613.07;uh well eh i went for three years and then the psychiatrist said that he thought that i was done <laughter> but uh and i and i i did get to a much better place i have to watch all the time to see what's going on with depression so i think i i'll have good days and bad days
Ellie;613.75;616.72;what sort of changes have you noticed since you've been going to therapy
Participant;619.49;657.76;um i think therapy makes you see what the um like the i i thought of it as a filter or wearing a pair <pa> as if you were put on a depression pair of sunglasses you don't really you see everything through that so you have to kinda <k> i have to sort of try to take the those glasses off for a little bit and double check am i really perceiving these things accurately or am i seeing it through a depressed viewpoint and i try to look for clues about that
Ellie;655.73;663.05;that makes sense mhm how have you been feeling lately
Participant;664.26;692.96;i think i'm um slipping back a little bit uh uh i don't do well during unemployed periods i've noticed in my path in my past and um right now we have a work slow down so it's easy to slip back into sleeping too late or putting things off because the schedule's too wide open for for me for me personally as a depressed person i think that structure is really important it um
Ellie;692.63;693.03;yeah
Participant;693.45;702.97;it gets you out of bed and you have to get somewhere in time and deal interact with people is all those are all beneficial things for someone who's tends to be depressed
Ellie;703.73;708.33;uh huh have you noticed any changes in your behavior or thoughts lately
Participant;709.13;759.78;uh well i don't know if it's changes as i a little bit i just tend to be focused on some things that are probably not that um uplifting let's say uh but it's more negative like i have <ha> have been sort of thinking about how um um soldiers in the past uh i don't know why but like the in during the roman era <er> era or the greeks <gree> ancient greeks how it would've been like to be in a in a frontline battle with mm you know just crude <cru> kind of crude <cru> in my opinion crude weapons and no medical help and the i don't know i seem <se> my mind seems to go there a lot where i'm just thinking about that and i've been looking <look> looking at it and reading books about that or um video clips on youtube and
Ellie;754.5;754.85;yeah
Participant;760.96;776.45;eh things like that or um some other things <thi> other uh kinda like terrible doom type themes like i was watching on the animal show like crocodile attacks and things like that where probably shouldn't dwell so much on that
Ellie;774.99;781.1;okay yeah is there anything you regret
Participant;783.01;808.0;oh you mean in life in general yeah well i think i regret not finishing college i think i had a i think i was <wa> uh was going into depression right then and wasn't coping in my senior year very well and um didn't really i didn't get out of college with a degree although i was there seven years but uh so that's very that's a big regret that i have
Ellie;808.9;812.96;hmm what advice would you give yourself ten or twenty years ago
Participant;813.93;852.42;um i think it would've been to um at certain points i probably should've sought <so> um sought therapy and also probably some uh outside help just with um getting through finals just the logistics i had i was an art major and i had no car so a a lot of the art projects and things were difficult to move back and forth and and also to uh meet at away locations i think it probably would've been worth it to do whatever it took to get a car <laughter> at that time
Ellie;853.27;853.59;uh huh
Participant;853.89;854.23;so
Ellie;854.24;859.77;i see what you mean what would you say are some of your best qualities
Participant;861.35;885.74;um well i'm i've been told i'm very patient and also i have um some original original artistic ideas so um those are those are good qualities i'm very loyal and and also um you know i support my friends i'm fairly generous with them so
Ellie;885.83;886.11;cool
Participant;886.77;887.2;yeah
Ellie;888.54;891.58;tell me about something you did recently that you really enjoyed
Participant;893.69;912.51;um let's see xxx really enjoyed was i had a i had a nice experience uh just uh photographing um a soccer game recently i really enjoyed that so
Ellie;914.26;919.89;i love listening to people talk okay i think i've asked everything i need to
Participant;917.92;920.5;mhm okay
Ellie;921.08;922.57;thanks for sharing your thoughts with me
Participant;923.5;924.39;it was my pleasure
Ellie;924.0;924.61;goodbye
Participant;924.74;925.37;thank you goodbye
