speaker;start_time;stop_time;text
Participant;14.55;15.35;<synch>
Ellie;26.657;48.197;IntroV4Confirmation (hi i'm ellie thanks for coming in today i was created to talk to people in a safe and secure environment i'm not a therapist but i'm here to learn about people and would love to learn about you i'll ask a few questions to get us started and please feel free to tell me anything your answers are totally confidential are you ok with this)
Participant;47.405;47.835;yes
Ellie;48.413;52.35;okay_confirm (okay) how_doingV (so how are you doing today)
Participant;52.99;53.95;i feel great
Ellie;54.585;57.604;thats_good (that's good) where_originally (where are you from originally)
Participant;58.3;61.23;i am from los angeles california
Ellie;62.165;66.518;really (really) like_about_LA (what are some things you really like about l_a)
Participant;68.16;69.26;um the weather
Ellie;71.316;71.786;uh_huh (uh huh)
Participant;71.76;76.89;the opportunity and the ocean
Ellie;78.024;80.374;dont_like_LA (what are some things you don't really like about l_a)
Participant;81.15;88.34;it's overcrowded overpriced and somewhat dirty
Ellie;90.722;106.695;see_mean (i see what you mean) travel_shoes (i'm sure you can tell by my shoes i'm not much of a world explorer do you travel a lot)
Participant;99.52;100.19;i have
Ellie;103.885;105.405;travel_changed (what do you enjoy about traveling)
Participant;107.2;112.375;well it's nice to see other places in the world and to meet other people and cultures
Ellie;113.824;115.504;travel_trips (i'd love to hear about one of your trips)
Participant;117.38;127.94;i worked on cruise ships as a musical entertainer and traveled to alaska the aleutian islands korea japan and the caribbean islands
Ellie;129.214;134.199;awesome (awesome) memorableB (what's one of your most memorable experiences)
Participant;136.26;146.19;um being in galena alaska and being on a small airplane and traveling in a snow storm and surviving
Ellie;147.288;151.642;wow (wow) describe_felt (how did you feel in that moment)
Participant;153.665;157.265;like i was on the edge of death and life but i lived
Ellie;160.288;161.428;study (what did you study at school)
Participant;164.145;166.315;the arts and business
Ellie;167.585;168.995;hard_decision (how did you decide to do that)
Participant;170.77;176.46;i don't know i was attracted to the arts at a young age and business went along with it
Ellie;177.833;180.333;cool3 (cool) happy_didthat (are you happy you did that)
Participant;180.74;181.26;yes
Ellie;182.239;183.499;still_working_on_X (are you still working in that)
Participant;184.25;184.75;yes
Ellie;186.212;187.412;dream_job (what's your dream job)
Participant;189.48;197.56;to be able to entertain people and make them feel emotions and make enough money to have a comfortable life
Ellie;198.809;206.882;thats_great (that's great) shyoutgoing (do you consider yourself more shy or outgoing)
Participant;205.74;206.69;more outgoing
Ellie;207.587;208.157;why2 (why)
Participant;209.87;218.05;um i always feel <fee> i feel very confident with my thoughts and i like people to know what i have to say
Ellie;219.972;231.754;relax_fishtank (sometimes when i'm feeling tense i turn on the fish tank screensaver hey i know it's not hawaii but it's the best i've got what do you do to relax)
Participant;232.885;240.12;um i listen to music and i sit with my girlfriend and she calms me down when i'm stressed out
Ellie;240.99;245.244;aw (aw) control_temper (how are you at controlling your temper)
Participant;246.57;249.1;i could work on that i'm not very good at that
Ellie;250.197;253.247;last_argument (when was the last time you argued with someone and what was it about)
Participant;254.85;273.205;last night with my girlfriend she was asking my advice on something and as i was speaking to her she felt my tone of voice was too loud i was not angry but i was irritated that i was being told to quiet down when i didn't really wanna help i just wanted to relax
Ellie;274.109;274.949;that_sucks (that sucks)
Participant;275.765;278.725;<laughter> i agree
Ellie;278.413;282.202;situation_handled (tell me about a situation that you wish you had handled differently)
Participant;283.49;301.45;um sometimes when things don't go my way i get depressed or upset and i wish i could calm down and just realize that i should count my blessings and look at the bright side of everything no matter how bad things get always look at the bright side that's my goal
Ellie;302.068;304.123;mhm (mhm) difficult (how hard is that)
Participant;305.05;309.71;it's been very difficult but i'm working on it and it seems to be getting a little easier
Ellie;311.238;317.396;good_hear (that's so good to hear) hard_decisionB (tell me about the hardest decision you've ever had to make)
Participant;318.98;338.71;well when i was taking care of my mother and she was dying of c_o_p_d and then it turned into lung cancer i chose not to tell her that her condition had worsened so she wouldn't be fearful and i had to sit knowing that her symptoms were getting worse but i couldn't tell her the truth and i let her think that everything was okay
Ellie;339.848;342.397;Ellie17Dec2012_06 (wow) been_hard (that sounds really hard)
Participant;343.125;343.735;it was
Ellie;345.912;350.023;memory_erase (tell me about an event or something that you wish you could erase from your memory)
Participant;351.65;365.565;uh my mother being sick and dependent on oxygen for three years and me seeing her health decline that's what plagues me the most in my dreams and in my thoughts if i could erase that if that never happened i would feel better
Ellie;366.733;367.843;symptoms_cope (how do you cope with them)
Participant;369.55;382.21;oh i don't know i try to uh be grateful i'm alive and try to focus on my own objectives and not dwell on the negative things of my memory
Ellie;382.927;387.583;thats_good (that's good) influence_positive (who's someone that's been a positive influence in your life)
Participant;387.75;392.74;my girlfriend she's a very good positive <po> positive influence she wants me to be a better person
Ellie;394.311;395.471;tell_about_that (can you tell me about that)
Participant;396.67;410.59;she since i met her she's been trying to make me not be angry to make me not feel negative and to be a nurturing positive zen-like man so what she's asking for is something that's gonna make me improve therefore i must capitulate
Ellie;412.225;416.297;understand (i understand) easy_sleep (how easy is it for you to get a good night's sleep)
Participant;417.07;425.27;it's very easy i sleep well sometimes i wake up when i have nightmares about my mother or something but uh i go back to sleep
Ellie;426.38;427.76;trigger (are they triggered by something)
Participant;428.9;432.29;that's unknown i don't know it just happens
Ellie;431.815;433.195;feel_lately (how have you been feeling lately)
Participant;433.88;444.92;i've been feeling uh good eh the my reality is i've been hit with a lot of financial uh problems but i'm handling <ha> handling them well actually
Ellie;447.349;450.519;behavior_changes (have you noticed any changes in your behavior or thoughts lately)
Participant;451.605;459.605;i've been looking at it as my girlfriend has told me that i need to do this so therefore it is on the forefront of my mind right now
Ellie;460.184;463.932;okay_confirm (okay) ptsd_diagnosed (have you ever been diagnosed with p_t_s_d)
Participant;464.48;464.84;no
Ellie;465.517;467.327;depression_diagnosed (have you been diagnosed with depression)
Participant;467.54;467.9;no
Ellie;468.916;471.463;happy_lasttime (tell me about the last time you felt really happy)
Participant;472.85;484.02;today when i woke up and it was a sunny beautiful day and i had a lot of goals to achieve and i'm achieving each one one by one it gives me a sense of accomplishment and happiness
Ellie;484.548;490.094;thats_great (that's great) ideal_weekendC (tell me how you spend your ideal weekend)
Participant;491.535;505.17;my ideal weekend would be playing music with my girlfriend as that's something we enjoy to do healthy <hea> going out to a nice dinner of healthy food and maybe exercising and feeling good with my body and mind and spirit
Ellie;506.561;508.251;BF_describe (how would your best friend describe you)
Participant;510.1;521.51;uh probably as a strong-willed person with a big heart but has a short fuse and maybe complains about his own life too much
Ellie;524.288;527.172;self_change (what are some things you wish you could change about yourself)
Participant;527.47;534.29;i wish i could not complain about negative things that happen and learn to roll with the punches and always look at the bright side
Ellie;535.764;541.07;feelbadly (tell me about a time when someone made you feel really badly about yourself)
Participant;543.68;562.53;well one time i had a good friend tell me that one of the recordings i did he thought was horrible and then i felt it was the best thing i'd ever done so that and i would don't understand how anybody could could feel that way and i didn't know if it was from jealousy or it was an honest opinion <opi> evaluation so therefore i felt bad about that
Ellie;563.6;564.04;isee_downer (i see)
Participant;564.725;565.655;as it's my goal
Ellie;565.184;566.254;regret (is there anything you regret)
Participant;567.04;570.08;no nothing i regret i felt
Ellie;569.631;572.581;advice_back (what advice would you give to yourself ten or twenty years ago)
Participant;574.645;580.46;hmm ten or twenty years ago i don't know
Ellie;585.03;590.52;okay_confirm (okay) Ellie17Dec2012_10 (tell me about something you did recently that you really enjoyed)
Participant;595.585;610.955;um <sigh> well everything i do i enjoy it's hard to to pick out one exact event that i really enjoyed uh i don't know how to put one above the other
Ellie;612.519;616.254;okay_confirm (okay) mad_makeyou (what are some things that make you really mad)
Participant;618.63;633.76;when things don't go my way and finances xxx come down and i don't get jobs that i go for that i am qualified for but i feel i am not getting my fair chance at opportunity it's very frustrating
Ellie;633.168;640.597;good_job (it can be tough to find a good job these days) feelguilty (what's something you feel guilty about)
Participant;643.18;663.11;i don't really feel guilty about things sometimes maybe if i'm angry and i shouldn't be i feel guilty about that i don't ever wanna be short with my girlfriend ever she wouldn't doesn't deserve somebody um using vulgar language or shouting or something so i don't wanna be that way around her so therefore that i am guilty
Ellie;665.435;667.735;Ellie17Dec2012_08 (what are you most proud of in your life)
Participant;668.11;677.55;my achievements of my abilities through my music and my other abilities that i have and of my hard work has paid off and uh i'm very proud of those
Ellie;679.206;683.668;asked_everything (okay i think i have asked everything i need to) appreciate_open (thanks for sharing your thoughts with me)
Participant;684.25;685.5;okay thank you
Ellie;685.886;686.496;bye (goodbye)
Participant;686.745;687.315;goodbye
