speaker;start_time;stop_time;text
Participant;37.02;37.81;<synch>
Ellie;62.612;84.152;IntroV4Confirmation (hi i'm ellie thanks for coming in today i was created to talk to people in a safe and secure environment i'm not a therapist but i'm here to learn about people and would love to learn about you i'll ask a few questions to get us started and please feel free to tell me anything your answers are totally confidential are you ok with this)
Participant;84.34;84.75;yes
Ellie;85.664;89.592;okay_confirm (okay) how_doingV (so how are you doing today)
Participant;89.71;91.93;i'm not bad i'm a little tired but okay
Ellie;92.945;95.577;thats_good (that's good) where_originally (where are you from originally)
Participant;95.78;97.14;uh from saint louis missouri
Ellie;97.984;98.574;really (really)
Participant;99.12;99.49;yep
Ellie;100.317;101.397;when_LA (when did you move to l_a)
Participant;101.77;103.02;uh two months ago
Ellie;104.302;106.202;often_backB (how often do you go back to your hometown)
Participant;106.28;108.5;uh not often i think i'm out here for good now
Ellie;110.28;111.9;compares_LA (how does it compare to l_a)
Participant;112.76;118.69;uh smaller town less people everyone kinda acts different the pace of life is slower out there
Ellie;119.346;121.533;mhm (mhm) why_LA (why did you move to l_a)
Participant;121.81;128.55;uh looking for work as a game designer or game developer just try something new too new place new people
Ellie;129.649;132.119;adapted_LA (how easy was it for you to get used to living in l_a)
Participant;132.27;134.1;uh i guess i'm still getting used to it
Ellie;135.195;136.355;tell_about_that (can you tell me about that)
Participant;136.86;144.84;um i guess people are different you know there's little shops everywhere just everything's different
Ellie;146.31;149.728;yeah_downer (yeah) like_about_LA (what are some things you really like about l_a)
Participant;150.16;158.86;uh man the weather's great out here the people are really nice like to look at the mountains the beach is nice just
Ellie;159.11;159.58;uh_huh (uh huh)
Participant;159.54;160.44;better geography
Ellie;161.768;164.118;dont_like_LA (what are some things you don't really like about l_a)
Participant;164.39;169.45;um traffic i guess the commute and sometimes there's maybe too many people
Ellie;170.454;179.382;see_mean (i see what you mean) travel_shoes (i'm sure you can tell by my shoes i'm not much of a world explorer do you travel a lot)
Participant;176.98;181.23;<laughter> not really never been outside of the u_s before
Ellie;182.076;182.646;why2 (why)
Participant;183.18;185.72;uh just never had the opportunity i'd love to go though
Ellie;187.242;190.611;okay_confirm (okay) study (what did you study at school)
Participant;191.2;193.98;uh game design and graphic design sort of
Ellie;195.011;196.141;sounds_interesting (that sounds interesting)
Participant;196.29;196.81;oh i love it
Ellie;196.588;197.998;hard_decision (how did you decide to do that)
Participant;198.58;206.68;uh mm been playing video games since i was a kid like most guys my age so just like making people happy and it's kinda easy to do that with games
Ellie;207.67;208.57;thats_great (that's great)
Participant;208.69;208.8;<laughter>
Ellie;210.011;211.211;dream_job (what's your dream job)
Participant;211.89;216.19;uh work for myself make my own games and write my own paychecks i guess
Ellie;217.646;218.586;difficult (how hard is that)
Participant;218.93;222.59;uh pretty hard i've been trying to do it for the past couple years it's a little difficult
Ellie;223.821;231.1;isee_downer (i see) shyoutgoing (do you consider yourself more shy or outgoing)
Participant;230.15;234.21;i guess i'm kinda shy it depends on the people and the environment i guess
Ellie;235.168;248.798;understand (i understand) relax_fishtank (sometimes when i'm feeling tense i turn on the fish tank screensaver hey i know it's not hawaii but it's the best i've got what do you do to relax)
Participant;244.46;252.3;<laughter> uh play guitar listen to some music talk to friends
Ellie;253.221;256.992;cool3 (cool) control_temper (how are you at controlling your temper)
Participant;257.16;261.84;i'd say i'm pretty good at controlling my temper i'm not the type of guy that gets angry really easily
Ellie;262.583;267.1;thats_good (that's good) last_argument (when was the last time you argued with someone and what was it about)
Participant;267.22;271.5;uh probably with my girlfriend over something silly i can't even remember
Ellie;274.374;276.396;feelguilty (what's something you feel guilty about)
Participant;277.37;283.37;uh <sigh> don't know i don't think i'm really guilty about anything i try to avoid being guilty
Ellie;284.627;290.126;okay_confirm (okay) situation_handled (tell me about a situation that you wish you had handled differently)
Participant;290.37;299.66;hmm don't know can't really think of anything
Ellie;301.239;306.117;hmm_downer (hmm) hard_decisionB (tell me about the hardest decision you've ever had to make)
Participant;307.13;310.54;leaving saint louis was one of them 'cause all my friends and family were there
Ellie;312.185;313.615;change_directions (what made you decide to do that)
Participant;314.3;318.63;uh i guess the benefits outweighed you know the cons
Ellie;320.068;322.454;mhm (mhm) happy_didthat (are you happy you did that)
Participant;322.74;323.44;definitely
Ellie;325.451;331.627;thats_good (that's good) memory_erase (tell me about an event or something that you wish you could erase from your memory)
Participant;332.92;335.82;huh <sigh> maybe getting kicked out of high school the first time
Ellie;337.753;338.913;tell_about_that (can you tell me about that)
Participant;339.48;352.74;uh just i ended up getting myself and and my friends in trouble and it was just no good you kinda look back on it and i guess that's something from my past i wish i would've done different
Ellie;353.777;355.647;avoid (could you have done anything to avoid it)
Participant;356.04;362.49;uh followed the <laughter> rules i guess just been a good student would've helped
Ellie;364.466;369.457;okay_confirm (okay) family_relationship (tell me about your relationship with your family)
Participant;370.02;380.54;uh not really that close with my family i've got a small family anyway and when i was in saint louis we'd see each other a couple times a year but that's really it so no strong ties
Ellie;381.334;386.193;uh_huh (uh huh) influence_positive (who's someone that's been a positive influence in your life)
Participant;387.0;392.19;uh i guess most of my friends they're always there to support me and encourage me and help me so
Ellie;393.738;398.534;good_hear (that's so good to hear) easy_sleep (how easy is it for you to get a good night's sleep)
Participant;398.97;403.64;say pretty easy every once in awhile there's a night i can't sleep but it's pretty rare
Ellie;404.932;406.712;sleep_affects (what are you like when you don't sleep well)
Participant;407.52;414.66;mm just tired groggy i guess my mind's unfocused and day goes by heck of a lot longer
Ellie;415.777;417.157;feel_lately (how have you been feeling lately)
Participant;417.73;422.48;uh pretty good not really much to say
Ellie;422.097;425.267;behavior_changes (have you noticed any changes in your behavior or thoughts lately)
Participant;425.56;431.72;uh maybe a little bit more depressed 'cause i'm away from most of my friends and family but nothing unmanageable
Ellie;433.195;434.305;symptoms_cope (how do you cope with them)
Participant;434.92;439.64;uh just try to talk to 'em when i can think about something else think about happy times
Ellie;441.458;443.498;ptsd_diagnosed (have you ever been diagnosed with p_t_s_d)
Participant;443.54;443.85;no
Ellie;445.144;446.954;depression_diagnosed (have you been diagnosed with depression)
Participant;446.87;447.24;no
Ellie;449.781;452.328;happy_lasttime (tell me about the last time you felt really happy)
Participant;453.37;459.18;uh <sigh> i guess on the drive out here 'cause it was such a new experience and so exhilarating
Ellie;461.146;463.506;memorableB (what's one of your most memorable experiences)
Participant;464.21;469.42;um i think graduating college 'cause i was really proud of myself and really looking forward to the future
Ellie;471.476;473.016;describe_felt (how did you feel in that moment)
Participant;473.65;478.33;just i guess kind of euphoria standing there it seemed kinda surreal <su> surreal
Ellie;480.139;483.262;yeah3 (yeah) BF_describe (how would your best friend describe you)
Participant;483.97;489.29;uh funny caring nice guy easy to get along with
Ellie;491.985;494.887;self_change (what are some things you wish you could change about yourself)
Participant;495.13;499.98;uh <sigh> pretty happy being me i guess
Ellie;501.84;507.149;feelbadly (tell me about a time when someone made you feel really badly about yourself)
Participant;506.69;514.79;hmm guess when i broke up with my last girlfriend for obvious reasons you tend to fight and say things you wish you'd you'd forget i guess
Ellie;518.097;521.419;yeah_downer (yeah) regret (is there anything you regret)
Participant;522.91;526.39;no i don't like to live in the past so there's nothing to really regret
Ellie;528.181;531.131;advice_back (what advice would you give to yourself ten or twenty years ago)
Participant;531.95;537.97;uh <sigh> keep working hard and just keep thinking about what you do before you do it
Ellie;540.748;542.855;ideal_weekendC (tell me how you spend your ideal weekend)
Participant;543.52;545.51;on the computer playing video games with friends
Ellie;549.373;552.143;Ellie17Dec2012_09 (what are some things that usually put you in a good mood)
Participant;552.89;559.88;uh music uh and my friends i guess <laughter>
Ellie;561.27;566.056;okay_confirm (okay) Ellie17Dec2012_08 (what are you most proud of in your life)
Participant;566.44;572.73;mm i guess my determination and my xxx my passion for my creativity
Ellie;574.983;581.645;asked_everything (okay i think i have asked everything i need to) appreciate_open (thanks for sharing your thoughts with me) bye (goodbye)
Participant;581.83;582.19;bye
