speaker;start_time;stop_time;text
Participant;20.3;21.25;<sync.
Ellie;37.136;58.676;IntroV4Confirmation (hi i'm ellie thanks for coming in today i was created to talk to people in a safe and secure environment i'm not a therapist but i'm here to learn about people and would love to learn about you i'll ask a few questions to get us started and please feel free to tell me anything your answers are totally confidential are you ok with this)
Participant;58.26;58.71;yes
Ellie;59.212;63.426;okay_confirm (okay) how_doingV (so how are you doing today)
Participant;65.52;66.85;i'm doing fine thank you
Ellie;67.853;71.017;thats_good (that's good) where_originally (where are you from originally)
Participant;71.76;73.09;los angeles california
Ellie;73.685;77.798;really (really) like_about_LA (what are some things you really like about l_a)
Participant;79.22;88.86;the variety of people the multicultural food <laughter> and going to movies
Ellie;90.05;93.618;mhm (mhm) dont_like_LA (what are some things you don't really like about l_a)
Participant;94.87;99.55;rude people scary people it's violent
Ellie;101.162;110.16;see_mean (i see what you mean) travel_shoes (i'm sure you can tell by my shoes i'm not much of a world explorer do you travel a lot)
Participant;109.78;110.33;yes
Ellie;111.628;113.148;travel_changed (what do you enjoy about traveling)
Participant;116.2;119.72;experiencing different things seeing different cultures
Ellie;121.206;122.886;travel_trips (i'd love to hear about one of your trips)
Participant;125.28;136.33;well i was stationed in germany for three years it was a great experience food was great bavarian alps the snow the people i loved it
Ellie;137.405;141.235;nice (nice) memorableB (what's one of your most memorable experiences)
Participant;147.4;148.19;having a baby
Ellie;150.537;151.697;tell_about_that (can you tell me about that)
Participant;153.27;156.78;well it was just the most memorable thing in my life something i'll never forget
Ellie;158.14;159.68;describe_felt (how did you feel in that moment)
Participant;161.06;161.32;great
Ellie;164.493;165.603;kids_elaborate (tell me about your kids)
Participant;166.62;171.28;one son grown handsome father of two
Ellie;172.554;174.504;easy_parent (do you find it easy to be a parent)
Participant;176.44;178.77;no it's actually very hard for me
Ellie;179.819;181.799;parent_hardest (what's the hardest thing about being a parent)
Participant;182.74;185.42;not becoming angry too quickly
Ellie;187.28;189.0;parent_best (what's the best thing about being a parent)
Participant;191.93;196.81;being able to cultivate a mind love someone unconditionally
Ellie;199.286;203.126;parent_differences (what are some ways that you're different as a parent than your parents)
Participant;206.24;214.02;well i went through a lot of trauma as a child so as a parent i was very afraid for my child to go through that same trauma tried to protect him from it
Ellie;215.471;216.411;difficult (how hard is that)
Participant;219.37;222.59;i think it's really hard 'cause you never really know people what they'll do
Ellie;223.845;231.45;yeah_downer (yeah) shyoutgoing (do you consider yourself more shy or outgoing)
Participant;232.44;233.17;outgoing
Ellie;234.26;234.83;why2 (why)
Participant;237.21;242.8;because if i'm in a room with people i'm usually the first one to start talking
Ellie;245.19;256.968;relax_fishtank (sometimes when i'm feeling tense i turn on the fish tank screensaver hey i know it's not hawaii but it's the best i've got what do you do to relax)
Participant;257.48;262.51;as a matter of fact i have fish aquarium that's what keeps me calm
Ellie;264.259;268.362;cool3 (cool) control_temper (how are you at controlling your temper)
Participant;268.83;269.71;not very good
Ellie;271.722;274.772;last_argument (when was the last time you argued with someone and what was it about)
Participant;273.6;278.93;<laughter> seems like everyday i argue with somebody about something but yesterday
Ellie;280.296;281.456;tell_about_that (can you tell me about that)
Participant;283.73;291.21;um a lady tried to cut line in the grocery store and i politely told her i was in line and she didn't wanna move
Ellie;294.398;295.878;landed_trouble (has that gotten you in trouble)
Participant;296.65;303.54;yes it has because sometimes if people don't want to move then i feel it's my place to move them
Ellie;306.821;311.526;okay_confirm (okay) feelguilty (what's something you feel guilty about)
Participant;315.08;316.88;hurting people physically
Ellie;320.63;321.96;give_example (can you give me an example of that)
Participant;324.29;330.75;uh if i feel disrespected or somebody puts their hands on me i can get very ugly i don't like that about me
Ellie;332.559;336.355;situation_handled (tell me about a situation that you wish you had handled differently)
Participant;338.98;353.15;um i was pulled over by the police and they had uh someone with my name and they were very rude to me and i really wasn't happy with the way they treated me
Ellie;356.126;363.335;sorry_hear (i'm sorry to hear that) hard_decisionB (tell me about the hardest decision you've ever had to make)
Participant;366.59;380.4;um how to stay calm when someone has crossed over into my boundary my personal space
Ellie;382.641;383.801;tell_about_that (can you tell me about that)
Participant;385.9;398.03;i can't let people get too close to me if they do i i lash out i don't want anybody in my  area of protection i guess
Ellie;399.297;400.407;symptoms_cope (how do you cope with them)
Participant;401.91;406.56;stay away from people <laughter> stay away from
Ellie;405.764;406.704;difficult (how hard is that)
Participant;407.16;412.19;it's hard you can't live in this world without other people sometimes they just irritate the heck out of me
Ellie;413.151;419.975;yeah3 (yeah) memory_erase (tell me about an event or something that you wish you could erase from your memory)
Participant;426.05;428.88;being assaulted in the military is something i wish i could forget
Ellie;431.663;432.823;tell_about_that (can you tell me about that)
Participant;438.21;445.9;just that i felt helpless alone ashamed and angry that's about all i wanna go into
Ellie;444.405;451.523;isee_downer (i see) okay_confirm (okay) old (how old were you when you joined the military)
Participant;452.67;453.22;eighteen
Ellie;455.377;457.077;very_young (you were very young weren't you)
Participant;458.01;459.5;yeah very young
Ellie;460.413;461.533;combat (did you ever see combat)
Participant;463.13;463.48;no
Ellie;465.108;467.068;effectB (how did serving in the military change you)
Participant;469.65;493.02;because i was assaulted and and i have a fear of people in uniform like the policemen hurting me or um other military veterans hurting me when they explode or go off or have issues of p_t_s_d
Ellie;494.458;497.406;isee_downer (i see) bouts_symptoms (when was the last time that happened)
Participant;499.47;500.79;i can't remember
Ellie;503.884;505.674;after (what did you do after the military)
Participant;507.19;508.55;i worked for the federal government
Ellie;513.253;514.663;hard_decision (how did you decide to do that)
Participant;516.54;532.27;well it just seemed like a normal progression um federal government gives you ten points preference over other people for being in the military so it seemed like a natural choice a organization that had a book of rules and they followed them the government one government to another
Ellie;534.389;535.389;happy_didthat (are you happy you did that)
Participant;536.17;536.71;yes
Ellie;538.366;541.086;civilian_life (how easy was it for you to go back to civilian life)
Participant;544.8;556.87;well it was hard in the sense that in the military you're given um you're told to handle it handle it and in the civilian world you have to go through so many hoops and different people to talk to to get something done
Ellie;557.672;560.567;yeah_downer (yeah) study (what did you study at school)
Participant;562.26;563.65;administration of justice
Ellie;565.111;566.371;still_working_on_X (are you still working in that)
Participant;568.14;569.85;no um i don't work anymore
Ellie;572.025;576.893;okay_confirm (okay) ptsd_diagnosed (have you ever been diagnosed with p_t_s_d)
Participant;577.14;577.75;oh yeah
Ellie;578.829;580.749;when_diagnosed (how long ago were you diagnosed)
Participant;581.99;582.92;almost two years
Ellie;584.478;585.828;why_seek_help (what got you to seek help)
Participant;588.97;608.75;the feeling that i was always gonna be hurt that someone was out to get me i had nightmares panic attacks anxiety attacks outburts <out> outburts of anger i was always in emotional pain and i always wanted to hit somebody
Ellie;612.174;613.554;trigger (are they triggered by something)
Participant;614.89;623.34;yes mostly disrespect but i feel it's disrespect of people getting too close to me or i feel in fear of them for some reason
Ellie;625.433;627.873;easy_sleep (how easy is it for you to get a good night's sleep)
Participant;629.14;631.39;i can't remember the last time i had a good night's sleep
Ellie;633.044;634.824;sleep_affects (what are you like when you don't sleep well)
Participant;636.13;636.51;what
Ellie;637.72;639.5;sleep_affects (what are you like when you don't sleep well)
Participant;640.23;646.05;irritable angry moody pissed off irrational
Ellie;645.755;647.135;feel_lately (how have you been feeling lately)
Participant;649.63;658.04;tired sick of the world angry at the world wanting to be left alone
Ellie;661.414;664.584;behavior_changes (have you noticed any changes in your behavior or thoughts lately)
Participant;669.74;671.0;sometimes i don't wanna go on
Ellie;675.333;676.773;therapy_going (do you still go to therapy now)
Participant;677.53;678.04;yes
Ellie;680.467;681.917;therapy_useful (do you feel like therapy is useful)
Participant;682.93;684.89;oh yeah <laughter> oh yeah
Ellie;686.675;689.525;therapy_changes (what sort of changes have you noticed since you've been going to therapy)
Participant;692.01;703.71;well i i could recognize a trigger now when something is gonna trigger me i can at least know and uh act  accordingly if i want to <laughter>
Ellie;706.36;708.907;happy_lasttime (tell me about the last time you felt really happy)
Participant;713.67;716.15;when i saw my grandchildren when they came to visit
Ellie;720.428;721.588;tell_about_that (can you tell me about that)
Participant;723.63;733.65;<sniff> they're just so innocent and sweet and precious it was just a joy to have them around they make me forget about all the pain in life <sniff>
Ellie;736.416;739.666;Ellie17Dec2012_10 (tell me about something you did recently that you really enjoyed)
Participant;740.8;746.55;<sniff> planting seeds for some vegetables making a garden
Ellie;749.046;749.946;thats_great (that's great)
Participant;751.59;752.12;<sniff>
Ellie;751.594;753.024;change_directions (what made you decide to do that)
Participant;755.82;764.39;i read somewhere that it's calming and soothing to work with your hands and dirt so i decided to find out <sniff> plant something and watch it grow
Ellie;763.116;769.916;mhm (mhm) ideal_weekendC (tell me how you spend your ideal weekend)
Participant;769.76;781.87;<sniff> sitting on the beach looking <look> facing the water thinking talking to god wishing i were somewhere else
Ellie;784.955;785.495;like_what (like what)
Participant;788.04;792.78;like hawaii penthouse over maui
Ellie;792.454;795.352;self_change (what are some things you wish you could change about yourself)
Participant;798.37;807.61;that i could trust people that i wouldn't lash out at them that i could sleep at night
Ellie;811.522;813.212;BF_describe (how would your best friend describe you)
Participant;811.67;824.06;<sniff> crazy hot headed <sniff> emotional
Ellie;826.391;829.23;mhm (mhm) regret (is there anything you regret)
Participant;832.87;834.46;being in the wrong place at the wrong time
Ellie;836.806;839.756;advice_back (what advice would you give to yourself ten or twenty years ago)
Participant;842.83;848.15;don't trust anyone be careful be wary of people and what they want from you
Ellie;853.215;855.515;Ellie17Dec2012_08 (what are you most proud of in your life)
Participant;857.73;859.92;my son my grandchildren
Ellie;864.816;867.444;family_relationship (tell me about your relationship with your family)
Participant;867.54;888.82;<sniff> i don't have a a real family i don't haven't seen my brothers in like twenty thirty years i only have two brothers and i don't haven't seen them my mother's family i haven't seen in years my father's family i haven't seen in years my parents are dead my son lives in another state
Ellie;891.736;894.066;influence_positive (who's someone that's been a positive influence in your life)
Participant;899.69;915.03;wow some of the older people that i give care to sometimes i'm a caregiver so sometimes the people that i work with older and wiser <sniff>
Ellie;916.439;919.379;Ellie17Dec2012_07 (what would you say are some of your best qualities)
Participant;921.86;931.76;i'm loyal spiritual supportive kind generous
Ellie;933.746;944.749;good_hear (that's so good to hear) asked_everything (okay i think i have asked everything i need to) appreciate_open (thanks for sharing your thoughts with me) bye (goodbye)
Participant;945.81;946.08;bye
