speaker;start_time;stop_time;text
Ellie;23.78;45.12;hi i'm ellie thanks for coming in today i was created to talk to people in a safe and secure environment i'm not a therapist but i'm here to learn about people and would love to learn about you i'll ask a few questions to get us started and please feel free to tell me anything your answers are totally confidential are you okay with this
Participant;45.68;46.07;yes
Ellie;46.57;49.55;okay so how are you doing today
Participant;50.38;50.97;i'm okay
Ellie;51.64;54.46;that's good where are you from originally
Participant;55.19;57.08;uh i'm from here originally los angeles
Ellie;57.43;57.93;really
Participant;58.19;58.5;mhm
Ellie;58.53;60.5;what are some things you really like about l_a
Participant;61.39;64.03;um i like the weather
Ellie;64.76;65.22;uh huh
Participant;65.28;69.1;and my family's here which is why i'm here i moved away for a while
Ellie;69.79;70.41;aw
Participant;69.82;82.45;uh i like that there's a lot of culture <cult> even though everyone says there's not culture in l_a there is a lot of culture there's theater and film and lots of museums and things like that all different kinds of people i like the diversity
Ellie;83.06;83.45;yeah
Participant;83.91;84.2;mhm
Ellie;84.3;86.32;what are some things you don't really like about l_a
Participant;87.56;101.83;um well i don't like that i had to move back kind of against my will <laughter> so starting a new career uh starting over in my career it so that's not really something
Ellie;101.26;102.23;can you tell me about that
Participant;102.75;106.18;uh well i moved back 'cause my dad was sick so
Ellie;105.89;106.84;i'm sorry to hear that
Participant;107.29;115.5;thank you thank you so that's why i'm here but it also means i live with my dad and my brother who are like hoarders and ridiculous so
Ellie;115.61;116.34;<laughter>
Participant;116.99;117.23;uh
Ellie;117.35;118.44;what'd you study at school
Participant;119.08;120.96;acting theater
Ellie;121.6;122.62;that sounds interesting
Participant;123.03;123.39;it was
Ellie;123.94;125.01;are you still doing that
Participant;125.16;127.92;mhm yeah yeah i am
Ellie;127.64;128.42;what do you do now
Participant;129.19;137.04;i'm an actor i uh right now i'm doing a a theater show and auditioning and taking some classes and that sort of thing
Ellie;137.72;139.19;how did you decide to do that
Participant;140.3;157.51;um well my parents are both artsy people and i grew up around it and for a long time i was singing and then uh i was went to study musical theater and somewhere along the lines i realized that acting was more my bag than singing i suppose but i still do both
Ellie;158.18;158.99;that's great
Participant;159.52;159.84;mhm
Ellie;160.42;161.87;do you consider yourself an introvert
Participant;163.13;164.16;no i don't
Ellie;165.83;166.21;why
Participant;167.15;177.75;uh i don't usually have trouble talking to people uh i'm pretty friendly i can get along with most people people usually tell me their secrets within five minutes of meeting me which i feel is a mark of an extrovert <laughter>
Ellie;175.39;182.9;<laughter> yeah what do you do to relax
Participant;182.8;202.1;<laughter> um i take a bath or read a book uh go out with my friends go to the theater uh eh sometimes my work is very relaxing so sometimes just like singing a song or any of that going for a walk
Ellie;203.09;203.54;okay
Participant;204.08;204.9;mhm yoga
Ellie;204.49;206.57;what are some things that make you really mad
Participant;207.74;227.49;things that make me mad um injustice <laughter> i can be very righteously indignant i suppose um people who don't see those things and people who've who have a like entitlement i think entitlement and sense of privilege that can make me mad
Ellie;226.87;227.32;yeah
Participant;228.49;228.78;yeah
Ellie;229.57;230.89;what do you do when you're annoyed
Participant;232.56;245.95;uh it depends i usually <usual> a lot of times it's i argue my case <laughter> i guess <laughter> um or i i call my best friend usually and complain talk to her about it
Ellie;247.02;250.43;okay how are you at controlling your temper
Participant;251.18;253.96;pretty good pretty good i don't have too much of a temper
Ellie;254.99;257.84;when was the last time you argued with someone and what was it about
Participant;258.94;263.59;um like a real argument or like a debate
Ellie;264.63;264.97;uh huh
Participant;265.97;277.32;<laughter> um if was a real argument it probably would be my ex-boyfriend and we just argued about why we broke up stupid things like that
Ellie;278.5;279.88;that sounds really hard
Participant;280.68;287.28;eh i think i was kind of over it by then but it was at times
Ellie;288.68;289.17;okay
Participant;291.91;292.57;<laughter>
Ellie;292.0;294.55;when was the last time you felt really happy
Participant;295.91;308.83;um the last time i felt really happy was like really happy probably hanging out hanging out with friends the other night i had a good time
Ellie;309.53;310.54;tell me more about that
Participant;311.89;324.88;uh scrubbed_entry
Ellie;325.68;328.26;aw that sounds like a great situation
Participant;328.39;331.1;it is it's nice it's nice
Ellie;330.93;332.49;how would your best friend describe you
Participant;334.08;352.64;my best friend would describe me as an open book she often makes fun of me for like just telling everyone everything um she would describe me as uh compassionate and uh having a a strong sense of who i am i think
Ellie;352.25;352.77;that's good
Participant;353.05;359.95;yeah she also she would describe me as not having like a good sense of social norms sometimes probably that's something that she
Ellie;360.53;360.97;why
Participant;361.25;373.49;makes fun of me for um because i do just like tell everyone everything and don't realize that i have like holes in my clothes and things like that but nothing nothing bad we have a very good relationship
Ellie;372.14;373.57;has that gotten you in trouble
Participant;373.98;374.26;hmm
Ellie;374.61;375.99;has that gotten you in trouble
Participant;376.36;381.75;yeah yeah it has <laughter> not terrible trouble but but yeah it's gotten me in trouble before sure
Ellie;383.55;386.28;okay have you ever served in the military
Participant;386.79;388.34;no i haven't
Ellie;388.07;390.02;have you ever been diagnosed with p_t_s_d
Participant;390.96;394.69;no but i think i had it but i never went to a doctor
Ellie;394.03;394.38;why
Participant;395.34;417.85;um 'cause i had a i had a traumatic situation uh where somebody injured me and i i feel <fe> when i looked up p_t_s_d later i realized <reali> i felt like i had all of the symptoms of like going back into situations like that i would get panicky and um it was very uh i held on to it for a really really long time
Ellie;418.33;418.67;uh huh
Participant;418.6;424.61;i think um i think that i did have it but i just i don't know 'cause i never i never saw anyone about it
Ellie;425.1;428.89;oh no i'm sorry are they triggered by something
Participant;430.14;460.82;um sometimes yeah uh certain physical things with that part of my body can be a trigger or um it happened in a in an acting class so sometimes certain teachers if they criticize in a certain way i start to i start to panic even if they're totally right and i know they're right and like it's something that someone else could tell me and i'd be fine with it eh sometimes it'll make me a little upset or panicky yeah
Ellie;461.19;464.49;i see have you been diagnosed with depression
Participant;464.94;465.32;no
Ellie;466.73;468.1;how have you been feeling lately
Participant;469.37;472.81;well i mean my dad is sick so not great
Ellie;473.86;474.26;yeah
Participant;474.69;477.22;but um but considering not terrible
Ellie;478.6;482.92;that's good have you noticed any changes in your behavior or thoughts lately
Participant;483.86;488.19;um i've been having bad dreams uh
Ellie;487.88;488.79;tell me more about that
Participant;489.82;494.31;uh just like stress dreams i think having to do with my dad um
Ellie;494.13;494.51;uh huh
Participant;495.22;503.23;like getting kidnapped or my teeth falling out things that if you looked them up always say like there's something out of your control which is like exactly what it is so
Ellie;503.73;504.59;that sucks
Participant;504.84;507.24;it's not the best but it's just dreams at least so
Ellie;507.69;508.9;do you feel that way often
Participant;510.19;510.91;which way
Ellie;513.76;515.33;let's come back to that later
Participant;515.46;515.89;okay
Ellie;517.38;519.76;how easy is it for you to get a good night's sleep
Participant;520.36;521.59;easy very easy
Ellie;522.47;524.05;what are you like when you don't sleep well
Participant;524.7;530.38;i am tired and maybe somewhat irritable goofy i get really goofy
Ellie;530.58;531.31;<laughter>
Participant;531.78;532.12;yeah
Ellie;533.08;538.79;okay what would you say are some of your best qualities
Participant;539.84;560.97;um i am fairly non-judgmental of other people i i i stay open-minded uh i can make most people laugh i'm funny uh creative um i yeah those are some of the best ones i'd say
Ellie;561.37;563.57;okay do you travel a lot
Participant;564.2;564.55;yeah
Ellie;565.94;567.49;what do you enjoy about traveling
Participant;568.3;581.86;i love meeting new people and seeing new things and learning uh and just getting out of the routine i like staying in hotels uh i like most things about traveling i even i even like flying i like all of it
Ellie;583.13;584.7;i'd love to hear about one of your trips
Participant;586.17;597.89;well i just finished a tour a couple months ago um going up and down the east coast and then across the u_s and uh performing for kids all over
Ellie;597.94;598.29;wow
Participant;598.61;600.45;yeah and then we ended here in l_a
Ellie;601.13;602.16;are you happy you did that
Participant;602.51;604.23;yeah yeah it was great it was a good time
Ellie;605.08;605.68;awesome
Participant;605.98;606.24;yeah
Ellie;607.36;609.52;what's one of your most memorable experiences
Participant;610.8;623.17;um lemmi think we we went to the hot springs the naturally occuring hot springs in colorado and that was really nice that was a nice way to unwind
Ellie;625.04;625.61;that's good
Participant;626.08;626.3;yeah
Ellie;630.4;632.72;who's someone that's been a positive influence in your life
Participant;633.69;657.99;a lot of people i i would say um i mean my dad comes to mind certainly uh my godmother is a huge positive influence in my life as well uh my best friend my best friend from high school i think i uh some <so> a few of my best friends from high school um and college that i've kinda grown up with and become who i am with them
Ellie;658.85;659.26;uh huh
Participant;659.67;659.91;yeah
Ellie;659.95;660.68;that's great
Participant;661.23;661.54;mhm
Ellie;663.17;664.15;is there anything you regret
Participant;665.92;668.03;uh small things sure
Ellie;668.95;670.18;can you give me an example of that
Participant;669.47;697.97;yeah uh i regret the way that i dealt with a friendship that was ending once uh i regret committing to certain people that i've dated uh but nothing huge i i tend to go well i won't do that again but i don't spend a lot of time like being upset about things i've done in the past
Ellie;698.49;702.6;okay what advice would you give yourself ten or twenty years ago
Participant;704.06;710.99;hmm stand up for yourself um
Ellie;710.73;711.69;tell me more about that
Participant;713.15;716.75;<laughter> don't date felons <laughter> uh
Ellie;713.78;714.69;tell me more about that
Participant;717.85;748.9;i think that i i don't have any trouble standing up for things that i believe in but sometimes i have trouble standing up for myself i think i i really internalize the idea of like you know women being too needy or uh or um i don't know those kinds of things and then xxx and so as as an adolescent and growing up i felt like well you then you just shouldn't need anything or you're needy and it took me a while to be able to like voice what i want what i needed from other people and be okay with that
Ellie;742.85;743.88;uh huh uh huh
Participant;749.54;750.48;and it's still something i work on
Ellie;752.06;756.03;that makes sense that makes sense that makes sense
Participant;756.27;757.77;<laughter> i'm glad you think so
Ellie;758.18;763.36;that makes sense what are you that makes sense what are you most proud of in your life
Participant;765.37;783.26;um <sigh> that's a good question uh my friends and family and uh i my talents i would say yeah
Ellie;783.03;783.81;that's great
Participant;784.69;793.02;yeah my ability to take situations and take bad situations and continue and uh make the best of everything
Ellie;793.59;799.97;mhm okay i think i've asked everything i need to thanks for sharing your thoughts with me
Participant;799.8;800.2;alright
Ellie;801.15;802.54;thanks for sharing your thoughts with me
Participant;803.08;804.32;<laughter> thank you
Ellie;804.84;806.2;goodbye goodbye
Participant;806.42;809.19;goodbye goodbye <laughter>
