speaker;start_time;stop_time;text
Ellie;33.736;57.996;hi i'm ellie thanks for coming in today i was created to talk to people in a safe and secure environment think of me as a friend i don't judge i can't i'm a computer i'm here to learn about people and would love to learn about you i'll ask a few questions to get us started and please feel free to tell me anything your answers are totally confidential where are you from originally
Participant;59.256;60.676;los angeles california
Ellie;61.586;62.036;really
Participant;62.976;63.376;yes
Ellie;63.386;65.346;what are some things you really like about l_a
Participant;66.406;74.826;um the southern california lifestyle the beaches the um active lifestyle
Ellie;75.733;79.813;okay what are some things you don't really like about l_a
Participant;80.025;84.145;the traffic the pretentious people
Ellie;85.935;90.775;yeah who's someone that's been a positive influence in your life
Participant;97.079;102.019;um my teachers um
Ellie;101.776;102.796;tell me more about that
Participant;105.686;124.966;i don't know certain teachers um got uh spiritual teachers that i um find a lot of guidance from
Ellie;126.526;127.036;mhm
Participant;129.316;129.666;<laughter>
Ellie;130.815;132.635;what are some things you like to do for fun
Participant;130.845;136.864;that's it mm i like to skateboard and
Ellie;136.164;136.724;awesome
Participant;138.81;155.748;and just stay active stay healthy um anything that's um outdoors and active and healthy hiking biking rollerblading skateboarding all the above
Ellie;155.278;159.168;that's good do you travel a lot
Participant;159.888;160.588;mm no
Ellie;162.068;162.498;why
Participant;163.798;168.208;mm not really in a position to travel financially
Ellie;170.508;174.248;i understand what do you enjoy about traveling
Participant;175.885;191.825;if i could i'm sure i would enjoy seeing all the different cultures and places and meeting all the different people and all the interesting structures and uh the food so
Ellie;191.979;195.249;yeah what do you do to relax
Participant;195.869;202.109;i meditate and i skateboard well i can meditate on my board
Ellie;204.379;206.679;<laughter> could you say a little more about that
Participant;207.515;223.755;mm i meditate it helps me relax um sometimes if i don't really feel like skating hard i'll just go for a nice uh sunset skate and meditate a nice two hour skate just relax
Ellie;225.555;229.625;that sounds like a great situation how hard is that
Participant;230.662;244.346;mm it's not that hard you just gotta get to the skate spots you know i usually like skating um there's some good good spay skate spots in l_a streets in l_a
Ellie;245.376;245.816;mhm
Participant;245.486;248.996;uh the beaches is always good so uh
Ellie;248.686;249.296;nice
Participant;250.745;253.735;just uh it's really not that hard at all
Ellie;255.187;259.555;okay what are some things that make you really mad
Participant;261.265;281.015;<sigh> the situation with my life right now um i can't find a fucking job
Ellie;283.065;285.345;it can be tough to find a good job these days
Participant;285.809;303.209;i don't even care about a good job i just need a job anything that pays um just gets gets just gets hard after awhile
Ellie;304.219;307.839;yeah can you tell me about that
Participant;309.678;335.936;i don't i applied from a anywhere and everywhere from entry level to management to anywhere in between and um i can't find a job i can't get a job so i'm trying i'm trying i'm trying i'm trying i'm trying i'm trying i'm trying
Ellie;337.131;339.301;yeah i'm sorry
Participant;340.681;341.661;it is what it is
Ellie;343.241;344.331;do you feel down
Participant;345.541;350.231;yeah it's pretty depressing it's hard sucks
Ellie;352.321;357.356;yeah how easy is it for you to get a good night's sleep
Participant;358.056;363.506;mm it isn't <yawn> it isn't
Ellie;363.036;364.136;do you feel that way often
Participant;364.966;367.356;yes it eh yes that happens often
Ellie;369.826;371.466;when was the last time that happened
Participant;372.636;374.306;uh last night i couldn't sleep
Ellie;376.056;376.456;why
Participant;377.446;402.019;mm just uh thinking about my situation um my car payment was due yesterday and i just i don't know if i have what it takes to continue to do this you know i survive day by day
Ellie;401.678;402.078;mhm
Participant;403.499;413.169;trying to see if i can eat at the end of the day um
Ellie;412.968;414.828;have you been diagnosed with depression
Participant;415.478;415.898;yes
Ellie;417.758;419.538;how long ago were you diagnosed
Participant;420.158;427.268;mm about three years ago four years ago couple years ago
Ellie;429.248;430.558;what got you to seek help
Participant;434.318;448.458;my mood was just not right i was always feeling down and depressed and <sniffle> lack of energy always wanting to sleep um lack of interest
Ellie;452.218;453.558;do you feel like therapy is useful
Participant;455.176;475.829;i've gone to therapy it has been useful for me in the past is it useful for me now i don't know i don't have health insurance um i would love to talk to someone i just feel like i don't have anyone so i don't depend on anyone
Ellie;477.369;482.849;yeah i'm sorry did you think you had a problem before you found out
Participant;484.379;487.419;oh yeah i've always felt depressed in my life
Ellie;488.609;489.899;what were your symptoms
Participant;490.936;509.815;mm lack of energy wanting to sleep a lot lack of interest my appetite was uncontrollable either lack of or i was just being gluttonous and eating the wrong things
Ellie;513.815;516.985;have you noticed any changes in your behavior or thoughts lately
Participant;518.045;518.655;yes
Ellie;521.055;522.345;can you give me an example of that
Participant;525.325;527.205;my sister just passed away
Ellie;528.975;530.085;i'm sorry to hear that
Participant;530.181;546.156;it's alright six months ago and i became homeless and jobless two weeks ago and it got to a point where i just missed her and i wanted to be with her
Ellie;547.976;548.436;yeah
Participant;549.436;549.916;so
Ellie;555.876;557.616;how close are you to your family
Participant;559.352;574.372;mm pretty dysfunctional family you know really can't depend on them that's why i just depend on myself <sigh> so
Ellie;575.872;577.242;that sounds really hard
Participant;578.352;580.142;it is what it is what are you gonna do
Ellie;581.442;581.922;yeah
Participant;584.088;596.308;i'd like to give up but my parents just buried their daughter six months ago they don't wanna bury their other daughter so
Ellie;598.678;601.528;what advice would you give yourself ten or twenty years ago
Participant;606.778;651.466;<sigh> i don't know i don't know just uh i just haven't had good luck i was a corporate manager for twenty years and uh who would've known twenty years ago what advice i would've given myself because i tried to commit suicide instead of returning back to work and so now it's just uh it's been rough trying to pick up all the pieces and
Ellie;646.866;647.256;hmm
Participant;652.706;665.261;get my life back together um i don't know what advice i would give myself when i started with my corporate job twenty years ago
Ellie;667.501;667.941;okay
Participant;667.501;673.181;because i didn't know i'd be here twenty years later you know
Ellie;675.431;680.321;yeah when was the last time you felt really happy
Participant;687.881;744.078;really happy um a couple days ago this week <sigh> i've been trying to make ends meet i've got a lot of things sprouting i've got a lot of things that are happening for me but i need like two more weeks here in l_a so i can connect the dots but financially i don't have what it takes to stay here for two more weeks so i was happy because i was getting call backs and um <sigh> things were starting to look up for me but it's just um time again isn't on my side so my car is packed and i'm hitting the road and i'm taking off and i'm leaving l_a so
Ellie;745.848;749.778;hmm how would your best friend describe you
Participant;752.232;766.762;uh loyal emotional strong that's it
Ellie;767.996;769.596;do you consider yourself an introvert
Participant;771.471;787.591;um i have been lately um i was an extrovert for twenty years when i was a corporate manager and now i am quite an introvert and i stick to myself
Ellie;790.061;791.541;what made you decide to do that
Participant;792.363;805.823;uh circumstances in my life i don't feel as confident i don't feel as uh charming and as social
Ellie;808.473;812.313;okay what's one of your most memorable experiences
Participant;816.133;825.373;mm i don't know it's hard to say can't really answer that one
Ellie;828.673;836.683;okay okay i think i've asked everything i need to thanks for sharing your thoughts with me
Participant;836.893;837.393;thank you
Ellie;838.293;838.843;goodbye
Participant;839.093;839.473;bye
