speaker;start_time;stop_time;text
Participant;10.85;11.9;<sync>
Ellie;34.802;56.342;IntroV4Confirmation (hi i'm ellie thanks for coming in today i was created to talk to people in a safe and secure environment i'm not a therapist but i'm here to learn about people and would love to learn about you i'll ask a few questions to get us started and please feel free to tell me anything your answers are totally confidential are you ok with this)
Participant;56.96;57.46;yeah
Ellie;57.971;61.908;okay_confirm (okay) how_doingV (so how are you doing today)
Participant;63.49;64.51;i'm okay
Ellie;65.031;67.841;thats_good (that's good) where_originally (where are you from originally)
Participant;68.54;70.22;burbank california
Ellie;70.436;71.026;really (really)
Participant;71.86;72.31;yeah
Ellie;72.97;75.08;like_about_LA (what are some things you really like about l_a)
Participant;76.09;87.24;the weather of course i think everyone likes the weather um it's not too city like chicago or new york
Ellie;87.5;88.01;mhm (mhm)
Participant;88.62;92.57;it's um it's big enough we have beaches we're not land locked woo
Ellie;93.553;95.903;dont_like_LA (what are some things you don't really like about l_a)
Participant;97.58;105.48;sometimes the smog the traffic the fact that i've just been here like my entire life almost
Ellie;106.892;114.667;okay_confirm (okay) travel_shoes (i'm sure you can tell by my shoes i'm not much of a world explorer do you travel a lot)
Participant;115.29;130.25;not enough as i'd like to i go to school in chicago and i've been to new york a couple times san francisco and i took a road trip across the country that was cool i saw a couple states
Ellie;128.521;133.116;nice (nice) travel_changed (what do you enjoy about traveling)
Participant;134.58;146.12;seeing new places um going to landmarks that i've only read about or seen pictures of
Ellie;146.284;149.265;mhm (mhm) travel_trips (i'd love to hear about one of your trips)
Participant;150.7;167.04;um i traveled from los angeles to chicago taking route sixty six and the best part was seeing the grand canyon for the first time it was the coolest thing i've ever seen probably <laughter>
Ellie;167.799;172.621;awesome (awesome) describe_felt (how did you feel in that moment)
Participant;174.74;186.26;happy and then just happy it was it was beautiful it was nice i haven't felt like that in a long time
Ellie;187.074;190.898;good_hear (that's so good to hear) study (what did you study at school)
Participant;191.79;193.16;i was studying film
Ellie;194.496;197.501;cool3 (cool) hard_decision (how did you decide to do that)
Participant;199.13;218.77;it's just something i've always loved for as long as i can remember and when it came time to start applying to schools i wasn't sure what i wanted to do and um i applied to northwestern as a film student and it just ended up being the right decision
Ellie;219.776;223.59;thats_great (that's great) dream_job (what's your dream job)
Participant;226.03;247.9;ooh <laughter> um i love making movies but part of me really loves making people laugh and being in front of the camera so uh comedian a comedic <comie> <laughter> comedic actor would be totally great but
Ellie;249.204;249.664;okay_confirm (okay)
Participant;249.31;250.61;that's hard <laughter>
Ellie;252.556;256.964;shyoutgoing (do you consider yourself more shy or outgoing)
Participant;256.39;264.24;i am super outgoing and i love talking to people a lot i like i like being the center of attention usually <laughter>
Ellie;265.004;277.076;relax_fishtank (sometimes when i'm feeling tense i turn on the fish tank screensaver hey i know it's not hawaii but it's the best i've got what do you do to relax)
Participant;279.17;293.7;i um i like to watch mindless television like um toddlers in tiaras and um duck dynasty just t_v programs where i really don't have to pay attention at all
Ellie;296.881;301.13;okay_confirm (okay) control_temper (how are you at controlling your temper)
Participant;304.32;320.83;i'm okay at it i get really emotional really fast but i am usually able to to keep my anger down and not like lash out at others and stuff for the most part
Ellie;321.97;323.45;landed_trouble (has that gotten you in trouble)
Participant;326.55;339.4;sometimes i get into like arguments and fights with my friends and people who are important to me really easily and i hate apologizing to people so the fights could last pretty long
Ellie;340.214;343.264;last_argument (when was the last time you argued with someone and what was it about)
Participant;346.37;367.21;um my best friend <laughter> ryan i think and it was about our relationship and just how we kind of messed it up and crossed some lines and uh where how were gonna go back to the way it was before
Ellie;369.097;370.037;difficult (how hard is that)
Participant;371.79;384.54;really hard it's um he's my best friend and i miss him but we messed up and it's just it's not the same it's like not the same friendship <laughter>
Ellie;385.154;385.894;im_sorry (i'm sorry)
Participant;386.68;387.5;me too <laughter>
Ellie;389.334;393.111;situation_handled (tell me about a situation that you wish you had handled differently)
Participant;393.06;428.1;<laughter> too many um i guess scrubbed_entry when i had a boyfriend and he has a girlfriend which was not okay i wish i would've just realized that this was bad and just would've stopped there and not have let it continue for weeks which led to my break up and then our friendship being really messed up
Ellie;429.183;431.053;avoid (could you have done anything to avoid it)
Participant;433.7;440.32;i guess not spend as much time with him as i did be more assertive
Ellie;445.132;448.81;hard_decisionB (tell me about the hardest decision you've ever had to make)
Participant;453.46;501.41;um i guess it was in november i was very depressed and suicidal so i told my friend what i was feeling and that she needed to take me to the e_r and from the e_r i had the choice to i don't know i guess go home or get sent to a mental hospital and even though i felt like i didn't have a choice i knew it was my choice and i decided to go to the mental hospital which was like the worst experience of my life ever
Ellie;503.146;504.306;tell_about_that (can you tell me about that)
Participant;506.54;554.15;um <exhale> it was awful it was in chicago and um it was scary i mean i didn't know anyone and they just like take all your stuff and they put you in some scrubs and they just start giving you medication and you're basically left to your own devices there were only like three group therapy sessions a day and everyone there was mostly men and um they were all really old and it was scary i didn't know anyone everyone most of the people there weren't depressed they were violent <laughter> so that was pretty scary and i just um it was really hard for me <laughter>
Ellie;554.283;557.637;yeah_downer (yeah) change_directions (what made you decide to do that)
Participant;559.73;593.81;i had been so depressed for like a month i stopped going to my classes and work and i told my teachers lies about being sick and i just kept calling in sick to work i dropped a class and i was failing my classes and not turning in any work and i wasn't talking to any of my friends and i was drinking a lot and passing out and vomiting everywhere and i was just in a really bad place and when i finally was gonna kill myself i realized i needed help
Ellie;595.188;596.538;been_hard (that sounds really hard)
Participant;598.79;599.53;it was
Ellie;599.039;600.389;why_seek_help (what got you to seek help)
Participant;602.92;629.91;um i had severe depression when i was a younger teenager and i tried to kill myself then and i um got put in therapy for quite some time so i figured i don't want to go down that bad path again i just wanna get better so i had to do it i had to get help
Ellie;631.282;632.722;therapy_going (do you still go to therapy now)
Participant;633.35;635.96;i do i go once a week
Ellie;636.664;638.114;therapy_useful (do you feel like therapy is useful)
Participant;639.84;656.58;i feel like if you have the right therapist it's really useful i had one therapist that i really liked and i thought we could've gone really far but sadly she's back in chicago and i'm in los angeles so i have to
Ellie;655.289;655.969;aw (aw)
Participant;657.57;667.83;i have to make do with this new therapist and she's okay she's not we're not that great together but she's who i had right now
Ellie;669.483;669.883;downer (okay)
Participant;669.49;670.83;it's better than nothing <laughter>
Ellie;672.12;674.56;easy_sleep (how easy is it for you to get a good night's sleep)
Participant;675.55;677.42;not that easy at all
Ellie;677.673;678.243;why2 (why)
Participant;679.76;703.65;um ever since <yawn> i got out of the hospital and start and i began medication for my depression i um just haven't been able to sleep well falling asleep is hard staying <laughter> asleep is hard have really crazy vivid dreams that wake me up and are disturbing
Ellie;705.283;705.823;like_what (like what)
Participant;709.99;741.28;um i guess just sometimes they reflect things that i'm worried about or happening in my life but they're just they're scary and they seem so real that sometimes i wake up and i have to ask my mom like did we go here did we do this did this really happen and it's usually no you dreamed that sometimes i've gotten so scared i like talk in my sleep and wake myself up
Ellie;742.892;744.432;bouts_symptoms (when was the last time that happened)
Participant;745.45;747.87;probably <laughter> like two nights ago
Ellie;749.354;755.768;Ellie17Dec2012_06 (wow) happy_lasttime (tell me about the last time you felt really happy)
Participant;760.88;791.73;that is a hard question i think in november <yawn> after i got out of the hospital i finally had one good day and my friend took me into downtown chicago and we went to the sears tower and got to look over those like big windows that you walk out on and see the city and that was really cool
Ellie;793.947;795.637;BF_describe (how would your best friend describe you)
Participant;797.19;807.38;<laughter> um probably super outgoing likes to be the center of attention funny and a little bit crazy
Ellie;809.183;810.253;regret (is there anything you regret)
Participant;812.16;816.05;i try not to regret things in my life
Ellie;817.296;820.246;advice_back (what advice would you give to yourself ten or twenty years ago)
Participant;822.95;840.58;oh um i would say that living is worth it and just don't be afraid to ask for help when you need it don't wait until it gets really bad
Ellie;841.303;845.842;yeah_downer (yeah) ideal_weekendC (tell me how you spend your ideal weekend)
Participant;847.51;876.04;um i guess my ideal weekend would be <laughter> sleeping in and then catching a movie with my friends maybe going home with them and bake some cookies <laughter> eat all the cookies watch some t_v have a sleep over and then like make pancakes in the morning and watch more movies we watch a lot of movies i would like to do that <laughter> in my free time
Ellie;873.797;874.667;wild_laughter5 ((laughter))
Participant;877.36;879.86;go for a walk i don't know go to the beach <laughter>
Ellie;878.333;880.633;Ellie17Dec2012_08 (what are you most proud of in your life)
Participant;883.49;946.39;um that is a hard question i mean i think i've done a lot of great things in my life and um i have achieved a lot but i think one of the proudest things proudest moments in my life is something really small and insignificant i was doing this exercise boot camp and the last person to like cross the finish line had to do like thirty push ups and it was some guy i didn't really know him at all and the trainer said does anyone wanna help him if someone helps him you have to do half each and no one wanted to help him and i just decided to start doing push ups with him and i just it wasn't 'cause i wanted to get credit or because i thought it would make me look good i just did it and no one really knows about that but it just i feel really good about that
Ellie;947.184;955.726;thats_great (that's great) asked_everything (okay i think i have asked everything i need to) appreciate_open (thanks for sharing your thoughts with me) bye (goodbye)
Participant;955.24;957.45;it was nice it meet you <laughter> bye
