speaker;start_time;stop_time;text
Participant;11.07;11.9;<synch>
Ellie;27.671;49.211;IntroV4Confirmation (hi i'm ellie thanks for coming in today i was created to talk to people in a safe and secure environment i'm not a therapist but i'm here to learn about people and would love to learn about you i'll ask a few questions to get us started and please feel free to tell me anything your answers are totally confidential are you ok with this)
Participant;49.39;49.76;sure
Ellie;50.476;54.73;okay_confirm (okay) how_doingV (so how are you doing today)
Participant;55.09;55.75;i'm doing fine
Ellie;56.597;59.746;thats_good (that's good) where_originally (where are you from originally)
Participant;60.32;61.88;i'm from columbia south carolina
Ellie;62.414;63.004;really (really)
Participant;63.36;63.57;yep
Ellie;64.909;65.989;when_LA (when did you move to l_a)
Participant;66.85;68.0;uh two thousand four
Ellie;70.411;71.711;long_time (that's a long time)
Participant;71.97;73.08;yeah <laughter>
Ellie;73.582;75.482;often_backB (how often do you go back to your hometown)
Participant;75.87;77.47;uh once a year for christmas break
Ellie;79.316;83.135;thats_good (that's good) compares_LA (how does it compare to l_a)
Participant;84.42;85.97;uh a lot slower paced
Ellie;88.057;89.077;why_LA (why did you move to l_a)
Participant;88.07;94.29;more xxx i wanted to perform <perf> to pursue a film degree or i'm sorry a film career
Ellie;96.16;97.19;still_doing_X (are you still doing that)
Participant;97.89;98.35;yes
Ellie;99.347;100.287;difficult (how hard is that)
Participant;100.96;103.06;it's pretty challenging but it's uh fun
Ellie;105.278;106.708;change_directions (what made you decide to do that)
Participant;107.54;112.88;uh i've always had a interest <inter> interest in uh film and movies so uh it seemed like a natural pick for me
Ellie;114.721;118.829;cool3 (cool) adapted_LA (how easy was it for you to get used to living in l_a)
Participant;119.89;126.26;uh took about a couple of years but uh i feel like i'm pretty used to it now
Ellie;127.621;129.731;like_about_LA (what are some things you really like about l_a)
Participant;130.98;137.27;uh i like that uh it doesn't snow it's warm weather and there's lots do to with a lot of beaches
Ellie;139.436;143.13;yeah3 (yeah) dont_like_LA (what are some things you don't really like about l_a)
Participant;143.84;147.27;uh the traffic and the cost of living is pretty high
Ellie;148.773;157.68;see_mean (i see what you mean) travel_shoes (i'm sure you can tell by my shoes i'm not much of a world explorer do you travel a lot)
Participant;155.39;161.2;<laughter> i've never been outside of the u_s but uh i would love to at some point
Ellie;165.055;169.474;shyoutgoing (do you consider yourself more shy or outgoing)
Participant;168.89;174.7;uh it depends on the situation i i can either be introverted or extroverted just given uh the right circumstance
Ellie;176.204;189.657;okay_confirm (okay) relax_fishtank (sometimes when i'm feeling tense i turn on the fish tank screensaver hey i know it's not hawaii but it's the best i've got what do you do to relax)
Participant;190.39;197.68;i like uh listening to music uh doing crossword puzzles reading and hanging out with friends on weekends
Ellie;198.469;203.372;uh_huh (uh huh) control_temper (how are you at controlling your temper)
Participant;204.22;205.18;uh very good
Ellie;206.393;209.443;last_argument (when was the last time you argued with someone and what was it about)
Participant;209.95;220.27;hmm uh i don't think it was argument maybe <may> maybe a difference of opinion so it was more like a debate but uh it was pretty pretty tame
Ellie;221.721;222.881;tell_about_that (can you tell me about that)
Participant;223.91;230.42;uh i think it was a debate over sports over a basketball <ba> a basketball game and uh
Ellie;229.912;230.292;oh (oh)
Participant;231.0;245.26;i was talking on facebook with somebody about it but i think it's good to uh express yourself if you have a difference of opinion it's uh it's natural to you know not always agree on things so
Ellie;245.86;246.33;yeah3 (yeah)
Participant;245.86;247.96;i think talking <ta> talking about is healthy <hea> is healthy
Ellie;249.283;256.248;right2 (right) makes_sense (that makes sense) family_relationship (tell me about your relationship with your family)
Participant;256.71;268.17;i have a very good relationship with my family um i get along with all of my family members and extended you know cousins and aunts and uncles so uh there's no one that i i've ever had any rifts with
Ellie;270.349;275.717;okay_confirm (okay) situation_handled (tell me about a situation that you wish you had handled differently)
Participant;276.12;279.29;hmm with my family
Ellie;281.149;281.769;yes (yes)
Participant;284.22;304.03;hmm i probably could've been more disciplined growing up and more uh more disciplined with schoolwork and homework that kinda thing but for the most part uh i had a i had a good childhood and uh there's not much i would change about it
Ellie;305.953;311.298;okay_confirm (okay) hard_decisionB (tell me about the hardest decision you've ever had to make)
Participant;312.58;331.66;hmm probably leaving my comfort zone in uh south carolina moving out here that was pretty hard but at the same time it was uh exciting so it was it was a bittersweet feeling um a lot of excitement mixed with uh some anxiety but it uh it went away pretty quickly
Ellie;333.338;334.338;happy_didthat (are you happy you did that)
Participant;335.04;335.43;sure
Ellie;338.986;343.631;okay_confirm (okay) feelguilty (what's something you feel guilty about)
Participant;346.19;349.49;not doing better in school uh when i was in high school
Ellie;353.157;355.027;avoid (could you have done anything to avoid it)
Participant;356.18;361.68;uh definitely i could've been a a <ss> um more diligent worker and i could've uh applied myself a little bit better
Ellie;363.551;365.881;influence_positive (who's someone that's been a positive influence in your life)
Participant;367.08;379.61;hmm i've always had a strong support <s> uh family support system and uh parents and uh siblings so that's definitely a positive thing
Ellie;380.585;387.331;uh_huh (uh huh) memory_erase (tell me about an event or something that you wish you could erase from your memory)
Participant;388.41;410.74;hmm an event uh probably going back to school i wish i would've uh wish i would've done better in school so if i could take something back from my past it would be uh scholastically <sch> scholastically related
Ellie;413.945;418.846;okay_confirm (okay) easy_sleep (how easy is it for you to get a good night's sleep)
Participant;420.11;420.79;it's pretty easy
Ellie;422.817;426.038;thats_good (that's good) sleep_affects (what are you like when you don't sleep well)
Participant;427.7;438.62;when i don't sleep well um i tend to be kinda lackadaisical and uh just tired throughout the day kinda groggy
Ellie;441.277;447.233;okay_confirm (okay) behavior_changes (have you noticed any changes in your behavior or thoughts lately)
Participant;448.34;451.3;uh no everything's pretty much uh the way it usually is with me
Ellie;452.499;453.879;feel_lately (how have you been feeling lately)
Participant;454.61;455.55;i've been feeling pretty good
Ellie;457.049;461.401;thats_good (that's good) ptsd_diagnosed (have you ever been diagnosed with p_t_s_d)
Participant;462.16;463.02;uh no i have not
Ellie;463.857;465.667;depression_diagnosed (have you been diagnosed with depression)
Participant;466.22;466.94;uh no i haven't
Ellie;468.681;472.404;happy_lasttime (tell me about the last time you felt really happy)
Participant;472.82;489.25;last time i felt really happy um i made a lot of money uh a few weeks ago and uh i feel like i'm ahead of the game with you know with having rent under control and a lot of bills out here so i'm still kinda have the lingering effects from that happiness
Ellie;490.303;491.203;thats_great (that's great)
Participant;492.23;492.57;yeah
Ellie;492.64;494.15;elaborate (could you say a little more about that)
Participant;495.25;515.21;uh when i when i have money i tend to be a lot uh more even-tempered not even-tempered but i tend to feel better about things and more optimistic and this city being such about your finances it it always makes you feel good to be ahead of the game and to have uh
Ellie;514.427;514.817;right2 (right)
Participant;516.29;517.75;xxx have sources of income
Ellie;518.82;524.586;yeah3 (yeah) Ellie17Dec2012_07 (what would you say are some of your best qualities)
Participant;525.42;531.91;uh i think i'm creative and i think i'm a good listener
Ellie;534.52;537.47;advice_back (what advice would you give to yourself ten or twenty years ago)
Participant;538.45;562.71;hmm to be as disciplined and focused as possible because once you're out of your parents' homes and out of their lives you have to depend on yourself and the better the better you do in school and the better you are um uh as far as discipline's concerned the more pleasurable <pleasur> pleasurable your life will be and a lot eh uh your life will be a lot easier
Ellie;563.469;569.178;mm (mm) self_change (what are some things you wish you could change about yourself)
Participant;569.91;586.86;hmm let's see here i wish i was more disciplined but i'm working on that and i've gotten a lot better at that
Ellie;588.564;589.504;difficult (how hard is that)
Participant;590.68;598.59;it's become pretty easy i think i'm just getting older um i'm out of my twenties now so i definitely seen a change from when i first came out here
Ellie;600.775;606.086;feelbadly (tell me about a time when someone made you feel really badly about yourself)
Participant;605.77;640.95;hmm um some people tend to say that my decision to move out here was uh not feasible and kind of a pipe dream so that kinda made me feel bad but uh i kinda take insults in stride and um sometimes i welcome constructive criticism 'cause some some things are wrong with you that you're not aware of so as long as it's not mean-spirited and it's coming from the right place i think it could be an invaluable uh tool you know listening to what to what other people have to say that might be negative
Ellie;641.715;647.184;mhm (mhm) makes_sense (that makes sense) BF_describe (how would your best friend describe you)
Participant;648.36;661.36;hmm uh probably optimistic and um outgoing optimistic and uh helpful
Ellie;662.736;666.99;okay_confirm (okay) ideal_weekendC (tell me how you spend your ideal weekend)
Participant;668.24;681.18;my ideal weekend uh i would love to go to vegas and have a road trip with with three or four friends you know packed in the car and just uh lots of disposable income and um you know good weather
Ellie;684.3;685.84;bouts_symptoms (when was the last time that happened)
Participant;687.01;696.97;uh i haven't been to vegas in probably five years but um i've gone to casinos with my brother and that's pretty fun sometimes
Ellie;697.55;703.01;nice (nice) Ellie17Dec2012_08 (what are you most proud of in your life)
Participant;704.38;725.35;uh i'm proud that i've come a long way from when i first moved out here i'm uh a lot more disciplined um i read a lot uh i do crosswords and i think i've i think i know what's important in life now and i'm more focused and going after what i want
Ellie;726.971;732.175;good_hear (that's so good to hear) mad_makeyou (what are some things that make you really mad)
Participant;733.46;749.4;hmm i'm not a big fan of high taxes um but it doesn't really make me mad it makes me frustrated and and uh i guess i take it in stride though
Ellie;751.842;756.961;thats_good (that's good) Ellie17Dec2012_10 (tell me about something you did recently that you really enjoyed)
Participant;758.46;765.63;uh i had a friend over at my apartment and i watched a movie and that was fun
Ellie;767.947;768.767;argument_about (what was it about)
Participant;769.76;771.15;it was a documentary
Ellie;774.084;781.172;Ellie17Dec2012_02 (uh huh) asked_everything (okay i think i have asked everything i need to)
Participant;778.84;779.87;a sport <s> a sports
Ellie;782.863;784.303;appreciate_open (thanks for sharing your thoughts with me)
Participant;784.52;784.87;sure
Ellie;785.531;786.141;bye (goodbye)
Participant;786.43;786.75;goodbye
