speaker;start_time;stop_time;text
Participant;12.26;13.27;<sync>
Ellie;71.163;92.703;IntroV4Confirmation (hi i'm ellie thanks for coming in today i was created to talk to people in a safe and secure environment i'm not a therapist but i'm here to learn about people and would love to learn about you i'll ask a few questions to get us started and please feel free to tell me anything your answers are totally confidential are you ok with this)
Participant;93.98;94.98;mm maybe
Ellie;95.976;100.196;okay_confirm (okay) how_doingV (so how are you doing today)
Participant;101.1;101.96;okay
Ellie;102.849;105.713;thats_good (that's good) where_originally (where are you from originally)
Participant;106.68;108.38;i'm from california
Ellie;109.042;113.23;really (really) like_about_LA (what are some things you really like about l_a)
Participant;114.82;119.76;it's sun there's sunshine <s> sunshine weather
Ellie;119.33;119.84;mhm (mhm)
Participant;120.99;128.01;mhm what do you like about l_a <laughter>
Ellie;129.278;131.628;dont_like_LA (what are some things you don't really like about l_a)
Participant;129.39;147.55;what do <laughter> um i like um <sniff> i just said i i like <li> like the weather
Ellie;149.297;151.647;dont_like_LA (what are some things you don't really like about l_a)
Participant;152.7;153.54;the traffic
Ellie;155.135;164.032;see_mean (i see what you mean) travel_shoes (i'm sure you can tell by my shoes i'm not much of a world explorer do you travel a lot)
Participant;165.3;165.71;no
Ellie;167.239;167.809;why2 (why)
Participant;169.48;171.2;i don't have the means
Ellie;172.511;175.317;understand (i understand) study (what did you study at school)
Participant;176.97;184.48;i studied liberal art <a> art <a> i studied um film
Ellie;186.191;189.343;sounds_interesting (that sounds interesting) hard_decision (how did you decide to do that)
Participant;190.97;193.12;because i live in los angeles
Ellie;194.866;196.126;still_working_on_X (are you still working in that)
Participant;198.0;199.75;not really
Ellie;201.739;202.939;dream_job (what's your dream job)
Participant;204.51;225.76;um uh to work i i want to become a <laughter> i don't care <ca> i don't know i i i i don't wanna tell you
Ellie;227.092;227.542;hmm_downer (hmm)
Participant;228.1;228.36;yeah
Ellie;228.564;228.964;downer (okay)
Participant;229.61;229.95;okay
Ellie;232.128;236.529;shyoutgoing (do you consider yourself more shy or outgoing)
Participant;234.81;236.8;i'm very outgoing
Ellie;237.666;240.242;really (really) why2 (why)
Participant;242.66;250.08;because because are you outgoing <laughter>
Ellie;250.343;263.923;yeah3 (yeah) relax_fishtank (sometimes when i'm feeling tense i turn on the fish tank screensaver hey i know it's not hawaii but it's the best i've got what do you do to relax)
Participant;265.66;273.74;um sit down sleep
Ellie;277.048;285.473;uh_huh (uh huh) okay_confirm (okay) control_temper (how are you at controlling your temper)
Participant;287.37;292.89;um i think about it and then i stop
Ellie;295.284;296.224;difficult (how hard is that)
Participant;297.0;297.98;it's easy
Ellie;300.287;305.547;thats_good (that's good) last_argument (when was the last time you argued with someone and what was it about)
Participant;308.98;315.48;um i don't remember
Ellie;317.635;322.371;okay_confirm (okay) feelguilty (what's something you feel guilty about)
Participant;324.66;401.03;um for not changing the battery on my phone no it was the battery on my car i didn't change it and it didn't start and i procrastinated and so yeah yeah that's a bad word you can't say that i not procrastinate and do it before something worse or happen something worse happens something bad happens do it before it gets worse or that or become prepare preparation uh um prepare or um don't think about stuff the last minute uh do things before get things done <sigh> context it okay
Ellie;398.573;403.945;okay_confirm (okay) hard_decisionB (tell me about the hardest decision you've ever had to make)
Participant;404.59;406.61;what's your name <laughter>
Ellie;406.905;407.535;name_ellie (i'm ellie)
Participant;407.8;409.62;oh i forgot okay
Ellie;410.451;414.051;hard_decisionB (tell me about the hardest decision you've ever had to make)
Participant;415.32;423.95;um i don't understand that question can you elaborate give me an example
Ellie;423.248;424.868;back_later (let's come back to that later)
Participant;425.85;427.18;<sigh>
Ellie;426.264;430.4;memory_erase (tell me about an event or something that you wish you could erase from your memory)
Participant;431.71;441.77;um um that is a good question
Ellie;445.344;446.114;Ellie17Dec2012_02 (uh huh)
Participant;447.69;454.02;um can i ask you a question
Ellie;463.367;465.807;easy_sleep (how easy is it for you to get a good night's sleep)
Participant;468.86;480.04;um it's okay you just sleep it's easy you just close your eyes
Ellie;479.44;481.22;sleep_affects (what are you like when you don't sleep well)
Participant;481.47;481.82;what
Ellie;482.65;484.43;sleep_affects (what are you like when you don't sleep well)
Participant;485.9;490.47;tired i'm tired
Ellie;492.057;495.513;okay_confirm (okay) feel_lately (how have you been feeling lately)
Participant;496.46;500.83;<sigh> uh good
Ellie;503.403;508.869;thats_good (that's good) behavior_changes (have you noticed any changes in your behavior or thoughts lately)
Participant;507.76;518.22;no <laughter> i don't know what that is can you explain <ex> no
Ellie;519.475;522.022;happy_lasttime (tell me about the last time you felt really happy)
Participant;523.17;526.79;uh right now i feel really happy
Ellie;528.453;530.263;wild_laughter7BIG ((laughter))
Participant;530.52;615.39;<laughter> it's good very close not really what can you repeat that who has been a positive influence in my life um you because i'm talking to someone who doesn't exist <laughter> um uh um getting into a car accident um uh i picked up the phone and the car hit me i i was using a cell phone no i answered <ans> answered a phone and then all of a sudden i made a left turn and a car hit me
Ellie;615.906;616.786;oh_no (oh no)
Participant;619.49;620.09;mhm
Ellie;619.833;620.773;difficult (how hard is that)
Participant;622.37;633.58;it was very hard because now i have no money 'cause i paid off i had to pay for it to get damaged uh repaired
Ellie;635.178;638.322;isee_downer (i see) symptoms_cope (how do you cope with them)
Participant;639.47;643.37;cope with who cope with that
Ellie;643.02;645.97;advice_back (what advice would you give to yourself ten or twenty years ago)
Participant;644.35;661.18;<laughter> um what advice would i give myself ten <t> ten <te> okay ten years ago 'cause i was okay um i would say do good in do good in school
Ellie;663.449;664.609;tell_about_that (can you tell me about that)
Participant;665.94;676.41;um um i thought school was too way too easy so i slacked off
Ellie;679.183;679.643;okay_confirm (okay)
Participant;679.9;680.35;<laughter>
Ellie;680.791;683.151;memorableB (what's one of your most memorable experiences)
Participant;684.16;685.48;uh meeting you
Ellie;688.791;690.481;BF_describe (how would your best friend describe you)
Participant;692.66;709.63;um funny mm like long term or short term
Ellie;710.546;711.746;mind (whatever comes to your mind)
Participant;714.01;727.69;<laughter> um i wanna i wanna um uh hmm uh i don't know i have to i have to i have to write down i have to plan that out
Ellie;729.293;729.753;okay_confirm (okay)
Participant;737.5;740.05;mm that's personal question
Ellie;744.309;746.508;ideal_weekendC (tell me how you spend your ideal weekend)
Participant;747.77;758.7;<laughter> uh watching movies and and books
Ellie;761.052;761.592;like_what (like what)
Participant;763.74;772.3;books d_v_ds uh going out to uh the the library
Ellie;773.771;774.281;mhm (mhm)
Participant;774.4;785.36;mhm events um uh discovering new places that i haven't been to before
Ellie;786.609;791.537;okay_confirm (okay) Ellie17Dec2012_10 (tell me about something you did recently that you really enjoyed)
Participant;793.92;797.97;i went to a party and met some new friends
Ellie;798.98;803.924;nice (nice) happy_didthat (are you happy you did that)
Participant;806.95;815.48;yes who isn't happy when they have meet new friends and go to a party <laughter> right
Ellie;815.37;817.0;love_hear (i'd love to hear all about it)
Participant;818.64;819.77;oh okay when
Ellie;821.784;823.324;bouts_symptoms (when was the last time that happened)
Participant;822.48;827.85;<laughter> when was what the last time what <wh> what
Ellie;829.935;832.235;Ellie17Dec2012_08 (what are you most proud of in your life)
Participant;833.03;844.19;um staring at you in the eyes <laughter>
Ellie;843.726;846.166;asked_everything (okay i think i have asked everything i need to)
Participant;846.71;847.66;i have a question
Ellie;847.112;850.276;appreciate_open (thanks for sharing your thoughts with me) bye (goodbye)
Participant;850.8;853.65;okay bye bye hello
