speaker;start_time;stop_time;text
Ellie;32.95;54.4;hi i'm ellie thanks for coming in today i was created to talk to people in a safe and secure environment i'm not a therapist but i'm here to learn about people and would love to learn about you i'll ask a few questions to get us started and please feel free to tell me anything your answers are totally confidential are you okay with this
Participant;55.82;56.07;yeah
Ellie;56.81;60.29;okay so how are you doing today
Participant;60.83;63.13;i'm doing okay how are you doing
Ellie;62.9;68.63;that's good i'm great thanks where are you from originally
Participant;68.97;73.54;i'm originally from like a suburb <su> a suburb of l_a from the san gabriel valley
Ellie;74.36;77.94;really what are some things you really like about l_a
Participant;78.79;89.7;i like the diversity i like the vibe of the city i've lived other places and it's just not as happy here i feel like i can really thrive here so i just like l_a
Ellie;90.42;90.86;mhm
Participant;90.5;99.66;like all the things that are so close together then there's a lot of interesting things that totally different parts of the city just miles away from each other
Ellie;100.38;105.29;yeah i see what you mean what are some things you don't really like about l_a
Participant;106.76;116.47;uh don't like the traffic don't like all the cars but i can live with it i mean there's not that much i don't like
Ellie;118.76;122.52;okay what'd you study at school
Participant;123.39;129.57;i studied music um vocal performance i studied music technology things like that
Ellie;130.26;133.15;awesome are you still working in that
Participant;133.48;134.05;yes
Ellie;134.98;135.84;what do you do now
Participant;136.5;162.41;right now um i sing in an opera company but my i do have a day job because it doesn't pay that much unless you're actually working for the l_a opera so i do have a day job i work at a call center that caters mostly to performers and actors and things like that and it's really good because if i get a call i can call in and change my shift very easily so it's actually a pretty good gig
Ellie;161.57;162.02;okay
Participant;163.95;176.78;and i do some uh technology gigs sometimes you know it's do some recording some live sound stuff but i'm kinda wanna get away from that do some video work sometimes but again i wanna get away from that i wanna go back to the
Ellie;176.14;176.52;why
Participant;177.5;189.76;because i find that performing more is more interesting i like being talent more than i like being crew <laughter> so i kinda wanna get away from that side and start working more toward actually doing what i wanna do with my life
Ellie;190.73;195.76;okay do you consider yourself an introvert
Participant;197.18;219.11;sometimes i mean per my personal life yeah so i do have a shell that i put out there to deal with people but if i'm at home you know i'd kinda rather just keep to myself or my husband or my cats or whatever talk to family don't really have too many close friends <clears throat> but yeah you know i'd rather keep to myself
Ellie;219.97;223.0;uh huh how close are you to your family
Participant;224.95;230.52;uh moderately close to the family that i have left i've actually lost a lot of family in the last ten years or so
Ellie;231.34;232.34;i'm sorry to hear that
Participant;231.43;249.24;but like thank you <laughter> but like uh my i'm close to my husband and you know i've got couple of cousins i talk to and my aunt that i have an aunt that i talk to a bit but it's not like we're interacting every day close together
Ellie;250.14;250.45;right
Participant;250.31;253.28;but it's somewhat close
Ellie;254.44;257.37;okay what do you do to relax
Participant;259.41;291.38;mostly i sing or i read or i write or just hang out and try to clear my mind of all thoughts sometimes it doesn't work but i try to do that and try to just clear everything and see what starts coming back in and sometimes <ss> sometimes that works sometimes it doesn't but mostly creating things um contacting my family some <so> you know through facebook or whatever
Ellie;291.98;292.54;uh huh
Participant;292.3;297.55;works but mostly in my free time i create things
Ellie;298.28;300.93;okay do you travel a lot
Participant;302.21;323.04;i'd like to travel more i like to travel by car a lot um i mean my idea of like having a birthday celebration would be to go on a road trip and i like to travel more um i would love to travel for work things or whatever but i don't get as much of an opportunity as i would like to to travel
Ellie;324.42;325.9;what do you enjoy about traveling
Participant;327.27;347.58;seeing <see> uh particularly traveling by car seeing like the landscape change seeing people change seeing you know feeling the vibrations of the area change i like just seeing what's out there seeing and i know that there's a bigger world outside of where i am and where i live and my world and i like to see that
Ellie;348.85;349.16;uh huh
Participant;349.08;351.64;but i like to leave that too and go back to my own world <laughter>
Ellie;352.34;353.03;<laughter>
Participant;353.08;353.87;<laughter> <clears throat>
Ellie;354.46;356.03;i'd love to hear about one of your trips
Participant;357.94;412.37;um let's see xxx a trip that i like to take is to make the drive from here to nevada whether i go all the way to vegas or just go to state line um my cousin and i would take what we call exit one trips because once you get to the first exit of a highway you're either in another state or you're at the end of the highway so we'd take those we'd just sort of impromptu with like <li> a day or two notice just move things around just take off so those are actually trips that i i like making <mak> 'cause i take off and then just come back sometimes the same day sometimes overnight just small short trips that aren't very involved but you just get to go and you see things and see how um you know the desert landscape looks in different seasons how people react in different times of the year in different areas
Ellie;411.71;412.01;uh huh
Participant;413.16;434.98;so close to home but not but not close to home close to home but uh still a world away so that 'cause i don't really have time to take like a two week vacation or whatever but that's just little things that kinda put things back in perspective and and clear my head and things like that i mean 'cause there's sort of a sense of meditation and zen that you get on a highway that you don't get driving a freeway
Ellie;435.48;435.86;yeah
Participant;435.9;438.6;so i i like i like doing that
Ellie;436.23;442.46;i see what you mean cool when was the last time that happened
Participant;443.94;485.59;the last time that happened was may of last year that's the last time i was able to do that we actually my aunt came over with my cousin who's ten years younger than i am and we kinda grew up like sisters and i was about to move away from the inland empire which is where they live so they kinda took me on a last hurrah and we drove up to vegas and looked around and came back 'cause i actually lived in vegas for awhile but i didn't like it so they kinda i showed <show> showed them some of the locals sites around there and we came back and was you know an overnight trip but we were driving the entire time <laughter> so
Ellie;485.37;485.75;wow
Participant;487.95;489.25;it was kind of an interesting
Ellie;488.57;490.68;what are some things that make you really mad
Participant;492.88;517.75;uh things that are just inherently unfair when people are mean to the elderly or to children or to animals people who can't fight back and they're mean to them just because they can't fight back and i actually like to see people who are strong <st> as strong as the people who are being mean standing up and being an advocate
Ellie;518.36;518.7;yeah
Participant;518.6;533.05;or what have you so i think that's one thing that's makes me really mad just being cruel or mean for no reason you know not people <pe> for people who can't fight back or for people who've done nothing to deserve it just that kinda really just makes me mad
Ellie;531.52;537.15;uh huh okay what do you do when you're annoyed
Participant;538.97;571.44;when i'm annoyed i'll try to just walk away from the situation and if the situation insists on following me then i'll wind up lashing out somehow either you know verbally just cutting 'em with a quip or you know i mean i i rarely just i rarely will yell at somebody but i'll try to you know if i'll try to walk away and defuse it if that doesn't work then i'll let them know that they're annoying me and get away from me <laughter> that usually works
Ellie;570.16;571.67;has that gotten you in trouble
Participant;572.89;604.01;not in like legal trouble or anything because usually i'll find a way to get them to leave me alone um so there's not really like big trouble but 'cause i think 'cause it's it it is off-putting and it's not expected <exp> the expected reaction and that's actually kind of cultivated in me that it's not the expected reaction 'cause i know that will work and get people away from me so it's not really in trouble and if
Ellie;595.34;595.69;uh huh
Participant;604.98;619.86;it's is trouble it's usually trouble that it's from their the other person's perspective and it doesn't affect me at all because it's usually a situation i can get out of so as long as they leave me alone you know i don't i i'll walk away from it
Ellie;620.5;625.28;okay when was the last time you argued with someone and what was it about
Participant;626.71;637.41;uh the last time i argued with somebody like person <per> like a person <per> like a family member or an outsider or somebody not in my
Ellie;636.72;637.8;whatever comes to your mind
Participant;639.07;670.92;uh the last thing i can think of was i argued with my husband about the care of my mother-in-law 'cause she's got dementia and so we one of the reasons we came out here from the inland empire was to take care of her 'cause she won't go anywhere but l_a i mean she is like hardcore angelino like you know we we know we are the we're that in our nature but we also know it's cheaper to live elsewhere <laughter> but um so we came out here to take care of her
Ellie;667.67;668.04;yeah
Participant;672.08;689.47;and he wants her to be able to stay in her in her apartment and i want her to move in with us because it would be cheaper and faster and easier and safer for her if she lived with us but she wants to stay where she is 'cause she can't see that there's inherent danger now because of the disease process
Ellie;690.09;690.41;yeah
Participant;690.45;742.79;but he wants her to stay where she he wants her to be able to have what she wants 'cause he's a mama's boy like i am i'm a mama's girl even though i've lost my mom like four years ago i'm still a mama's girl and i'll still <st> and i still and i know that it brings you a sense of satisfaction to to carry out their wishes because you care about them so much and that's what they want so you wanna get it for 'em and because you know they you know that happened when you were growing up when they tried to give you what you want because you wanted it and you wanna do that for them now like sort of giving back to them somebody that you care about somebody you feel deserves it but it's kinda dangerous for her you know and i don't want things <thi> something to happen to her yet i want her to remain who she is for as long as she can 'cause i know it the disease that she has is gonna erase who she is eventually
Ellie;743.42;743.82;yeah
Participant;743.42;781.18;and eventually she will have to be put in a place where they can give her twenty four hour medically trained care but until then we can we can handle it you know amongst ourselves 'cause it's not that bad but it's getting where she really shouldn't <shou> has no business living by herself anymore so the solution right now is he stays there most the time with her and i go back to our house and i it gets stressful and it gets annoying because i do i handle the outside things i run the errands i take her to the store things like that he does the day to day things makes sure she has <ha> she eats makes sure she you know has clean clothes things like that
Ellie;774.89;775.22;uh huh
Participant;782.48;803.05;so i mean it's a partnership it's a it's a dual effort it's very much a dual effort but i would like her to move in with us so that was that's like a source of it's not really like yelling screaming argument but lively discussion <laughter> you know than debate
Ellie;802.06;805.99;i see that sounds really hard
Participant;807.28;824.69;meh it's not insurmountable i mean life's not gonna be easy ever and if it is that's when you should worry because that's when somebody can pull the rug out from under you so as long as you're on top of things and you're present in your life it's not gonna be easy but you deal with it and you you move on
Ellie;825.7;829.96;yeah who's someone that's been a positive influence in your life
Participant;831.04;862.89;uh the most positive influence i think have been probably my mother and my grandmother 'cause my mom was pretty much a single mom and my grandmother helped raise me and they actually gave me a lot of confidence and but were realistic about it so i mean i think i have sort of a realistic sort of a downer temperment <laughter> to myself but they but they helped me see that it's just in me and it's not something i can't get over
Ellie;863.67;863.99;uh huh
Participant;863.74;877.4;and that you know life's gonna go on you know my mom would say to me when you're forty you're forty whether you're working at mcdonald's or doing what you want with your life and i think that was a big influence on how i lived have how i've lived my life since she's passed
Ellie;878.96;883.38;that's great is there anything you regret
Participant;886.04;905.71;i regret not taking care of myself in the last year of my mother's life because i think it may have clouded some of my decisions now i do have underlying conditions and everybody in my family is diabetic and i didn't take care of that when she was the last year of her life 'cause i was too busy wanting to get her home my focus was to get her home
Ellie;904.7;905.06;yeah
Participant;906.66;957.57;so i didn't eat right i didn't take my insulin right um i wound up making myself insulin resistant that that year just 'cause my blood sugar was so high for eh like a year eating just horrible foods when i did eat so it really took a toll and i really actually made myself very sick and i'm wondering well if i didn't if i would've taken care of myself and i had my head on completely straight and my my vision <vi> my vision and my thoughts weren't completely <complete> weren't clouded would i have made some better decisions on her behalf especially when she needed 'em and when she needed me to be to step in and make the decisions for her because she uh wound up having a health catastrophe 'cause she had kidney well she had kidney damage that wound up being kidney failure and her health insurance provider missed that so she wound up having
Ellie;956.6;957.02;wow
Participant;958.52;993.48;sort of this whole catastrophe where everything at once just started breaking down she wound up having a stroke at like fifty one she had had a small stroke and it just kinda went down from there so i'm thinking well if i didn't if i had taken care of better care of myself would i have been able to take better care of her and i know there wasn't anything i would've been able to do to prevent her death but what if i if i would i have been be able to make it easier on her if i would have taken care of myself and that's like one huge regret that i have
Ellie;994.28;997.77;yeah do you think that maybe you're being a little hard on yourself
Participant;998.7;1058.26;oh i know i am <laughter> but xxx it's my desire to take responsibility for everyone and everything that i care about taking responsibility for my own life and me and mine and i know other people i can't really direct them into my own vision because they're their own individual beings and they can't you know be what i want them to be and i know they're not going to be but i still have you know my ideals and i want the way i want everything to go and i want everybody that i care about to be happy and to be able too fit into my life in a way in the best way possible but i know 'cause they're other beings and i know i'm not gonna be able to do that for them and they're not gonna be able to do that for me but it's still my ideals <laughter> so i have to sometimes have to look at it and go well
Ellie;1056.14;1056.54;mhm
Participant;1058.71;1070.92;is this what i want because i want it or what is what they want and what's their <thei> is it their decision or mine and it's usually it's theirs and i know it's theirs so i so if you really care about somebody you're just gonna support them and go with them but
Ellie;1066.09;1066.44;yeah
Participant;1072.24;1077.78;it's still kinda hard <laughter> for for me and know i gotta get over it
Ellie;1078.81;1083.23;yeah what advice would you give yourself ten or twenty years ago
Participant;1085.26;1128.92;um ten or twenty years ago probably to have been more assertive in starting my own life because i wound taking care of my mother i mean she got sick literally the weekend i graduated from college <laughter> and i had a job lined up and i had to pull out of that because she needed me to take care of her and i think i would've been more aggressive about starting my own life getting a job outside the house in addition to caring for her getting uh my own job history my own credit history thing like things like that built up instead of becoming just totally her daughter for about ten years
Ellie;1125.3;1125.62;uh huh
Participant;1129.89;1156.54;so i think i i probably would've done that um but i tell myself just do that you keep who you are and learn to separate your you who you are and what you feel you need to be doing for your family to keep a sense of of yourself that's probably what i would've and do things for yourself to keep that sense of yourself that's probably the advance advice of what i would give myself
Ellie;1154.02;1154.4;mhm
Participant;1157.02;1158.58;ten years ago <laughter>
Ellie;1158.72;1161.75;okay have you ever served in the military
Participant;1162.22;1162.54;no
Ellie;1163.22;1165.11;have you ever been diagnosed with p_t_s_d
Participant;1165.61;1165.91;no
Ellie;1166.6;1168.39;have you been diagnosed with depression
Participant;1169.12;1192.13;no but probably 'cause i haven't gone to a doctor about it <laughter> 'cause i don't wanna know and i mean it's not i know there've been times in my life where i've been severely depressed and it's usually circumstances and had to pull myself out of it but i'd rather pull myself out of it before resorting to treatment and of it gets <ge>
Ellie;1191.57;1192.84;can you give me an example of that
Participant;1194.1;1260.61;um after my mother had died i mean it'd been this long battle for a year that we lost and i didn't know if i if i was to blame for that it's like logically i knew i wasn't but how could i convince myself of that um two weeks after she died i wound up with pulmonary embolisms in one in each lung because i didn't take care of myself for a year and i figured oh i'm thirty years old if you know whatever i do to myself i can get over no <laughter> turns out no <laughter> but um i mean i wound up having to take more medication because of that uh it's been a fight to get my own health back to get to be able to get out of that depression 'cause so much of my life was based on being my mother's daughter all of a sudden i didn't it's like the rug was pulled out my like bottom fell out of my world after that so
Ellie;1259.82;1260.23;yeah
Participant;1261.36;1319.29;that was the prilly pretty much sent me into a deep depression um i almost got divorced because of it because i just didn't want anything anymore so and i was i being really distant from my husband by then at that time we were married for about two years at that point and i started getting very distant from him just pushing everything away just you know figuring well what am i gonna do with the rest of my life now and it it's been a fight you know you mean there times when no i couldn't get up just stay in bed and sleep all day you know but then realizing that when my mother died i had four cats to look after two are mine two are hers and so i wound up adopting the two that were hers i mean well they don't have a choice of whether they can go out and get their own food and get their own you know own own supplies
Ellie;1319.62;1319.96;uh huh
Participant;1320.52;1336.65;i took that responsibility of doing it for them so that was one motivating factor was that they didn't have a choice of whether or not i was gonna get up and provide for them i mean i could go without eating i could go without taking care of myself but they couldn't
Ellie;1337.48;1337.95;yeah
Participant;1337.56;1377.28;they didn't you know so they eh they actually got me up and and made me go out and face things even though i didn't want to didn't just didn't just kinda wanted to curl up and die but that would've been my choice not theirs and they i mean what would happen to them if i wasn't there to take care of them they would've been you know sent to a shelter or whatever probably and maybe they would've not been readopt me home and adopted by somebody else maybe they would have been killed for for me i mean for me making selfish decisions
Ellie;1374.04;1374.42;mhm
Participant;1378.03;1406.03;so it's like i need somebody to take care of to get myself out of bed <laughter> so <s> and that's actually been a motivating factor is to to 'cause i've figured out that if it was just me i'd be able to live without a lot of stuff i mean i would be able to live in my car if i wanted it wouldn't be a big deal i wouldn't care as long as i was doing what i wanted with my life but i have a family to look after now so i have to go out and do things
Ellie;1406.49;1406.89;yeah
Participant;1406.65;1421.88;you know i i have to go out and look for legitimate work you know day you know day job i have to you know but i'm trying to strike a balance between the two because it's what i wanna do with my life but yet i have to take care of my family so i'm been working on on a balance of the two
Ellie;1422.5;1423.44;how hard is that
Participant;1425.0;1454.18;very <laughter> but it's worth it i mean it would be very i'd have a lot less things to worry about if i just lived in my car and said forget it <laughter> but keeping a residence down paying bills things like that it's it's difficult but you have to do it you know if you want you want anything <anyth> if you ever want anything in your life you have to go through that
Ellie;1454.8;1455.27;yeah
Participant;1455.38;1485.5;and i and and i know that but it it gets hard sometimes you do wanna give up but then it's like well what's the alternative i mean i don't think i could live a comfortable life 'cause if i did i wouldn't do anything <laughter> i have to be slightly uncomfortable or i'm not gonna do anything with myself i'm just gonna be content to just hang out all day stay in bed hang out with my cats or whatever and i wouldn't get anything done
Ellie;1486.6;1489.72;i see how have you been feeling lately
Participant;1490.94;1553.66;uh very anxious and nervous and i mean what if i don't find enough you know enough work to be able to pay my rent or whatever what if um you know what what if i can't keep a semblance of stability in my life and it it's actually hard work to be stable <laughter> and i know it's hard work to be stable but what you know it's just eh a lot of what ifs and and i don't think it's things that haven't happened and it's stupid and pointless to worry about things that haven't happened and i know that but it still happens <ha> it still creeps in so that's actually a source of anxiety but then you try to let the anxiety go by getting things done figuring things out making a solid plan and going for it but i i i know it it's a cycle
Ellie;1552.65;1553.19;that's good
Participant;1554.34;1574.15;and i'll go from being really anxious and oh my god what am i gonna do what am i gonna do to saying okay what is the fundamental thing i need to take of here i mean what <wha> what is just extraneous and what can <c> what can what is what are the actual non issues and what is the actual issue
Ellie;1574.62;1575.07;mhm
Participant;1575.13;1602.11;and so figure out how to figure things out that way and then the anxiety starts to go away a little bit but then something'll pop up and the what ifs will come up again mm i'll have to uh figure it out again <laughter> but i know it's a cycle i know um what seems huge on the surface when you start chipping away at it you get over it pretty quickly you get through it
Ellie;1602.79;1607.48;yes when was the last time you felt really happy
Participant;1609.02;1652.78;the last time i felt really happy i don't know zz um i huh <laughter> that's a good question that actually <ac> that actually surprisingly stumped me because i do feel happy sometimes sometimes not so much sometimes just kinda eh in the middle um really like overjoyously happy i don't know i i'm not i can't think of <o> of when that happened
Ellie;1655.22;1659.46;okay how would your best friend describe you
Participant;1663.93;1688.12;i don't know you don't know perceptions of other people i mean probably as somebody who oddly enough somebody who is laid back and you know handles things as they come but i don't see myself as that at all and it's a it
Ellie;1687.85;1690.19;what would you say are some of your best qualities
Participant;1691.83;1715.72;probably that i can think on my feet and i'm not afraid to hussle my butt off and do whatever i have to to survive and get things done um that and i can do it creatively and i try to strive for balance probably probably the best things about me <laughter>
Ellie;1716.57;1721.92;uh huh that's great what are you most proud of in your life
Participant;1723.6;1759.27;that i'm doing basically what i want with my life which even though it's not all easy it's not um you know i'm not financially well off or anything it's still a lot more than a lot of people can say about their lives 'cause i have an aunt that i really don't talk to who and the reason why i don't talk to her is because she's always miserable i mean she's got a career that she it's more of a job that she fell into 'cause my older aunt uh loves animals but didn't wanna be a veterinarian so she became a dog groomer
Ellie;1753.04;1753.43;uh huh
Participant;1759.71;1783.98;and she was actually really good at it she had a stable business for a long time but her hands <ha> you know she started getting arthritis in her hands and she had um the actually my cousin's father went and kinda stole all the money from her business so she lost her business and she kinda she retired early 'cause between that and the arthritis she wound up retiring early
Ellie;1779.33;1779.84;uh oh
Participant;1784.46;1793.28;she employed my younger aunt who was still a dog groomer but she hates it and it's like change your life if you hate your life so much change it
Ellie;1793.93;1794.41;yeah
Participant;1794.6;1824.21;and the thing <thi> the thing i'm most proud of is yeah i'm not as financially well off as she is but i'm doing what i want with my life you know i can be creative i can have creative people around me people who i actually like to talk to around me people i actually like in my life and be happy with that and i see a lot of people who aren't and it it gives me a sense of of maybe a a bloated sense of self satisfaction to be able to say i'm not like that
Ellie;1825.11;1825.47;yeah
Participant;1825.11;1831.98;and i'm actually doing what i want even though there's sacrifices i'm still fundamentally doing what i want with my life now
Ellie;1832.53;1839.18;mhm that's so good to hear okay i think i've asked everything i need to
Participant;1837.33;1840.46;thank you <laughter> okay
Ellie;1840.24;1841.74;thanks for sharing your thoughts with me
Participant;1842.98;1843.76;thank you <laughter>
Ellie;1843.5;1844.05;goodbye
Participant;1844.16;1844.57;goodbye
