speaker;start_time;stop_time;text
Participant;37.5;38.35;<synch>
Ellie;57.166;78.706;IntroV4Confirmation (hi i'm ellie thanks for coming in today i was created to talk to people in a safe and secure environment i'm not a therapist but i'm here to learn about people and would love to learn about you i'll ask a few questions to get us started and please feel free to tell me anything your answers are totally confidential are you ok with this)
Participant;78.91;79.21;yes
Ellie;80.873;84.923;okay_confirm (okay) how_doingV (so how are you doing today)
Participant;84.64;85.59;uh good thanks
Ellie;88.748;91.649;thats_good (that's good) where_originally (where are you from originally)
Participant;91.55;92.38;the east coast
Ellie;94.602;95.682;when_LA (when did you move to l_a)
Participant;95.725;96.325;for work
Ellie;98.501;100.401;often_backB (how often do you go back to your hometown)
Participant;100.26;101.14;uh rarely
Ellie;104.602;105.172;why2 (why)
Participant;105.78;106.86;i prefer it out here
Ellie;110.371;111.991;compares_LA (how does it compare to l_a)
Participant;112.49;122.33;uh i it's um not as nice as the lifestyle out here i like the weather better and uh just a lot of things about living here it's my favorite city so
Ellie;125.803;131.989;travel_shoes (i'm sure you can tell by my shoes i'm not much of a world explorer do you travel a lot)
Participant;132.46;138.22;uh somewhat um but i mostly
Ellie;138.601;140.121;travel_changed (what do you enjoy about traveling)
Participant;139.55;139.89;what's that
Ellie;141.368;142.888;travel_changed (what do you enjoy about traveling)
Participant;143.19;153.8;um just um i like to go to france a lot i like the food there and um just the uh lifestyle the shopping that sort of thing
Ellie;155.559;158.027;nice (nice) study (what did you study at school)
Participant;157.89;159.57;uh art history and marketing
Ellie;161.605;165.067;sounds_interesting (that sounds interesting) hard_decision (how did you decide to do that)
Participant;165.88;189.59;uh well um i became interested in high school and i thought it was a good um classical education uh and um i interned at andy warhol's magazine when i was in high school and so that scrubbed_entry
Ellie;191.543;192.263;awesome (awesome)
Participant;191.62;191.89;hmm
Ellie;193.958;194.958;happy_didthat (are you happy you did that)
Participant;194.84;195.31;yes
Ellie;197.061;198.321;still_working_on_X (are you still working in that)
Participant;198.14;198.53;yes
Ellie;200.389;201.589;dream_job (what's your dream job)
Participant;202.45;213.325;uh eh i'm pretty happy with what i'm i'm doing i do um consulting so i write marketing plans that sort of thing
Ellie;215.736;216.676;difficult (how hard is that)
Participant;217.04;219.42;um it's can be fairly hard
Ellie;222.406;223.566;tell_about_that (can you tell me about that)
Participant;224.03;225.13;about writing a marketing plan
Ellie;226.939;227.409;mm (mm)
Participant;227.33;249.43;um uh i don't know it's hard it's hard to um <laughter> to talk to someone who's about it who's not in marketing it it requires just um a knowledge of uh you know how it's how it how it's done and it it takes uh several months to to do one so
Ellie;251.145;258.368;okay_confirm (okay) shyoutgoing (do you consider yourself more shy or outgoing)
Participant;257.45;267.64;um well i guess i'm i originally kind of shy but um i i become more outgoing just 'cause of work and stuff
Ellie;269.896;283.405;thats_good (that's good) relax_fishtank (sometimes when i'm feeling tense i turn on the fish tank screensaver hey i know it's not hawaii but it's the best i've got what do you do to relax)
Participant;283.29;293.095;um i like to exercise uh i i do um hiking with my dogs we walk up up and down a hill a couple times is it
Ellie;295.495;299.726;okay_confirm (okay) control_temper (how are you at controlling your temper)
Participant;300.04;300.482;good
Ellie;302.549;305.599;last_argument (when was the last time you argued with someone and what was it about)
Participant;306.15;314.342;uh i don't remember
Ellie;316.689;322.194;okay_confirm (okay) situation_handled (tell me about a situation that you wish you had handled differently)
Participant;323.06;327.172;um i don't know nothing comes to mind
Ellie;331.707;333.809;feelguilty (what's something you feel guilty about)
Participant;336.252;349.642;mm um sometimes i don't i don't clean my car it might get lots of dog hair in it and i feel bad when i i should always stay on top of that just getting to the car wash and stuff
Ellie;351.572;357.698;see_mean (i see what you mean) hard_decisionB (tell me about the hardest decision you've ever had to make)
Participant;359.54;394.986;uh well i had a conflict with my brother and so um i had to decide to have an estrangement from him and that makes the most sense and that was a a somewhat difficult decision but just because of his angry behavior it wasn't it wasn't that difficult but um you know it was <wa> it was somewhat difficult because i i loved him very much so
Ellie;397.265;401.757;yeah_downer (yeah) family_relationship (tell me about your relationship with your family)
Participant;402.221;408.782;um i'm not close to my family so um but i don't really have one
Ellie;411.104;415.004;okay_confirm (okay) influence_positive (who's someone that's been a positive influence in your life)
Participant;415.626;431.916;um i have a a japanese friend uh oh i think the sensor came off i have a a japanese friend i'm i'm uh very close with she's like my kind of a my <m> my mother and um scrubbed_entry
Ellie;433.903;435.053;how_know (how do you know them)
Participant;435.33;444.13;uh i just met them socially um scrubbed_entry
Ellie;447.545;453.897;cool3 (cool) memory_erase (tell me about an event or something that you wish you could erase from your memory)
Participant;456.841;459.221;uh i don't know nothing comes to mind
Ellie;462.899;463.359;okay_confirm (okay)
Participant;468.92;487.662;<talking to experimenter> <talking to experimenter> <talking to experimenter> <talking to experimenter> <talking to experimenter> <talking to experimenter>
Ellie;493.692;498.667;okay_confirm (okay) easy_sleep (how easy is it for you to get a good night's sleep)
Participant;498.792;501.432;um pretty easy 'cause i keep a regular schedule
Ellie;503.564;505.344;sleep_affects (what are you like when you don't sleep well)
Participant;505.712;508.862;um just <jus> just kind of tired maybe a little bit irritable
Ellie;511.609;512.989;feel_lately (how have you been feeling lately)
Participant;512.82;513.442;uh good
Ellie;515.492;520.601;thats_good (that's good) behavior_changes (have you noticed any changes in your behavior or thoughts lately)
Participant;521.23;530.73;um well i'm recovering from p_t_s_d so um i sometimes feel the the p_t_s_d and then i'll i'll take a medication for that
Ellie;533.549;534.929;trigger (are they triggered by something)
Participant;535.57;544.722;no it's just uh it's just left over of the i'm still <sti> i still have the stress from it i'm still being treated for it it i don't really have any
Ellie;544.867;546.027;tell_about_that (can you tell me about that)
Participant;546.086;547.706;um i prefer not to talk about it
Ellie;549.626;553.451;okay_confirm (okay) depression_diagnosed (have you been diagnosed with depression)
Participant;553.41;555.212;um in the past but it's treated
Ellie;557.78;559.7;when_diagnosed (how long ago were you diagnosed)
Participant;559.735;562.661;um five years ago
Ellie;564.744;566.094;why_seek_help (what got you to seek help)
Participant;567.06;580.386;uh i was i was just um very sad very depressed and so um i also had anxiety so i i went to to doctor and um they helped me and i did uh psychotherapy
Ellie;582.132;583.572;therapy_going (do you still go to therapy now)
Participant;583.56;585.062;yeah for the p_t_s_d though
Ellie;586.988;589.838;therapy_changes (what sort of changes have you noticed since you've been going to therapy)
Participant;590.69;614.492;um i don't know i guess uh it's just um just kind of supportive because <be> because of the issues i have with my family it's it's supportive to have a doctor who is supportive and um you know it just uh gives me good feedback and helps me to make good decisions that sort of thing
Ellie;615.801;618.999;mhm (mhm) disturbing_thoughts (do you have disturbing thoughts)
Participant;619.431;625.235;i yeah i have nightmares about my family sometimes yeah thanks
Ellie;624.08;627.96;im_sorry (i'm sorry) symptoms_cope (how do you cope with them)
Participant;628.725;642.61;oh uh i i just try to uh sleep better i xxx i xxx i xxx before i go to sleep i sort of like um meditate a little bit to get to be calm and then hope that that will help
Ellie;643.984;648.738;uh_huh (uh huh) happy_lasttime (tell me about the last time you felt really happy)
Participant;649.5;657.202;i feel happy all the time pretty much like i my dogs make me happy and you know my life is really happy so
Ellie;658.829;659.729;thats_great (that's great)
Participant;659.14;659.542;mhm
Ellie;661.368;663.058;BF_describe (how would your best friend describe you)
Participant;663.51;674.542;uh i guess you know as a a nice person i'm thoughtful um a good friend um <sigh> and happy fun person
Ellie;675.768;680.812;mhm (mhm) self_change (what are some things you wish you could change about yourself)
Participant;681.92;705.9;um i don't know i mean i'm in my forties now so i'm pretty happy with with myself my <m> you know my um you know uh i've i've done a lot of a lot of work on myself in in therapy and stuff so i'm pretty i wouldn't really change a lot i'm pretty happy with myself i mean not to sound conceited but i'm i'm pretty um happy with myself now
Ellie;707.286;714.305;okay_confirm (okay) feelbadly (tell me about a time when someone made you feel really badly about yourself)
Participant;713.6;729.162;uh well <we> that would that would be um my parents they're very abusive so i don't <d> i <d> i don't talk to them anymore so <laughter> um any you know any times with them you know they they uh you know said <sai> did terrible things to me so i prefer not to talk about it
Ellie;729.074;738.0;okay_confirm (okay) understand (i understand) Ellie17Dec2012_10 (tell me about something you did recently that you really enjoyed)
Participant;740.136;766.362;uh let's see um well i just started reading a book i i like to read um cookbooks and i was just reading a book called um when french women cook and it's about uh a woman's relationship with different women and friends in different parts of france and the and the cooking and so i'm really enjoying that book mhm
Ellie;766.108;770.508;nice (nice) ideal_weekendC (tell me how you spend your ideal weekend)
Participant;770.75;789.606;um i usually you know um get the grocery shopping done which i enjoy i really i really like doing the grocery shopping i go to a few places and and do a bit of cleaning and um uh just uh relax
Ellie;791.325;795.881;thats_good (that's good) advice_back (what advice would you give to yourself ten or twenty years ago)
Participant;796.435;846.582;oh yeah i would <wou> i would say um to have better self-esteem 'cause i used to have very low self-esteem you know from being abused and so um you know i i wish i'd been happier <ha> happier in the past and you know it's taken me a long time to become happy because um you know no matter what what i did whatever achievements i i was i was never happy in the past i was i was always you know struggling with being depressed i didn't <di> i didn't even know why and now you know i realize because of whatever events that it that it was from my parents from that um a relationship and so i my i what the advice would be to not um have a relationship that um is bad for you like sometimes estrangement is the best choice in an abusive relationship
Ellie;847.88;852.612;yeah_downer (yeah) Ellie17Dec2012_08 (what are you most proud of in your life)
Participant;854.15;897.875;um just just <j> the way i live my life the way i treat people i think you know um you know i i believe it like your deeds are very important and i try to treat people in a good way and and i guess you know i'm i'm proud of you know with my work like decisions i've made that um that give me um you <y> you know a a a a uh a job that i i like that gives me a lot of flexibility and i you know i do what i like and <sigh> um and you know people like my work and um and also my my dogs i'm really proud of them and um yeah i guess <gu> i don't know <laughter>
Ellie;898.955;900.835;great_situation (that sounds like a great situation)
Participant;900.08;900.51;mhm
Ellie;902.232;904.672;asked_everything (okay i think i have asked everything i need to)
Participant;904.06;904.57;okay
Ellie;905.579;907.019;appreciate_open (thanks for sharing your thoughts with me)
Participant;906.28;908.17;thank you bye
Ellie;907.965;908.575;bye (goodbye)
