speaker;start_time;stop_time;text
Ellie;44.77;66.35;hi i'm ellie thanks for coming in today i was created to talk to people in a safe and secure environment i'm not a therapist but i'm here to learn about people and would love to learn about you i'll ask a few questions to get us started and please feel free to tell me anything your answers are totally confidential are you okay with this
Participant;67.6;67.92;yeah
Ellie;68.68;72.01;okay so how are you doing today
Participant;74.09;75.71;so so <sigh>
Ellie;76.03;78.8;that's good where are you from originally
Participant;79.51;80.17;nebraska
Ellie;81.8;84.16;really why'd you move to l_a
Participant;85.51;86.33;uh work
Ellie;88.07;89.01;when'd you move to l_a
Participant;90.83;94.69;i've been coming here off and on for years but officially moved here couple years ago
Ellie;95.64;99.18;cool how easy was it for you to get used to living in l_a
Participant;100.96;110.17;um some good days some bad days i i guess i've gotten as used to it as i'm gonna be i don't know if that makes sense but
Ellie;111.16;115.54;yeah i see what you mean what are some things you really like about l_a
Participant;118.55;135.35;um <sigh> accessibility to to different things um as compared to nebraska um you know more opportunities to do different things and and explore different things areas of interest
Ellie;136.25;139.65;mhm what are some things you don't really like about l_a
Participant;140.73;161.04;uh the crime um attitude <laughter> um uh lack of lack of uh uh work ethic lack of uh kindness in people um cut-throat
Ellie;160.68;160.99;mm
Participant;162.53;162.81;yeah
Ellie;163.51;164.52;do you travel a lot
Participant;165.25;167.21;i used to quite a bit
Ellie;167.26;168.72;what do you enjoy about traveling
Participant;170.46;174.75;uh sense of freedom the uh the adventure
Ellie;176.6;178.08;i'd love to hear about one of your trips
Participant;180.07;186.88;um okay you want me to tell you about a trip <laughter>
Ellie;186.99;187.36;yes
Participant;189.07;191.51;uh egypt i
Ellie;191.54;192.16;awesome
Participant;192.42;192.79;yeah
Ellie;194.39;195.34;tell me more about that
Participant;196.86;216.81;uh i went with my mother and some family friends we went on an eight day cruise down the nile saw all the uh pyramids in giza um just it was just a incredible adventure just to get away from everything and everybody and and uh close friends and just have a great time
Ellie;217.84;219.54;that sounds like a great situation
Participant;220.71;220.99;yeah
Ellie;223.56;225.16;how close are you to your family
Participant;226.1;228.5;um not really at all
Ellie;231.29;231.64;why
Participant;234.55;249.46;um just uh uh have history of um abuse and and neglect and uh just not a real functional family dysfunctional is is definitely a keyword in our family so
Ellie;250.4;251.39;i'm sorry to hear that
Participant;253.03;253.54;thank you
Ellie;254.12;256.47;is it uncomfortable for you to talk about this
Participant;257.55;265.67;um no not really i'm talked about it a lot before um so i'm okay with it
Ellie;266.68;270.32;okay who's someone that's been a positive influence in your life
Participant;273.24;291.32;<sigh> um <sigh> <laughter> it's really hard to say i haven't had very good uh uh very positive role models um um ask me the question again
Ellie;292.69;295.01;who's someone that's been a positive influence in your life
Participant;301.15;320.13;<sigh> well maybe at best my mother but uh she's a she's also been a negative uh aspect of my life but um uh yeah i guess i can't really identify anybody who's been a real real positive influence in my life
Ellie;321.43;326.35;okay what's one of your most memorable experiences
Participant;329.63;332.22;um the the trips that i've been on
Ellie;334.28;337.55;cool what do you do to relax
Participant;340.43;379.98;um i used to work out i used to do yoga i used to um i used to meditate i used to exercise and i used to um i used to do a lot of things lately um i find it uh hard to relax i don't have the same uh the same outlets that i did before the same uh i <ss> i i don't pursue them as much anymore i guess i'm i've lost my motivation or something i'm depressed about it you know i guess there it is right there
Ellie;381.99;387.69;okay how are you at controlling your temper
Participant;390.04;409.18;um pretty good i i is temper as far as getting to the point of uh uh physicality i don't ever that um uh but i stand my ground and um but i can control my temper i i i never lose control really
Ellie;410.38;414.76;that's good when was the last time you argued with someone and what was it about
Participant;418.87;446.98;um <sigh> the last time uh probably um as recently as you know in the last month or so i maybe argued with um uh an acquaintance over um uh <laughter> uh i don't know i i have to come back to that question
Ellie;447.8;452.08;okay have you ever served in the military
Participant;452.28;452.73;no
Ellie;454.35;456.36;have you ever been diagnosed with p_t_s_d
Participant;456.96;457.39;no
Ellie;458.16;459.95;have you been diagnosed with depression
Participant;460.39;460.87;yes
Ellie;461.82;463.64;how long ago were you diagnosed
Participant;465.1;473.82;um well officially october of last year but i've i think i've been depressed longer than that but officially october of last year
Ellie;474.84;476.2;what got you to seek help
Participant;479.15;491.41;um actually i was uh being treated for other medical issues and um my depression was notable to the doctors so
Ellie;492.23;493.09;really
Participant;494.31;494.67;yeah
Ellie;495.81;497.93;did you think you had a problem before you found out
Participant;498.12;498.48;yeah
Ellie;500.06;501.31;what were your symptoms
Participant;503.21;554.65;um well i've never been suicidal but just to just to just in i i just often have thought um eh that i don't have much reason to to live i used to think i had a purpose and such but um i don't really have anybody in my life um who i think cares enough about me uh that i really <rea> if i was even dead uh so um i've kind of lost myself and um i used to that used to be enough that i was um enough to uh you know to to have purpuse in my life but um i've lost quite a bit of that
Ellie;557.02;557.49;yeah
Participant;557.14;558.02;motivation <motiv> yeah
Ellie;558.7;563.6;i'm sorry do you think that maybe you're being a little hard on yourself
Participant;566.04;582.14;well i'm trying to pull it together i'm trying to um <sigh> get back a sense of me i get inspired every once in awhile but um overall i just don't seem to be making much progress
Ellie;586.32;587.57;do you still go to therapy now
Participant;589.77;590.22;yeah
Ellie;592.12;593.37;do you feel like therapy's useful
Participant;594.71;608.62;i wouldn't really call it therapy i don't have a therapist per se i have a a nurse practitioner who prescribes medication for me and nobody really to talk about psychosocial issues um i
Ellie;608.32;609.21;that sucks
Participant;610.24;615.05;uh huh did you say that sucks eh
Ellie;614.81;615.25;mhm
Participant;616.01;618.87;okay and uh yeah
Ellie;621.2;622.67;how have you been feeling lately
Participant;625.16;635.28;um overwhelmed preoccupied um just uh trying to stay alive stay on top of things
Ellie;638.29;641.39;have you noticed any changes in your behavior or thoughts lately
Participant;642.61;642.96;no
Ellie;646.63;649.02;how easy is it for you to get a good night's sleep
Participant;651.51;661.01;uh easy when i can i don't um yeah when i if i get a chance to fall asleep i don't have any problem with it
Ellie;662.56;664.33;what are you like when you don't sleep well
Participant;666.86;678.19;um even more distracted and uh um um even more uh lackluster i guess is the word
Ellie;680.8;682.22;that sounds really hard
Participant;684.56;685.03;whatever
Ellie;687.12;688.69;how would your best friend describe you
Participant;692.97;728.65;uh if i had a best friend um <sigh> i don't know um <sigh> he maybe lot of positive adjectives before but now just you know just uh some people say i should be proud 'cause i'm surviving a hard time or some people think that uh i'm a a loser <laughter> so um i don't know <sigh> maybe um a survivor uh persistent um
Ellie;729.73;735.19;okay what are you most proud of in your life
Participant;739.32;771.28;um well i used to be proud of my career and um kinda giving back to people giving back to society um 'cause i was given a lot it felt like um <sigh> so i'm just proud to uh i don't have much of a sense of pride anymore to be quite honest i i've um it uh i don't know <sigh>
Ellie;771.48;773.96;okay what'd you study at school
Participant;774.85;778.25;<laughter> psychology and um
Ellie;777.7;778.21;really
Participant;778.87;779.91;well initially yeah
Ellie;781.49;782.54;are you still working in that
Participant;784.1;802.9;um no not really per se although my current career involves a lot of uh psychology a lot of um uh the aspects i don't know what i'm trying to say um it's a part <p> it's a part of it but it's not the center of it
Ellie;804.25;806.69;i understand what do you do now
Participant;808.84;834.13;um well i guess if my career is still going i'm in uh nursing but um i've been sick lately and with depression and other healthcare problems i uh have uh found it necessary to apply for disability social security income and i'm starting the process of that 'cause i'm not working
Ellie;835.92;836.91;how hard is that
Participant;837.38;837.91;very
Ellie;840.63;841.75;what's your dream job
Participant;845.35;869.11;<sigh> educating people um making a difference i mean i used to i had i've had my dream jobs i've had my dream jobs i don't uh i don't know what the future will hold for for uh work but um something i suppose working with people again health uh helping in some way
Ellie;871.03;874.46;okay do you consider yourself an introvert
Participant;876.84;882.72;um no but lately with the depression more so at times
Ellie;883.73;886.53;uh huh is there anything you regret
Participant;890.28;923.95;i used to say that i never regretted anything 'cause i would make the best decision of all things in front of me but um i just wish there were times then that um the choices that i would have were <laughter> were better 'cause some choices that i seem to have made or were made for me have um made my world kind of shitty for lack of a better word shitty
Ellie;924.94;926.21;can you give me an example of that
Participant;927.86;929.13;what i don't understand
Ellie;931.03;936.23;let's come back to that later what advice would you give yourself ten or twenty years ago
Participant;940.4;999.7;<sigh> to be strong to um believe in myself to remember that i've survived a lot of things and i will survive this too to get up off my ass and move to um <sigh> to have confidence faith um <sigh> i just murphy's law has kicked my ass so much you know i just uh it it seems like when i've tried to make my world better i just keep getting knocked down um so it it's almost like i'm i don't wanna give up but um every time i try and move forward i get knocked back and it gets gets exhausting and i don't have any support system really nobody not really
Ellie;1000.53;1006.72;hmm what would you say are some of your best qualities
Participant;1010.06;1036.08;<sigh> um loyal um hardworking um dependable um uh capable um well at least i used to be
Ellie;1037.54;1038.34;that's good
Participant;1040.25;1060.21;uh intelligent comtemplative um eh uh deep not a superficial person um yeah i guess those are some of them
Ellie;1059.86;1064.8;okay when was the last time you felt really happy
Participant;1072.11;1073.13;many years ago
Ellie;1075.26;1076.37;can you tell me about that
Participant;1080.21;1101.82;um i used to have a lot of confidence i used to be pretty dynamic person i used to be people would <wou> say <s> used to say that i was the most centered person that they knew and i used to help people and i'm now in their shoes and i don't seem to be able to help myself
Ellie;1106.06;1111.62;okay tell me about something you did recently that you really enjoyed
Participant;1117.01;1134.71;<sigh> <sigh> i can't think of anything right now <laughter> i can't think of really anything right now
Ellie;1137.07;1138.75;what are some things you like to do for fun
Participant;1142.25;1167.53;i don't do much anything for fun anymore i used to however um go to movies and and entertainment venues and travel go to dinner with friends do things um but lately i don't i don't really have any pursuits a good day a happy day a fun day for me is a day without something going wrong basically <laughter>
Ellie;1168.31;1168.71;mhm
Participant;1169.92;1170.43;mhm
Ellie;1172.29;1176.98;okay i think i've asked everything i need to thanks for sharing your thoughts with me
Participant;1179.08;1179.59;yeah
Ellie;1179.2;1179.73;goodbye
Participant;1180.47;1180.93;bye
