speaker;start_time;stop_time;text
Participant;21.75;22.55;<synch>
Ellie;37.487;59.027;IntroV4Confirmation (hi i'm ellie thanks for coming in today i was created to talk to people in a safe and secure environment i'm not a therapist but i'm here to learn about people and would love to learn about you i'll ask a few questions to get us started and please feel free to tell me anything your answers are totally confidential are you ok with this)
Participant;59.44;59.95;yes
Ellie;60.532;64.788;okay_confirm (okay) how_doingV (so how are you doing today)
Participant;65.33;67.97;good it's been a nice day
Ellie;67.445;70.963;thats_good (that's good) where_originally (where are you from originally)
Participant;72.43;73.31;the south bay
Ellie;74.396;74.986;really (really)
Participant;75.79;77.1;can i ask you that question too
Ellie;78.903;79.943;from_LA2 (i am from l_a)
Participant;80.21;84.27;oh okay that's where i'm from basically but like the south bay of it
Ellie;85.213;89.119;cool3 (cool) like_about_LA (what are some things you really like about l_a)
Participant;92.23;94.11;not much i've been wanting to move anyways
Ellie;95.479;96.049;why2 (why)
Participant;97.43;105.55;just to get a change-up everybody thinks l_a is like everything it's the best but it's too many people and too much traffic
Ellie;107.218;108.248;see_mean (i see what you mean)
Participant;110.63;111.12;<clears throat>
Ellie;111.008;117.179;travel_shoes (i'm sure you can tell by my shoes i'm not much of a world explorer do you travel a lot)
Participant;115.05;120.1;i can't see your shoes <sniffle>
Ellie;121.473;122.993;travel_changed (what do you enjoy about traveling)
Participant;125.23;127.01;driving and seeing new stuff
Ellie;129.271;130.951;travel_trips (i'd love to hear about one of your trips)
Participant;133.38;143.2;last year i went to sacramento from here and stayed out for like a month living in my v_w bus with my wife it was kinda cool camping
Ellie;143.12;146.875;nice (nice) change_directions (what made you decide to do that)
Participant;148.96;150.44;just wanted to have fun something different
Ellie;153.462;154.602;study (what did you study at school)
Participant;155.26;155.52;art
Ellie;157.371;158.401;still_doing_X (are you still doing that)
Participant;160.14;161.23;no a little bit
Ellie;163.947;165.147;dream_job (what's your dream job)
Participant;168.33;174.46;probably doing what you're doing <laughter> i'm really interested in coming up with new ideas and stuff too
Ellie;172.255;177.569;why2 (why) awesome (awesome)
Participant;179.61;180.35;<clears throat>
Ellie;183.237;187.639;shyoutgoing (do you consider yourself more shy or outgoing)
Participant;188.09;188.52;outgoing
Ellie;191.367;203.137;relax_fishtank (sometimes when i'm feeling tense i turn on the fish tank screensaver hey i know it's not hawaii but it's the best i've got what do you do to relax)
Participant;196.38;209.24;<laughter> i haven't been doing much to do relax relaxing lately but i like the beach
Ellie;211.548;213.608;control_temper (how are you at controlling your temper)
Participant;214.05;214.35;good
Ellie;216.085;221.069;thats_good (that's good) last_argument (when was the last time you argued with someone and what was it about)
Participant;222.36;230.43;i argued with my brother last night actually about him talking to me with with more respect as a person
Ellie;231.942;233.482;describe_felt (how did you feel in that moment)
Participant;234.48;235.71;i was mad and i wanted to fight
Ellie;239.205;241.904;family_relationship (tell me about your relationship with your family)
Participant;242.82;250.52;it's good but sometimes they're just they're too caught up in what they're doing to pay attention to other people's feelings
Ellie;252.015;253.345;give_example (can you give me an example of that)
Participant;254.68;262.65;like with my brother he's just he's just tense because of his situation and he tried to brush <br> brush it off on me
Ellie;264.456;271.28;that_sucks (that sucks) feelguilty (what's something you feel guilty about)
Participant;273.65;275.82;wasting money 'cause i'm married now
Ellie;279.775;281.645;avoid (could you have done anything to avoid it)
Participant;283.15;284.19;yeah not doing it
Ellie;287.878;292.009;memory_erase (tell me about an event or something that you wish you could erase from your memory)
Participant;296.42;304.88;something like probably taking some candy from the store no no taking money from my mom when i was like real young 'cause she
Ellie;304.629;305.789;tell_about_that (can you tell me about that)
Participant;306.71;316.12;well i was like i was in junior high school and i think i took like twenty from her purse and bought candy for my friends and i felt guilty though like the same day
Ellie;319.348;320.828;landed_trouble (has that gotten you in trouble)
Participant;321.93;324.83;probably yeah that was probably the beginning of my stupid activities
Ellie;328.367;330.697;influence_positive (who's someone that's been a positive influence in your life)
Participant;333.09;335.03;all my life or in the past couple years
Ellie;335.69;336.89;mind (whatever comes to your mind)
Participant;337.61;338.17;my wife
Ellie;341.386;344.578;aw (aw) how_know (how do you know them)
Participant;347.22;353.42;i'm married to her we've known each other for about two years i met her at an art walk
Ellie;356.046;356.946;thats_great (that's great)
Participant;357.53;358.98;she actually went to u_s_c too
Ellie;360.583;365.852;awesome (awesome) easy_sleep (how easy is it for you to get a good night's sleep)
Participant;368.21;372.8;the past couple days has been kinda hard but i usually go to sleep good
Ellie;374.266;376.046;sleep_affects (what are you like when you don't sleep well)
Participant;379.15;381.0;i think i'm kinda snappy <sn> i think i'm snappy
Ellie;384.618;385.998;feel_lately (how have you been feeling lately)
Participant;387.8;389.31;positive optimistic
Ellie;391.467;394.637;behavior_changes (have you noticed any changes in your behavior or thoughts lately)
Participant;395.89;396.34;yeah
Ellie;399.248;399.788;like_what (like what)
Participant;403.28;414.37;i've been thinking more positive positively lately and i wanna put a lot of stuff into action so i've been trying to train my mind into knowing that stuff is gonna come to me speaking to the universe
Ellie;416.149;417.089;difficult (how hard is that)
Participant;418.94;422.73;easy if you just try it and do it everybody's got a spirit
Ellie;424.974;428.808;okay_confirm (okay) ptsd_diagnosed (have you ever been diagnosed with p_t_s_d)
Participant;429.08;429.5;no
Ellie;430.079;431.889;depression_diagnosed (have you been diagnosed with depression)
Participant;432.08;432.47;no
Ellie;435.329;436.729;feel_down (do you feel down)
Participant;439.12;441.18;no i just told you i feel positive
Ellie;442.26;445.992;happy_lasttime (tell me about the last time you felt really happy)
Participant;447.22;451.02;i was happy yesterday <yester> i happy yesterday 'cause i you know i made a couple good decisions
Ellie;454.007;454.547;like_what (like what)
Participant;457.28;460.55;wanting to be positive and stay away from negative people
Ellie;463.016;467.898;okay_confirm (okay) Ellie17Dec2012_08 (what are you most proud of in your life)
Participant;471.24;473.41;being alive knowing god
Ellie;475.241;479.267;mhm (mhm) BF_describe (how would your best friend describe you)
Participant;480.22;480.83;i don't know
Ellie;485.614;488.497;self_change (what are some things you wish you could change about yourself)
Participant;495.74;497.68;i don't know i can't think of something now
Ellie;500.582;505.883;feelbadly (tell me about a time when someone made you feel really badly about yourself)
Participant;505.12;515.07;<laughter> mm i don't think i can have one
Ellie;519.283;522.053;Ellie17Dec2012_09 (what are some things that usually put you in a good mood)
Participant;523.67;531.14;sex exercising waking up positive and having a good meal in the morning
Ellie;533.488;537.322;thats_good (that's good) memorableB (what's one of your most memorable experiences)
Participant;539.48;541.33;i think driving to sacramento that time
Ellie;543.433;544.503;regret (is there anything you regret)
Participant;546.08;546.44;no
Ellie;547.74;550.69;advice_back (what advice would you give to yourself ten or twenty years ago)
Participant;553.82;562.52;don't smoke cigarettes and watch how you spend your money are you gonna sell my ideas and my my uh <laughter> thoughts
Ellie;572.933;576.614;hard_decisionB (tell me about the hardest decision you've ever had to make)
Participant;581.76;582.96;i can't think of it right now
Ellie;584.439;590.743;asked_everything (okay i think i have asked everything i need to) appreciate_open (thanks for sharing your thoughts with me) bye (goodbye)
