speaker;start_time;stop_time;text
Participant;21.43;22.32;<synch>
Ellie;36.732;58.272;IntroV4Confirmation (hi i'm ellie thanks for coming in today i was created to talk to people in a safe and secure environment i'm not a therapist but i'm here to learn about people and would love to learn about you i'll ask a few questions to get us started and please feel free to tell me anything your answers are totally confidential are you ok with this)
Participant;59.09;59.47;yes
Ellie;59.977;63.775;okay_confirm (okay) how_doingV (so how are you doing today)
Participant;64.49;66.03;i'm doing well thank you
Ellie;65.733;68.924;thats_good (that's good) where_originally (where are you from originally)
Participant;70.03;71.09;san luis obispo
Ellie;71.874;75.747;really (really) when_LA (when did you move to l_a)
Participant;74.82;78.03;yes four years ago
Ellie;79.467;81.367;often_backB (how often do you go back to your hometown)
Participant;82.62;83.49;about once a month
Ellie;85.468;87.088;compares_LA (how does it compare to l_a)
Participant;88.61;93.84;small quiet fresh air less people it's nice
Ellie;93.363;94.383;why_LA (why did you move to l_a)
Participant;96.74;98.17;i went to school in los angeles
Ellie;99.4;99.81;cool3 (cool)
Participant;100.73;101.22;<laughter>
Ellie;101.205;102.345;study (what did you study at school)
Participant;103.47;104.85;i studied music industry
Ellie;106.705;107.965;still_working_on_X (are you still working in that)
Participant;109.31;111.08;yes i work in the music industry
Ellie;112.581;116.454;awesome (awesome) hard_decision (how did you decide to do that)
Participant;117.72;122.05;it is a passion of mine and i got into school and went with it
Ellie;122.985;123.925;difficult (how hard is that)
Participant;124.93;125.88;how hard is what
Ellie;127.835;129.035;dream_job (what's your dream job)
Participant;129.74;135.2;<laughter> i don't really have a dream job i don't know if that exists
Ellie;137.298;137.758;okay_confirm (okay)
Participant;138.13;140.67;actually it's probably changing all the time
Ellie;142.549;143.579;see_mean (i see what you mean)
Participant;144.09;145.08;<laughter>
Ellie;146.311;150.595;shyoutgoing (do you consider yourself more shy or outgoing)
Participant;150.94;155.65;depends on the situation sometimes i'm shy and sometimes i'm outgoing
Ellie;157.344;163.516;travel_shoes (i'm sure you can tell by my shoes i'm not much of a world explorer do you travel a lot)
Participant;163.68;167.51;well i can't see your shoes but i like to travel yes
Ellie;168.618;170.138;travel_changed (what do you enjoy about traveling)
Participant;171.1;175.85;meeting new people seeing new things exploring the landscape
Ellie;176.982;178.662;travel_trips (i'd love to hear about one of your trips)
Participant;180.37;184.27;uh i went to alaska on a fishing trip
Ellie;186.146;189.976;nice (nice) memorableB (what's one of your most memorable experiences)
Participant;192.48;193.16;on that trip
Ellie;194.422;194.932;mhm (mhm)
Participant;196.73;198.58;um catching an octopus
Ellie;200.585;201.745;tell_about_that (can you tell me about that)
Participant;203.29;211.8;i was deep sea fishing and for halibut and rather than catching a halibut i lured in a octopus
Ellie;212.576;227.887;wow (wow) relax_fishtank (sometimes when i'm feeling tense i turn on the fish tank screensaver hey i know it's not hawaii but it's the best i've got what do you do to relax)
Participant;225.96;232.74;very <laughter> <laughter> i play golf i swim i read
Ellie;233.835;238.575;uh_huh (uh huh) control_temper (how are you at controlling your temper)
Participant;240.57;241.4;i'm pretty calm
Ellie;243.109;246.159;last_argument (when was the last time you argued with someone and what was it about)
Participant;248.23;257.5;um probably couple days ago but it was and it was about a musical project that i was involved in
Ellie;259.031;260.571;describe_felt (how did you feel in that moment)
Participant;263.42;264.31;i felt heated
Ellie;266.986;272.2;okay_confirm (okay) feelguilty (what's something you feel guilty about)
Participant;270.59;277.12;<laughter> i'm not quite sure
Ellie;278.572;282.357;situation_handled (tell me about a situation that you wish you had handled differently)
Participant;285.14;286.22;i'm not quite sure
Ellie;287.637;292.852;hmm_downer (hmm) hard_decisionB (tell me about the hardest decision you've ever had to make)
Participant;299.11;300.69;i'd have to think about that for a while
Ellie;301.753;302.953;mind (whatever comes to your mind)
Participant;308.29;309.16;i'm not really sure
Ellie;311.671;318.111;okay_confirm (okay) memory_erase (tell me about an event or something that you wish you could erase from your memory)
Participant;322.31;333.42;um i had a bad performance one time and i wish people who i knew didn't see it
Ellie;335.41;335.98;why2 (why)
Participant;337.51;343.02;because we weren't well rehearsed and i was embarrassed afterwards
Ellie;344.104;350.754;see_mean (i see what you mean) family_relationship (tell me about your relationship with your family)
Participant;353.21;356.52;i have a brother and parents who are divorced
Ellie;358.217;359.917;family_roleB (how close are you to your family)
Participant;361.56;368.08;i'm pretty close i see them regularly talk openly about most subjects
Ellie;369.072;373.681;thats_great (that's great) influence_positive (who's someone that's been a positive influence in your life)
Participant;378.55;379.17;my brother
Ellie;381.458;382.548;more (tell me more about that)
Participant;385.17;386.03;what do you wanna know
Ellie;389.246;390.446;mind (whatever comes to your mind)
Participant;392.34;393.28;about my brother
Ellie;394.801;395.271;uh_huh (uh huh)
Participant;398.88;399.79;i'm not really sure
Ellie;402.559;407.02;okay_confirm (okay) easy_sleep (how easy is it for you to get a good night's sleep)
Participant;408.7;410.42;most of the time it's pretty easy
Ellie;411.876;413.656;sleep_affects (what are you like when you don't sleep well)
Participant;415.53;420.72;um i drink more coffee to compensate
Ellie;422.581;423.961;feel_lately (how have you been feeling lately)
Participant;426.56;427.03;fine
Ellie;429.459;432.629;behavior_changes (have you noticed any changes in your behavior or thoughts lately)
Participant;436.19;436.59;no
Ellie;438.448;440.488;ptsd_diagnosed (have you ever been diagnosed with p_t_s_d)
Participant;442.38;444.19;what does p_t_s_d stand for
Ellie;445.923;447.733;depression_diagnosed (have you been diagnosed with depression)
Participant;451.1;451.9;no i haven't
Ellie;453.5;456.047;happy_lasttime (tell me about the last time you felt really happy)
Participant;458.67;464.72;um i'm happy all the time <laughter>
Ellie;462.677;466.398;thats_good (that's good) BF_describe (how would your best friend describe you)
Participant;467.8;470.7;um ambitious a go-getter
Ellie;471.99;472.5;mhm (mhm)
Participant;474.84;475.37;feisty
Ellie;475.874;478.746;self_change (what are some things you wish you could change about yourself)
Participant;483.11;484.32;i'm not quite sure
Ellie;486.372;491.666;feelbadly (tell me about a time when someone made you feel really badly about yourself)
Participant;496.16;497.63;i can't recall right now
Ellie;499.72;505.848;okay_confirm (okay) Ellie17Dec2012_10 (tell me about something you did recently that you really enjoyed)
Participant;507.82;512.84;uh i went to a concert saw live music drank good beer
Ellie;513.965;514.695;nice (nice)
Participant;515.25;517.53;yeah <laughter>
Ellie;519.541;522.481;Ellie17Dec2012_07 (what would you say are some of your best qualities)
Participant;523.35;532.26;i'm a good listener i'm passionate and i'm alert
Ellie;534.162;536.788;okay_confirm (okay) regret (is there anything you regret)
Participant;540.24;542.67;ever in regards to what
Ellie;542.048;542.518;uh_huh (uh huh)
Participant;545.88;548.45;no i don't i don't i normally don't regret things
Ellie;549.589;550.159;why2 (why)
Participant;551.98;555.88;because there's too much else to live for to think about the past
Ellie;557.33;558.36;see_mean (i see what you mean)
Participant;559.22;562.27;do you <laughter>
Ellie;561.747;562.217;yeah3 (yeah)
Participant;562.7;563.06;okay
Ellie;565.217;568.167;advice_back (what advice would you give to yourself ten or twenty years ago)
Participant;570.76;580.28;<deep breath> what was that question
Ellie;581.088;584.038;advice_back (what advice would you give to yourself ten or twenty years ago)
Participant;587.29;594.66;to read more and watch t_v watch the computer screen less
Ellie;595.8;596.37;why2 (why)
Participant;597.51;607.76;because that makes you have attention deficit disorder and you focus less on things that are in front of you in real life
Ellie;608.517;609.457;makes_sense (that makes sense)
Participant;610.72;611.14;i know
Ellie;611.197;613.407;ideal_weekendC (tell me how you spend your ideal weekend)
Participant;612.39;631.51;<laughter> i exercise i sleep in late i go golfing from time to time i go to concerts i go to bars hang out with friends at the beach it depends
Ellie;632.498;637.75;okay_confirm (okay) Ellie17Dec2012_08 (what are you most proud of in your life)
Participant;640.62;664.23;what am i most proud of um i'm healthy and i understand the world around me and i'm passionate about things that i'm doing and i have goals that i've set that i'm working towards
Ellie;665.224;665.734;mhm (mhm)
Participant;666.3;669.91;yeah <laughter>
Ellie;669.277;674.0;asked_everything (okay i think i have asked everything i need to) appreciate_open (thanks for sharing your thoughts with me)
Participant;674.36;675.32;what was your name
Ellie;677.22;677.85;name_ellie (i'm ellie)
Participant;678.34;678.87;that's right
Ellie;679.552;680.162;bye (goodbye)
Participant;680.3;680.83;goodbye
