speaker;start_time;stop_time;text
Ellie;38.5;59.93;hi i'm ellie thanks for coming in today i was created to talk to people in a safe and secure environment i'm not a therapist but i'm here to learn about people and would love to learn about you i'll ask a few questions to get us started and please feel free to tell me anything your answers are totally confidential are you okay with this
Participant;60.57;61.29;yeah i'm okay
Ellie;61.91;64.87;okay so how are you doing today
Participant;65.75;66.16;fine
Ellie;67.02;69.47;that's good where are you from originally
Participant;70.46;71.37;pensacola florida
Ellie;72.09;74.43;really why'd you move to l_a
Participant;75.32;78.35;uh i met my wife in mississippi and she stays out here so
Ellie;79.22;82.06;aw when'd you move to l_a
Participant;83.28;89.16;i moved to l_a what two thousand four about yeah about sixteen years twelve years ago something like that
Ellie;89.9;95.09;mhm that's a long time how easy was it for you to get used to living in l_a
Participant;96.28;100.21;it was pretty hard you know different environment i had to learn different things so
Ellie;101.15;104.4;yeah what are some things you really like about l_a
Participant;105.23;107.09;the weather and there's a lot to do
Ellie;108.59;111.68;mhm what are some things you don't really like about l_a
Participant;113.34;116.31;uh too many people <laughter>
Ellie;116.91;120.03;okay how often do you go back to your hometown
Participant;121.66;125.85;uh i guess whenever i can
Ellie;127.31;128.82;when was the last time that happened
Participant;129.32;130.12;uh two years ago
Ellie;132.81;135.83;cool how close are you to your family
Participant;136.71;137.65;uh we're pretty close
Ellie;139.09;142.83;that's so good to hear do you travel a lot
Participant;143.61;144.67;nah not at all
Ellie;146.28;146.66;why
Participant;147.95;151.64;i just don't really have the guess the time and the cash
Ellie;152.93;157.09;okay what are some things that make you really mad
Participant;160.5;164.47;mm not nothing not really nothing really makes me that mad anymore
Ellie;165.22;165.71;really
Participant;165.91;166.25;yeah
Ellie;166.92;168.86;how are you at controlling your temper
Participant;169.27;171.24;i'm very good at controlling my temper
Ellie;172.22;176.58;that's great when was the last time you argued with someone and what was it about
Participant;178.16;187.76;mm not really sure when was the last time i'd say maybe i'm not not really sure but it was just just about money <m> you know money
Ellie;188.96;193.93;mhm what do you do to relax
Participant;196.33;197.85;uh i read the bible
Ellie;200.24;202.53;who's someone that's been a positive influence in your life
Participant;209.34;212.92;uh not really i really don't have anyone right now i really can't think
Ellie;213.84;218.3;okay okay how would your best friend describe you
Participant;221.49;222.98;i really can't tell you i don't know
Ellie;225.051;228.62;okay have you ever served in the military
Participant;229.109;229.448;no
Ellie;231.058;233.051;have you ever been diagnosed with p_t_s_d
Participant;233.595;233.911;no
Ellie;234.764;236.477;have you been diagnosed with depression
Participant;236.955;237.279;no
Ellie;238.08;240.397;how easy is it for you to get a good night's sleep
Participant;241.237;242.087;it's pretty easy
Ellie;243.006;244.735;what are you like when you don't sleep well
Participant;246.587;248.647;mm just sleepy <laughter>
Ellie;249.797;252.907;have you noticed any changes in your behavior or thoughts lately
Participant;254.242;256.507;uh in my behavior it got better
Ellie;258.36;259.389;tell me more about that
Participant;260.497;266.397;uh started going to church <ch> i gave my life to the lord started going to church so i'm just trying to do the right things now
Ellie;267.337;269.307;mhm how did you decide to do that
Participant;271.227;278.764;uh because i knew that i needed to and life was just just not the way it should be
Ellie;281.183;284.536;i see what you mean how have you been feeling lately
Participant;285.389;286.455;a whole lot better
Ellie;288.564;295.411;that's good what would you say are some of your best qualities
Participant;298.153;311.713;um i'm good to hang around you know good uh like to make people laugh and and um i look out for people take you know mm i'm not just for myself but you know others and things like that
Ellie;312.338;316.661;uh huh tell me about something you did recently that you really enjoyed
Participant;319.193;327.203;uh just went to disneyland with my son for his birthday and my and my uh daughter i really enjoyed that
Ellie;328.713;338.863;aw that's good how close are you to your family do you find it easy to be a parent do you find it easy to be a parent
Participant;339.029;339.477;yes
Ellie;341.223;342.863;what's the best thing about being a parent
Participant;344.707;353.997;that you see someone's that look just like you and you get to raise them and and try to you know make sure they do the right things and be better than what you were
Ellie;355.352;357.375;what's the hardest thing about being a parent
Participant;359.097;364.467;uh knowing that how evil the world is and your son has to live in it
Ellie;365.467;368.841;mhm how hard is that
Participant;370.598;375.678;it used to be hard but with prayer you know and faith everything's gonna be alright
Ellie;377.365;380.079;that's good what do you think of today's kids
Participant;382.31;385.56;they're very fast
Ellie;387.706;388.69;tell me more about that
Participant;389.697;397.571;when we were growing up things was different you know but now the world is just way worse off than what it is than what it was
Ellie;397.0;402.12;mhm what's one of your most memorable experiences
Participant;406.25;411.46;hmm flying in a airplane that's for the first time
Ellie;413.238;417.039;cool can you tell me about that
Participant;418.13;422.2;yeah i was nervous 'cause i'd never been on a plane before so
Ellie;423.649;425.277;how did you feel in that moment
Participant;427.04;429.39;felt a little nervous scared you can say
Ellie;432.83;434.39;i'd love to hear about one of your trips
Participant;435.95;446.49;yeah this one i flew back home you know visited home went back for about a week or two yeah seeing my family hadn't seen 'em in a couple of years so that was pretty cool
Ellie;448.95;453.337;okay what'd you study at school
Participant;455.618;465.166;uh right now in college i'm taking <tak> i'm studying i want to be a culinary um culinary <cul> culinary arts so i want to be a chef
Ellie;466.341;468.976;awesome how did you decide to do that
Participant;470.158;475.571;i like cooking so i just decided just go ahead and you know get a education on it
Ellie;476.983;478.031;are you happy you did that
Participant;478.591;479.331;yeah i'm happy
Ellie;482.481;488.111;okay what are you most proud of in your life
Participant;493.309;497.799;i'm proud that i made the decision to serve the lord and do the right things
Ellie;499.359;503.46;mhm when was the last time you felt really happy
Participant;505.379;506.269;uh last night
Ellie;508.019;508.909;tell me more about that
Participant;512.134;518.944;just 'cause it's like i know that everything's gonna be alright and i have no more worries so i'm happy
Ellie;519.82;526.254;that's so good to hear what are some things that usually put you in a good mood
Participant;528.274;537.314;hmm cooking love <lo> cooking puts me in a good move and seeing that my kids are happy that can that's that's cool
Ellie;538.452;542.634;uh huh uh huh uh huh is there anything you regret is there anything you regret
Participant;546.594;548.064;nope can't say i regret anything
Ellie;549.344;556.19;what advice would you give yourself ten or twenty years ago what advice would you give yourself ten or twenty years ago
Participant;560.873;561.896;i really don't know
Ellie;564.11;574.52;okay okay i think i've asked everything i need to thanks for sharing your thoughts with me goodbye
Participant;573.99;575.39;no problem <prob> bye bye
