speaker;start_time;stop_time;text
Participant;41.35;42.3;<sync>
Ellie;74.432;95.972;IntroV4Confirmation (hi i'm ellie thanks for coming in today i was created to talk to people in a safe and secure environment i'm not a therapist but i'm here to learn about people and would love to learn about you i'll ask a few questions to get us started and please feel free to tell me anything your answers are totally confidential are you ok with this)
Participant;96.54;96.99;yes
Ellie;97.569;101.381;okay_confirm (okay) how_doingV (so how are you doing today)
Participant;102.22;103.04;okay
Ellie;103.907;106.418;thats_good (that's good) where_originally (where are you from originally)
Participant;106.88;108.35;atlanta georgia
Ellie;108.876;112.419;really (really) when_LA (when did you move to l_a)
Participant;113.23;116.16;um in two thousand and six
Ellie;117.838;119.738;often_backB (how often do you go back to your hometown)
Participant;120.09;120.66;never
Ellie;121.867;122.437;why2 (why)
Participant;123.45;126.76;uh i don't like it there <laughter>
Ellie;127.163;130.294;okay_confirm (okay) compares_LA (how does it compare to l_a)
Participant;130.72;139.62;oh it's completely boring and there's very little to do l_a is preferable i think to most places
Ellie;141.077;144.631;see_mean (i see what you mean) why_LA (why did you move to l_a)
Participant;145.48;175.08;uh because uh i was engaged to my fiancee and we lived in florida i moved there to be with him and um he loves the water but i love the mountains and i missed hiking and uh i didn't love florida and he wasn't tied to it so we decided we wanted to go somewhere we could both be happy and also have um more opportunities in business and all of the great things that it has to offer
Ellie;176.007;179.767;thats_good (that's good) adapted_LA (how easy was it for you to get used to living in l_a)
Participant;179.77;182.73;very <laughter> very easy
Ellie;183.121;185.231;like_about_LA (what are some things you really like about l_a)
Participant;186.61;214.88;there's not much i don't like about l_a i love l_a um i think it feels magical uh so many creative different people of all ages um shapes sizes colors races um the mountains the water uh the city all the things that there are to do all the people there are to meet i just i love everything about l_a
Ellie;215.321;224.125;good_hear (that's so good to hear) travel_shoes (i'm sure you can tell by my shoes i'm not much of a world explorer do you travel a lot)
Participant;224.41;225.27;no
Ellie;227.2;227.77;why2 (why)
Participant;229.02;232.67;uh i'd rather not talk about it
Ellie;233.57;236.194;okay_confirm (okay) study (what did you study at school)
Participant;237.67;239.66;um i didn't go to college
Ellie;240.889;242.089;dream_job (what's your dream job)
Participant;243.81;245.86;i'm still figuring that out
Ellie;247.75;248.91;tell_about_that (can you tell me about that)
Participant;250.48;276.96;um i don't know it may may have something to do with animals i have a dog that i really love and i never had a dog um as an adult i had cats and uh um i think i'm a late bloomer so i'm working on that whole conversation i don't i really don't want a job i want a purposeful way to create wealth not just something to make money in the long run
Ellie;276.271;284.923;yeah3 (yeah) shyoutgoing (do you consider yourself more shy or outgoing)
Participant;284.44;291.8;it depends on the situation but in general i consider myself more shy although most people would consider me to be outgoing
Ellie;293.414;305.189;relax_fishtank (sometimes when i'm feeling tense i turn on the fish tank screensaver hey i know it's not hawaii but it's the best i've got what do you do to relax)
Participant;298.44;316.94;mm put on classical music <laughter> music classical music if i'm especially <ex> especially stressed and um play with my dog go for a walk
Ellie;315.966;318.026;control_temper (how are you at controlling your temper)
Participant;319.22;324.4;i think i'm really good at controlling my temper for the most part
Ellie;325.689;328.739;last_argument (when was the last time you argued with someone and what was it about)
Participant;330.88;343.05;um before i came here <laughter> um it was just about um financial stress
Ellie;345.561;349.373;situation_handled (tell me about a situation that you wish you had handled differently)
Participant;352.87;370.46;uh um there's probably a lot of examples i think i'd rather move to another question
Ellie;370.836;376.672;okay_confirm (okay) hard_decisionB (tell me about the hardest decision you've ever had to make)
Participant;380.75;383.1;yeah i'd rather not talk about that either <laughter>
Ellie;384.3;389.654;okay_confirm (okay) family_relationship (tell me about your relationship with your family)
Participant;391.3;392.52;i'd rather not talk about that
Ellie;394.434;396.874;easy_sleep (how easy is it for you to get a good night's sleep)
Participant;399.53;402.42;not very easy at all
Ellie;403.268;405.048;sleep_affects (what are you like when you don't sleep well)
Participant;407.19;420.68;um a lot better recently but um i have a history of chronic insomnia and some health problems so it's challenging um not to feel rested most of the time
Ellie;422.243;423.623;feel_lately (how have you been feeling lately)
Participant;424.89;428.35;in the past week i've been feeling a lot better
Ellie;430.725;431.885;tell_about_that (can you tell me about that)
Participant;432.67;493.54;um yes i um the weather has changed spring has sprung it's a little warmer i was having um more trouble with my depression in the winter and um having trouble with tolerating cold and so i wasn't doing  a lot of the things that i normally do and i also was sick with the flu um and in the past week i decided um that i was feeling better enough that i needed to kind of get out of my rut and start um getting more focused around things things that i need to do during the day and walking my dog  every day and um not isolating so much and seeing some of my friends more so i was seeing i've been feeling a lot better like i've been making progress and um that uh in the past week things have taken a more positive turn
Ellie;494.091;494.991;thats_great (that's great)
Participant;499.15;499.54;no
Ellie;500.137;501.947;depression_diagnosed (have you been diagnosed with depression)
Participant;501.96;502.47;yes
Ellie;503.245;505.165;when_diagnosed (how long ago were you diagnosed)
Participant;507.55;530.7;uh it's been quite some time officially it's probably been i don't know exactly but let's see maybe more than fifteen years ago
Ellie;532.111;533.461;why_seek_help (what got you to seek help)
Participant;535.19;537.94;um i was feeling suicidal
Ellie;541.46;542.9;therapy_going (do you still go to therapy now)
Participant;543.03;543.73;no
Ellie;545.016;545.666;stop_going (why did you stop)
Participant;546.47;550.17;um because i found a better alternative
Ellie;551.589;552.679;more (tell me more about that)
Participant;553.59;593.06;um i have been in therapy off and on since i was eighteen and i've tried a variety of um methods and then uh i started working with a neurolinguistic programmer and um that was really the first person that um helped me uh make permanent changes and i was able to get off my anti depressants as well and even though i've struggled with some bouts of depression it's never been anything extremely severe and um it was one of the best things that ever happened
Ellie;594.195;595.605;hard_decision (how did you decide to do that)
Participant;597.13;632.03;well um i was physically ill with uh chronic fatigue syndrome and i had a client that referred me to this person um because he had cured her of that disease and um that was um he treats multiple issues and so everything is interrelated so um once i had my first conversation with him i knew it was the right step for me
Ellie;633.35;634.89;describe_felt (how did you feel in that moment)
Participant;648.45;702.22;i was so happy um i felt like i some um i felt that i found the answer that i'd been looking for that  i hadn't given up hope and uh that um <laughter> i was on cloud nine that i i had been suffering for a a while <wh> a long time and i felt that i finally found the answer to the solution that i was looking for i was like it was the best thing i ever did in my life it was the best decision i ever made i felt extremely hopefuly for the first time in a long time
Ellie;704.352;711.348;Ellie17Dec2012_04 (that's great) Ellie17Dec2012_10 (tell me about something you did recently that you really enjoyed)
Participant;711.39;762.68;<laughter> um i went to um i went to a music store because uh i had been thinking about um taking up an instrument i used to play the violin as a child and uh i've been wanting to do something that would give me more access to my creative side because i felt it's been extremely repressed and um and so i went to the music store to try out um to see what it would feel like to um to handle an the instrument again and see if i thought that that was something i wanted to pursue
Ellie;763.684;764.404;awesome (awesome)
Participant;765.42;767.81;it was awesome <laughter>
Ellie;769.246;771.446;ideal_weekendC (tell me how you spend your ideal weekend)
Participant;773.09;780.17;mm yeah i'd rather not talk about that <laughter>
Ellie;780.614;786.292;okay_confirm (okay) self_change (what are some things you wish you could change about yourself)
Participant;788.13;830.52;um well <laughter> there's probably a lot but um i'm always working on being more optimistic um it's been challenging it takes time but um yeah i wish i could hear my own internal voice better
Ellie;831.688;835.48;mhm (mhm) regret (is there anything you regret)
Participant;838.88;843.2;<laughter> yeah i have regrets sure yeah
Ellie;844.627;847.577;advice_back (what advice would you give to yourself ten or twenty years ago)
Participant;853.6;868.55;um value myself more so that i would make better relationship decisions
Ellie;872.22;874.55;influence_positive (who's someone that's been a positive influence in your life)
Participant;876.43;886.62;uh my fiancee is the most positive person in my life my ultimate supporter
Ellie;887.996;889.156;tell_about_that (can you tell me about that)
Participant;892.7;929.52;uh he's i think very unique not uh not at all selfish and uh probably a little too giving for his own good but um always has my best interests at heart has the highest morals of anyone i know would give somebody the shirt off of his back um is a genius in so many ways and uh um i'm pretty lucky i think
Ellie;932.556;934.856;Ellie17Dec2012_08 (what are you most proud of in your life)
Participant;937.37;954.64;that i'm not a quitter that despite some very stressful circumstances over long periods of time i haven't given up on taking risks and um
Ellie;965.496;972.251;asked_everything (okay i think i have asked everything i need to) appreciate_open (thanks for sharing your thoughts with me) bye (goodbye)
