speaker;start_time;stop_time;text
Participant;6.9;7.69;<synch>
Ellie;22.092;43.632;IntroV4Confirmation (hi i'm ellie thanks for coming in today i was created to talk to people in a safe and secure environment i'm not a therapist but i'm here to learn about people and would love to learn about you i'll ask a few questions to get us started and please feel free to tell me anything your answers are totally confidential are you ok with this)
Participant;43.9;44.29;yes
Ellie;44.94;48.795;okay_confirm (okay) how_doingV (so how are you doing today)
Participant;49.9;54.62;i'm okay i'm feeling a little tired and uh worried
Ellie;56.096;56.666;why2 (why)
Participant;57.17;69.23;um well i'm looking for a place to live and um i don't have a job right now so things are <sigh> things are a little shaky for me
Ellie;69.406;77.231;sorry_hear (i'm sorry to hear that) good_job (it can be tough to find a good job these days) where_live (where do you live)
Participant;78.1;80.22;i'm staying with my son in venice
Ellie;82.083;83.883;living_situation (how do you like your living situation)
Participant;84.47;92.5;uh it's pretty good but uh both of us need to have our own space so that's why i'm looking for another place to live
Ellie;94.336;97.721;understand (i understand) where_originally (where are you from originally)
Participant;98.81;104.76;originally from new york but i've been in california since the early seventies so
Ellie;105.285;106.585;long_time (that's a long time)
Participant;106.61;107.06;yeah
Ellie;107.85;108.87;why_LA (why did you move to l_a)
Participant;109.96;120.86;uh i moved to l_a because i had been living in portland oregon and i was getting tired of the weather up there and my son was down here so it seemed like a good place to be
Ellie;122.491;124.961;adapted_LA (how easy was it for you to get used to living in l_a)
Participant;126.11;136.73;um it wasn't too hard i uh i met people right away and um i just really like it here so it was uh it was easy to connect with people
Ellie;137.631;141.213;thats_good (that's good) like_about_LA (what are some things you really like about l_a)
Participant;141.92;153.36;the weather is <laughter> number one like for most people i love being near the ocean um i like the energy i like the um i like the artistic culture
Ellie;154.869;157.219;dont_like_LA (what are some things you don't really like about l_a)
Participant;155.13;164.65;mhm uh well everybody loves the traffic i mean loves the weather and hates the traffic so i kinda feel <fee> i feel the same way um
Ellie;161.93;162.8;wild_laughter5 ((laughter))
Participant;165.34;173.13;sometimes it it gets a little wearing that it's so busy and the fact that it's so expensive makes it difficult
Ellie;172.363;183.203;yeah_downer (yeah) see_mean (i see what you mean) travel_shoes (i'm sure you can tell by my shoes i'm not much of a world explorer do you travel a lot)
Participant;183.38;190.69;uh no not as much as i'd like if if i had more funds <fu> more income more funds i would travel more
Ellie;192.223;193.903;travel_trips (i'd love to hear about one of your trips)
Participant;196.04;222.84;um <sigh> well mostly i've been um xxx i traveled let's see so my longest uh trip that was out of the country was to mexico and i traveled drove down with a friend uh down to oaxaca and the whole trip we took about mm i think we took us about four weeks going down and back from uh the bay area
Ellie;223.427;223.997;wow (wow)
Participant;224.03;225.37;um yeah that was a fun trip
Ellie;226.3;227.71;hard_decision (how did you decide to do that)
Participant;229.1;239.87;well uh we'd been working together on the census and she had made that trip a few times and invited me to come along with her
Ellie;241.089;243.449;memorableB (what's one of your most memorable experiences)
Participant;245.02;279.45;um from that trip i would say we were in oaxaca for day of the dead so it was uh celebrating day of the dead with the family in the little village that we were staying in and everybody in the village makes an altar in their house uh for their uh loved ones who have passed away and um they also decorate clean and decorate the graves so there were lots of flowers and it was just it was neat to be there and be with that family celebrating that
Ellie;280.057;283.923;awesome (awesome) study (what did you study at school)
Participant;285.37;300.85;uh well i studied <studi> i was in the liberal liberal arts program but i didn't stay <st> i stayed only stayed in school for uh in college for a couple of years um but i was most interested in liberal arts and the humanities
Ellie;301.982;303.182;dream_job (what's your dream job)
Participant;304.33;317.99;huh my dream job would be uh personal assisting somebody who was in a creative field and getting to uh travel and go to events with them
Ellie;319.186;320.126;difficult (how hard is that)
Participant;321.73;339.79;uh it's hard to break into um i i'm starting now very uh minimally with somebody who i'm doing more of a volunteer work with and i'm i'm working on building up some of my skills so that i can be doing more of that
Ellie;340.657;347.992;thats_good (that's good) shyoutgoing (do you consider yourself more shy or outgoing)
Participant;348.08;374.58;i'm fairly i'm kind of a friendly introvert so um i i'm you know i have no trouble meeting people uh i don't hold back and um you know xxx just i'm not shy <sh> like shy at parties i'll go up and talk to people um but i i am overall kind of introverted so um i prefer one-on-one than big groups
Ellie;375.219;388.839;okay_confirm (okay) relax_fishtank (sometimes when i'm feeling tense i turn on the fish tank screensaver hey i know it's not hawaii but it's the best i've got what do you do to relax)
Participant;389.49;413.01;um i like to watch uh well i <laughter> i like to watch uh improvement shows like on uh h_g_t_v i like to watch um like remodel shows and and see transformations or or watch movies or read oh and and i play some solitaire on my uh my kindle fire
Ellie;414.964;418.567;okay_confirm (okay) control_temper (how are you at controlling your temper)
Participant;420.44;471.67;um i don't usually realize i'm mad until later <laughter> so <laughter> it doesn't really come up um and i i just tend not to have the kind of life where um those situations arise uh sometimes you know sometimes on the road um i get a little annoyed uh i don't get annoyed so much at like when people cut me off or anything like that um but when people are deliberately rude and and you know honk for no reason or um you know when they get angry because maybe i've done something inadvertent you know cut them off by mistake and they <the> you know like they get really angry then that makes me angry in return
Ellie;472.264;477.314;yeah_downer (yeah) last_argument (when was the last time you argued with someone and what was it about)
Participant;478.55;517.84;hmm <sigh> um yeah like i said i don't really get into arguments um i did have <ha> i was with a friend the other day and um she got annoyed with me because she felt like i was correcting her so it wasn't really an argument but she you know i had said something that she heard as a correction well it was a correction and she got angry um but
Ellie;517.948;519.488;describe_felt (how did you feel in that moment)
Participant;520.24;529.5;um well then i felt criticized and i felt i felt vulnerable eh i wasn't it was it was pretty uncomfortable
Ellie;530.279;536.126;hmm_downer (hmm) situation_handled (tell me about a situation that you wish you had handled differently)
Participant;537.7;576.39;hmm um well i in that situation i didn't i didn't have to correct her um so <sigh> i think that's something i'm starting to look at in myself is my need to be right so in general that's i'm trying to to catch that and just let people make mistakes without <laughter> without my telling them about it
Ellie;577.074;582.585;mhm (mhm) hard_decisionB (tell me about the hardest decision you've ever had to make)
Participant;582.98;636.48;mm hmm boy i don't know um gee that's tough i can't i don't know that i've had that much trouble making decisions um hmm well uh <u> uh was hard for me to decide to uh put my cat to sleep when he was sick oh it was <wa> and i had to give up a cat um when i was moving once and and that was difficult too 'cause
Ellie;638.874;643.458;sorry_hear (i'm sorry to hear that) hard_decision (how did you decide to do that)
Participant;645.69;678.4;um <sigh> well in the case of the first cat the one who was sick um i decided when the vet said that he thought it was the humane decision um and with the cat i had to give up i didn't i didn't really decide um i was moving to a place that where i couldn't take her and so i i found somebody who could take her
Ellie;679.94;686.123;isee_downer (i see) memory_erase (tell me about an event or something that you wish you could erase from your memory)
Participant;687.5;797.55;hmm <sigh> mm see um gee that's tough <sigh> if i don't really eh the the erasing from the memory part um there's nothing i really wish i could erase from my memory um trying to think of something that i've done that i wish i hadn't done um oh okay i remember something there was <wa> <laughter> there was a time when i was i was in a class at junior college it was a film class and uh i was i was the one who was um after we we went out and did a little film project um and we're supposed to bring it back into class the next week uh i was the one who had the film and through different just things that were happening in my life right now i never went back to the school but i never brought them the film back so all the work they had done um they had to do over again and i still feel bad about that
Ellie;797.978;803.059;oh_no (oh no) easy_sleep (how easy is it for you to get a good night's sleep)
Participant;803.8;813.73;eh it's pretty easy um sometimes i wake up in the early morning hours and and have trouble going back to sleep but that's not very often
Ellie;815.704;817.084;feel_lately (how have you been feeling lately)
Participant;818.58;825.59;i've been feeling kind of tired and low level depressed and like not feeling a lot of options
Ellie;827.396;829.436;ptsd_diagnosed (have you ever been diagnosed with p_t_s_d)
Participant;829.74;830.04;no
Ellie;831.02;832.83;depression_diagnosed (have you been diagnosed with depression)
Participant;832.75;833.61;yes i have
Ellie;834.335;836.255;when_diagnosed (how long ago were you diagnosed)
Participant;836.23;859.3;uh well there were two times there was once um back in like nineteen seventy two nineteen <ninetee> yeah about nine nineteen seventy two or three and then um another time um oh so then when would that've been about sixteen years ago
Ellie;860.904;862.254;why_seek_help (what got you to seek help)
Participant;864.08;889.01;um just feeling like there wasn't um you know feeling that feeling that things weren't gonna change if i didn't get some help and that if i i didn't have to you know that maybe if some <s> i got some medication that would help me um in the short term so
Ellie;889.234;890.674;therapy_going (do you still go to therapy now)
Participant;890.99;892.61;i'm not going to therapy right now
Ellie;893.295;893.945;stop_going (why did you stop)
Participant;895.28;904.6;uh i was moving around a lot finances i wasn't really feeling the need um i'm starting to think it might be a an option again
Ellie;905.569;907.019;therapy_useful (do you feel like therapy is useful)
Participant;908.05;910.67;i feel like therapy can be useful yes
Ellie;912.096;914.946;therapy_changes (what sort of changes have you noticed since you've been going to therapy)
Participant;916.27;932.99;well when i went to therapy um it was helpful to have somebody who listened and could also offer impartial suggestions for helping me to improve the way i was feeling
Ellie;934.809;938.569;happy_lasttime (tell me about the last time you felt really happy)
Participant;938.02;965.6;<deep breath> um <sigh> well i was on the beach last weekend uh it was a beautiful day and i was sitting in the sun and uh just relaxing and i had my notebook and i was doing some writing and i felt very happy and content
Ellie;966.813;973.826;great_situation (that sounds like a great situation) Ellie17Dec2012_07 (what would you say are some of your best qualities)
Participant;974.47;984.12;uh i'm kind and compassionate and i'm a good listener and i'm intelligent and i have uh i have good ideas
Ellie;985.105;990.629;mhm (mhm) self_change (what are some things you wish you could change about yourself)
Participant;991.98;1047.07;um <sigh> well i wish that uh sometimes i wish i was <wa> i was a harder worker um i'm not really willing to take low wage jobs even though i i need work so i just don't feel like i'm willing to do anything um and um i wish i could act i i said i had good ideas that um i have good ideas and i'm good at the uh the onset but i'm not really good on the follow-through so a lot of those ideas get started but then i don't take them the distance
Ellie;1047.433;1047.903;uh_huh (uh huh)
Participant;1047.6;1051.36;that's probably the the thing i'd like to change about myself the most
Ellie;1052.327;1055.277;advice_back (what advice would you give to yourself ten or twenty years ago)
Participant;1056.92;1084.44;uh ten or twenty years ago i'd give myself the advice to go back to school and get my degree finish my education um and be willing to um to work a regular job and to um to start putting money away for my uh retirement
Ellie;1085.248;1089.594;mhm (mhm) Ellie17Dec2012_08 (what are you most proud of in your life)
Participant;1090.27;1115.18;um proud of uh my children and i'm proud of the friendships i have and i'm proud that um eh that people eh people do eh admire me um and value my opinion
Ellie;1117.953;1126.545;thats_great (that's great) asked_everything (okay i think i have asked everything i need to) appreciate_open (thanks for sharing your thoughts with me) bye (goodbye)
Participant;1126.66;1127.05;goodbye
