speaker;start_time;stop_time;text
Participant;12.735;13.525;<synch>
Ellie;25.536;47.076;IntroV4Confirmation (hi i'm ellie thanks for coming in today i was created to talk to people in a safe and secure environment i'm not a therapist but i'm here to learn about people and would love to learn about you i'll ask a few questions to get us started and please feel free to tell me anything your answers are totally confidential are you ok with this)
Participant;45.7;48.66;okay i'm okay with that sure
Ellie;49.41;53.249;okay_confirm (okay) how_doingV (so how are you doing today)
Participant;53.68;55.83;i'm doing well reasonably well
Ellie;56.67;59.553;thats_good (that's good) where_originally (where are you from originally)
Participant;59.9;61.89;i'm from santa monica california
Ellie;62.606;63.196;really (really)
Participant;63.08;63.96;born and raised
Ellie;64.815;66.925;like_about_LA (what are some things you really like about l_a)
Participant;67.53;80.59;i love the ocean um i love the hiking i love you can have a little bit of every world here the ocean the sea the desert
Ellie;78.534;79.044;mhm (mhm)
Participant;81.2;86.46;the weather's great i get to wear shorts a lot lot of times out of the year
Ellie;83.8;88.867;yeah3 (yeah) thats_great (that's great)
Participant;88.19;88.57;mhm
Ellie;90.277;92.627;dont_like_LA (what are some things you don't really like about l_a)
Participant;92.51;104.89;the smog <sigh> the cement road rage uh traffic um it's a lonely town
Ellie;106.296;114.989;see_mean (i see what you mean) travel_shoes (i'm sure you can tell by my shoes i'm not much of a world explorer do you travel a lot)
Participant;112.755;119.125;i haven't seen your shoes well i haven't seen your shoes but uh i have traveled yes
Ellie;120.64;122.16;travel_changed (what do you enjoy about traveling)
Participant;124.02;143.79;well depends where you're going um i love going to hawaii um i love the beach change of scenery um the temperature of the water uh different foods the airports i love traveling
Ellie;144.63;146.31;travel_trips (i'd love to hear about one of your trips)
Participant;147.055;184.6;um i recently went to europe i was in belgium uh for two weeks and um oh i ate some great food and saw some <so> family and visited some museums and oh and it rained which it doesn't do in california that in los angeles very much and uh i got to take the train and lots of trains and uh public transportation that was fun for me that's normal for them but fun <fu> it's fun fun for me um yeah and i got to see family and it was very very nice
Ellie;185.899;187.779;great_situation (that sounds like a great situation)
Participant;188.19;190.57;yes it was
Ellie;191.033;195.443;shyoutgoing (do you consider yourself more shy or outgoing)
Participant;194.48;195.08;outgoing
Ellie;196.935;197.505;why2 (why)
Participant;198.36;214.53;um i'm gregarious um i do well in crowds and groups uh i am a good public speaker um yeah uh i'm not so shy
Ellie;213.617;214.087;uh_huh (uh huh)
Participant;215.865;216.855;i i don't think
Ellie;218.852;232.593;okay_confirm (okay) relax_fishtank (sometimes when i'm feeling tense i turn on the fish tank screensaver hey i know it's not hawaii but it's the best i've got what do you do to relax)
Participant;232.26;233.12;i go fishing
Ellie;235.665;237.205;bouts_symptoms (when was the last time that happened)
Participant;237.62;238.45;two days ago
Ellie;239.797;240.527;nice (nice)
Participant;241.27;241.91;i also meditate <med>
Ellie;241.673;243.213;describe_felt (how did you feel in that moment)
Participant;243.25;253.625;i also meditate how do i feel in that moment relaxed at peace calm
Ellie;255.558;259.806;uh_huh (uh huh) control_temper (how are you at controlling your temper)
Participant;260.9;262.17;depends on the situation
Ellie;264.071;267.121;last_argument (when was the last time you argued with someone and what was it about)
Participant;268.77;302.455;hmm <sigh> i argued with the los angeles parking people over a ticket  that i got that i didn't agree with and has morphed into a horrible situation and i ended the conversation with <wit> accepting the situation as it was and not really xxx wanting to deal with it sort of like fuck you
Ellie;304.279;305.119;that_sucks (that sucks)
Participant;304.81;306.681;<laughter> no it was good
Ellie;309.804;313.581;situation_handled (tell me about a situation that you wish you had handled differently)
Participant;313.93;328.574;oh my gosh um the sale of my business i wish i would've handled that differently um i didn't have to really sell the business but i got scared and i sold it and i could've handled it in a much different way
Ellie;329.627;331.057;change_directions (what made you decide to do that)
Participant;332.255;332.785;fear
Ellie;336.374;337.534;tell_about_that (can you tell me about that)
Participant;338.32;385.627;um i was afraid of mounting debts i was afraid of the economy wasn't good this two thousand seven two thousand eight i was um not thinking clearly i was afraid of uh mounting debts i was afraid of um being sued by employees i was afraid of uh yeah not having enough money i was afraid to be embarrassed i was embarrassed you know for running out of money um <sigh> yeah i would've handled that much different knowing what i know today
Ellie;386.713;388.063;been_hard (that sounds really hard)
Participant;388.592;389.212;it was
Ellie;388.997;390.867;avoid (could you have done anything to avoid it)
Participant;391.69;418.563;yes i could've i could have downsized i could have downsized sold cars got rid of cars uh i could've cut hours i could have reduced my expenses and sat tight with it and not and just worked through it and not have reacted out of fear
Ellie;419.674;422.246;isee_downer (i see) study (what did you study at school)
Participant;423.359;424.199;xxx uh when
Ellie;426.843;428.043;mind (whatever comes to your mind)
Participant;428.809;437.451;um i got my bachelor's degree in political science from u_c_l_a and i just finished a master's degree in education scrubbed_entry
Ellie;436.901;437.801;thats_great (that's great)
Participant;438.037;438.417;mhm
Ellie;439.774;440.974;dream_job (what's your dream job)
Participant;441.187;454.954;my dream job my dream job is to not work that's my dream job <laughter>
Ellie;455.025;455.825;wild_laughter3 ((laughter))
Participant;456.15;494.846;to not work um to be of service to people to you know uh <sigh> to um wear casual clothes uh not have to be at a particular place at a particular time uh to have time to enjoy you know the one the things that i like to do like fishing and hiking being with my nephews being with kids um yeah and not having to work
Ellie;495.982;500.883;understand (i understand) family_relationship (tell me about your relationship with your family)
Participant;501.609;559.747;well um relationship with family okay so who's alive today is my mom my father died when i was sixteen my stepfather died three years ago so my mom's alive we have a good relationship she's like and it took a lot of work it took years you know but she's a my friend <f> we're friends you know we do stuff together um my sister she lives a half a block away from me my sister lives a block away from me she's got five kids and a husband and a family to contend with and my <m> my sister and i don't get to spend a lot of time together anymore she's got a life <l> her a life you know she's busy life um the rest of my family is uh lives in belgium who i went to go see uh and um and that's all the family that i have i have an aunt that is very um i'm estranged to and she lives in northern california and we never talk
Ellie;562.521;563.091;why2 (why)
Participant;564.308;601.525;because um she uh she ripped off the family estate my grandfather <grandf> my grandparents' estate she she took all the money and all the stuff and and left her grandkids and her and my you know and so uh her sister and my my grandmother's daughter and grandkids and great-grandkids got zero and it was a few <f> few few million dollars
Ellie;598.329;599.619;oh_my_gosh (oh my gosh)
Participant;602.19;604.39;mhm so we don't talk
Ellie;606.117;607.057;makes_sense (that makes sense)
Participant;607.127;610.745;i don't talk we don't talk and it's sad
Ellie;610.116;612.446;influence_positive (who's someone that's been a positive influence in your life)
Participant;612.627;614.115;xxx excuse me can you repeat that
Ellie;614.895;617.225;influence_positive (who's someone that's been a positive influence in your life)
Participant;617.421;654.418;wow positive <posi> my father was a positive influence he was a really genuine man honest uh funny um handsome um i have a business owner a business man that i worked for who was a extremely positive influence at least in my professional life um i've had uh a counselor at u_c_l_a who was um totally i think of her often and some of the little things that she'd said to me keep me going um <sigh> in my life now
Ellie;655.577;656.117;like_what (like what)
Participant;657.268;673.914;trust the process she told me to trust the process and when people are having trouble and i'm having trouble i take a step back and say you know just trust the process it it it all works out the way it's supposed to be
Ellie;674.997;677.097;trade_offs (there are always trade-offs in life aren't there)
Participant;676.909;697.121;mhm and there's one more positive influence that i knew in hawaii that taught me um a friend of mine that uh lives on kauai that taught me uh how to enjoy nature and taught me how to fish and and i i love her a lot a great positive influence
Ellie;697.629;698.529;thats_great (that's great)
Participant;697.69;699.398;healthy healthy influence
Ellie;700.716;706.188;mhm (mhm) easy_sleep (how easy is it for you to get a good night's sleep)
Participant;707.3;708.09;it's not
Ellie;709.683;710.843;tell_about_that (can you tell me about that)
Participant;710.858;732.318;i have back problems so it's hard to sleep at night uh and i wake up in the middle of the night sort of uh stretching and um straightening out my back i have a back issue that sometimes more often than not uh keeps me from sleeping good
Ellie;733.654;734.724;sorry_hear (i'm sorry to hear that)
Participant;734.545;736.026;that's okay i'm dealing with it
Ellie;737.652;739.032;feel_lately (how have you been feeling lately)
Participant;739.909;771.034;um i'm a little depressed uh i've been a little depressed i haven't been working as much and um i um you know i have pain in the mornings and in the evening <eveni> i have pain thorughout the day in my from my with back and it uh is a little depressing you know i get depressed also um you know just thinking about my business that i sold and you know where i would've been if i hadn't have done that and
Ellie;772.624;773.064;yeah_downer (yeah)
Participant;772.896;781.987;a a general feeling of um i've been a little depressed over the past uh couple of years actually
Ellie;782.942;784.752;depression_diagnosed (have you been diagnosed with depression)
Participant;784.709;785.419;yes
Ellie;786.091;788.011;when_diagnosed (how long ago were you diagnosed)
Participant;788.28;826.5;um well i've been diagnosed many many years ago and i guess depression stays with you although it gets treated um and uh i was diagnosed about two years ago uh i think i don't know it asked me that on the questionnaire as well and uh and i sought treatment for it and then uh my insurance ran out and the prescriptions uh i couldn't put uh do my prescriptions anymore but now i'm back on uh medication <med> medication and you know so i take medication for my depression
Ellie;827.829;829.279;therapy_useful (do you feel like therapy is useful)
Participant;830.716;835.581;therapy absolutely i love therapy
Ellie;835.088;837.938;therapy_changes (what sort of changes have you noticed since you've been going to therapy)
Participant;838.272;865.572;wow that's huge um confidence in self uh confidence in myself um confidence in my decision-making a general feeling of overall content uh a sounding board you know when i have stuff that's bothering me that i can't go to the i i feel that i can't go to the person with
Ellie;866.057;866.587;yeah2 (yeah)
Participant;866.073;884.39;i um can go to my therapist and a lot of times the issue is resolved there it wasn't a big issue or i worked through it or the therapist through the therapist allowed me to look at a different way of looking at the situation
Ellie;885.088;885.598;mhm (mhm)
Participant;885.218;890.359;and in that way i find therapy to be invaluable actually
Ellie;892.185;896.499;thats_great (that's great) ptsd_diagnosed (have you ever been diagnosed with p_t_s_d)
Participant;897.754;901.364;i believe so uh yes i was
Ellie;902.945;904.865;when_diagnosed (how long ago were you diagnosed)
Participant;903.072;925.981;i believe it was i think it was told to me by a psychiatrist that that's what i was that's what i was having and this was within the last five years i think it was looking back now what are we two thousand thirteen it was two thousand nine so four years ago
Ellie;926.681;927.831;symptoms_what (what were your symptoms)
Participant;928.666;985.238;not able to deal like shell shocked not able to deal with anything eh irritable on the phone uh i mean just uh just anything would get me to fly off the handle and um just uh not able just shell shocked and not and hiding at my in my house not opening mail <m> mail not being able to concentrate not being able to deal with with things that were that i felt were well that were bombarding me i felt overcomed <o> overcomed and um the psychiatrist said that it was post-traumatic stress disorder but um and i was given some medication which i stayed on for a year or so uh or so and i don't know through psychiatry and therapist and medication um i was able to come out of my shell a little bit
Ellie;986.199;990.516;okay_confirm (okay) happy_lasttime (tell me about the last time you felt really happy)
Participant;992.5;1025.105;hmm about a week ago i was on a hike eh up in malibu and uh at this beautiful labyrinth that looked over the pacific ocean and we i was with a friend and we were having lunch and i laid down on the grass and took a nap and i felt content i was happy at that moment at that moment that time about a week ago
Ellie;1026.489;1028.179;BF_describe (how would your best friend describe you)
Participant;1029.382;1050.2;hmm honest sincere smart um caring um <sniffle> smart
Ellie;1050.875;1056.861;mhm (mhm) self_change (what are some things you wish you could change about yourself)
Participant;1059.041;1070.937;um <sigh> good question i'd have to think about that
Ellie;1073.594;1076.245;okay_confirm (okay) regret (is there anything you regret)
Participant;1077.815;1171.49;uh yeah i have regrets in life you know everything works out so um you know if i could change the past i would've never dropped out of school when i did a long time ago i mean i've since gone back and completed lots of stuff um i probably would've gone into the military i think i was going to do that in my early twenties i'm fifty five now um i sort of regret not doing that um at that time um i regret uh selling my business i regret and of course i can't control this but i regret that my father died when i was so young and he never really got to know me and i never really got to know him i regret uh i regret not seeing my grandmother enough before she'd passed away i regret uh i mean those are the things that i can think of right now not putting away for retirement i regret when i had the money to do it um yeah i mean just here that's what i would say
Ellie;1171.627;1175.861;yeah_downer (yeah) advice_back (what advice would you give to yourself ten or twenty years ago)
Participant;1177.081;1199.754;stick with it just stick with it because in order to get out you have to go through and i it when it comes to fear or flight i get the fear and i flight so sometimes you just have to sit in fear and then everything works out
Ellie;1200.36;1205.077;mm (mm) Ellie17Dec2012_08 (what are you most proud of in your life)
Participant;1205.663;1242.315;wow i'm most proud that i <sigh> have remained genuine um i'm most proud of being who i am and being basically comfortable with that and i'm proud of that i haven't changed to the world <wor> to the world you know for the world i haven't changed i've stayed mm who i am
Ellie;1243.795;1245.155;good_hear (that's so good to hear)
Participant;1245.181;1245.721;thank you
Ellie;1246.748;1251.381;asked_everything (okay i think i have asked everything i need to) appreciate_open (thanks for sharing your thoughts with me)
Participant;1251.622;1252.122;thank you
Ellie;1252.602;1253.212;bye (goodbye)
Participant;1253.336;1253.785;bye
