speaker;start_time;stop_time;text
Participant;12.87;14.12;<sync>
Ellie;33.54;55.08;IntroV4Confirmation (hi i'm ellie thanks for coming in today i was created to talk to people in a safe and secure environment i'm not a therapist but i'm here to learn about people and would love to learn about you i'll ask a few questions to get us started and please feel free to tell me anything your answers are totally confidential are you ok with this)
Participant;55.25;56.01;yes
Ellie;57.037;61.177;okay_confirm (okay) how_doingV (so how are you doing today)
Participant;61.97;74.29;i'm doing pretty well um i have some stressful circumstances going on but um um right now i'm i'm engaged
Ellie;74.77;77.766;thats_good (that's good) where_originally (where are you from originally)
Participant;78.49;80.15;i'm from minnesota
Ellie;80.519;81.109;really (really)
Participant;81.52;82.14;mhm
Ellie;82.953;84.033;when_LA (when did you move to l_a)
Participant;84.83;86.47;uh thirty one years ago
Ellie;88.128;89.428;long_time (that's a long time)
Participant;89.63;90.86;half my life
Ellie;91.402;93.302;often_backB (how often do you go back to your hometown)
Participant;94.08;101.93;um frequently i've been back there quite a bit um but over the years not not that often
Ellie;104.05;105.67;compares_LA (how does it compare to l_a)
Participant;106.98;126.27;um well it's a a whole different experience you know i i got back there to see my my family and and old friends and uh so it's uh l_a is is home it's nice to return here
Ellie;124.113;129.801;mhm (mhm) thats_good (that's good) why_LA (why did you move to l_a)
Participant;130.64;132.21;uh to be an actor
Ellie;133.446;134.476;still_doing_X (are you still doing that)
Participant;135.05;149.09;uh i'm just actually getting around to it i was in another business for uh twenty five years and um now <clears throat> finally i can't put it off anymore
Ellie;150.066;151.496;change_directions (what made you decide to do that)
Participant;152.33;165.78;um the economy um it's as easy to find work in uh show business it seems as it is any thing any of the other jobs i've done in the past
Ellie;165.616;170.703;yeah3 (yeah) see_mean (i see what you mean) study (what did you study at school)
Participant;171.85;178.59;um oh a whole variety of things um but mostly uh having to do with theater
Ellie;180.883;182.083;dream_job (what's your dream job)
Participant;183.51;191.18;uh well to to be a successful actor you know would be nice and
Ellie;192.308;199.963;okay_confirm (okay) shyoutgoing (do you consider yourself more shy or outgoing)
Participant;199.6;204.7;uh outgoing with elements of shyness
Ellie;203.106;214.875;relax_fishtank (sometimes when i'm feeling tense i turn on the fish tank screensaver hey i know it's not hawaii but it's the best i've got what do you do to relax)
Participant;215.62;252.55;um well i i i read and i cook and um um that's mm that's about it uh uh i oh i'm a big radio listener is uh to uh um talk radio uh national public radio and uh more uh and not uh crazy stuff um the sensible listening uh nice content uh interesting human interest
Ellie;253.166;253.896;nice (nice)
Participant;253.42;254.61;uh mhm
Ellie;255.022;255.562;like_what (like what)
Participant;256.67;270.08;oh um well i'm i also i i um a comedian <cuh> comedian and so i like to listen to radio shows that have comedy mhm like uh
Ellie;271.281;275.189;okay_confirm (okay) control_temper (how are you at controlling your temper)
Participant;277.05;286.18;um i'm pretty good i mean i'm not perfect but i i i i can get very upset
Ellie;286.716;290.947;mhm (mhm) last_argument (when was the last time you argued with someone and what was it about)
Participant;291.9;305.09;oh probably with my wife about um my uh <clears throat> methods of of job hunting and like that
Ellie;306.653;307.593;difficult (how hard is that)
Participant;309.42;340.84;it's um it's difficult um she uh um we're we're very different and uh have very different m_o's and uh so uh uh for me to uh um do things my way is is not always easy
Ellie;341.458;347.837;yeah_downer (yeah) situation_handled (tell me about a situation that you wish you had handled differently)
Participant;349.67;369.22;oh um well just the other night i i was uh performing in a nightclub and had an opportunity to uh introduce myself to a a very famous person and i um i didn't do it
Ellie;369.775;370.345;why2 (why)
Participant;371.58;384.87;um uh i'm not sure i'm i guess uh i didn't know if it would be appropriate to approach him
Ellie;385.746;393.144;understand (i understand) hard_decisionB (tell me about the hardest decision you've ever had to make)
Participant;396.47;409.28;hm i can't think of uh i can't think of one um
Ellie;409.412;414.379;okay_confirm (okay) family_relationship (tell me about your relationship with your family)
Participant;414.95;425.58;um well <clears throat> i've been married for it'll be twenty four years in uh july
Ellie;425.763;426.333;wow (wow)
Participant;426.38;459.98;which is a couple of months and um uh my wife and i have not been sleeping in the same bed for about three years and um but we have a uh a very high achieving daughter who's going to graduate from high school uh this this spring and um she's just a uh gotten accepted at a college that she wants to go to with a very nice uh scholarship
Ellie;461.349;462.249;thats_great (that's great)
Participant;462.71;463.12;mhm
Ellie;464.535;466.485;easy_parent (do you find it easy to be a parent)
Participant;467.82;483.07;um yeah well uh <laughter> my daughter's been very low maintainance for me um perhaps more so for my wife but she's always been uh an excellent uh uh child
Ellie;483.499;489.746;mm (mm) parent_differences (what are some ways that you're different as a parent than your parents)
Participant;491.58;528.93;um mm <clears throat> well we're more similar i think than different uh i'm well i'm much more uh aware of what's happening in the world and and much more informed than my parents were um but uh as in terms of child rearing i think um i don't know we're all we've all been kind of hands off and um uh my wife has been more hands on
Ellie;529.565;533.485;yeah3 (yeah) parent_hardest (what's the hardest thing about being a parent)
Participant;535.5;573.09;um uh well the financial responsibility it um wanting to uh make sure that your child has everything that her peers have and uh not wanting her to uh um not have the same as her friends
Ellie;574.141;574.651;mhm (mhm)
Participant;574.61;593.57;and she has uh very wealthy friends so that's um uh i am not a uh a gifted money maker and so uh it's a it's a a struggle but uh we we we keep on keep up
Ellie;595.495;599.56;Ellie17Dec2012_03 (that's good) influence_positive (who's someone that's been a positive influence in your life)
Participant;600.92;640.75;um oh a couple of different um one preacher um uh whose church i attended for about twenty years until he died um um was very influential and also another spiritual guru uh um that uh sort of put me on a path to breaking patterns of behavior that uh were kind of dictated by my upbringing
Ellie;641.73;642.27;like_what (like what)
Participant;643.27;668.24;oh just um well instead of working for somebody else being able to um start a business and and be in business for yourself and and to uh um you know not be dependent on uh um just one source of income
Ellie;669.53;677.627;okay_confirm (okay) memory_erase (tell me about an event or something that you wish you could erase from your memory)
Participant;683.32;696.82;oh meeting one particular woman um when i first got out here
Ellie;698.693;699.653;tell_me_about (tell me about that)
Participant;701.75;712.89;um she left me uh less than healthy um physically
Ellie;714.674;715.744;sorry_hear (i'm sorry to hear that)
Participant;714.77;716.88;and uh yeah
Ellie;718.99;721.43;easy_sleep (how easy is it for you to get a good night's sleep)
Participant;722.44;740.49;um well i i self medicate to go to sleep which i probably don't have to do but i um uh about half the nights i i wake up um much earlier than i would like to
Ellie;742.115;742.685;why2 (why)
Participant;744.24;749.23;oh usually um just mostly to have to go to the bathroom um
Ellie;751.304;754.711;okay_confirm (okay) sleep_affects (what are you like when you don't sleep well)
Participant;756.43;784.05;um well i i i cope pretty well i i guess i'm just not quite as functional as i'd like to be um there are a couple of nights a week when i work until <sniff> two o clock from in the morning and don't get to bed until three and and then i um normally if i i i need seven hours if i only get five or six then i'm you know sluggish and
Ellie;785.271;789.082;okay_confirm (okay) feel_lately (how have you been feeling lately)
Participant;790.94;794.99;um very anxious
Ellie;796.512;797.672;tell_about_that (can you tell me about that)
Participant;798.78;812.54;well um i have big um uh i have bills to pay and um not a lot of income coming in
Ellie;814.522;815.872;been_hard (that sounds really hard)
Participant;817.6;845.88;yeah it's um 'cause i don't like to fall behind and um i feel like i'm worried about losing ground and um the stakes are are high and uh so uh it's an uncomfortable position
Ellie;846.616;851.108;yeah_downer (yeah) ptsd_diagnosed (have you ever been diagnosed with p_t_s_d)
Participant;851.56;852.23;no
Ellie;852.572;854.382;depression_diagnosed (have you been diagnosed with depression)
Participant;855.74;888.93;um i am a classic um depressive uh and um yeah i guess i have i i guess i have i see <s> i do see a therapist and uh um though <clears throat> mm the mm therapist i'm seeing now is not trying to um prescribe drugs or medications um and uh previous ones have
Ellie;891.109;893.029;when_diagnosed (how long ago were you diagnosed)
Participant;894.13;899.95;uh probably um six years ago
Ellie;900.366;901.716;why_seek_help (what got you to seek help)
Participant;903.82;935.59;um well my wife kind of pushed me into it um she thought um it was uh a way of i think getting help finding work and um it's not as uh it's just uh good <g> uh uh enjoyed uh having someone to talk to
Ellie;938.074;942.833;Ellie17Dec2012_03 (that's good) suspect_problem (did you think you had a problem before you found out)
Participant;944.98;950.22;um not really yeah
Ellie;950.256;951.406;symptoms_what (what were your symptoms)
Participant;952.9;990.58;oh um just uh kind of not wanting to uh face the day just kind of wanting to um just uh kind of a weariness with the struggle uh and um just uh i displeasure with my life
Ellie;991.209;994.296;mhm (mhm) therapy_going (do you still go to therapy now)
Participant;994.76;995.38;yes
Ellie;996.847;998.297;therapy_useful (do you feel like therapy is useful)
Participant;999.95;1000.64;they're what
Ellie;1001.243;1002.693;therapy_useful (do you feel like therapy is useful)
Participant;1004.55;1006.03;i don't understand that word
Ellie;1006.239;1009.089;therapy_changes (what sort of changes have you noticed since you've been going to therapy)
Participant;1009.67;1039.46;oh um well i um it's something i look forward to because um i i feel like i'm talking to someone who um understands me
Ellie;1041.001;1046.349;yeah3 (yeah) happy_lasttime (tell me about the last time you felt really happy)
Participant;1047.13;1106.71;mm um i i can't i i don't know um um well each little um acting gig that i get makes me happy but uh you know just mildly happy and they usually turn out to be disappointing experiences and so um uh i never over excited <ex> excited um with happiness uh
Ellie;1109.652;1112.902;Ellie17Dec2012_10 (tell me about something you did recently that you really enjoyed)
Participant;1115.08;1142.41;mm um well um yesterday i i made a a dessert uh to celebrate my daughter's uh scholarship and uh it was delicious and and we really enjoyed that
Ellie;1142.813;1146.34;aw (aw) good_hear (that's so good to hear)
Participant;1146.97;1147.4;mm
Ellie;1149.832;1150.902;regret (is there anything you regret)
Participant;1153.9;1167.65;um hm no um except meeting that one woman uh
Ellie;1169.58;1172.53;advice_back (what advice would you give to yourself ten or twenty years ago)
Participant;1175.73;1238.49;uh i don't know probably try a little harder you know <fidgeting with mic> uh i had started this business um um around that time and um it was it was um just it was difficult but uh we were successful at it and um uh i guess i could've gotten it rolling even more um so that it wouldn't be so um dead today
Ellie;1239.415;1244.812;downer (okay) ideal_weekendC (tell me how you spend your ideal weekend)
Participant;1246.55;1265.84;oh um getting out of town um going going away when uh when uh which is rarely possible but uh yeah
Ellie;1268.278;1270.578;Ellie17Dec2012_08 (what are you most proud of in your life)
Participant;1271.97;1313.78;um well my daughter's a great source of pride and um um the fact that i've been pretty successful in uh my endeavors um and now i'm just uh going for the the big the big apple and uh uh and i hope to be successful there too
Ellie;1314.463;1321.678;thats_good (that's good) asked_everything (okay i think i have asked everything i need to) appreciate_open (thanks for sharing your thoughts with me)
Participant;1320.48;1323.04;okay you're welcome
Ellie;1323.116;1323.726;bye (goodbye)
Participant;1324.17;1324.78;goodbye
