speaker;start_time;stop_time;text
Ellie;30.938;52.37;hi i'm ellie thanks for coming in today i was created to talk to people in a safe and secure environment i'm not a therapist but i'm here to learn about people and would love to learn about you i'll ask a few questions to get us started and please feel free to tell me anything your answers are totally confidential are you okay with this
Participant;53.04;53.46;yes
Ellie;54.4;56.42;so how are you doing today
Participant;57.44;57.78;fine
Ellie;59.11;60.27;where are you from originally
Participant;60.89;61.69;tampa florida
Ellie;63.38;64.36;why'd you move to l_a
Participant;65.48;68.73;uh at that point i wanted to get into the entertainment industry
Ellie;70.42;71.38;when'd you move to l_a
Participant;72.76;74.77;um nineteen ninety
Ellie;76.33;78.75;how easy was it for you to get used to living in l_a
Participant;79.75;82.92;it took a long time to get used to it it wasn't easy
Ellie;84.46;86.4;what are some things you really like about l_a
Participant;88.19;98.02;well the weather and that if you have a hobby you could always find a large group of people that are interested in the same hobby as you have
Ellie;99.49;101.6;what are some things you don't really like about l_a
Participant;104.4;116.01;oh some of the people in the business world you know it's pretty transient they come and go and it's kinda difficult as far as if you you know trusting people in the business world has been difficult
Ellie;117.41;119.16;how often do you go back to your home town
Participant;120.62;121.39;not much at all
Ellie;122.75;124.26;how does it compare to l_a
Participant;127.26;133.6;um it's quite different uh the weather's different the people are different it's very different
Ellie;134.66;135.64;do you travel a lot
Participant;136.48;136.8;no
Ellie;138.21;139.31;what'd you study at school
Participant;141.3;154.15;um god it was so long ago uh school just uh general stuff business uh acting that kinda thing
Ellie;154.06;154.83;what do you do now
Participant;155.8;166.7;well i'm working on becoming a professional poker player and i um left the stockbrokage industry successfully to do financial trading stock options futures that kinda stuff
Ellie;169.12;170.63;do you consider yourself an introvert
Participant;171.88;172.67;sometimes yes
Ellie;174.55;176.57;what are some things that make you really mad
Participant;178.62;189.69;people my family just people you know making fun of me or just instigators just being around negative hostile people
Ellie;191.04;192.37;what do you do when you're annoyed
Participant;195.37;202.0;i vent ruminate over the same situation over and over again
Ellie;203.81;205.72;how are you at controlling your temper
Participant;206.7;207.42;pretty darn good
Ellie;208.93;211.81;when was the last time you argued with someone and what was it about
Participant;221.22;267.13;uh don't can't remember argued with someone um i can't really remember that's a good sign i don't argue much these days um maybe online um not really i don't know well it's a good good good change of i don't know what did i argue with somebody about maybe it's been a long time um i can't really remember huh
Ellie;268.6;270.98;who's someone that's been a positive influence in your life
Participant;271.921;279.28;oh i'd say tony robbins anthony robbins
Ellie;278.941;280.6;what are some things you like to do for fun
Participant;282.48;294.54;um listen to music surf the internet study poker research on stocks watch youtube clips
Ellie;296.053;297.601;how close are you to your family
Participant;298.531;305.881;um more towards my sisters not my parents i'm not close at all with my parents we've been estranged
Ellie;307.026;308.584;have you ever served in the military
Participant;308.971;309.301;no
Ellie;310.557;312.504;have you ever been diagnosed with p_t_s_d
Participant;314.504;328.238;um not <n> not officially but um some people say i do have the symptoms of it when i've been talking about depression
Ellie;329.931;331.731;have you been diagnosed with depression
Participant;331.84;332.371;yes
Ellie;333.884;335.716;how long ago were you diagnosed
Participant;336.92;347.946;um i was diagnosed in the early nineteen nineties with like dysthymia which is like a mild form of depression i think or a long term lasting mild depression
Ellie;348.946;350.23;what got you to seek help
Participant;351.548;371.247;a friend um had thought he had a learning disability um called attention deficit disorder at that time it was a_d_h_d so i when i looked at the literature it seemed similar to the symptoms that i had so then i went to go through the same battery of tests that he did at u_c_l_a
Ellie;373.053;374.362;do you still go to therapy now
Participant;375.079;375.407;no
Ellie;376.557;377.345;why did you stop
Participant;378.55;379.92;it was more of a financial thing
Ellie;381.734;383.026;do you feel like therapy's useful
Participant;383.224;383.644;yes
Ellie;385.46;386.884;how have you been feeling lately
Participant;388.327;392.663;um irritable moody tired
Ellie;392.69;395.646;have you noticed any changes in your behavior or thoughts lately
Participant;395.805;396.274;yes
Ellie;397.858;400.203;how easy is it for you to get a good night's sleep
Participant;400.384;400.994;not easy
Ellie;402.477;404.097;what are you like when you don't sleep well
Participant;407.292;412.973;airheaded spacey um slow
Ellie;415.674;416.564;how do you cope with them
Participant;418.336;419.0;how do i do what
Ellie;420.314;421.194;how do you cope with them
Participant;421.575;425.654;cope with what how do i
Ellie;425.495;426.964;let's come back to that later
Participant;426.994;427.334;okay
Ellie;428.982;431.486;when was the last time you felt really happy
Participant;432.454;442.141;<deep breath> oh <sigh> mm can't remember
Ellie;445.23;448.318;tell me about something you did recently that you really enjoyed
Participant;452.74;453.902;played poker online
Ellie;457.132;458.212;is there anything you regret
Participant;460.743;467.38;um yes
Ellie;471.13;473.964;what advice would you give yourself ten or twenty years ago
Participant;475.64;536.477;wow that's a good question um ten or twenty years ago would've said to stay away from losers avoid negative people don't try to change 'em don't try to give 'em advice don't try to help 'em out don't try to show 'em the right way just a waste of your energy my energy don't do business with unethical people new york city wise guys new york city type wise guys uh you know chronic liars b_sers and uh would've said kept my room in better order dated more women date more women clean my room do a better job of you know enjoying my nice apartment and my single bachelorhood and
Ellie;536.256;538.026;what are you most proud of in your life
Participant;539.15;566.699;probably surviving my difficult childhood with my dysfunctional family staying out of trouble staying away from drugs illegal drugs um making a name for myself as a good stock trader good stock picker and sort of my wisdom i've been able to pass on about eastern philosophy
Ellie;568.752;570.265;how would your best friend describe you
Participant;571.52;574.84;honest trustworthy
Ellie;580.69;582.982;what would you say are some of your best qualities
Participant;583.283;608.973;honesty mm perserverance knowledgeable being able to help people give them advice about different things pretty i've got a good <deep breath> amount of wisdom without having p_h_ds or degrees you know <yawning> excuse me
Ellie;608.867;615.256;okay i think i've asked everything i need to thanks for sharing your thoughts with me goodbye
Participant;615.575;615.973;bye
