speaker;start_time;stop_time;text
Participant;69.93;70.79;<synch>
Ellie;90.688;112.228;IntroV4Confirmation (hi i'm ellie thanks for coming in today i was created to talk to people in a safe and secure environment i'm not a therapist but i'm here to learn about people and would love to learn about you i'll ask a few questions to get us started and please feel free to tell me anything your answers are totally confidential are you ok with this)
Participant;112.54;112.96;yes
Ellie;113.717;117.552;okay_confirm (okay) how_doingV (so how are you doing today)
Participant;117.845;118.345;i'm okay
Ellie;119.55;122.79;thats_good (that's good) where_originally (where are you from originally)
Participant;123.895;124.805;los angeles
Ellie;125.653;129.872;really (really) like_about_LA (what are some things you really like about l_a)
Participant;131.27;136.545;i like the arts i like the weather i like the people
Ellie;138.384;142.623;mhm (mhm) dont_like_LA (what are some things you don't really like about l_a)
Participant;144.69;150.08;hmm it's expensive smoggy a lot of traffic
Ellie;151.515;160.292;see_mean (i see what you mean) travel_shoes (i'm sure you can tell by my shoes i'm not much of a world explorer do you travel a lot)
Participant;160.01;160.67;no i don't
Ellie;162.111;162.681;why2 (why)
Participant;165.365;172.88;well i like i like where i live i don't like to leave my familiar surroundings
Ellie;173.853;176.985;makes_sense (that makes sense) study (what did you study at school)
Participant;178.91;183.63;uh i i didn't i didn't study anything
Ellie;185.135;186.335;dream_job (what's your dream job)
Participant;189.755;193.965;enough to make enough money to survive that would be a dream job
Ellie;195.756;203.072;okay_confirm (okay) shyoutgoing (do you consider yourself more shy or outgoing)
Participant;204.28;207.84;uh somewhere in the middle maybe shy
Ellie;210.001;221.762;relax_fishtank (sometimes when i'm feeling tense i turn on the fish tank screensaver hey i know it's not hawaii but it's the best i've got what do you do to relax)
Participant;224.79;230.69;hmm i just try and uh and just meditate
Ellie;233.144;234.084;difficult (how hard is that)
Participant;235.59;236.48;it's not easy
Ellie;239.824;243.906;okay_confirm (okay) control_temper (how are you at controlling your temper)
Participant;246.04;249.91;oh not not real good at it but i don't get angry too often
Ellie;251.676;253.156;landed_trouble (has that gotten you in trouble)
Participant;254.68;256.31;actually i think it has yes
Ellie;257.43;258.59;tell_about_that (can you tell me about that)
Participant;259.76;269.03;oh work situations where you get mad <m> angry with another employee and mm you should be more cool and calm
Ellie;267.434;277.14;mhm (mhm) isee_downer (i see) isee_downer (i see) last_argument (when was the last time you argued with someone and what was it about)
Participant;279.85;295.315;oh several days <day> a few days ago it was about mm uh somebody's excessive drinking and uh and money not my drinking some
Ellie;294.454;295.994;describe_felt (how did you feel in that moment)
Participant;297.45;302.19;frustrated person wasn't able to listen very easily
Ellie;304.731;310.908;okay_confirm (okay) situation_handled (tell me about a situation that you wish you had handled differently)
Participant;317.495;328.3;well stuff that xxx dating back twenty years ago things in my marriage maybe uh arguing or being difficult
Ellie;331.162;333.032;avoid (could you have done anything to avoid it)
Participant;335.45;341.91;sure i could've uh i could've been more mindful in certain situations
Ellie;344.851;348.451;hard_decisionB (tell me about the hardest decision you've ever had to make)
Participant;355.15;361.795;one of them was whether or not i was should uh get married when i was much younger
Ellie;363.394;364.824;change_directions (what made you decide to do that)
Participant;368.72;374.24;uh i didn't wanna disappoint my fiancee <fi> uh my girlfriend she wanted to get married so i didn't wanna hurt her feelings
Ellie;376.183;377.183;happy_didthat (are you happy you did that)
Participant;378.225;378.695;yes
Ellie;381.015;387.339;thats_good (that's good) situation_handled (tell me about a situation that you wish you had handled differently)
Participant;389.605;391.645;i think i did that didn't i uh
Ellie;392.095;397.719;yeah3 (yeah) memory_erase (tell me about an event or something that you wish you could erase from your memory)
Participant;403.265;421.71;instances where i wasn't an attentive father you always wanna be the best you can i'm very hard on myself it's uh uh very i uh i xxx i i'm i think back in every situation where i don't think i handled myself properly
Ellie;423.667;427.244;understand (i understand) kids_elaborate (tell me about your kids)
Participant;429.205;450.08;i have a twenty eight year old twenty seven year old son who just got married last month and he's doing very well he's happy and adjusted my daughter is twenty one and she's uh in school and uh she is doing very well also so my kids are come out very well i'm very lucky that they are such good kids
Ellie;451.016;455.737;thats_great (that's great) easy_parent (do you find it easy to be a parent)
Participant;456.88;457.24;no
Ellie;459.105;461.085;parent_hardest (what's the hardest thing about being a parent)
Participant;463.61;467.19;being consistent keeping your emotions in check
Ellie;470.119;471.839;parent_best (what's the best thing about being a parent)
Participant;475.47;480.035;well unconditional love from your kids that mm
Ellie;479.569;486.5;aw (aw) parent_differences (what are some ways that you're different as a parent than your parents)
Participant;488.245;509.76;my parents were abusive and uh they threw me out at an eh i i didn't live with them i lived in a foster home and i'm not like that uh i don't i don't hit my kids i never <ne> i didn't hit my kids i still don't hit 'em and uh i think i'm a better parent
Ellie;511.754;513.454;family_roleB (how close are you to your family)
Participant;514.87;522.565;i'm close with my son my daughter not so close but uh somewhat and that's all that's my entire family my two kids
Ellie;523.756;524.216;okay_confirm (okay)
Participant;524.58;527.17;i have a sister too so i'm not very close with her
Ellie;528.476;530.806;influence_positive (who's someone that's been a positive influence in your life)
Participant;537.18;538.7;certain therapists i've had
Ellie;541.039;542.199;tell_about_that (can you tell me about that)
Participant;545.51;557.39;mm they just uh help me with being uh with being mindful with being uh less hard on myself
Ellie;560.046;562.486;easy_sleep (how easy is it for you to get a good night's sleep)
Participant;562.9;563.76;it's difficult
Ellie;565.03;565.6;why2 (why)
Participant;567.38;572.3;can't fall asleep and when i do i wake up a lot after an hour or two
Ellie;573.826;575.206;trigger (are they triggered by something)
Participant;576.48;588.39;<sigh> stress maybe uh maybe just old age i'm not sure i looked it up on the internet it says old people don't really sleep very well once you reach my age
Ellie;587.207;592.662;wild_laughter3 ((laughter)) sleep_affects (what are you like when you don't sleep well)
Participant;597.28;607.81;i don't know i feel uh i don't feel right i feel tired uh depressed not well rested
Ellie;609.018;611.563;mhm (mhm) feel_lately (how have you been feeling lately)
Participant;614.35;620.98;been very anxious and stressed out somewhat sad more than somewhat i've been sad lately
Ellie;622.454;626.165;im_sorry (i'm sorry) tell_about_that (can you tell me about that)
Participant;628.83;646.27;well i'm not working right now i have a lot of pressures things don't seem to be going right i'm getting a lot of things seem <see> seem to be uh not working out i'm getting a lot of bad news things aren't going my way sometimes always
Ellie;646.229;646.679;hmm_downer (hmm)
Participant;647.55;647.98;lately
Ellie;647.987;650.197;good_job (it can be tough to find a good job these days)
Participant;651.73;652.41;yeah i agree
Ellie;654.65;656.69;ptsd_diagnosed (have you ever been diagnosed with p_t_s_d)
Participant;657.15;657.77;no i haven't
Ellie;658.596;660.406;depression_diagnosed (have you been diagnosed with depression)
Participant;660.89;664.57;mm depression or sadness i would say yes
Ellie;665.416;667.336;when_diagnosed (how long ago were you diagnosed)
Participant;668.78;674.21;well i don't know if it's a diagnosis i xxx thirty years ago xxx thirty five years ago
Ellie;675.222;676.572;why_seek_help (what got you to seek help)
Participant;679.02;685.64;wanting to improve my life wanting to be the best person i can be wanting to be happy
Ellie;687.077;688.517;therapy_going (do you still go to therapy now)
Participant;688.64;689.08;yes
Ellie;691.091;692.541;therapy_useful (do you feel like therapy is useful)
Participant;694.91;709.1;<sigh> sometimes it's mostly uh i don't know i don't know if it's useful or not sometimes i think it is sometimes i think it isn't
Ellie;711.314;714.164;therapy_changes (what sort of changes have you noticed since you've been going to therapy)
Participant;718.97;734.21;not much very little changes i'm not sure i've been in therapy for a long time so i don't uh it's been a a long time so i don't know what changes i can attribute to therapy or to myself
Ellie;736.144;741.675;see_mean (i see what you mean) happy_lasttime (tell me about the last time you felt really happy)
Participant;748.62;750.99;last month at my son's wedding i was happy
Ellie;754.105;755.195;more (tell me more about that)
Participant;759.12;769.655;well just seeing my son happy and doing well and successful and knowing that uh he's turned out to be a better person than me
Ellie;772.441;774.131;BF_describe (how would your best friend describe you)
Participant;775.72;776.88;i don't have a best friend
Ellie;779.687;782.627;Ellie17Dec2012_07 (what would you say are some of your best qualities)
Participant;783.35;805.69;i'm kind i'm compassionate i'm loyal i uh qualities funny um i can be articulate uh can't think of anything else right now
Ellie;806.87;811.84;mhm (mhm) self_change (what are some things you wish you could change about yourself)
Participant;816.32;830.15;more content happier i need to give myself a break sometimes i'm very hard on myself i would like to be um easier on myself not beat myself up so much
Ellie;833.075;834.615;bouts_symptoms (when was the last time that happened)
Participant;835.84;836.59;happens every day
Ellie;838.256;839.586;give_example (can you give me an example of that)
Participant;842.977;873.32;<sigh> uh if just every uh i registered my car it cost me a lot of money to register it and then it didn't smog i can't smog it and i put it off too long i procrastinate too much i should've kept my job i need to find a new job <j> just i'm rambling on how about yourself how are you
Ellie;876.411;877.921;great_thanks (i'm great thanks)
Participant;881.04;881.45;next question <qu>
Ellie;881.081;884.031;advice_back (what advice would you give to yourself ten or twenty years ago)
Participant;887.26;904.3;learn a trade go to school realizing that i will the future will come and it's here and i'm unprepared i did my i i prepared my kids though
Ellie;906.804;912.179;thats_good (that's good) ideal_weekendC (tell me how you spend your ideal weekend)
Participant;915.84;934.01;maybe movie or a theater <thea> theater um i ride my bike i drink coffee at starbucks i go i like theater and i go to the opera um conversation with people maybe that
Ellie;933.67;934.4;nice (nice)
Participant;935.11;935.71;what about you
Ellie;938.264;944.09;me_too (me too) Ellie17Dec2012_08 (what are you most proud of in your life)
Participant;944.44;945.12;my children
Ellie;949.12;953.661;asked_everything (okay i think i have asked everything i need to) appreciate_open (thanks for sharing your thoughts with me)
Participant;953.92;954.86;okay you're welcome
Ellie;955.39;956.0;bye (goodbye)
Participant;956.12;958.6;bye should i buzz the buzzer
Ellie;959.673;960.143;uh_huh (uh huh)
