speaker;start_time;stop_time;text
Participant;13.13;13.98;<synch>
Ellie;27.857;49.397;IntroV4Confirmation (hi i'm ellie thanks for coming in today i was created to talk to people in a safe and secure environment i'm not a therapist but i'm here to learn about people and would love to learn about you i'll ask a few questions to get us started and please feel free to tell me anything your answers are totally confidential are you ok with this)
Participant;50.05;50.46;yes
Ellie;51.149;55.176;okay_confirm (okay) how_doingV (so how are you doing today)
Participant;55.46;56.11;i'm doing fine
Ellie;57.235;60.12;thats_good (that's good) where_originally (where are you from originally)
Participant;60.42;61.09;uh mexico
Ellie;62.486;65.649;really (really) when_LA (when did you move to l_a)
Participant;66.12;67.93;uh when i was young seven years old
Ellie;69.63;71.53;often_backB (how often do you go back to your hometown)
Participant;71.485;74.125;i've been there like uh three or four times for vacation
Ellie;75.233;76.853;compares_LA (how does it compare to l_a)
Participant;77.365;82.86;well it's uh less stressful i don't know if it's because i'm on vacation but i feel more at peace over there than here
Ellie;83.511;85.693;mhm (mhm) why_LA (why did you move to l_a)
Participant;86.375;90.125;well my uh family moved down here for a better life uh that was my parents
Ellie;91.446;93.556;like_about_LA (what are some things you really like about l_a)
Participant;94.16;101.01;mm just the weather and the different things that you could do you could be at the beach or you could go to the mountains different variety of things to do
Ellie;101.311;105.724;yeah3 (yeah) dont_like_LA (what are some things you don't really like about l_a)
Participant;105.945;111.075;the traffic and sometimes <somet> yeah basically the traffic and yeah that's one of the main things
Ellie;112.233;120.811;see_mean (i see what you mean) travel_shoes (i'm sure you can tell by my shoes i'm not much of a world explorer do you travel a lot)
Participant;120.4;123.37;not that much i been to new york and uh mexico only
Ellie;124.445;127.263;cool3 (cool) travel_changed (what do you enjoy about traveling)
Participant;127.68;132.62;uh just uh seeing new places and finding new locations you know something new
Ellie;135.434;137.794;memorableB (what's one of your most memorable experiences)
Participant;138.625;139.675;like for a trip or
Ellie;139.992;140.462;yeah3 (yeah)
Participant;140.98;155.34;well i've been to uh in mexico i've been to the pyramids of uh i forgot what's it called in mexico city and i like you know about uh finding about my ancient culture since i'm uh uh mexican from mayan aztec so i like to see different things like that
Ellie;148.256;160.677;wow (wow) thats_great (that's great) study (what did you study at school)
Participant;161.54;169.35;well uh at school well i did uh drop out but i came back and i'm trying to get back into it right now trying to learn uh graphic designs
Ellie;171.583;172.993;hard_decision (how did you decide to do that)
Participant;173.45;181.79;well i started liking you know to take pictures doing different things and i like you know uh going into business i like what the it entitles about
Ellie;183.675;184.875;dream_job (what's your dream job)
Participant;185.925;194.275;i wanna have my own business either making web pages just be able to be free and don't being relying on someone else just be able to have freedom for myself
Ellie;194.972;202.433;uh_huh (uh huh) shyoutgoing (do you consider yourself more shy or outgoing)
Participant;201.295;201.735;outgoing
Ellie;203.502;204.072;why2 (why)
Participant;204.63;210.41;well i just like to you know be around people like to get to know people and depending on the person how i feel around 'em
Ellie;211.707;226.165;okay_confirm (okay) relax_fishtank (sometimes when i'm feeling tense i turn on the fish tank screensaver hey i know it's not hawaii but it's the best i've got what do you do to relax)
Participant;226.16;232.645;i like to hear music or you know do do different things like play sports or do different things just to unwind
Ellie;234.401;236.461;control_temper (how are you at controlling your temper)
Participant;236.89;241.25;well i'm getting better at it you know i xxx
Ellie;240.983;244.033;last_argument (when was the last time you argued with someone and what was it about)
Participant;244.048;254.83;well it was like uh two days ago it was something about uh i needed to pay a bill or something <some> something that uh i you know i had taken care of but the person he's like more picky about it you know he's more
Ellie;255.575;256.415;that_sucks (that sucks)
Participant;255.575;258.585;you know how how girls are you know they they want everything right there and then
Ellie;259.04;259.91;wild_laughter5 ((laughter))
Participant;260.135;266.99;i have it handled you know i have it everything there and they just bugging sometimes they don't give you the space that you need to resolve something
Ellie;267.722;270.623;yeah3 (yeah) describe_felt (how did you feel in that moment)
Participant;271.2;285.875;well i felt like i was overwhelmed i already had it resolved i just was waiting for a check you know that's not on my control but i already had made the paper proper arrangements and she's bugging me about it and it's like you're making you know an argument you know a storm in a glass of water
Ellie;282.261;287.311;mm (mm) yeah3 (yeah)
Participant;287.065;287.755;it's like mhm
Ellie;290.437;294.239;situation_handled (tell me about a situation that you wish you had handled differently)
Participant;295.23;311.2;well uh differently there's couple of them but not so recently because i've been more trying to get my life together but the decisions i made before in the past like dropping out of school and doing other different things mm
Ellie;313.059;315.095;feelguilty (what's something you feel guilty about)
Participant;315.66;322.21;guilty not that much because not really not that i could think right off the top of my head
Ellie;323.233;328.472;okay_confirm (okay) hard_decisionB (tell me about the hardest decision you've ever had to make)
Participant;329.24;334.35;the hardest decision oh it's just not on top of my head right now
Ellie;335.967;342.087;okay_confirm (okay) memory_erase (tell me about an event or something that you wish you could erase from your memory)
Participant;342.89;358.36;an event mm well the only things that i remember is when i black out or different things like that that i don't remember but not nothing like a particular only when my uh brothers died and different things like that mhm
Ellie;358.513;359.673;tell_about_that (can you tell me about that)
Participant;359.97;367.575;well my brother was in gangs and different things and he was getting more into trouble and it's just not a pleasant memory for me to talk about that much get into it
Ellie;368.479;374.377;sorry_hear (i'm sorry to hear that) family_relationship (tell me about your relationship with your family)
Participant;374.265;387.005;no i'm hispanic i you know i like to be with my family and you know i i like to go over there to mexico too i have a half-sister and my grandpa died he was over there in mexico so i do uh like to have a good relationship with my family
Ellie;388.278;392.92;thats_good (that's good) influence_positive (who's someone that's been a positive influence in your life)
Participant;393.14;403.712;well my mom and dad they always work hard they always done what they had to do to pay the bills that's why sometimes i be like you know running around trying to get everythings done but done correctly not trying to take the easy way out
Ellie;406.115;408.313;yeah3 (yeah) difficult (how hard is that)
Participant;409.045;419.485;it's a little hard because there eh especially here in los angeles there's a lotta different things that you could get into that's not that positive and it's hard to stay focused on you know the correct stuff
Ellie;421.281;426.549;uh_huh (uh huh) easy_sleep (how easy is it for you to get a good night's sleep)
Participant;426.935;436.19;well normally i just knock out it's not that hard it's like it takes me like half an hour or fifteen minutes but uh sometimes i can't even wake up even with the alarm
Ellie;436.637;437.437;wild_laughter3 ((laughter))
Participant;436.94;444.005;uh they have to wake me up you know my girl has to wake me up even with the alarm going on it's like so hard so you know i just knock out
Ellie;445.019;446.799;sleep_affects (what are you like when you don't sleep well)
Participant;447.595;456.28;i do get a little either i'm angry or i don't feel good and i'm not filled with energy but i still have to know i know i have to do something so i still go through with it
Ellie;456.916;459.693;mm (mm) feel_lately (how have you been feeling lately)
Participant;460.0;470.37;i been well i been uh feeling good you know been a little restless but not that much i had to do stuff so i just you know put myself to do it no matter how i feel
Ellie;471.506;474.676;behavior_changes (have you noticed any changes in your behavior or thoughts lately)
Participant;474.935;476.8;no nothing out of the ordinary
Ellie;478.284;480.324;ptsd_diagnosed (have you ever been diagnosed with p_t_s_d)
Participant;480.71;480.9;no
Ellie;481.682;483.492;depression_diagnosed (have you been diagnosed with depression)
Participant;483.66;483.86;no
Ellie;484.924;487.471;happy_lasttime (tell me about the last time you felt really happy)
Participant;488.04;498.515;the last time i felt happy that was probably on the weekend that i was you know going out with a going out have some fun and you know i was drinking and just relaxing and winding <win> winding down
Ellie;499.991;500.711;awesome (awesome)
Participant;500.64;500.85;mhm
Ellie;503.705;505.895;ideal_weekendC (tell me how you spend your ideal weekend)
Participant;506.005;526.27;my ideal weekend is usually with my girl either out or at home just relax but nothing else you know just be able to relax and unwind with her you know either going out somewhere to a nice place or staying at home but without getting any calls or xxx interruptions you know just be able to turn off the phone and turn off everything just be with her doing the other different things
Ellie;526.989;527.459;yeah3 (yeah)
Participant;527.605;527.825;mhm
Ellie;528.91;530.6;BF_describe (how would your best friend describe you)
Participant;531.04;540.615;uh like an outgoing guy you know very social but at the same time i'm reserved depending how i feel with people have to you know build trust or feel comfortable with them
Ellie;541.537;548.061;uh_huh (uh huh) self_change (what are some things you wish you could change about yourself)
Participant;547.9;556.58;oh i'm changing a lot you know like uh my temper and different things drinking things i'm changing a little different things so i could get more different things done
Ellie;559.237;564.549;feelbadly (tell me about a time when someone made you feel really badly about yourself)
Participant;565.02;587.835;oh there's several but mostly uh is when i'm coming from mexico that they wanna demeander you even down there it feels uh like silly because i went to a store i was regularly dressed and i was telling 'em i wanted to buy something and then they said that that i i wasn't belong there and i and as soon as they saw my credit card they kinda changed perspective because they saw the wells fargo logo they know i was american
Ellie;588.398;589.198;wild_laughter3 ((laughter))
Participant;588.69;599.45;but they thought it was like you know it it was <wa> it felt me it felt ridiculous to me because you go to a place and you have the money you ask for something you're gonna ask for something because you have it not just to waste <wa> kill their time
Ellie;600.096;600.566;yeah3 (yeah)
Participant;600.38;605.67;just because they saw a logo of a card that's how they you know it just it was ridiculous for me
Ellie;607.464;610.291;understand (i understand) regret (is there anything you regret)
Participant;611.555;612.005;no
Ellie;613.478;616.428;advice_back (what advice would you give to yourself ten or twenty years ago)
Participant;617.07;629.93;basically uh to stay more focused on different things uh stay in school and you know don't go you know try to control my temper and do different things because if i knew what i know now back then it'd be different
Ellie;631.416;636.211;mm (mm) Ellie17Dec2012_08 (what are you most proud of in your life)
Participant;636.59;656.96;well uh i did drop out but i did uh go back to school and i you know i did get my high school and right now i'm in the process of doing other different things so right now is uh getting my high school getting that together and right now i'm working to another goal trying to get you know my either going back to school so it's basically <ba> basically getting back to school and finishing the high school the g_e_d
Ellie;656.582;657.942;good_hear (that's so good to hear)
Participant;658.085;658.325;mhm
Ellie;660.165;664.495;asked_everything (okay i think i have asked everything i need to) appreciate_open (thanks for sharing your thoughts with me)
Participant;664.805;666.18;okay you're welcome
Ellie;666.185;666.795;bye (goodbye)
Participant;666.91;667.02;bye
