speaker;start_time;stop_time;text
Participant;8.77;9.62;<synch>
Ellie;26.588;48.128;IntroV4Confirmation (hi i'm ellie thanks for coming in today i was created to talk to people in a safe and secure environment i'm not a therapist but i'm here to learn about people and would love to learn about you i'll ask a few questions to get us started and please feel free to tell me anything your answers are totally confidential are you ok with this)
Participant;48.92;49.35;yeah
Ellie;49.954;54.169;okay_confirm (okay) how_doingV (so how are you doing today)
Participant;54.9;55.59;i'm fine
Ellie;56.764;59.549;thats_good (that's good) where_originally (where are you from originally)
Participant;60.26;62.59;um pacific grove california
Ellie;64.316;66.426;like_about_LA (what are some things you really like about l_a)
Participant;67.58;75.56;um <sigh> the wholesale opportunities and uh all the stores and anything i could ever ask for
Ellie;76.68;80.173;mhm (mhm) dont_like_LA (what are some things you don't really like about l_a)
Participant;80.05;86.85;<laughter> the uh traffic the the mood of the people and the the unhealthy pace
Ellie;88.688;92.164;see_mean (i see what you mean) study (what did you study at school)
Participant;93.68;101.11;um uh let's see i i did like culinary and then i did really good in art and music in high school
Ellie;100.363;104.579;cool3 (cool) hard_decision (how did you decide to do that)
Participant;106.38;112.72;uh through my own uh will and desire to want to uh get involved with the music
Ellie;112.518;113.778;still_working_on_X (are you still working in that)
Participant;114.89;115.54;uh no
Ellie;117.25;118.45;dream_job (what's your dream job)
Participant;120.6;124.27;uh open up a uh health practice of some sort
Ellie;127.257;128.687;change_directions (what made you decide to do that)
Participant;129.69;137.14;uh changing things in my life that uh had an impact on myself and others for the for the benefit of health
Ellie;137.998;146.671;thats_great (that's great) travel_shoes (i'm sure you can tell by my shoes i'm not much of a world explorer do you travel a lot)
Participant;147.31;149.33;uh when i have the opportunity
Ellie;150.744;152.264;travel_changed (what do you enjoy about traveling)
Participant;153.57;160.8;um <sigh> buying things seeing the culture relaxing not thinking about the city
Ellie;162.554;164.234;travel_trips (i'd love to hear about one of your trips)
Participant;166.83;176.74;ah well i i used to go to texas every every year uh with my dad during the summer and i always wanted to stay there and live there when i went on vacation
Ellie;178.502;180.862;memorableB (what's one of your most memorable experiences)
Participant;182.87;191.16;um most likely one of these trips to texas uh where we would go and spend time in the desert and shoot guns and ride go karts and stuff like that
Ellie;193.315;195.195;great_situation (that sounds like a great situation)
Participant;195.3;197.54;<laughter> it was
Ellie;198.782;201.45;family_relationship (tell me about your relationship with your family)
Participant;203.57;214.76;uh let's see well um my dad and i are uh are not really talking that much and uh my mom passed away about two months ago
Ellie;216.201;217.271;sorry_hear (i'm sorry to hear that)
Participant;219.47;219.85;thanks
Ellie;222.338;226.751;shyoutgoing (do you consider yourself more shy or outgoing)
Participant;226.28;229.0;definitely more shy i've always been that way
Ellie;229.83;230.4;why2 (why)
Participant;232.36;242.34;uh <sigh> eh just the personality that i've grown into but learning how to adjust to the sensitivity and grow out of it
Ellie;243.355;257.131;mhm (mhm) relax_fishtank (sometimes when i'm feeling tense i turn on the fish tank screensaver hey i know it's not hawaii but it's the best i've got what do you do to relax)
Participant;258.46;264.4;oh tea and um you know eating i like to eat i mean that calms me down
Ellie;266.585;268.645;control_temper (how are you at controlling your temper)
Participant;270.22;283.72;uh eh not that good when i get really upset it's usually a problem and i have to work to calm myself down and sometimes i just don't get on something and i don't stop
Ellie;284.734;287.343;hmm_downer (hmm) landed_trouble (has that gotten you in trouble)
Participant;289.03;293.78;sometimes but i've learned to control it to that extent now
Ellie;295.336;298.386;last_argument (when was the last time you argued with someone and what was it about)
Participant;298.18;304.06;<laughter> yesterday i was arguing about what sort <s> what kind of water we should be drinking
Ellie;306.287;306.857;why2 (why)
Participant;308.66;321.85;uh well a difference of opinion and i felt as though my opinion was very valid um even though uh the other party's opinion was somewhat misinformed
Ellie;323.362;329.828;uh_huh (uh huh) situation_handled (tell me about a situation that you wish you had handled differently)
Participant;332.5;349.38;um definitely uh every day is a growing process i wish i would've handled everything differently every day which is what um makes me grow and i try to work toward how i would've wanted to handle things every day little by little
Ellie;350.556;356.152;okay_confirm (okay) hard_decisionB (tell me about the hardest decision you've ever had to make)
Participant;358.42;363.05;um <sigh> can't think of anyone right now
Ellie;365.828;367.829;feelguilty (what's something you feel guilty about)
Participant;370.85;387.92;um <sigh> i'd i'd i'd say uh not supporting my friends as much with their career choices <sigh>
Ellie;387.419;388.579;tell_about_that (can you tell me about that)
Participant;389.69;391.81;uh i'd rather not get into it <laughter>
Ellie;392.427;397.159;okay_confirm (okay) influence_positive (who's someone that's been a positive influence in your life)
Participant;397.32;412.53;<deep breath> um <sigh> the raw food educators on youtube and <sigh> um raw vegan educators and the detox therapy <therap> therapy uh experts have been really inspirational in the past two months
Ellie;414.209;415.299;more (tell me more about that)
Participant;416.81;440.1;well uh they believe that um the essence of all nutrition comes from the raw fruits and vegetables and this is true with many studies like t colin campbell the china study and um the sources of information that are uh that that are very good and i i think deserve respect based on you know real research <laughter>
Ellie;441.695;448.274;uh_huh (uh huh) easy_sleep (how easy is it for you to get a good night's sleep)
Participant;449.01;452.98;really easy i've uh almost got it down to a science
Ellie;454.404;457.925;thats_good (that's good) sleep_affects (what are you like when you don't sleep well)
Participant;460.09;460.98;uh i'm tired
Ellie;463.957;465.337;feel_lately (how have you been feeling lately)
Participant;466.7;470.06;been feeling better than i have in a long time
Ellie;473.031;474.191;tell_about_that (can you tell me about that)
Participant;475.6;495.64;uh yeah i think it's uh due to the transition in the diet and in no way having a placebo effect that it's actually you know loosening up toxins and things that have accumulated over my short life time of um you know toxic choices with food and drugs or whatever it would be
Ellie;496.341;501.314;mhm (mhm) behavior_changes (have you noticed any changes in your behavior or thoughts lately)
Participant;501.2;516.63;<deep breath> yes um less tense and less irritable and uh i have more clarity and more control over my uh decisions and my wants versus what i need that sort of thing
Ellie;517.627;521.941;thats_great (that's great) ptsd_diagnosed (have you ever been diagnosed with p_t_s_d)
Participant;522.13;522.68;nope
Ellie;523.235;525.045;depression_diagnosed (have you been diagnosed with depression)
Participant;526.0;527.74;yes to some extent
Ellie;528.642;530.562;when_diagnosed (how long ago were you diagnosed)
Participant;530.72;532.21;uh over five years ago
Ellie;533.249;534.599;why_seek_help (what got you to seek help)
Participant;535.96;544.88;um <sigh> lack of motivation and basically my my symptoms were paralleling that of depression
Ellie;546.335;547.485;symptoms_what (what were your symptoms)
Participant;548.73;564.69;uh loss of appetite loss of motivation not wanting to do anything not wanting to be social at all having fear of uh social situations and uh xxx the main four or five
Ellie;565.941;567.381;therapy_going (do you still go to therapy now)
Participant;568.78;569.27;no
Ellie;570.744;571.394;stop_going (why did you stop)
Participant;572.81;598.33;uh i believe i overcomed a chapter in my life that was the the doctor um you know taking control of my health and experimenting with drugs and i just sort of took another route which was alternative and i started juicing more and um just trying to listen to maybe what i needed with the help of uh the internet and nutrition experts and stuff like that
Ellie;598.898;601.753;mhm (mhm) therapy_useful (do you feel like therapy is useful)
Participant;602.6;602.99;yes
Ellie;604.642;605.802;tell_about_that (can you tell me about that)
Participant;607.08;635.76;uh i believe therapy is useful because um <sigh> without looking inward or having somebody to help you do that um it's very hard to readjust to some of these problems that you can have that will just uh resonate in the subconscious until you you know it has an outburst it basically um therapy um will help in overall health and mental health i believe for everybody
Ellie;635.331;642.0;yeah3 (yeah) happy_lasttime (tell me about the last time you felt really happy)
Participant;642.58;656.17;last night um i made a really great vegan uh dinner with you know meat tacos and cheese and guacamole and had a couple of my friends over and they really liked it a lot and i almost converted them <laughter>
Ellie;657.622;658.522;thats_great (that's great)
Participant;658.72;659.09;yeah
Ellie;661.292;664.153;self_change (what are some things you wish you could change about yourself)
Participant;666.73;687.0;uh i would say uh you know trying to listen to my inner conscious more than what my brain wants me to do like my brain likes caffeine and sugar whereas you know my body needs uh something other than that xxx is an example
Ellie;687.916;688.856;difficult (how hard is that)
Participant;689.48;693.57;it's very very hard it's a daily process
Ellie;695.927;701.251;feelbadly (tell me about a time when someone made you feel really badly about yourself)
Participant;706.35;733.5;um i was uh handling money for uh a business partner and they ended up short and i was to blame but it was actually my formulas of crunching the numbers that it made it short but they he was unaware of the change i made to the formula so the blame was on me that i may have took money and i i automatically felt bad about that because of my uneasy uh my uncertainty to the change of formula
Ellie;734.752;738.095;yeah_downer (yeah) regret (is there anything you regret)
Participant;740.43;743.94;um no
Ellie;746.297;749.247;advice_back (what advice would you give to yourself ten or twenty years ago)
Participant;751.3;761.75;twenty years ago i was two years old ten years ago i was twelve years old i would tell myself to um to start eating raw fruits and vegetables every day
Ellie;764.377;768.6;okay_confirm (okay) BF_describe (how would your best friend describe you)
Participant;770.42;778.75;as calm and um sad maybe smart talented
Ellie;782.063;785.313;Ellie17Dec2012_10 (tell me about something you did recently that you really enjoyed)
Participant;785.24;795.23;<laughter> um i really enjoyed going to the uh wholesale food market in downtown los angeles
Ellie;799.276;800.436;tell_about_that (can you tell me about that)
Participant;802.38;822.16;um <sigh> lots of food uh great prices you can eat and feed a whole family for a third of the price as going to a normal supermarket so uh i i really get in a lot of enjoyment uh teaching people how to uh maybe better themselves especially food-wise and what they're eating
Ellie;823.303;829.668;awesome (awesome) Ellie17Dec2012_09 (what are some things that usually put you in a good mood)
Participant;831.91;836.2;uh eating and um watching a really good t_v show
Ellie;838.574;844.581;okay_confirm (okay) Ellie17Dec2012_07 (what would you say are some of your best qualities)
Participant;846.67;862.89;um i'm insightful i can uh i can adjust to people's uh <sigh> uh <sigh> i dunno i guess i'll skip that question for now
Ellie;864.864;869.765;okay_confirm (okay) Ellie17Dec2012_08 (what are you most proud of in your life)
Participant;872.6;886.54;i'm most proud of um <sigh> i'd say my overall situation with where i'm at right now i could've never imagined that i'd be in such a fortunate um situation
Ellie;888.285;897.434;good_hear (that's so good to hear) asked_everything (okay i think i have asked everything i need to) appreciate_open (thanks for sharing your thoughts with me) bye (goodbye)
Participant;905.53;907.07;<deep breath> hmm <sigh>
