speaker;start_time;stop_time;text
Participant;13.11;14.14;<sync>
Ellie;26.33;47.87;IntroV4Confirmation (hi i'm ellie thanks for coming in today i was created to talk to people in a safe and secure environment i'm not a therapist but i'm here to learn about people and would love to learn about you i'll ask a few questions to get us started and please feel free to tell me anything your answers are totally confidential are you ok with this)
Participant;47.93;49.12;yeah that's perfectly fine
Ellie;49.702;53.578;okay_confirm (okay) how_doingV (so how are you doing today)
Participant;53.93;57.26;i'm feeling great uh it's an early morning i don't have school
Ellie;58.707;59.347;thats_good (that's good)
Participant;58.72;59.78;i'm excited <laughter>
Ellie;60.643;61.963;where_originally (where are you from originally)
Participant;62.02;64.24;uh born and raised in los angeles california
Ellie;64.915;65.505;really (really)
Participant;66.25;66.63;mhm
Ellie;66.86;68.97;like_about_LA (what are some things you really like about l_a)
Participant;69.62;76.16;uh the fact that you can surf snowboard and like do two drastically different things in one day
Ellie;77.296;79.646;dont_like_LA (what are some things you don't really like about l_a)
Participant;80.17;93.92;uh coming from the neighborhoods i've lived in uh <tisk> i'd say the population of uh lower socio economic backgrounds it it's like a cesspool almost for young african americans and it sucks
Ellie;94.544;104.657;yeah_downer (yeah) see_mean (i see what you mean) travel_shoes (i'm sure you can tell by my shoes i'm not much of a world explorer do you travel a lot)
Participant;104.56;112.16;uh not really i've been to new york connecticut mexico and texas but pretty young
Ellie;112.777;113.347;wow (wow)
Participant;113.5;114.79;hmm <laughter>
Ellie;115.408;116.928;travel_changed (what do you enjoy about traveling)
Participant;117.66;123.59;uh mostly if i'm traveling by plane just the sight and the air is amazing it's remarkable
Ellie;124.948;126.628;travel_trips (i'd love to hear about one of your trips)
Participant;127.39;151.22;uh the first time i went to new york i was about eleven years old and i made sure i got the the window seat on the plane and just the feeling of taking off is just exhilarating but uh we left um <tisk> at night here in l_a and it was the next day in new york so it was kind of confusing getting used to the time change the first thing i remember doing was uh getting a slice of new york pizza
Ellie;147.369;148.169;wild_laughter3 ((laughter))
Participant;151.88;153.53;it was it was delicious <laughter>
Ellie;154.735;155.465;nice (nice)
Participant;156.53;157.22;yep <laughter>
Ellie;157.905;159.045;study (what did you study at school)
Participant;159.92;170.8;scrubbed_entry graduating with a bachelor's degree in communications so i can go into the military as an officer
Ellie;172.671;174.101;change_directions (what made you decide to do that)
Participant;175.53;186.84;actually it's like what i don't know it's like you gotta have a plan and that's the only thing that's just fallen into place and it seems like it's going to fall into place for me
Ellie;188.437;189.637;dream_job (what's your dream job)
Participant;191.49;203.03;hmm to be honest a job that doesn't exist <laughter> it's however you can get paid to do nothing <laughter>
Ellie;201.317;202.117;wild_laughter3 ((laughter))
Participant;204.05;206.55;yeah but uh probably
Ellie;206.227;210.659;shyoutgoing (do you consider yourself more shy or outgoing)
Participant;210.27;218.89;i was just definitely shy as a kid but i've grown into myself through the experience of college so i'm way more outspoken
Ellie;219.758;234.28;thats_great (that's great) relax_fishtank (sometimes when i'm feeling tense i turn on the fish tank screensaver hey i know it's not hawaii but it's the best i've got what do you do to relax)
Participant;234.62;242.74;uh i write music and i work out mostly so if i'm feeling stressed out i just do a set of push ups and lift some weights
Ellie;243.91;245.97;control_temper (how are you at controlling your temper)
Participant;246.63;266.62;i'm pretty good um i saw a therapist when i was a kid for about a year and uh i don't know it it taught me to just be able to control my emotions and i don't think i do it in the best way because when i'm angry i do decide to like just bottle the my emotions in instead of letting them out in their appropriate outlets
Ellie;269.746;271.226;landed_trouble (has that gotten you in trouble)
Participant;272.59;280.3;uh not really it's been more of uh an interpersonal thing that's i don't i don't know
Ellie;281.71;286.475;okay_confirm (okay) last_argument (when was the last time you argued with someone and what was it about)
Participant;287.6;295.07;probably yesterday something in regards to sports the playoffs are on so things like that of that nature
Ellie;297.704;301.486;situation_handled (tell me about a situation that you wish you had handled differently)
Participant;303.35;325.35;um <sigh> hm <sigh> so many um i guess in my senior year of high school i waited to the last minute to apply for the u_c schools and it was unsuccessful because i didn't get to turn in the applications and i'm pretty sure i would've been admitted so it sucks but hey
Ellie;327.21;330.81;hard_decisionB (tell me about the hardest decision you've ever had to make)
Participant;335.65;343.09;that is an intriguing question <sigh> um i've actually no clue
Ellie;344.769;350.983;okay_confirm (okay) memory_erase (tell me about an event or something that you wish you could erase from your memory)
Participant;351.66;352.81;the death of my grandmother
Ellie;354.638;355.798;tell_about_that (can you tell me about that)
Participant;357.06;390.46;sure um my grandmother died when i was eleven years old she raised me from the time i was born because my mother was unable to take care of me she raised my sister my brother and my cousin as well and her five children so she was the matriarch of our family and <sigh> the closest thing i've had to a mother and it was it was tough but um it's gonna be seven years this may next on the thirtieth and uh i've grown quite a bit no more tears
Ellie;393.545;397.742;Ellie17Dec2012_03 (that's good) family_relationship (tell me about your relationship with your family)
Participant;398.58;416.8;uh i'm a foster kid so i was emancipated from the foster program uh about two years ago now but um my immediate family i'm pretty close with them and i see them as much as i can and uh my foster family they're awesome i've known them since i was five so it's been pretty cool
Ellie;419.706;422.146;easy_sleep (how easy is it for you to get a good night's sleep)
Participant;423.0;430.0;fairly easy i fall asleep pretty quick it's not a problem except for when my back's hurting you know then it's a problem
Ellie;431.103;432.883;sleep_affects (what are you like when you don't sleep well)
Participant;435.04;439.57;mm <tisk> a little moody in the morning i guess i drive more aggressively <laughter>
Ellie;441.312;442.692;feel_lately (how have you been feeling lately)
Participant;444.15;454.71;uh a little stressed about a few problems that i can take care of but i shouldn't stress because i either can do something about it or i can't and that's just the way things work
Ellie;455.761;456.921;tell_about_that (can you tell me about that)
Participant;457.97;503.01;uh sure um hm hm uh i have uh a few parking ticket not parking tickets they're not moving violations but they're tickets and i was unaware of if you miss court without being in the hospital or being in jail that you couldn't be excused from not making <ma> making your court date so i had three failure to appears in court which sucked tickets that are thousands of dollars and i have no money so i don't know it's it's pretty tough to deal with when you're trying to make something out of your life but there're so many barriers and obstacles that like you have you didn't forsee so i don't know it gets stressful at times and yeah
Ellie;503.516;506.372;yeah_downer (yeah) symptoms_cope (how do you cope with them)
Participant;507.69;524.05;thinking about it for periods of time some days i just sit and i'm just lost in my thoughts and i don't really communicate to anyone because there's nothing anybody can do for me really so i i just bottle it up like i do everything
Ellie;524.952;525.892;difficult (how hard is that)
Participant;527.48;534.03;not very after doing it for so long it becomes a natural thing i i i believe
Ellie;535.547;538.935;isee_downer (i see) ptsd_diagnosed (have you ever been diagnosed with p_t_s_d)
Participant;539.3;539.62;no
Ellie;540.396;542.206;depression_diagnosed (have you been diagnosed with depression)
Participant;542.48;542.83;no
Ellie;543.76;546.307;happy_lasttime (tell me about the last time you felt really happy)
Participant;547.78;568.52;hm really happy oh why is that such a difficult question uh mm i don't know i'm pretty content with everything right now i don't know about extreme happiness every day is just the same day seems like
Ellie;569.173;574.135;okay_confirm (okay) Ellie17Dec2012_10 (tell me about something you did recently that you really enjoyed)
Participant;575.22;586.0;uh dunking across the street at the clippers center there's a basketball court there and uh i've been working on it for a while and i finally got up <laugher> yeah
Ellie;585.035;589.275;nice (nice) BF_describe (how would your best friend describe you)
Participant;590.57;604.6;mm i have four close friends that i've known for over uh eight years uh each and i don't know studious hardworking determined mm i don't know
Ellie;605.123;605.633;mhm (mhm)
Participant;605.7;607.34;<laughter> yeah <laughter>
Ellie;608.334;611.228;self_change (what are some things you wish you could change about yourself)
Participant;611.99;619.61;mm probably my metabolism which i don't really have control over is uh i don't know i'm pretty content with myself
Ellie;621.231;626.547;feelbadly (tell me about a time when someone made you feel really badly about yourself)
Participant;626.98;653.39;hmm <sigh> i think in uh my sixth grade year of uh uh grade school i was uh i wasn't the best of students but i had a teacher who was diligent and like he failed me through the whole year but i i learned a lot and uh i developed a passion for school afterwards so it was like a situation i overcome after feeling so bad and down
Ellie;653.084;659.418;okay_confirm (okay) influence_positive (who's someone that's been a positive influence in your life)
Participant;659.99;674.47;uh the same teacher who made me feel really bad actually because if it wasn't for his like sterness i don't think i would've getting the discipline to be where i am at now in college and stuff so he's been pretty influential
Ellie;675.351;677.711;memorableB (what's one of your most memorable experiences)
Participant;678.98;696.47;uh i remember this time i was in the desert or uh uh up in joshua tree with my best friend and his dad and we actually got stuck in the mountains and like we went down a gully and then his jeep wouldn't get over a rock so it was it was pretty
Ellie;695.488;696.368;oh_no (oh no)
Participant;696.78;704.62;yeah it was it was um <tisk> it was kinda weird i i thought i was superman i tried to move a rock that was thousands of pounds didn't work
Ellie;704.228;705.028;wild_laughter3 ((laughter))
Participant;705.6;713.48;but yeah we eventually got out we thought we were gonna be stuck in the desert but it was a fun time i got to drive in the desert when i didn't have my license so it was fun yeah
Ellie;714.854;719.659;great_situation (that sounds like a great situation) regret (is there anything you regret)
Participant;721.28;723.95;about that day or in general
Ellie;724.673;725.873;mind (whatever comes to your mind)
Participant;728.14;735.85;mm other than like the u_c thing like where i didn't apply to the schools in time i regret that
Ellie;736.385;736.855;uh_huh (uh huh)
Participant;737.07;737.67;yeah
Ellie;738.359;741.309;advice_back (what advice would you give to yourself ten or twenty years ago)
Participant;743.59;766.11;hm i don't know i was i was ten years old ten years ago <laughter> uh i'd probably say to myself uh <sigh> i i have no clue that's that's an interesting question
Ellie;767.601;772.321;okay_confirm (okay) Ellie17Dec2012_08 (what are you most proud of in your life)
Participant;772.75;785.19;uh being the first from my immediate college <coll> uh immediate family as in my mother my brothers and my sister to go to college so yes it's it's pretty in
Ellie;785.529;786.429;thats_great (that's great)
Participant;786.61;786.9;yeah
Ellie;788.249;792.634;asked_everything (okay i think i have asked everything i need to) appreciate_open (thanks for sharing your thoughts with me)
Participant;793.03;793.67;no problem
Ellie;794.5;795.11;bye (goodbye)
