speaker;start_time;stop_time;text
Participant;11.245;12.065;<synch>
Ellie;26.527;48.067;IntroV4Confirmation (hi i'm ellie thanks for coming in today i was created to talk to people in a safe and secure environment i'm not a therapist but i'm here to learn about people and would love to learn about you i'll ask a few questions to get us started and please feel free to tell me anything your answers are totally confidential are you ok with this)
Participant;48.82;49.29;yes
Ellie;50.71;54.895;okay_confirm (okay) how_doingV (so how are you doing today)
Participant;55.67;56.76;great and yourself
Ellie;58.472;61.935;great_thanks (i'm great thanks) where_originally (where are you from originally)
Participant;62.86;63.95;houston texas
Ellie;64.279;68.021;really (really) when_LA (when did you move to l_a)
Participant;68.91;69.7;when i was very young
Ellie;71.066;72.966;often_backB (how often do you go back to your hometown)
Participant;73.79;74.67;every few years
Ellie;76.343;79.048;thats_good (that's good) compares_LA (how does it compare to l_a)
Participant;80.4;81.37;it's a little bit slower
Ellie;82.49;83.51;why_LA (why did you move to l_a)
Participant;84.685;86.105;my parents brought me as a child
Ellie;87.393;89.503;like_about_LA (what are some things you really like about l_a)
Participant;90.435;91.025;the weather
Ellie;93.39;97.95;see_mean (i see what you mean) dont_like_LA (what are some things you don't really like about l_a)
Participant;99.13;101.98;um there's disconnect at times
Ellie;103.339;104.499;tell_about_that (can you tell me about that)
Participant;105.305;110.485;um people are just kind of you know some people are warm and friendly and other people aren't it's kind of interesting
Ellie;112.649;120.566;yeah3 (yeah) travel_shoes (i'm sure you can tell by my shoes i'm not much of a world explorer do you travel a lot)
Participant;120.59;121.02;yes
Ellie;122.481;124.001;travel_changed (what do you enjoy about traveling)
Participant;124.98;127.48;mm different people cultures experiences
Ellie;128.658;130.338;travel_trips (i'd love to hear about one of your trips)
Participant;131.855;133.495;um pick a place
Ellie;134.453;135.653;mind (whatever comes to your mind)
Participant;136.6;138.7;um greece the west indies
Ellie;140.393;142.824;nice (nice) tell_about_that (can you tell me about that)
Participant;143.495;152.38;uh west indies very laid back very relaxed um kind of easy flowing great weather great water
Ellie;153.165;153.675;mhm (mhm)
Participant;153.23;160.44;very nice greece um lots of culture lots of um the past very interesting
Ellie;161.435;165.046;cool3 (cool) memorableB (what's one of your most memorable experiences)
Participant;167.285;169.84;um birth of children
Ellie;171.513;174.691;aw (aw) kids_elaborate (tell me about your kids)
Participant;176.03;182.94;um i have a six-year-old and we have a set of twins boys all boys
Ellie;182.084;186.702;wow (wow) easy_parent (do you find it easy to be a parent)
Participant;187.58;190.27;mm not always challenging sometimes
Ellie;190.832;192.812;parent_hardest (what's the hardest thing about being a parent)
Participant;193.86;197.99;um i think you know the kids are different they have different needs
Ellie;199.198;200.918;parent_best (what's the best thing about being a parent)
Participant;199.21;205.23;you know mm loving lots of unconditional love
Ellie;207.718;211.545;parent_differences (what are some ways that you're different as a parent than your parents)
Participant;212.66;222.61;um i think i travel along the same lines um i give my children lots of choices and i have lots let them have input on what happens
Ellie;223.291;227.438;mhm (mhm) study (what did you study at school)
Participant;228.225;229.065;psychology
Ellie;231.6;233.01;hard_decision (how did you decide to do that)
Participant;235.43;240.71;um was gonna go down another path i was gonna work with the youth in the system um for children
Ellie;242.531;246.022;sounds_interesting (that sounds interesting) still_working_on_X (are you still working in that)
Participant;246.82;247.05;no
Ellie;248.389;249.589;dream_job (what's your dream job)
Participant;251.51;265.785;<laughter> um dream job i don't know if my dream job is an actual job there are lots of um there's xxx lots of things that i'd like to do um
Ellie;261.811;262.971;tell_about_that (can you tell me about that)
Participant;267.21;271.655;uh from a philanthropist point of view i'd like to do that would be my dream job
Ellie;271.021;271.561;like_what (like what)
Participant;272.21;282.49;um mostly serving children that are undeserved <un> undeserved <unde> in undeserved areas um giving um giving some outlets and different things that can improve their life
Ellie;283.491;284.431;difficult (how hard is that)
Participant;285.405;299.24;difficult difficult monies are aren't always there uh it's not always easy to go in underserved areas um with new ideas it's difficult and i don't have the flexibility just to spend all my time doing that so
Ellie;296.418;307.764;yeah_downer (yeah) understand (i understand) shyoutgoing (do you consider yourself more shy or outgoing)
Participant;306.66;307.29;outgoing
Ellie;308.357;308.927;why2 (why)
Participant;310.825;315.28;just not shy just have one of those kinda personalities very outspoken
Ellie;314.536;326.304;relax_fishtank (sometimes when i'm feeling tense i turn on the fish tank screensaver hey i know it's not hawaii but it's the best i've got what do you do to relax)
Participant;326.495;330.58;um hang out in the backyard lie on the hammock read
Ellie;332.435;336.413;nice (nice) control_temper (how are you at controlling your temper)
Participant;337.53;337.91;pretty good
Ellie;339.466;344.306;thats_good (that's good) last_argument (when was the last time you argued with someone and what was it about)
Participant;347.75;351.325;um my sister on saturday
Ellie;353.673;354.833;tell_about_that (can you tell me about that)
Participant;353.92;361.28;oh what was it about um about i don't know silly about parking cars in a certain a place
Ellie;362.53;364.07;describe_felt (how did you feel in that moment)
Participant;365.36;366.03;frustrated
Ellie;368.52;374.354;isee_downer (i see) situation_handled (tell me about a situation that you wish you had handled differently)
Participant;377.265;386.91;hmm um i probably could've handled that situation a little bit differently
Ellie;389.763;391.273;elaborate (could you say a little more about that)
Participant;389.815;396.34;could've been a little bit more giving <givi> could've been a little bit more giving i guess not so stubborn
Ellie;397.326;402.542;okay_confirm (okay) hard_decisionB (tell me about the hardest decision you've ever had to make)
Participant;410.535;433.34;um hardest decision hmm hardest decision i think the hardest decision i've had to make of recent would um be turning off life support system to an uncle
Ellie;434.724;435.794;sorry_hear (i'm sorry to hear that)
Participant;436.29;436.91;mm thank you <y>
Ellie;438.799;440.229;change_directions (what made you decide to do that)
Participant;441.06;443.03;mm there was nothing else that could be done for him
Ellie;444.589;452.759;yeah_downer (yeah) memory_erase (tell me about an event or something that you wish you could erase from your memory)
Participant;459.75;465.49;uh an accident that i had a car accident i have very little memory of it but it's still a car accident
Ellie;467.49;469.0;elaborate (could you say a little more about that)
Participant;469.9;480.825;um i was hit broadside by another vehicle going about forty miles per hour flipped over my truck had to be cut out with the jaws of life it was xxx very difficult time
Ellie;481.666;490.572;Ellie17Dec2012_06 (wow) family_relationship (tell me about your relationship with your family)
Participant;492.12;494.28;it's good we're happy
Ellie;494.175;495.875;family_roleB (how close are you to your family)
Participant;496.165;496.925;very close
Ellie;497.692;499.052;good_hear (that's so good to hear)
Participant;499.44;499.76;yeah
Ellie;500.822;503.152;influence_positive (who's someone that's been a positive influence in your life)
Participant;505.16;510.045;my mother my parents older sibling
Ellie;509.357;510.517;tell_about_that (can you tell me about that)
Participant;511.33;518.52;my parents older sibling just always there standing in the gap available for conversation we'll talk things through
Ellie;518.961;523.342;mhm (mhm) easy_sleep (how easy is it for you to get a good night's sleep)
Participant;525.18;525.78;pretty easy
Ellie;527.583;530.881;thats_good (that's good) sleep_affects (what are you like when you don't sleep well)
Participant;532.56;534.3;irritable <laughter>
Ellie;535.27;536.65;feel_lately (how have you been feeling lately)
Participant;537.56;539.71;pretty good pretty great
Ellie;539.501;542.671;behavior_changes (have you noticed any changes in your behavior or thoughts lately)
Participant;543.56;552.16;um not really i think i'm getting up there in age so you know with a woman and perimenopausal stuff that's part of the sleep deprivation thing i think
Ellie;553.553;558.503;okay_confirm (okay) ptsd_diagnosed (have you ever been diagnosed with p_t_s_d)
Participant;559.115;559.355;no
Ellie;559.663;561.473;depression_diagnosed (have you been diagnosed with depression)
Participant;562.05;562.3;no
Ellie;563.287;565.834;happy_lasttime (tell me about the last time you felt really happy)
Participant;567.66;568.25;this morning
Ellie;570.694;571.464;Ellie17Dec2012_02 (uh huh)
Participant;574.65;575.46;i feel happy now
Ellie;576.666;581.124;thats_great (that's great) BF_describe (how would your best friend describe you)
Participant;584.19;589.595;loving compassionate um strong-willed determined
Ellie;592.393;595.29;self_change (what are some things you wish you could change about yourself)
Participant;597.7;601.27;um little bit more patience sometimes
Ellie;604.342;605.822;landed_trouble (has that gotten you in trouble)
Participant;607.13;608.45;i wouldn't say trouble no
Ellie;609.411;616.866;okay_confirm (okay) feelbadly (tell me about a time when someone made you feel really badly about yourself)
Participant;622.28;632.03;um really badly about myself um a fight with my best friend
Ellie;634.433;635.973;bouts_symptoms (when was the last time that happened)
Participant;637.43;638.37;about eight months ago
Ellie;641.264;642.804;describe_felt (how did you feel in that moment)
Participant;643.44;644.04;saddened
Ellie;645.439;646.009;why2 (why)
Participant;646.9;648.72;because i love her and i don't like to fight with her
Ellie;649.843;653.534;understand (i understand) avoid (could you have done anything to avoid it)
Participant;654.89;655.52;probably so
Ellie;657.169;657.709;like_what (like what)
Participant;658.49;662.53;could've been a little more understanding could not have spoken my mind
Ellie;664.829;667.908;okay_confirm (okay) regret (is there anything you regret)
Participant;669.85;670.98;about that situation
Ellie;672.601;673.801;mind (whatever comes to your mind)
Participant;674.565;675.855;um yeah i have regret
Ellie;678.443;681.393;advice_back (what advice would you give to yourself ten or twenty years ago)
Participant;685.85;688.38;um about that situation or just in general
Ellie;689.369;690.569;mind (whatever comes to your mind)
Participant;691.58;695.57;um to be always open very open-minded
Ellie;697.563;703.747;mhm (mhm) Ellie17Dec2012_10 (tell me about something you did recently that you really enjoyed)
Participant;704.89;708.24;um went to disneyland with the children for the weekend
Ellie;709.109;709.829;awesome (awesome)
Participant;711.305;711.755;good thing
Ellie;716.37;719.14;Ellie17Dec2012_09 (what are some things that usually put you in a good mood)
Participant;721.575;728.26;um music kids family friends
Ellie;729.701;734.486;okay_confirm (okay) Ellie17Dec2012_08 (what are you most proud of in your life)
Participant;736.49;738.41;um kids
Ellie;741.109;747.854;asked_everything (okay i think i have asked everything i need to) appreciate_open (thanks for sharing your thoughts with me) bye (goodbye)
Participant;747.48;748.91;you're welcome buh bye
