speaker;start_time;stop_time;text
Participant;11.25;12.09;<synch>
Ellie;32.275;53.815;IntroV4Confirmation (hi i'm ellie thanks for coming in today i was created to talk to people in a safe and secure environment i'm not a therapist but i'm here to learn about people and would love to learn about you i'll ask a few questions to get us started and please feel free to tell me anything your answers are totally confidential are you ok with this)
Participant;54.0;54.41;sure
Ellie;55.211;59.118;okay_confirm (okay) how_doingV (so how are you doing today)
Participant;59.31;59.62;good
Ellie;60.645;63.5;thats_good (that's good) where_originally (where are you from originally)
Participant;63.87;64.49;indiana
Ellie;65.15;68.365;really (really) when_LA (when did you move to l_a)
Participant;69.52;71.62;um the weather i like the weather
Ellie;72.587;74.487;often_backB (how often do you go back to your hometown)
Participant;74.785;75.475;uh never
Ellie;76.551;77.121;why2 (why)
Participant;78.215;81.635;um didn't wanna get back into the old groove
Ellie;83.261;88.438;okay_confirm (okay) adapted_LA (how easy was it for you to get used to living in l_a)
Participant;89.535;94.585;i took some time took a long time took a few years yeah
Ellie;94.462;96.572;like_about_LA (what are some things you really like about l_a)
Participant;97.115;106.72;um it doesn't get very cold um i'm more comfortable with the uh environment than the midwest
Ellie;107.61;109.96;dont_like_LA (what are some things you don't really like about l_a)
Participant;110.93;121.99;uh the smog uh the crowds um the dirt um mm the hustle
Ellie;123.184;124.214;see_mean (i see what you mean)
Participant;124.8;125.22;yeah
Ellie;125.432;131.611;travel_shoes (i'm sure you can tell by my shoes i'm not much of a world explorer do you travel a lot)
Participant;131.54;134.535;no no i haven't for a while
Ellie;136.406;136.976;why2 (why)
Participant;138.275;144.055;uh money takes uh takes a lot of money or credit cards
Ellie;143.521;144.471;understand (i understand)
Participant;144.35;144.68;yeah
Ellie;146.231;147.371;study (what did you study at school)
Participant;149.43;154.02;uh just the basics i didn't go very long <sigh> just uh
Ellie;153.547;156.357;dream_job (what's your dream job) dream_job (what's your dream job)
Participant;155.245;166.515;dream <drea> uh my dream job is um some developing land yeah
Ellie;168.177;168.637;okay_confirm (okay)
Participant;169.505;170.875;building high-rise buildings
Ellie;170.706;175.136;shyoutgoing (do you consider yourself more shy or outgoing)
Participant;175.85;176.79;probably in the middle
Ellie;178.624;179.194;why2 (why)
Participant;180.095;187.78;uh well i'm not real shy uh and i'm not really outgoing so i'd say uh fifty fifty
Ellie;188.825;203.938;okay_confirm (okay) relax_fishtank (sometimes when i'm feeling tense i turn on the fish tank screensaver hey i know it's not hawaii but it's the best i've got what do you do to relax)
Participant;204.88;211.155;uh i usually walk walk around the neighborhood or uh listen to music
Ellie;212.094;216.0;thats_good (that's good) control_temper (how are you at controlling your temper)
Participant;217.72;221.54;uh <sigh> above average
Ellie;223.073;226.123;last_argument (when was the last time you argued with someone and what was it about)
Participant;226.93;244.345;uh <sigh> with someone uh <sigh> hmm it's been awhile eh i think it was about very little uh i don't remember the exact time but it's it was uh something very little
Ellie;246.487;252.37;okay_confirm (okay) situation_handled (tell me about a situation that you wish you had handled differently)
Participant;254.15;267.545;uh xxx um ba ba ba just uh instead of getting uh angry just uh ignoring people ignoring them
Ellie;269.018;269.958;difficult (how hard is that)
Participant;271.6;281.06;mm <sigh> guess it's fifty fifty sometimes
Ellie;283.576;285.573;feelguilty (what's something you feel guilty about)
Participant;287.455;298.175;uh what do i feel guilty about <makes sound with mouth> can't think of anything right now <sigh>
Ellie;297.547;301.685;memory_erase (tell me about an event or something that you wish you could erase from your memory)
Participant;303.36;313.345;uh <sigh> what could i erase let's see um a career choice that i made years ago
Ellie;314.786;315.946;tell_about_that (can you tell me about that)
Participant;317.02;319.73;uh i got into the transportation business
Ellie;322.106;323.516;hard_decision (how did you decide to do that)
Participant;324.67;330.075;i went to school and then got employed and then i stayed with it for a few years
Ellie;331.885;333.085;dream_job (what's your dream job)
Participant;334.265;339.95;dream job is um developing land construction high-rise building
Ellie;339.22;342.82;hard_decisionB (tell me about the hardest decision you've ever had to make)
Participant;343.73;352.24;hardest decision <decisi> you ever had to make hmm can't think of one
Ellie;354.797;359.818;okay_confirm (okay) family_relationship (tell me about your relationship with your family)
Participant;360.82;366.135;um not much of one to speak of it's kinda distant
Ellie;367.531;368.691;tell_about_that (can you tell me about that)
Participant;369.95;374.16;mm yeah we don't we talk couple times a year that's about it
Ellie;375.827;378.157;influence_positive (who's someone that's been a positive influence in your life)
Participant;375.88;383.11;<sniffle> uh not many people <laughter>
Ellie;386.502;390.458;okay_confirm (okay) easy_sleep (how easy is it for you to get a good night's sleep)
Participant;392.18;403.095;mm good night's sleep yeah uh i'd say uh eh it's off and on
Ellie;404.965;406.745;sleep_affects (what are you like when you don't sleep well)
Participant;408.395;409.555;uh tired
Ellie;412.11;413.49;feel_lately (how have you been feeling lately)
Participant;414.84;429.925;uh kind of uh mm ouch kinda like um <sigh> here and there looking searching
Ellie;432.951;434.111;tell_about_that (can you tell me about that)
Participant;435.3;438.6;yeah looking for a job looking for employment <emplo> employment
Ellie;440.188;442.398;good_job (it can be tough to find a good job these days)
Participant;442.56;443.1;hmm
Ellie;446.361;449.531;behavior_changes (have you noticed any changes in your behavior or thoughts lately)
Participant;450.74;452.82;not too much no
Ellie;453.96;456.0;ptsd_diagnosed (have you ever been diagnosed with p_t_s_d)
Participant;456.52;456.93;no
Ellie;457.312;459.122;depression_diagnosed (have you been diagnosed with depression)
Participant;459.54;460.21;no
Ellie;460.93;463.477;happy_lasttime (tell me about the last time you felt really happy)
Participant;465.42;470.68;oh i had a dream a few days <d> weeks ago a few days ago and i was really happy in the dream
Ellie;473.563;474.693;sounds_interesting (that sounds interesting)
Participant;474.84;475.33;yeah
Ellie;476.437;477.597;tell_about_that (can you tell me about that)
Participant;478.39;484.68;uh i don't remember the dream it was um <makes sound with mouth> not sure what it was about
Ellie;486.519;490.827;okay_confirm (okay) ideal_weekendC (tell me how you spend your ideal weekend)
Participant;491.92;501.11;<deep breath> uh <sigh> don't do too much uh go to the library uh park not too much
Ellie;502.516;502.926;cool3 (cool)
Participant;503.32;504.16;yeah <sigh>
Ellie;504.73;506.42;BF_describe (how would your best friend describe you)
Participant;507.245;508.275;i don't have any
Ellie;510.384;513.324;Ellie17Dec2012_07 (what would you say are some of your best qualities)
Participant;514.75;517.53;best qualities uh good listener
Ellie;521.248;524.146;self_change (what are some things you wish you could change about yourself)
Participant;524.73;528.45;mm my penis size
Ellie;531.188;536.493;feelbadly (tell me about a time when someone made you feel really badly about yourself)
Participant;536.62;537.8;mm don't remember
Ellie;540.529;541.599;regret (is there anything you regret)
Participant;543.5;545.8;yeah there's <sigh> there's a few things yep
Ellie;547.792;549.122;give_example (can you give me an example of that)
Participant;550.905;571.265;uh i regret uh um <makes sound with mouth> what do i regret uh can't think of anything in particular there's probably a list somewhere
Ellie;572.436;575.386;advice_back (what advice would you give to yourself ten or twenty years ago)
Participant;577.6;584.48;to uh to uh meditate more
Ellie;587.204;589.354;mad_makeyou (what are some things that make you really mad)
Participant;591.0;598.73;uh uh smelly people
Ellie;600.614;601.184;why2 (why)
Participant;601.995;602.755;they stink
Ellie;605.555;612.641;see_mean (i see what you mean) Ellie17Dec2012_09 (what are some things that usually put you in a good mood)
Participant;613.43;615.56;music comedies
Ellie;617.476;618.016;like_what (like what)
Participant;618.94;619.79;funny movies
Ellie;622.411;629.272;okay_confirm (okay) Ellie17Dec2012_10 (tell me about something you did recently that you really enjoyed)
Participant;630.81;651.425;hmm uh really enjoyed wow hasn't been too much of that listen to music mostly
Ellie;652.271;653.811;bouts_symptoms (when was the last time that happened)
Participant;655.035;655.925;uh yesterday
Ellie;658.266;664.167;awesome (awesome) Ellie17Dec2012_08 (what are you most proud of in your life)
Participant;665.255;666.135;very little
Ellie;672.343;678.665;asked_everything (okay i think i have asked everything i need to) appreciate_open (thanks for sharing your thoughts with me) bye (goodbye)
Participant;678.775;679.435;goodbye
