speaker;start_time;stop_time;text
Participant;10.55;11.53;<sync>
Ellie;27.849;49.389;IntroV4Confirmation (hi i'm ellie thanks for coming in today i was created to talk to people in a safe and secure environment i'm not a therapist but i'm here to learn about people and would love to learn about you i'll ask a few questions to get us started and please feel free to tell me anything your answers are totally confidential are you ok with this)
Participant;49.95;50.61;sure
Ellie;51.017;55.323;okay_confirm (okay) how_doingV (so how are you doing today)
Participant;56.19;56.95;okay
Ellie;57.642;60.923;thats_good (that's good) where_originally (where are you from originally)
Participant;61.75;64.8;a small town outside of cinncinatti ohio
Ellie;65.452;69.057;really (really) when_LA (when did you move to l_a)
Participant;70.04;70.9;three years ago
Ellie;72.114;74.014;often_backB (how often do you go back to your hometown)
Participant;74.63;76.56;uh once a year
Ellie;77.867;79.487;compares_LA (how does it compare to l_a)
Participant;80.41;81.18;small
Ellie;82.964;83.984;why_LA (why did you move to l_a)
Participant;84.94;87.13;uh came out here for work grad school
Ellie;88.787;89.817;still_doing_X (are you still doing that)
Participant;90.7;92.09;yeah trying to
Ellie;94.639;97.109;adapted_LA (how easy was it for you to get used to living in l_a)
Participant;99.72;101.22;not easy
Ellie;101.782;102.352;why2 (why)
Participant;103.69;105.24;people suck
Ellie;107.149;108.309;tell_about_that (can you tell me about that)
Participant;110.58;114.82;prejudice different
Ellie;116.828;120.519;okay_confirm (okay) like_about_LA (what are some things you really like about l_a)
Participant;121.89;122.6;weather
Ellie;124.197;128.563;mhm (mhm) dont_like_LA (what are some things you don't really like about l_a)
Participant;132.58;144.15;the flashiness how ridiculously rich everybody is um selfishness in people
Ellie;145.516;150.025;see_mean (i see what you mean) study (what did you study at school)
Participant;150.57;151.23;music
Ellie;153.005;157.962;awesome (awesome) hard_decision (how did you decide to do that)
Participant;159.93;163.28;um i guess that's kinda like the only thing i love
Ellie;166.843;168.043;dream_job (what's your dream job)
Participant;169.56;174.32;um singing at the metropolitan opera
Ellie;176.339;177.279;difficult (how hard is that)
Participant;178.94;180.32;pretty hard <laughter>
Ellie;183.725;188.145;shyoutgoing (do you consider yourself more shy or outgoing)
Participant;189.83;190.71;shy
Ellie;192.49;193.06;why2 (why)
Participant;195.97;197.32;just always have been
Ellie;198.935;210.734;relax_fishtank (sometimes when i'm feeling tense i turn on the fish tank screensaver hey i know it's not hawaii but it's the best i've got what do you do to relax)
Participant;211.48;213.64;not that <laughter>
Ellie;219.808;224.161;okay_confirm (okay) what_do_when_annoyed (what do you do when you are annoyed)
Participant;234.19;235.54;take a walk
Ellie;237.13;239.19;control_temper (how are you at controlling your temper)
Participant;240.23;243.61;uh i'm okay
Ellie;244.746;247.796;last_argument (when was the last time you argued with someone and what was it about)
Participant;249.91;261.29;uh three days ago just some dude cut me off while i was driving and i laid on my horn and he got pissed off and i got pissed off
Ellie;261.612;264.935;oh_no (oh no) landed_trouble (has that gotten you in trouble)
Participant;266.03;275.65;mm not really people don't really do shit in l_a they just wanna act mad but they don't do anything so
Ellie;276.292;281.622;okay_confirm (okay) feelguilty (what's something you feel guilty about)
Participant;285.6;286.56;i don't know
Ellie;290.614;296.703;hmmB (hmm) situation_handled (tell me about a situation that you wish you had handled differently)
Participant;316.76;324.63;i could uh done more to prepare and work a lot harder for the last set of uh interviews i had in fall
Ellie;328.141;328.681;like_what (like what)
Participant;331.19;359.64;just i don't know really really up my schedule my performing schedule and my prep schedule uh just in terms of bringing like a piece of music to other people i don't know i could spend like twelve hours a day working on stuff and training for for music but um yeah uh you can always do more than that there's always something more you can do
Ellie;360.375;360.845;uh_huh (uh huh)
Participant;361.54;364.27;so yeah
Ellie;365.564;369.684;memory_erase (tell me about an event or something that you wish you could erase from your memory)
Participant;369.96;389.38;mm uh my grad school audition at juilliard
Ellie;391.99;393.15;tell_about_that (can you tell me about that)
Participant;393.8;415.89;it was stressful it was just like the top ten people of the past fifty years in your field and you're in a room for them and they'll either love what you do or hate what you do
Ellie;417.957;419.307;been_hard (that sounds really hard)
Participant;422.57;425.26;yeah it was pretty shitty
Ellie;427.168;430.834;hard_decisionB (tell me about the hardest decision you've ever had to make)
Participant;437.75;451.22;uh deciding to not marry my fiancee and pursue my career instead
Ellie;455.425;456.855;change_directions (what made you decide to do that)
Participant;460.19;461.15;i don't know
Ellie;466.715;472.332;okay_confirm (okay) family_relationship (tell me about your relationship with your family)
Participant;473.72;474.76;not bad
Ellie;476.013;477.713;family_roleB (how close are you to your family)
Participant;478.76;483.04;um fairly close i guess
Ellie;484.859;493.406;thats_good (that's good) travel_shoes (i'm sure you can tell by my shoes i'm not much of a world explorer do you travel a lot)
Participant;491.54;497.95;i can't see can't see your shoes <laughter> uh a little bit
Ellie;499.831;501.351;travel_changed (what do you enjoy about traveling)
Participant;504.64;506.08;uh being in a different place
Ellie;510.329;512.009;travel_trips (i'd love to hear about one of your trips)
Participant;513.85;519.1;went to san diego like month and a half ago it's true
Ellie;519.857;524.773;cool3 (cool) memorableB (what's one of your most memorable experiences)
Participant;528.31;572.92;hm um i don't know like the finishing high school
Ellie;576.347;577.887;describe_felt (how did you feel in that moment)
Participant;578.09;579.62;glad to be leaving
Ellie;583.483;588.509;thats_great (that's great) easy_sleep (how easy is it for you to get a good night's sleep)
Participant;588.71;590.29;not easy at all
Ellie;590.796;591.366;why2 (why)
Participant;592.36;593.7;'cause i can't sleep
Ellie;597.831;599.211;trigger (are they triggered by something)
Participant;600.27;606.43;i don't know everything work myself the usual
Ellie;607.236;608.196;tell_me_about (tell me about that)
Participant;609.7;618.16;just have a lot on my plate and a lot to do in order to get where i wanna be and be who i wanna be so
Ellie;619.725;620.835;symptoms_cope (how do you cope with them)
Participant;622.45;625.59;working harder plowing through it
Ellie;628.292;632.243;Ellie17Dec2012_03 (that's good) sleep_affects (what are you like when you don't sleep well)
Participant;634.38;637.89;i mean i never really sleep well so i don't i don't really know
Ellie;641.637;646.388;downer (okay) ptsd_diagnosed (have you ever been diagnosed with p_t_s_d)
Participant;647.28;648.39;no no
Ellie;649.394;651.204;depression_diagnosed (have you been diagnosed with depression)
Participant;649.58;652.22;not formally yeah
Ellie;653.317;655.237;when_diagnosed (how long ago were you diagnosed)
Participant;656.04;660.65;it was about uh high school-ish
Ellie;662.031;663.381;why_seek_help (what got you to seek help)
Participant;666.39;667.4;family made me
Ellie;671.073;672.233;tell_about_that (can you tell me about that)
Participant;673.53;675.16;hm nothing to say really
Ellie;676.629;678.689;suspect_problem (did you think you had a problem before you found out)
Participant;679.57;681.71;mm i don't know
Ellie;685.048;686.198;symptoms_what (what were your symptoms)
Participant;689.03;693.82;same shit now just feeling kind of useless
Ellie;696.413;697.853;therapy_going (do you still go to therapy now)
Participant;699.84;704.91;no um just not for me never really has been
Ellie;704.135;704.785;stop_going (why did you stop)
Participant;705.86;708.88;'cause i started going to college didn't have to
Ellie;711.306;714.156;therapy_changes (what sort of changes have you noticed since you've been going to therapy)
Participant;719.92;725.35;i don't know just haven't really been going recently
Ellie;728.232;729.612;feel_lately (how have you been feeling lately)
Participant;732.38;733.72;burdened
Ellie;740.71;744.443;happy_lasttime (tell me about the last time you felt really happy)
Participant;747.69;768.58;uh i don't know i started learning how to surf it was pretty chill
Ellie;771.042;775.657;cool3 (cool) change_directions (what made you decide to do that)
Participant;778.28;785.11;uh just like buddy was doing it so gave it a shot
Ellie;787.455;789.145;BF_describe (how would your best friend describe you)
Participant;796.6;797.69;ridiculous
Ellie;802.846;803.316;uh_huh (uh huh)
Participant;804.3;804.9;mhm
Ellie;807.021;808.091;regret (is there anything you regret)
Participant;813.97;819.42;just not being as far along as i wanted to be
Ellie;821.899;824.849;advice_back (what advice would you give to yourself ten or twenty years ago)
Participant;827.69;845.91;um don't think about going to law school uh get a head start um studying music and
Ellie;847.704;848.174;mm (mm)
Participant;848.77;849.29;yeah
Ellie;852.039;854.941;self_change (what are some things you wish you could change about yourself)
Participant;856.98;881.85;um i'd like to put on a good five to ten pounds in muscle uh i definitely wanna be further along professionally uh yeah and sleep more be able to turn my mind off more
Ellie;884.442;889.738;okay_confirm (okay) ideal_weekendC (tell me how you spend your ideal weekend)
Participant;891.18;893.39;working training
Ellie;898.745;901.045;Ellie17Dec2012_08 (what are you most proud of in your life)
Participant;907.99;910.87;hm my dog
Ellie;915.378;919.796;asked_everything (okay i think i have asked everything i need to) appreciate_open (thanks for sharing your thoughts with me)
Participant;920.72;921.47;thank you
Ellie;921.756;922.366;bye (goodbye)
