speaker;start_time;stop_time;text
Participant;21.9;22.76;<synch>
Ellie;39.574;61.114;IntroV4Confirmation (hi i'm ellie thanks for coming in today i was created to talk to people in a safe and secure environment i'm not a therapist but i'm here to learn about people and would love to learn about you i'll ask a few questions to get us started and please feel free to tell me anything your answers are totally confidential are you ok with this)
Participant;61.31;61.75;yes
Ellie;62.267;66.238;okay_confirm (okay) how_doingV (so how are you doing today)
Participant;66.87;67.51;pretty good
Ellie;68.202;71.352;thats_good (that's good) where_originally (where are you from originally)
Participant;71.81;72.8;i grew up in boston
Ellie;73.599;76.915;really (really) when_LA (when did you move to l_a)
Participant;77.54;78.65;about thirty years ago
Ellie;80.587;81.887;long_time (that's a long time)
Participant;82.17;82.45;yep
Ellie;83.027;84.927;often_backB (how often do you go back to your hometown)
Participant;85.57;89.11;not too often maybe once a year sometimes less
Ellie;89.906;91.526;compares_LA (how does it compare to l_a)
Participant;92.56;97.06;oh i love living in l_a i don't ever wanna live anywhere else
Ellie;98.601;99.621;why_LA (why did you move to l_a)
Participant;100.67;111.19;well i came out here to go to college and i wanted to be far away from my parents and the weather was good and that's part of it
Ellie;112.419;116.94;okay_confirm (okay) adapted_LA (how easy was it for you to get used to living in l_a)
Participant;118.02;130.28;uh very easy well maybe somewhat easy the beginning the first few weeks was really hard to just be in a new environment and to be away from everybody i knew but after a few weeks it was great
Ellie;131.475;133.739;mhm (mhm) study (what did you study at school)
Participant;134.36;135.36;broadcast journalism
Ellie;137.005;140.166;sounds_interesting (that sounds interesting) hard_decision (how did you decide to do that)
Participant;140.83;149.65;well it's something i'd wanted to do since i was twelve and everything i did from the time i was twelve until i went to college was sort of in pursuit of that dream
Ellie;151.808;153.068;still_working_on_X (are you still working in that)
Participant;153.42;154.38;no <laughter>
Ellie;155.127;155.697;why2 (why)
Participant;156.32;175.3;well it's kind of a long story but i got laid off from my first job when i was in my twenties and it just once i had done that work i realized that's not really what i wanted to do it was too cut-throat of a business and it just really wasn't suited for me it didn't make me happy
Ellie;175.687;179.734;yeah_downer (yeah) good_job (it can be tough to find a good job these days)
Participant;180.34;181.23;yep <sigh>
Ellie;182.335;183.535;dream_job (what's your dream job)
Participant;184.68;190.94;my dream job is working with football players and helping them recover from concussions and other injuries
Ellie;191.514;194.288;nice (nice) difficult (how hard is that)
Participant;194.95;203.34;<deep breath> well the work itself is not very hard i'm very good at what i do the hard part is finding the right people and making the connections to work with them
Ellie;204.136;205.166;see_mean (i see what you mean)
Participant;204.38;204.53;it
Ellie;206.922;213.401;travel_shoes (i'm sure you can tell by my shoes i'm not much of a world explorer do you travel a lot)
Participant;213.05;215.53;i used to i don't travel so much right now
Ellie;216.702;218.222;travel_changed (what do you enjoy about traveling)
Participant;218.84;226.55;i love seeing different places and different things like i love going to places that are not like where i'm from
Ellie;227.437;231.628;uh_huh (uh huh) travel_trips (i'd love to hear about one of your trips)
Participant;232.54;236.49;my favorite trip is i went to australia for my thirtieth birthday
Ellie;236.914;237.484;wow (wow)
Participant;237.68;241.79;'cause i wanted to lose my thirtieth birthday as i crossed the international date line
Ellie;242.543;243.343;wild_laughter3 ((laughter))
Participant;244.41;273.03;and i went to this really small <sigh> place up on the uh west coast of australia called shark's bay where native dolphins live and swim and is very isolated for the most part and i got to be there for a whole week and just really just pretty much by myself with all these wild dolphins and they come and they swim with you and it's amazing just a beautiful beautiful spot in the world
Ellie;273.603;281.658;awesome (awesome) shyoutgoing (do you consider yourself more shy or outgoing)
Participant;280.56;281.73;more shy <sigh>
Ellie;282.538;283.108;why2 (why)
Participant;283.67;305.91;<deep breath> why <sigh> hmm that's a good question um partly the first thing i think of is 'cause i've always been that way but maybe that's an excuse i don't know um <deep breath> i just prefer to be quiet and i'd rather be with fewer people than lots of people so <sigh>
Ellie;306.082;319.908;okay_confirm (okay) relax_fishtank (sometimes when i'm feeling tense i turn on the fish tank screensaver hey i know it's not hawaii but it's the best i've got what do you do to relax)
Participant;319.71;332.83;<deep breath> i watch t_v <sigh> a lot or that's probably not the best alternative but it is something i do and i also walk on the beach 'cause i live close to the beach so that's one of my favorite things to relax
Ellie;333.455;338.247;uh_huh (uh huh) control_temper (how are you at controlling your temper)
Participant;339.3;344.99;<deep breath> pretty good it depends on the situation but most of the time i'm pretty good
Ellie;345.849;348.899;last_argument (when was the last time you argued with someone and what was it about)
Participant;350.05;359.78;<deep breath> um i don't think i tend to argue with people i think i just get mad about situations but not at people directly <sigh>
Ellie;357.913;365.641;mm (mm) okay_confirm (okay) feelguilty (what's something you feel guilty about)
Participant;367.32;372.96;<sigh> hmm <sigh> i don't know if i feel guilty about anything at the moment
Ellie;374.615;378.393;situation_handled (tell me about a situation that you wish you had handled differently)
Participant;386.93;388.49;not sure i have one at the moment
Ellie;390.783;395.108;okay_confirm (okay) mad_makeyou (what are some things that make you really mad)
Participant;395.6;412.27;<deep breath> noise other people's noise makes me really mad um i live across the street from a bar and these people are so rude and obnoxious and not considerate about their neighbors that that just makes me really mad <sigh>
Ellie;412.284;413.124;that_sucks (that sucks)
Participant;413.26;414.41;yeah <sigh>
Ellie;415.534;419.213;hard_decisionB (tell me about the hardest decision you've ever had to make)
Participant;421.08;463.19;hmm <sigh> well the only one that comes to mind off the top of my head is is when i bought my condo it felt like a really hard decision at the time you know i didn't know that i could do it i didn't wasn't sure if i had the money to do it um so that felt like a really difficult decision but in hindsight course it turned out to be a great decision but at the time it was really difficult to do that
Ellie;464.151;468.448;yeah3 (yeah) easy_sleep (how easy is it for you to get a good night's sleep)
Participant;469.31;471.69;pretty easy i sleep pretty well <sigh>
Ellie;472.264;475.735;thats_good (that's good) feel_lately (how have you been feeling lately)
Participant;476.81;491.66;<deep breath> for the most part good i'm i'm just really worried about money <sigh> at the moment so that's my biggest so i can't say that i'm like great but i it's 'cause i am worried but you know i'm also confident that things are gonna work out
Ellie;493.18;497.21;thats_good (that's good) ptsd_diagnosed (have you ever been diagnosed with p_t_s_d)
Participant;497.5;498.66;nope <sigh>
Ellie;498.426;500.236;depression_diagnosed (have you been diagnosed with depression)
Participant;500.38;500.66;nope
Ellie;502.591;506.317;happy_lasttime (tell me about the last time you felt really happy)
Participant;505.41;523.57;<sigh> hmm <sigh> i don't know i can't remember i mean i don't feel super happy all the time but i don't feel unhappy either sort of like just uh even keel
Ellie;525.886;529.136;Ellie17Dec2012_10 (tell me about something you did recently that you really enjoyed)
Participant;535.75;560.38;well i got to go to the um my friends work at the motion picture academy so i get to see all the xxx oscar-nominated movies scrubbed_entry she was there one night so uh i really enjoyed catching up with her and seeing her again so that was very pleasant <sigh>
Ellie;560.821;564.966;nice (nice) BF_describe (how would your best friend describe you)
Participant;565.99;578.83;<deep breath> i think they would say um reliable and loyal <sigh> and considerate and thoughtful
Ellie;580.179;581.249;regret (is there anything you regret)
Participant;582.09;591.48;<deep breath> no <sigh> i really have worked hard on that i think there are lots of things maybe i would do differently but there's nothing that really i regret
Ellie;592.33;592.87;like_what (like what)
Participant;594.18;611.13;um <deep breath> well i just think that there are things that um <sigh> like it's not worth wasting the energy to think about things that i regret so i don't have a lot of xxx regrets about things
Ellie;612.382;617.222;okay_confirm (okay) advice_back (what advice would you give to yourself ten or twenty years ago)
Participant;618.32;629.43;<deep breath> oh that's a good question <sigh> um <sigh> don't worry about the small stuff and save more money <laughter>
Ellie;631.331;634.232;self_change (what are some things you wish you could change about yourself)
Participant;631.4;652.83;like <deep breath> well there's uh you know the normal things like i'd lose more weight and i would um uh <sigh> think be a little more fearless maybe <sigh> be a little more bold
Ellie;653.701;660.022;mhm (mhm) memory_erase (tell me about an event or something that you wish you could erase from your memory)
Participant;664.35;666.29;i don't think i have any the of those
Ellie;667.786;672.751;okay_confirm (okay) ideal_weekendC (tell me how you spend your ideal weekend)
Participant;673.98;692.3;<deep breath> well i'm i am self-employed so i work all the time <laughter> so my ideal weekend is having lots of clients um that's something i enjoy um so that would that would be ideal at this point my weekends if i were really busy
Ellie;694.191;696.491;Ellie17Dec2012_08 (what are you most proud of in your life)
Participant;697.06;726.19;<deep breath> that i've really been able to take care of myself and that you know i've done pretty much everything that i've said that i've wanted to do i've done that and i don't and i don't have regrets about things there's nothing really that eh is un feels undone in my life sure there's plenty of things i still wanna do um but i feel like i've done what i said i was gonna do
Ellie;727.039;732.514;thats_great (that's great) family_relationship (tell me about your relationship with your family)
Participant;732.94;762.16;<deep breath> yeah <sigh> that's not so great well it's okay um both my parents are deceased and i have a sister and a brother um i feel closer to my brother than my sister but um they both live on the east coast and i live in l_a um and then i have <ha> my sister has two girls so i feel very close to my nieces although we don't talk as much as we used to 'cause they're teenagers so they have other things on their mind
Ellie;762.746;768.667;wild_laughter5 ((laughter)) influence_positive (who's someone that's been a positive influence in your life)
Participant;768.94;789.56;<deep breath> um probably my teacher a person i learned my holistic body work from i really like to <sigh> model my work and my way of being after him like he's a a good role model for me the way he holds his work and the way he lives his life
Ellie;790.859;794.864;good_hear (that's so good to hear) how_close (how close are you to them)
Participant;796.08;803.59;<deep breath> um we're pretty close we're not you know best of friends but i do i know that i can call him any time i need him
Ellie;806.785;809.555;Ellie17Dec2012_09 (what are some things that usually put you in a good mood)
Participant;812.43;830.44;um <sigh> put me in a good mood <sigh> usually being with my friends or going out to dinner or um <sigh> yeah just spending time with my friends
Ellie;831.109;836.217;uh_huh (uh huh) asked_everything (okay i think i have asked everything i need to)
Participant;836.52;836.99;okay
Ellie;837.256;838.696;appreciate_open (thanks for sharing your thoughts with me)
Participant;839.11;840.14;thanks <sigh>
Ellie;839.934;840.544;bye (goodbye)
Participant;840.7;841.1;bye
