speaker;start_time;stop_time;text
Participant;7.64;8.5;<synch>
Ellie;25.89;47.43;IntroV4Confirmation (hi i'm ellie thanks for coming in today i was created to talk to people in a safe and secure environment i'm not a therapist but i'm here to learn about people and would love to learn about you i'll ask a few questions to get us started and please feel free to tell me anything your answers are totally confidential are you ok with this)
Participant;47.875;48.555;yes
Ellie;49.038;53.01;okay_confirm (okay) how_doingV (so how are you doing today)
Participant;53.33;54.87;i'm doing well thank you
Ellie;55.302;58.139;thats_good (that's good) where_originally (where are you from originally)
Participant;59.1;61.74;from los <l> los angeles
Ellie;62.386;66.521;really (really) like_about_LA (what are some things you really like about l_a)
Participant;67.32;70.24;mm sports outdoor sports mainly
Ellie;72.306;72.846;like_what (like what)
Participant;73.535;78.175;surfing uh snowboarding mountain biking rock climbing
Ellie;80.909;84.762;awesome (awesome) dont_like_LA (what are some things you don't really like about l_a)
Participant;85.185;86.015;traffic
Ellie;88.2;111.203;see_mean (i see what you mean) travel_shoes (i'm sure you can tell by my shoes i'm not much of a world explorer do you travel a lot)
Participant;97.18;97.96;yes
Ellie;101.373;102.893;travel_changed (what do you enjoy about traveling)
Participant;104.13;106.55;experiencing different cultures
Ellie;109.135;110.815;travel_trips (i'd love to hear about one of your trips)
Participant;111.59;141.03;uh well uh i love going to mexico and uh eh it's so much diffferent from california and western culture so to speak i know mexico is a western civilization but uh the uh the level of of entertainment and the level of education is so much different that uh eh they're like two different worlds
Ellie;141.704;146.775;yeah2 (yeah) memorableB (what's one of your most memorable experiences)
Participant;147.76;148.89;traveling you mean
Ellie;151.936;152.406;yeah3 (yeah)
Participant;153.71;180.37;uh i would have to say going to an island off the coast of figi the name is tavarua and it's a very small island you can walk around it in thirty minutes thirty or forty minutes and uh it's a place where you go to go surfing and it it is an incredible uh visually incredible and uh experientially incredible place
Ellie;181.163;184.478;nice (nice) study (what did you study at school)
Participant;185.12;186.51;i studied biology
Ellie;188.54;189.95;hard_decision (how did you decide to do that)
Participant;191.25;199.92;uh i was pushed from behind by my father who was a medical doctor and uh he wanted me to become a medical doctor also
Ellie;201.505;202.765;still_working_on_X (are you still working in that)
Participant;203.26;207.33;not at all i'm working in areas of business now
Ellie;208.617;209.617;happy_didthat (are you happy you did that)
Participant;210.52;211.51;yes i am
Ellie;212.372;213.572;dream_job (what's your dream job)
Participant;214.79;218.23;my dream job would be to be a missionary
Ellie;220.035;220.625;really (really)
Participant;221.3;221.69;yes
Ellie;222.179;223.339;tell_about_that (can you tell me about that)
Participant;224.7;265.01;my father's initial objective when he became an m_d was to become a missionary and uh he's a very generous person and i think i am too i i i got that from him uh hereditarily but uh i would like to help people eh and i don't think being a doctor is helping people i really don't i think it's uh disingenuous to say you're helping people while you're stuffing wads of cash into your pocket i would like to be uh building people homes and uh helping them find fresh water sources things like that if i could afford to travel to remote places like that
Ellie;265.873;280.263;yeah3 (yeah) relax_fishtank (sometimes when i'm feeling tense i turn on the fish tank screensaver hey i know it's not hawaii but it's the best i've got what do you do to relax)
Participant;280.05;281.24;i exercise
Ellie;283.816;287.644;okay_confirm (okay) control_temper (how are you at controlling your temper)
Participant;289.7;296.31;i think i'm pretty good at it uh uh i think i'm pretty effective at it
Ellie;297.125;300.175;last_argument (when was the last time you argued with someone and what was it about)
Participant;301.56;310.27;it was probably two days ago it was my girlfriend and it was about her uh lack of consideration
Ellie;311.776;313.316;describe_felt (how did you feel in that moment)
Participant;314.82;317.88;um i felt frustrated
Ellie;321.95;325.733;situation_handled (tell me about a situation that you wish you had handled differently)
Participant;327.02;377.2;hmm a situation which i wished i could handle differently um i eh in my later years i would say eh i don't have many regrets in my younger years i used to uh be snubbed by people and i would keep my mouth shut and i wouldn't say anything i would not express my displeasure of their actions or their behavior i would just keep my mouth closed and internalize my feelings i've learned that that is so wrong and so in the probably the last fifteen to twenty years i have made it a point to vocalize my displeasure with someone's actions right away and that uh takes care of the anger immediately
Ellie;378.437;379.917;landed_trouble (has that gotten you in trouble)
Participant;381.02;397.39;yes it <i> it depends what you mean by trouble uh i think eh all the way around once you take the beginning <benning> the beginning to the end uh it diffuses trouble rather than prolongs or protracts the trouble
Ellie;398.452;405.19;makes_sense (that makes sense) hard_decisionB (tell me about the hardest decision you've ever had to make)
Participant;405.99;433.33;uh going back it would be to not to pursue uh medicine like my father wanted we argued uh at length for many months and years about this and uh finally i prevailed and uh i didn't go to i didn't go that route uh but that was probably the most uh uh difficult period in my life
Ellie;434.453;440.349;isee_downer (i see) memory_erase (tell me about an event or something that you wish you could erase from your memory)
Participant;441.75;464.06;mm there was a time when i wished i could erase a female interactions uh girlfriends and and their uh betrayals uh but now i realize that keeping those memories make me who i am today and and dealing with them defines who i am today
Ellie;464.728;469.459;mm (mm) family_relationship (tell me about your relationship with your family)
Participant;470.65;511.97;uh my parents are deceased i had very good relationships with my parents uh i'm very thankful for that um even though my father was somewhat of a uh hard-handed uh and draconian <laughter> person uh we came to an understanding well before he died and uh my brothers i get along great with my younger brother but my older brother has issues he has uh psychological issues and they <th> they continue to plague him and to affect me also just just knowing that he's going through uh turmoil
Ellie;512.975;516.723;im_sorry (i'm sorry) symptoms_cope (how do you cope with them)
Participant;518.545;547.72;uh well i guess i really don't cope with it because um he's clinically depressed and he has suicidal tendencies and uh he's not working he's very highly educated and he uh well he doesn't talk to me and uh his family is very abusive towards him it's an not a happy relationship for his family
Ellie;548.556;549.906;been_hard (that sounds really hard)
Participant;551.09;551.52;yes
Ellie;552.515;554.845;influence_positive (who's someone that's been a positive influence in your life)
Participant;556.15;579.22;you know i would have to say my father my father is my hero he's my uh model he's my uh archetype for what a man should be uh he's he was unimpeachably honest and kind uh yet on the other hand he was uh he had high expectations of me and my two brothers
Ellie;580.841;584.831;understand (i understand) easy_sleep (how easy is it for you to get a good night's sleep)
Participant;586.54;604.505;eh usually once my head hits the pillow i am dead asleep like a log but lately i've been having uh just last night i couldn't sleep i woke up at two and i have a feeling it's because of a diagnosis of cancer that i received one month ago
Ellie;607.89;609.27;feel_lately (how have you been feeling lately)
Participant;610.72;631.98;um xxx i with my own personal uh methods of handling stress i i'm okay i'm probably ninety percent okay that ten percent comes from uh eh an unsuredness about the future about whether i will survive this or not
Ellie;634.406;637.576;behavior_changes (have you noticed any changes in your behavior or thoughts lately)
Participant;638.04;638.81;not really
Ellie;640.925;642.325;feel_down (do you feel down)
Participant;642.97;643.57;no
Ellie;645.147;647.187;ptsd_diagnosed (have you ever been diagnosed with p_t_s_d)
Participant;647.47;648.05;never
Ellie;648.892;650.702;depression_diagnosed (have you been diagnosed with depression)
Participant;651.23;651.8;never
Ellie;652.822;655.369;happy_lasttime (tell me about the last time you felt really happy)
Participant;657.33;670.98;oh i was either surfing or snowboarding or rock climbing or mountain biking uh i always experience joy when i'm exercising at a very high level of exertion
Ellie;671.572;675.747;good_hear (that's so good to hear) BF_describe (how would your best friend describe you)
Participant;677.13;685.605;funny jovial uh uh intelligent a perfectionist
Ellie;688.1;691.001;self_change (what are some things you wish you could change about yourself)
Participant;692.56;707.82;hmm eh that's no one's asked me much about that um maybe uh is to submerge my uh hedonistic self
Ellie;709.721;710.881;tell_about_that (can you tell me about that)
Participant;712.1;752.99;i look at once again my father fills my consciousness he was the ultimate um uh deferrer of gratification he put now behind him and he put what will be in the future in his sights and he never let go of that and that's what made him the uh self-made man that he was whereas i am looking always for the present um how i feel now and it's difficult for me to uh slog through a a mile full of uh crap in order to get to a prize that is so far away
Ellie;753.657;760.566;yeah_downer (yeah) feelbadly (tell me about a time when someone made you feel really badly about yourself)
Participant;759.5;793.08;<deep breath> it would be my ex-boss and he started using at my last day of work when he fired me he started using uh a lot of profanity toward me and eh i turned to him and i said you cannot talk to me that way and he continued to use more profanity until uh i objected to it again and that's when he fired me and uh that that's still in my mind and that occurred a year and a half ago
Ellie;793.738;794.308;wow (wow)
Participant;794.63;795.34;mhm
Ellie;796.756;797.826;regret (is there anything you regret)
Participant;800.06;805.55;anything i regret uh yeah i regret not getting married and having kids
Ellie;807.373;809.243;avoid (could you have done anything to avoid it)
Participant;811.01;854.8;sure i suppose i could uh eh but i think that that would've robbed me of the many opportunities i had and i took to travel around the world and experience different cultures because that's what i enjoy the most about life is exploring and seeing different things and talking to different people and expanding my awareness because the united states is not the end of the world it is <i> eh once you get to travel you find out that we are not we do not have the highest uh level of uh of living in the whole world other people think that we're the only ones that think that and i disagree
Ellie;854.459;862.039;right2 (right) see_mean (i see what you mean) advice_back (what advice would you give to yourself ten or twenty years ago)
Participant;864.17;886.18;mm that's a good one i would say <laughter> i would say to just enjoy life because you never know when it's going to end and i think i've done that and uh i may be coming to an end soon uh with this diagnosis of cancer so i think i've done i'm i'm happy with my life thus far
Ellie;888.503;891.753;Ellie17Dec2012_10 (tell me about something you did recently that you really enjoyed)
Participant;893.21;915.61;i was giving a rock climbing lesson i have a uh part time job of instructing rock climbing and many of these people have never done it before and uh they thanked me and they told me what a great time they had and how this may have changed their lives so that was very gratifying to me
Ellie;916.375;922.137;thats_great (that's great) Ellie17Dec2012_08 (what are you most proud of in your life)
Participant;922.08;968.46;<deep breath> i would say <sigh> my devotion to the environment uh i wasn't always an environmentalist but uh i have been uh vocal in the cause of uh uh being a um uh a steward of the environment because today they're a lot of peoples people that are polluting the environment with a lot of chemicals and pollutants and septic uh things like that and i stand up and i uh have been on t_v and on uh youtube speaking up against these people that pollute the environment
Ellie;971.214;975.981;asked_everything (okay i think i have asked everything i need to) appreciate_open (thanks for sharing your thoughts with me)
Participant;976.35;977.17;you're welcome
Ellie;977.535;978.145;bye (goodbye)
Participant;978.29;978.79;goodbye
