speaker;start_time;stop_time;text
Ellie;46.64;68.12;hi i'm ellie thanks for coming in today i was created to talk to people in a safe and secure environment i'm not a therapist but i'm here to learn about people and would love to learn about you i'll ask a few questions to get us started and please feel free to tell me anything your answers are totally confidential are you okay with this
Participant;68.37;69.11;yes
Ellie;69.84;73.33;okay so how are you doing today
Participant;74.08;74.94;fine how about you
Ellie;76.19;80.69;i'm great thanks where are you from originally
Participant;81.89;82.16;here
Ellie;83.23;83.61;really
Participant;85.03;85.52;yes
Ellie;86.91;88.78;what are some things you really like about l_a
Participant;91.25;97.89;the weather weather mainly yeah the main <ma> the weather sorry
Ellie;99.42;101.28;what are some things you don't really like about l_a
Participant;103.15;106.88;not the people well some of the people stuff like that some people
Ellie;106.93;107.37;<laughter>
Participant;109.78;111.23;okay i'm cutting you off
Ellie;113.85;114.68;do you travel a lot
Participant;115.98;117.59;not as much as i used to
Ellie;119.0;119.33;why
Participant;120.37;129.33;um i used to be in school i used to travel a lot of places for conferences and things like that but i'm not in school right now but later on i'll get back into school and i'll travel more but right no doubt
Ellie;131.38;132.76;what do you enjoy about traveling
Participant;133.9;137.74;i don't i don't enjoy traveling
Ellie;139.07;140.08;what'd you study at school
Participant;141.31;147.23;uh that's a good question you're actually pretty good um i studied physics and aerospace engineering but physics mainly
Ellie;149.27;150.31;are you still working in that
Participant;151.31;152.48;yes i am actually
Ellie;154.45;155.14;what do you do now
Participant;156.24;165.52;right now i teach community college physics and astronomy uh but i still do research in physics also because i like that type of thing and i'm going back to grad school hopefully that's why i'm nervous sometimes on the questionnaire
Ellie;167.12;167.61;awesome
Participant;168.6;169.04;impressive
Ellie;169.01;170.03;what's your dream job
Participant;171.79;179.29;professor at a place like u_s_c or u_c or l_a or like that where the professors do three hours of work a week and the grad students do the rest
Ellie;180.36;181.0;<laughter>
Participant;182.43;183.83;you're actually pretty good at this
Ellie;185.5;187.69;who's someone that's been a positive influence in your life
Participant;190.19;208.49;<sigh> i there's a lot of people the the first one i guess is my physics teacher in a_p physics teacher in high school even though he led me to be an engineer instead of a physics major um he still was a very good influence he told me you know he's the first one who taught me that school was not about a grade but about learning
Ellie;210.45;212.79;mhm that's so good to hear
Participant;215.22;215.59;okay
Ellie;218.04;219.81;how are you at controlling your temper
Participant;221.26;223.02;i'm pretty good i think
Ellie;224.29;227.16;when was the last time you argued with someone and what was it about
Participant;230.12;246.55;i'm single so i don't get in many arguments um but it's probably my brother about he always like to uh play a video game together i know i'm pretty old to play video games but they're actually pretty good um it's probably something like that and me getting angry at him and him trying to defend himself and me being right that's all
Ellie;248.94;251.89;okay how close are you to your family
Participant;253.36;274.8;fairly close um i see them pretty pretty often parents i see a couple times a week they're getting older so i've been helping with groceries things like that and my brother i see same same with him same amount <amo> same time my sister i tutor her kids my nephews uh so i see 'em about once a week also
Ellie;276.13;277.44;aw that's good
Participant;278.48;278.95;interesting
Ellie;279.66;281.24;do you consider yourself an introvert
Participant;282.21;282.68;yes
Ellie;284.16;284.47;why
Participant;285.57;292.51;because i spend long periods of time doing math and reading and not talking to anybody that's introverted
Ellie;293.57;296.78;i see what you mean what do you do to relax
Participant;298.51;303.8;i guess i play video games or and i work out i work out i think a lot i try to at least
Ellie;303.51;308.74;cool what do you do when you're annoyed
Participant;309.99;318.36;i roll my eyes which i've been told is a bad thing um and that's about it i think
Ellie;319.69;324.99;okay what do you think of today's kids
Participant;325.98;339.11;<deep breath> bad parenting basically parents are more self-centered more to themselves unlike previous generations and the kids just do what they want because the parents aren't there for <fo> the parents aren't being parents in my personal <per> own personal opinion
Ellie;340.07;345.35;mm that makes sense what's one of your most memorable experiences
Participant;348.31;384.32;<sigh> um i guess scrubbed_entry um scrubbed_entry scrubbed_entry
Ellie;385.84;386.37;awesome
Participant;387.94;388.25;thank you
Ellie;390.05;391.5;how would your best friend describe you
Participant;393.97;397.87;i don't really have a best friend introverted remember
Ellie;399.3;403.75;okay what would you say are some of your best qualities
Participant;405.29;432.58;i'm biased obviously but they are i'm really good in math i'm not really sure if you can't not saying you can't get better than me in math but thing is it's just that you get reach a certain confidence with it where no matter what it is you need to learn in math you can always figure it out um i am patient i think and i am disciplined where i can spend i can spend many hours many many many hours reading books that might not be important but they might be important so i have to do it anyway that type of thing
Ellie;436.45;438.93;what are some things that usually put you in a good mood
Participant;441.88;456.2;when i a good workout doing well in video games small little things like that um what's really happy is when my my research type thing mathematical or physics type thing when it goes well that must puts me in a mood <mo> that puts me in a good mood
Ellie;458.16;458.84;nice
Participant;459.69;460.08;thank you
Ellie;462.36;464.08;what are you most proud of in your life
Participant;467.32;479.55;right now it's the fact that research that i did i did make it this far research wise that's all that's all
Ellie;479.52;480.39;tell me more about that
Participant;482.0;519.27;interesting um when you start off in school you read about einstein and things like that it's he's this general xxx hero particle physics and you have no idea what it is and you know it's very complicated things like quantum mechanics and you still haven't realized you're interested in that and but you're not sure if you can actually make it and eventually each step as a lot of time goes by you wish you as time goes on you can get closer and closer eventually make the goal eventually you realize you are just not as good as einstein but you are up there you can do research in physics you can add to mass knowledge in science and that's impressive that you you don't see yourself doing that when you're a kid
Ellie;523.23;523.58;yeah
Participant;525.83;526.18;okay
Ellie;525.88;528.34;when was the last time you felt really happy
Participant;531.67;536.1;um a few weeks ago when i got a good grade in a class
Ellie;538.67;539.0;cool
Participant;539.29;539.7;thank you
Ellie;541.13;542.62;have you ever served in the military
Participant;543.0;546.74;yes briefly many years ago <ag> yes
Ellie;545.65;549.45;really why'd you decide to enlist in the military
Participant;551.48;560.49;i don't know it just always growing up i always thought that was i always thought it was my dream when i was a kid that's why and i just went about doing that
Ellie;561.99;563.48;how old were you when you joined the military
Participant;564.42;574.73;um i was a national guard i think about eighteen nineteen i got commissioned at twenty twenty one and i was only in for about a year so i left at twenty twenty two
Ellie;575.26;576.57;you were very young weren't you
Participant;577.29;579.02;yes not really
Ellie;579.04;580.83;how did serving in the military change you
Participant;584.63;591.33;i don't think it did i think it's just something that you grew up something about <abo> something i grew up already expecting to be so it didn't change me as much
Ellie;592.27;595.02;mm what did you do after the military
Participant;595.48;598.73;graduate school in physics
Ellie;599.78;603.83;okay have you ever been diagnosed with p_t_s_d
Participant;604.11;604.39;no
Ellie;605.26;606.94;have you been diagnosed with depression
Participant;607.2;607.56;nope
Ellie;608.93;611.07;how easy is it for you to get a good night's sleep
Participant;612.17;622.55;it depends if i workout really hard the night before <bef> the day the day before if workout pretty hard it's bad but if i don't workout it i don't know just eh it's hard i guess moderately
Ellie;623.65;624.47;that makes sense
Participant;624.61;624.97;thank you
Ellie;625.73;626.86;do you feel that way often
Participant;627.65;628.09;yes
Ellie;629.92;630.59;i'm sorry
Participant;631.75;632.25;it's okay
Ellie;632.88;634.51;what are you like when you don't sleep well
Participant;636.45;643.34;i'm probably like i am now normal i think not as not as happy about everything  but still pretty okay i can still function
Ellie;644.81;649.97;uh huh have you noticed any changes in your behavior or thoughts lately
Participant;651.53;654.15;no maybe slightly
Ellie;653.83;654.23;okay
Participant;654.49;669.09;sorry no yes yes i have changes in my thoughts
Ellie;671.99;675.31;okay tell me more about that
Participant;677.38;685.63;um applying to grad school again it's been awhile and slightly apprehensive happy that it's looks good but apprehensive that it might not be good and things like that
Ellie;686.89;687.76;how hard is that
Participant;690.34;695.6;what do you mean by that in case i know this is a computer but as in how hard is it to deal with these thoughts or how hard is it to go into grad school
Ellie;698.87;699.28;yes
Participant;700.53;701.12;i understand
Ellie;704.92;706.52;why don't we talk about that later
Participant;706.93;713.73;okay i agree
Ellie;716.22;722.72;okay is there anything you regret
Participant;724.31;725.14;no not really
Ellie;726.73;729.46;what advice would you give yourself ten or twenty years ago
Participant;734.15;753.13;probably keep doing what you're doing even though i'm not that old believe it or not um twenty years ago i was probably fifteen no no yeah yeah it was fifteen um just keep doing what you're doing i think i i was very lucky and fortunate way it worked out if i worked if it was a little bit different i don't think it'd worked out so well even though it's not perfect now i think i'm doing really well personally
Ellie;754.54;756.91;mm i understand
Participant;757.36;757.85;thank you
Ellie;760.77;762.79;thanks it was great chatting with you
Participant;763.2;763.76;same here
Ellie;764.59;765.11;goodbye
Participant;765.34;765.76;goodbye
