speaker;start_time;stop_time;text
Participant;9.966;11.086;<sync>
Ellie;24.254;45.794;IntroV4Confirmation (hi i'm ellie thanks for coming in today i was created to talk to people in a safe and secure environment i'm not a therapist but i'm here to learn about people and would love to learn about you i'll ask a few questions to get us started and please feel free to tell me anything your answers are totally confidential are you ok with this)
Participant;45.83;46.09;sure
Ellie;46.673;50.774;okay_confirm (okay) how_doingV (so how are you doing today)
Participant;51.16;52.72;i'm good but i caught a cold
Ellie;54.95;55.59;thats_good (that's good)
Participant;56.11;56.92;morning <sniff>
Ellie;56.344;57.664;where_originally (where are you from originally)
Participant;57.99;60.72;l_a <snort> born and raised born and raised
Ellie;61.283;63.393;like_about_LA (what are some things you really like about l_a)
Participant;63.98;68.69;it's home <snort> food people culture traffic
Ellie;68.377;70.727;dont_like_LA (what are some things you don't really like about l_a)
Participant;71.06;74.98;uh there's a lot of us <sigh> too many of us probably
Ellie;75.766;85.615;yeah3 (yeah) see_mean (i see what you mean) travel_shoes (i'm sure you can tell by my shoes i'm not much of a world explorer do you travel a lot)
Participant;79.58;87.55;oh <snort> i have in the past i haven't traveled lately
Ellie;88.847;90.367;travel_changed (what do you enjoy about traveling)
Participant;91.08;97.48;uh the destination i don't enjoy the traveling anymore at all i did when i was young but no longer <snort> it's the destination point
Ellie;98.235;99.915;travel_trips (i'd love to hear about one of your trips)
Participant;100.43;116.76;mm okay <snort> uh in ninety two i went to spain and my grandma my father's mother was born in spain i went back to trace her roots  <snort> and i spent a week in madrid a week in barcelona and a week in majorca <sniff> had a great time
Ellie;117.382;122.707;thats_great (that's great) memorableB (what's one of your most memorable experiences)
Participant;120.71;134.72;i enjoyed it ooh it was a an everyday thing people were friendly uh finding out that some of the things about my grandmother and her family were interesting
Ellie;135.552;139.453;mhm (mhm) study (what did you study at school)
Participant;140.09;144.14;<snort> uh i studied uh poly sci and uh sociology
Ellie;145.343;146.753;hard_decision (how did you decide to do that)
Participant;147.72;151.53;uh <sigh> well at the time it seemed like the easiest thing to do
Ellie;153.565;154.825;still_working_on_X (are you still working in that)
Participant;155.5;156.23;no no
Ellie;157.41;158.61;dream_job (what's your dream job)
Participant;160.26;168.67;uh <sigh> well i had my dream job for a while i was doing sports research for uh native american tribes <snort> but uh yeah
Ellie;167.573;168.293;awesome (awesome)
Participant;169.12;180.73;i enjoyed it but that's uh it's not as uh as often as it was <clears throat> mainly because of the uh the sports bureaus that exist now that didn't exist when i started
Ellie;181.779;182.229;hmm_downer (hmm)
Participant;184.46;186.07;i still when i do i still enjoy it
Ellie;185.223;189.64;shyoutgoing (do you consider yourself more shy or outgoing)
Participant;189.52;194.97;uh <sigh> <snort> i'll be what <wh> what i'll be what suits me in any given situation
Ellie;196.539;208.298;relax_fishtank (sometimes when i'm feeling tense i turn on the fish tank screensaver hey i know it's not hawaii but it's the best i've got what do you do to relax)
Participant;209.04;210.12;uh listen to music
Ellie;211.652;214.282;cool3 (cool) like_what (like what)
Participant;215.1;219.39;uh i like oldies jazz mm soft music
Ellie;220.909;224.366;mm (mm) control_temper (how are you at controlling your temper)
Participant;225.49;229.33;uh i've learned to do it well i wasn't wasn't always that way but i've learned to do it well
Ellie;230.568;233.618;last_argument (when was the last time you argued with someone and what was it about)
Participant;236.45;243.87;<snort> by when by arguing i assume you mean words uh with my youngest daughter it was about uh a year and a half ago
Ellie;245.059;246.219;tell_about_that (can you tell me about that)
Participant;247.06;261.09;uh well it was it stemmed over an incident i didn't like what the the way her husband said something to her and it bothered me and when i told her she got extremely defensive and rather than deal with it she became she became angry with me <snort>
Ellie;262.296;263.836;describe_felt (how did you feel in that moment)
Participant;264.37;264.95;i was mad
Ellie;266.904;270.449;yeah_downer (yeah) kids_elaborate (tell me about your kids)
Participant;271.4;285.02;uh three girls thirty eight thirty seven thirty one uh three granddaughters eleven fourteen eighteen so i haven't won an argument in a long time but i adore all six of 'em
Ellie;286.206;290.469;aw (aw) easy_parent (do you find it easy to be a parent)
Participant;291.54;308.86;uh well now i don't really consider myself a parent <snort> since mine are grown my baby is thirty one and you never lose that but i mean i'm not parenting at this point  in my life i'm enjoying my grandchildren when i was a parent yeah it's a difficult challenge <snort>
Ellie;308.568;310.548;parent_hardest (what's the hardest thing about being a parent)
Participant;310.95;319.3;is uh getting getting to their level and understanding what they understand and don't understand and not putting your your stuff in front of theirs
Ellie;320.436;322.156;parent_best (what's the best thing about being a parent)
Participant;322.56;323.22;the hugs
Ellie;326.411;330.243;parent_differences (what are some ways that you're different as a parent than your parents)
Participant;331.43;347.54;well my dad was was physical uh in those days you know uh nobody called child services if you got hit uh uh my mother was very loving but my dad well you know he he'd raise his hand to you if he thought it would it would uh disappoint you <snort> i never did that
Ellie;349.061;351.774;family_relationship (tell me about your relationship with your family)
Participant;352.89;373.07;adored my mother <sigh> my dad uh was a hard guy but i loved him uh i never felt abused by him but i mean i the one thing i remember he said when you when you're capable of kicking my ass you can leave this house <snort> that's my that's kinda the the basis of our relationship
Ellie;373.911;378.284;okay_confirm (okay) influence_positive (who's someone that's been a positive influence in your life)
Participant;378.64;381.84;my mother my kids my grandkids
Ellie;382.751;383.911;tell_about_that (can you tell me about that)
Participant;385.39;400.8;well i'm i'm one of i'm one of three <sigh> three sons <clear throat> so i really didn't have any experience with females other than uh with my mother in terms of being you know related and my grandma and then when my first daughter was born it was like wow <snort> that was it i fell madly in love with her
Ellie;403.081;404.441;good_hear (that's so good to hear)
Participant;403.14;407.85;changed my life yeah well that's the way it happened
Ellie;407.947;410.114;feelguilty (what's something you feel guilty about)
Participant;411.97;421.05;uh <sigh> when my mother got sick i i wasn't <wa> i wasn't there for her the way i should've been and i don't feel good <goo>
Ellie;420.279;422.149;avoid (could you have done anything to avoid it)
Participant;422.77;427.75;oh yeah you can always fix what you did in the end <snort> i was just in a real bad situation
Ellie;429.195;429.635;yeah_downer (yeah)
Participant;429.37;435.07;but that doesn't excuse the fact that i wasn't there the way i shold've been at least not in my mind
Ellie;436.177;439.952;situation_handled (tell me about a situation that you wish you had handled differently)
Participant;441.16;476.6;uh <sigh> uh my second marriage probably she uh she wanted to have uh children and i already had my children with my first wife and uh i i had i had told her initially that i did not wanna have children and you know i had three uh that and i was good with that and she indicated that she did not want to have children <sniff> so we got married and then her best friend got pregnant and our relationship changed and i basically wouldn't relent and we ended up getting divorved
Ellie;477.163;477.613;hmm_downer (hmm)
Participant;477.94;485.36;uh i i i don't know that i would've had children <chil> would've would've had children with her but i i wasn't very flexible in the process
Ellie;485.981;486.921;difficult (how hard is that)
Participant;487.89;488.73;what to be flexible
Ellie;489.893;490.333;yeah_downer (yeah)
Participant;490.43;493.62;i don't know sometimes i am sometimes i'm not
Ellie;495.091;500.714;okay_confirm (okay) hard_decisionB (tell me about the hardest decision you've ever had to make)
Participant;501.78;508.15;uh that'd been pulling my uh pulling my father out of off uh uh life support
Ellie;510.249;511.679;change_directions (what made you decide to do that)
Participant;512.74;526.98;i just kept going back to something he said to me when i was uh younger that he would come back and haunt me and if i you know if i let him lay there lay there and suffer it took me a while to convince my other two brothers but  that's what we did
Ellie;529.031;535.525;downer (okay) memory_erase (tell me about an event or something that you wish you could erase from your memory)
Participant;537.52;545.49;something i could erase from my memory uh being locked up for a while i'd like to erase that from my memory <snort>
Ellie;547.307;548.467;tell_about_that (can you tell me about that)
Participant;548.8;558.74;it's just it's an everyday hell where there's very little humanity and uh you even do some things that you're not proud of
Ellie;560.949;566.243;isee_downer (i see) easy_sleep (how easy is it for you to get a good night's sleep)
Participant;566.6;577.44;i've never slept i've never slept a lot and i'm one of those people that  if i wake up i have a hard time going back to sleep so it's it's difficult <diffi> it's uh <snort> unless i'm really tired then you know <sneeze>
Ellie;578.983;580.763;sleep_affects (what are you like when you don't sleep well)
Participant;581.7;584.35;i'm pretty much still the same i don't change
Ellie;585.967;587.347;feel_lately (how have you been feeling lately)
Participant;589.51;605.2;so so i had friend <f> uh things are good with the kids and the grandkids except for the little incident with my granddaughter <granddaugh> uh my youngest daughter but i had a friend recently who was uh runned over in a crosswalk and uh he's on he's on life support so i haven't been feeling too good about that
Ellie;605.905;606.645;im_sorry (i'm sorry)
Participant;606.15;614.36;it's it's affected me it wasn't like he was jaywalking or anything he literally was walking in the crosswalk and the guy never even hit the break so
Ellie;609.215;609.655;yeah_downer (yeah)
Participant;615.95;617.72;and he's on uh life support at this point
Ellie;618.795;624.431;Ellie17Dec2012_06 (wow) behavior_changes (have you noticed any changes in your behavior or thoughts lately)
Participant;626.15;630.46;mm no not really only consistent thing about me is i'm very inconsistent
Ellie;632.818;634.858;ptsd_diagnosed (have you ever been diagnosed with p_t_s_d)
Participant;635.72;637.33;uh no
Ellie;638.039;639.849;depression_diagnosed (have you been diagnosed with depression)
Participant;640.39;640.8;no
Ellie;641.684;645.404;happy_lasttime (tell me about the last time you felt really happy)
Participant;642.08;647.77;but i've had moments where i felt i was i was depressed okay i was talking when you were talking so i didn't hear the question
Ellie;649.533;653.255;happy_lasttime (tell me about the last time you felt really happy)
Participant;652.68;670.68;uh uh yesterday had a conversation with my fourteen year-old granddaughter i'm happy i have moments of happiness every day 'cause i i either speak to or text with uh my daughters and granddaughters every day even if we're upset with one another
Ellie;671.74;675.253;thats_great (that's great) regret (is there anything you regret)
Participant;676.68;677.76;oh i have a lot of regrets
Ellie;679.686;681.016;give_example (can you give me an example of that)
Participant;681.98;697.94;uh i should've went to law school that's that's kinda something i thought yeah began to think about more in my lifetime i was accepted i just didn't i had other other things i thought i wanted to do <snort>
Ellie;698.296;698.836;like_what (like what)
Participant;700.52;706.98;uh <sigh> uh i i played with uh wanting to be uh uh a kicker for football on a football team
Ellie;707.303;707.773;uh_huh (uh huh)
Participant;707.36;718.32;had some tryouts things like that but they didn't pan out and as as that didn't pan out i sort of lost my zest for wanting to be a lawyer so i just did other things
Ellie;719.109;723.399;mm (mm) advice_back (what advice would you give to yourself ten or twenty years ago)
Participant;726.92;730.31;i don't think it'd make that much difference i probably wouldn't listen to myself <snort>
Ellie;733.461;736.363;self_change (what are some things you wish you could change about yourself)
Participant;738.58;758.79;um about myself uh <hums> uh i could be uh if i don't like you i could be very uh very difficult if i don't like you i'd very much like to change that
Ellie;759.761;761.241;landed_trouble (has that gotten you in trouble)
Participant;761.52;763.8;it has in the past yeah <snort>
Ellie;764.78;770.09;feelbadly (tell me about a time when someone made you feel really badly about yourself)
Participant;775.69;791.54;well i have this theory that you could make me feel bad about myself only if i let you and i'm not real big on letting <let> letting people do that to me uh although my first wife when when she left me with the children <snort> she you know that it was my fault
Ellie;793.489;793.999;mhm (mhm)
Participant;793.88;802.89;and i wasn't sure that i believed that but i knew i was an ass and and uh but i probably believed it and not in its totality but in part <snort>
Ellie;803.264;808.911;yeah_downer (yeah) Ellie17Dec2012_07 (what would you say are some of your best qualities)
Participant;811.0;839.11;<sigh> uh i'm very uh i'm not judgemental uh uh i would listen to anybody uh whether i agree with you or disagree with you uh uh i've taught myself to uh control anger that i that i have uh and uh if if i've called you my friend or if i tell you i love you uh i mean it it's that's not something that i do uh casually
Ellie;840.327;845.128;okay_confirm (okay) Ellie17Dec2012_10 (tell me about something you did recently that you really enjoyed)
Participant;846.14;864.44;<snort> uh oh okay well i i played eighteen holes of golf with a with an old dear friend and we got caught up and uh <sigh> we four hours on the golf course two hours at dinner met his new wife uh had a good time
Ellie;864.831;865.731;thats_great (that's great)
Participant;865.53;867.05;a lot of a lot of memories came back
Ellie;869.122;871.002;todays_kids (what do you think of today's kids)
Participant;872.45;886.43;mm <snort> uh well i like i like my my kids <ki> uh my grandkids i like that you know i like the hell out of them i don't know if all kids are like that i i think they rely too much on uh rely too much on technology but
Ellie;886.56;887.03;yeah3 (yeah)
Participant;888.05;896.16;but that's me mainly 'cause i don't but if my grandkids are any any uh sampling of it i think they're good i think they're pretty good
Ellie;898.336;900.636;Ellie17Dec2012_08 (what are you most proud of in your life)
Participant;900.74;912.41;<snort> uh <sigh> raising my girls basically by myself with the help of my mother i think that's the uh most proud of
Ellie;913.631;918.007;asked_everything (okay i think i have asked everything i need to) appreciate_open (thanks for sharing your thoughts with me)
Participant;916.74;919.72;or okay nice chatting with you
Ellie;920.279;920.889;bye (goodbye)
Participant;921.1;921.44;bye
