speaker;start_time;stop_time;text
Participant;52.8;53.7;<synch>
Ellie;66.0;87.54;IntroV4Confirmation (hi i'm ellie thanks for coming in today i was created to talk to people in a safe and secure environment i'm not a therapist but i'm here to learn about people and would love to learn about you i'll ask a few questions to get us started and please feel free to tell me anything your answers are totally confidential are you ok with this)
Participant;88.53;88.96;yes
Ellie;89.733;93.682;okay_confirm (okay) how_doingV (so how are you doing today)
Participant;93.88;95.14;huh overwhelmed
Ellie;96.467;97.037;why2 (why)
Participant;97.74;105.33;i have a funeral to attend tomorrow i found out from my doctor i got some health issues
Ellie;106.122;109.236;sorry_hear (i'm sorry to hear that) been_hard (that sounds really hard)
Participant;109.28;110.23;it is hard
Ellie;111.941;113.051;symptoms_cope (how do you cope with them)
Participant;114.01;119.55;honey i am just putting one foot in front of the other and just trying to get it done
Ellie;121.051;123.876;yeah_downer (yeah) difficult (how hard is that)
Participant;125.1;129.87;like i said i'm overwhelmed but i can't stop doing what i need to do
Ellie;131.734;137.848;yeah_downer (yeah) where_originally (where are you from originally)
Participant;138.12;142.66;i am from united states of america i was born here in los angeles
Ellie;144.717;146.827;like_about_LA (what are some things you really like about l_a)
Participant;147.66;153.54;oh i love the beach honey i like the weather um the beach and the weather
Ellie;154.233;157.901;mhm (mhm) dont_like_LA (what are some things you don't really like about l_a)
Participant;157.78;164.23;oh the traffic and the people and this hollywood type image
Ellie;165.113;173.78;see_mean (i see what you mean) travel_shoes (i'm sure you can tell by my shoes i'm not much of a world explorer do you travel a lot)
Participant;173.53;190.56;uh not as much as i used to but i've been to europe i went on a uh on a cruise um several cruise uh been to jamaica canada mexico spain morocco um london
Ellie;191.12;191.85;nice (nice)
Participant;191.28;196.24;portugal <por> portugal yeah and i'm going to hawaii in august
Ellie;197.901;199.421;travel_changed (what do you enjoy about traveling)
Participant;199.91;208.81;meeting new people and just seeing new things and just assimilating into other people's culture and uh customs and traditions
Ellie;209.903;211.583;travel_trips (i'd love to hear about one of your trips)
Participant;213.09;227.44;oh the best trip i ever took is when i was a student at santa monica college and took a trip <tr> uh it was a mediterranean cruise oh my god that was the best time of my life
Ellie;228.503;230.863;memorableB (what's one of your most memorable experiences)
Participant;231.7;235.13;oh god um being on that ship
Ellie;237.149;238.689;describe_felt (how did you feel in that moment)
Participant;239.25;250.96;i felt electrifying uh fulfilled satisfied i felt like um i can do it and eh and it
Ellie;250.341;252.221;great_situation (that sounds like a great situation)
Participant;252.28;257.01;and i it just i moved past the fear and just said i'm doing this
Ellie;258.883;262.981;thats_great (that's great) study (what did you study at school)
Participant;263.24;266.12;uh i'm in law school i'm xxx gonna i'm gonna be an attorney
Ellie;267.693;269.103;hard_decision (how did you decide to do that)
Participant;269.06;273.77;i've always wanted to be an attorney and it's been a long time coming
Ellie;274.854;276.054;dream_job (what's your dream job)
Participant;277.1;303.84;oh my dream job is to have my own law firm my husband and i living in a beach community and our friends we know each other the community <communit> the community know <kn> we know each other it's a small town beach community having my own law firm working with my husband and providing legal services to people who are indigent
Ellie;304.623;311.615;mhm (mhm) shyoutgoing (do you consider yourself more shy or outgoing)
Participant;310.91;312.23;uh i'm in the middle
Ellie;313.523;314.093;why2 (why)
Participant;314.85;329.35;um it's one side of me that just like to withdraw and you know don't wanna be out in the front and it's another part of the personality is like oh no we're being in the front we're gonna be seen and eh we're <w> we're constantly in conflict
Ellie;327.24;344.713;wild_laughter3 ((laughter)) understand (i understand) relax_fishtank (sometimes when i'm feeling tense i turn on the fish tank screensaver hey i know it's not hawaii but it's the best i've got what do you do to relax)
Participant;337.93;346.28;yeah oh i get on my bike and ride my bike
Ellie;347.86;349.92;control_temper (how are you at controlling your temper)
Participant;350.42;355.07;ooh it depends on what the situation is i need to control that
Ellie;356.109;357.589;landed_trouble (has that gotten you in trouble)
Participant;359.26;363.46;mm not trouble but it made it has made people back up off of me
Ellie;364.997;368.047;last_argument (when was the last time you argued with someone and what was it about)
Participant;367.83;383.02;oh god when was the last time i really had a argument i don't know it's been awhile um argument it's been a long time that i can't even remember
Ellie;385.024;390.766;okay_confirm (okay) situation_handled (tell me about a situation that you wish you had handled differently)
Participant;391.1;414.46;oh god let's see <sigh> goodness mm mm oh just dealing with my siblings and my family and just trying to diffuse the situation and not get so heated and just remain cool and calm and collected
Ellie;416.047;417.377;give_example (can you give me an example of that)
Participant;418.08;434.42;oh when my mother passed years ago it was a conflict over her belongings and all that stuff and you know it was stressful time and everybody else <el> everybody's emotion was kinda high and arguing back and forth and i'm like i'm not doing that
Ellie;435.15;439.777;yeah_downer (yeah) family_relationship (tell me about your relationship with your family)
Participant;439.74;467.33;distant <laughter> and the reality <rea> i just i it's just amazing that these people no i shouldn't say these people that my we grew up in the family <fam> we grew up in the same household and then as we got older you know xxx god takes us on different path it's just like who are these people or did i grow up in a household with 'em why <wh> why are they and they may say the same thing about me i don't know i just like to have peaceful living honey
Ellie;468.215;472.145;mhm (mhm) influence_positive (who's someone that's been a positive influence in your life)
Participant;472.4;472.86;pardon me
Ellie;473.495;475.825;influence_positive (who's someone that's been a positive influence in your life)
Participant;475.02;489.16;oh god positive <po> um uh positive influences ooh college professors um friends church members um people like that
Ellie;490.389;495.773;okay_confirm (okay) hard_decisionB (tell me about the hardest decision you've ever had to make)
Participant;496.12;517.36;ooh god divorce should <s> should i continue with my education um when my mother was sick to be her primary caretaker put all my dreams and aspirations on hold um those have been some doozies
Ellie;518.084;520.965;Ellie17Dec2012_06 (wow) change_directions (what made you decide to do that)
Participant;521.3;543.28;well with my mom it's i you only have one mother and when it was over said and done i just wanted to do what was right according to what god would want me to do and i didn't wanna have any curses over my life but blessings 'cause the bible says honor thy parents my mother and father in all thy days so so you can live longer and i wanted blessings and not curses
Ellie;544.815;548.939;memory_erase (tell me about an event or something that you wish you could erase from your memory)
Participant;549.2;565.92;my marriage <laughter> my marriage ugh god that had such a negative influence on my life such a negative impact but in all that it taught me it made me who i am today and i have no animosity
Ellie;566.78;571.269;mm (mm) easy_sleep (how easy is it for you to get a good night's sleep)
Participant;572.44;584.99;<sigh> lately it's been so difficult 'cause school and finals and midterms and all that is coming up um sometimes rather difficult
Ellie;586.314;588.094;sleep_affects (what are you like when you don't sleep well)
Participant;588.39;592.15;irritable annoyed grouchy
Ellie;594.338;595.718;feel_lately (how have you been feeling lately)
Participant;596.15;600.7;well with all this stuff going on with the last week it's been real real real real real crazy
Ellie;603.476;607.161;see_mean (i see what you mean) symptoms_cope (how do you cope with them)
Participant;607.98;618.43;god i pray i just i pray i pray i pray i pray lord i pray and the one thing that's keeping me kinda like grounded is going to church
Ellie;619.862;623.736;thats_good (that's good) ptsd_diagnosed (have you ever been diagnosed with p_t_s_d)
Participant;623.98;624.89;no never
Ellie;625.59;627.4;depression_diagnosed (have you been diagnosed with depression)
Participant;627.23;633.26;yeah when i went through that divorce um and my mother passed that i was really depressed
Ellie;634.899;636.049;symptoms_what (what were your symptoms)
Participant;636.44;657.12;fatigued tired uh xxx xxx xxx i no matter what i did i couldn't get any enjoyment just a feeling of emptiness and loneliness and isolation and shock trauma hard <har> it was very very very very difficult
Ellie;657.972;660.896;isee_downer (i see) why_seek_help (what got you to seek help)
Participant;661.67;669.7;time um just time it just took time just to process to work its way through
Ellie;670.715;672.155;therapy_going (do you still go to therapy now)
Participant;672.31;673.67;no no not at all
Ellie;674.337;674.987;stop_going (why did you stop)
Participant;675.68;677.85;just got busy with life stuff
Ellie;680.059;681.509;therapy_useful (do you feel like therapy is useful)
Participant;681.64;685.39;yeah i need somebody to talk to <laughter> yes
Ellie;687.204;689.094;therapist_affect (how has seeing a therapist affected you)
Participant;689.86;698.46;oh god we i loved my therapist uh we talked things out and she gives me a different perspective and she just listened to me
Ellie;700.86;704.95;thats_good (that's good) happy_lasttime (tell me about the last time you felt really happy)
Participant;707.91;717.27;oh god well there's this guy at church and i really like him and he likes me and he throws kisses at me so
Ellie;718.165;718.845;aw (aw)
Participant;721.05;721.47;and he's a
Ellie;721.123;722.813;BF_describe (how would your best friend describe you)
Participant;723.42;733.72;oh outgoing um determined yeah trustworthy faithful and loyal
Ellie;732.668;739.012;mhm (mhm) self_change (what are some things you wish you could change about yourself)
Participant;739.13;747.96;oh god to be more patient um to be more patient
Ellie;749.367;756.392;okay_confirm (okay) feelbadly (tell me about a time when someone made you feel really badly about yourself)
Participant;755.17;760.31;oh my ex-husband he did that on a daily daily thing and i'm just so glad to get rid of him
Ellie;762.933;765.883;advice_back (what advice would you give to yourself ten or twenty years ago)
Participant;767.2;774.23;<sigh> know your worth your value and have high self-esteem
Ellie;777.132;781.538;okay_confirm (okay) ideal_weekendC (tell me how you spend your ideal weekend)
Participant;782.08;789.18;well now with school in the library with tutors uh my outlet is riding my bike or either going swimming
Ellie;792.552;795.802;Ellie17Dec2012_10 (tell me about something you did recently that you really enjoyed)
Participant;796.05;833.52;oh a friend of mine um had a c_d release party and me and a excuse me <yawn> ooh excuse me and me and another friend got together and we catered the party and it was so nice and they were so happy they were so thankful and grateful so thankful and then he invited me on stage 'cause he sings and i felt so when i got up on stage 'cause i like to sing but i'm so shy in front of people and they're judgmental and they might look at me and i got up on that stage and i just i'm like well this <th> is this how this feel this feels good <laughter>
Ellie;825.913;832.19;yeah2 (yeah) wild_laughter3 ((laughter))
Participant;834.21;836.66;oh god i aw man
Ellie;834.437;844.151;nice (nice) awesome (awesome) Ellie17Dec2012_08 (what are you most proud of in your life)
Participant;843.95;852.83;oh my accomplishments <acc> my accomplishments um overcoming 'em one by one setting a goal and reaching 'em
Ellie;854.135;859.175;thats_great (that's great) asked_everything (okay i think i have asked everything i need to)
Participant;859.22;859.6;okay
Ellie;860.191;861.631;appreciate_open (thanks for sharing your thoughts with me)
Participant;861.67;862.27;thank you honey <hon>
Ellie;862.858;863.468;bye (goodbye)
Participant;863.4;863.94;bye
