speaker;start_time;stop_time;text
Participant;11.429;12.289;<synch>
Ellie;31.877;53.417;IntroV4Confirmation (hi i'm ellie thanks for coming in today i was created to talk to people in a safe and secure environment i'm not a therapist but i'm here to learn about people and would love to learn about you i'll ask a few questions to get us started and please feel free to tell me anything your answers are totally confidential are you ok with this)
Participant;54.272;54.682;yes
Ellie;55.828;60.085;okay_confirm (okay) how_doingV (so how are you doing today)
Participant;59.873;60.293;okay
Ellie;61.699;63.913;thats_good (that's good) where_originally (where are you from originally)
Participant;64.777;65.224;l_a
Ellie;66.261;70.279;really (really) like_about_LA (what are some things you really like about l_a)
Participant;71.822;76.762;uh the smog traffic tickets high rent
Ellie;80.309;84.235;okay_confirm (okay) dont_like_LA (what are some things you don't really like about l_a)
Participant;86.481;87.891;uh everything
Ellie;91.436;91.976;like_what (like what)
Participant;94.942;103.704;um like um the cost of living the smog
Ellie;103.57;104.01;yeah_downer (yeah)
Participant;107.036;107.267;yeah
Ellie;108.196;116.853;see_mean (i see what you mean) travel_shoes (i'm sure you can tell by my shoes i'm not much of a world explorer do you travel a lot)
Participant;112.53;117.889;<clears throat> not anymore
Ellie;119.602;120.172;why2 (why)
Participant;121.012;122.042;uh don't have the time
Ellie;128.226;129.746;travel_changed (what do you enjoy about traveling)
Participant;130.989;140.683;um the meeting new people the food the nature explore different areas
Ellie;140.234;144.173;mhm (mhm) travel_trips (i'd love to hear about one of your trips)
Participant;147.204;151.298;um i've been to the east coast and that's about it
Ellie;152.597;156.339;cool3 (cool) memorableB (what's one of your most memorable experiences)
Participant;158.614;162.109;um just going to college in the east coast
Ellie;163.612;164.772;tell_about_that (can you tell me about that)
Participant;166.702;176.752;um i just went for two years and uh i mean for one year and i was there for like three years yeah that was it i came back to l_a
Ellie;177.521;181.363;uh_huh (uh huh) study (what did you study at school)
Participant;182.533;183.413;uh business
Ellie;185.538;186.948;hard_decision (how did you decide to do that)
Participant;189.961;198.915;um i had graduated high school and um i knew i had to do something else for the future
Ellie;200.819;201.819;happy_didthat (are you happy you did that)
Participant;203.482;204.803;yeah yes and no
Ellie;206.59;207.16;why2 (why)
Participant;208.688;214.274;uh because i sought that eh experience i got to travel <clears throat>
Ellie;215.889;218.868;okay_confirm (okay) dream_job (what's your dream job)
Participant;221.377;228.809;um <clears throat> uh just uh being a personal trainer and real estate
Ellie;231.012;235.098;sounds_interesting (that sounds interesting) change_directions (what made you decide to do that)
Participant;236.788;241.514;um it seems like um that's what i'm capable of doing right now
Ellie;244.063;251.985;understand (i understand) shyoutgoing (do you consider yourself more shy or outgoing)
Participant;251.568;253.083;both depends where i'm at
Ellie;255.461;269.454;okay_confirm (okay) relax_fishtank (sometimes when i'm feeling tense i turn on the fish tank screensaver hey i know it's not hawaii but it's the best i've got what do you do to relax)
Participant;269.793;271.043;eat and work out
Ellie;273.489;277.694;mhm (mhm) control_temper (how are you at controlling your temper)
Participant;279.136;294.963;um think about the negative things that could happen after you know if you don't control your temper like going to jail or you know losing everything you worked for
Ellie;295.934;300.76;yeah_downer (yeah) last_argument (when was the last time you argued with someone and what was it about)
Participant;302.409;312.252;um the last time i argued with somebody was um one of my um close friends
Ellie;314.511;315.661;how_know (how do you know them)
Participant;317.367;319.462;um i seen him a couple of times
Ellie;321.707;323.247;describe_felt (how did you feel in that moment)
Participant;324.396;325.661;upset <sigh>
Ellie;327.218;327.728;mhm (mhm)
Participant;329.916;330.716;and upset
Ellie;332.602;337.94;okay_confirm (okay) situation_handled (tell me about a situation that you wish you had handled differently)
Participant;338.95;353.477;<sniffle> um the uh vehicle i bought i should have bought something more affordable
Ellie;353.225;353.765;like_what (like what)
Participant;354.577;364.278;like a vehicle <veh> a car i should've bought um like um something more affordable like uh maybe uh something more economic
Ellie;365.46;371.529;makes_sense (that makes sense) hard_decisionB (tell me about the hardest decision you've ever had to make)
Participant;373.356;378.759;um moving to los angeles west los angeles <clears throat>
Ellie;379.96;381.37;hard_decision (how did you decide to do that)
Participant;383.849;393.363;<sniffle> i basically found out that i had a uncle out here so i moved in with him and then um from there on then i moved on my own
Ellie;397.796;399.596;living_situation (how do you like your living situation)
Participant;400.208;402.521;it's good it's affordable
Ellie;404.324;409.071;thats_good (that's good) family_relationship (tell me about your relationship with your family)
Participant;409.754;410.624;it's good right now
Ellie;412.313;414.013;family_roleB (how close are you to your family)
Participant;414.498;415.288;really close
Ellie;417.663;424.688;good_hear (that's so good to hear) memory_erase (tell me about an event or something that you wish you could erase from your memory)
Participant;428.237;442.098;um i i don't know
Ellie;443.932;449.027;okay_confirm (okay) feelguilty (what's something you feel guilty about)
Participant;452.142;461.261;um <sigh> um not being financially stable
Ellie;464.768;465.928;tell_about_that (can you tell me about that)
Participant;467.092;487.713;well ever since i moved to l_a it's um when i try to fit into a job something happens to that business they either lay people off or sell the business or or um you know they don't pay they cut the pay so it's been tough
Ellie;489.331;491.991;yeah_downer (yeah) been_hard (that sounds really hard)
Participant;492.413;492.743;really
Ellie;494.661;501.895;good_job (it can be tough to find a good job these days) influence_positive (who's someone that's been a positive influence in your life)
Participant;504.833;507.926;um nobody really
Ellie;511.062;515.103;okay_confirm (okay) easy_sleep (how easy is it for you to get a good night's sleep)
Participant;517.046;523.796;um i have to workout and to be able to get my get my body tired for to go to sleep
Ellie;524.389;527.863;mhm (mhm) sleep_affects (what are you like when you don't sleep well)
Participant;526.17;541.958;uh i'm uh i'm um tired falling asleep wherever i go if or if there's nothing going on
Ellie;543.482;546.027;yeah3 (yeah) feel_lately (how have you been feeling lately)
Participant;548.5;551.52;um lately meaning today
Ellie;552.846;553.356;mhm (mhm)
Participant;555.363;558.315;um today uh really tired
Ellie;559.881;560.451;why2 (why)
Participant;561.057;562.437;'cause i went out last night
Ellie;563.869;571.206;nice (nice) behavior_changes (have you noticed any changes in your behavior or thoughts lately)
Participant;573.639;573.999;no
Ellie;575.762;577.802;ptsd_diagnosed (have you ever been diagnosed with p_t_s_d)
Participant;578.292;578.792;what's that
Ellie;581.075;582.885;depression_diagnosed (have you been diagnosed with depression)
Participant;584.522;584.862;no
Ellie;587.585;590.132;happy_lasttime (tell me about the last time you felt really happy)
Participant;592.366;597.633;um last week last uh weekend
Ellie;600.071;601.161;more (tell me more about that)
Participant;602.078;607.562;i was just uh with a group of friends and um and having a good time
Ellie;609.842;614.574;cool3 (cool) BF_describe (how would your best friend describe you)
Participant;616.008;624.236;um outgoing nice funny um good attitude personality character <charater>
Ellie;623.51;623.98;uh_huh (uh huh)
Participant;625.458;626.158;character i mean
Ellie;629.148;632.047;self_change (what are some things you wish you could change about yourself)
Participant;636.909;641.189;um i don't know
Ellie;644.102;649.405;feelbadly (tell me about a time when someone made you feel really badly about yourself)
Participant;670.371;672.731;i i i never had somebody do that
Ellie;674.887;680.913;okay_confirm (okay) Ellie17Dec2012_07 (what would you say are some of your best qualities)
Participant;682.154;717.052;uh i'm consistent um when i start something i don't i don't give up <cough> and um i'm always open to new ideas and creative and um i like to go out and have a good time and and um take new routes and journeys and um also make <ma> make people feel good
Ellie;718.576;723.348;thats_good (that's good) ideal_weekendC (tell me how you spend your ideal weekend)
Participant;724.898;732.975;sometimes um studying for the test and um and uh or go out or work out
Ellie;736.211;741.162;okay_confirm (okay) Ellie17Dec2012_10 (tell me about something you did recently that you really enjoyed)
Participant;745.281;747.991;um <clears throat> i went swimming
Ellie;751.438;755.507;awesome (awesome) regret (is there anything you regret)
Participant;759.828;762.528;i i should've um traveled more
Ellie;765.607;770.416;isee_downer (i see) advice_back (what advice would you give to yourself ten or twenty years ago)
Participant;775.339;785.055;i don't i don't know because i can't say that because um a lot of things that happened was not my fault
Ellie;788.199;789.529;give_example (can you give me an example of that)
Participant;793.051;828.28;uh like um the economy going bad and um you know things are really slow and i didn't know that you know certain businesses will go the way they were and um and um sometimes it takes a long time to when you change careers to to get on board and make it happen
Ellie;830.219;837.32;yeah_downer (yeah) Ellie17Dec2012_09 (what are some things that usually put you in a good mood)
Participant;839.155;849.82;uh working out eating um watching t_v talking with my friends and hanging out with friends
Ellie;848.352;854.726;mhm (mhm) Ellie17Dec2012_08 (what are you most proud of in your life)
Participant;857.052;867.111;uh that i'm responsible for all the
Ellie;866.859;867.499;thats_good (that's good)
Participant;867.461;867.731;yeah
Ellie;870.581;877.289;asked_everything (okay i think i have asked everything i need to) appreciate_open (thanks for sharing your thoughts with me) bye (goodbye)
