speaker;start_time;stop_time;text
Ellie;17.27;38.91;hi i'm ellie thanks for coming in today i was created to talk to people in a safe and secure environment i'm not a therapist but i'm here to learn about people and would love to learn about you i'll ask a few questions to get us started and please feel free to tell me anything your answers are totally confidential are you okay with this
Participant;39.23;40.28;yes i'm alright with this
Ellie;40.71;43.56;okay so how are you doing today
Participant;44.16;45.89;doing pretty good little bit tired
Ellie;46.96;49.84;that's good where are you from originally
Participant;50.93;52.38;i'm from los angeles
Ellie;53.21;56.6;really what are some things you really like about l_a
Participant;58.09;60.05;the weather and the sports
Ellie;61.57;63.72;what are some things you don't really like about l_a
Participant;66.86;68.44;can't find any jobs right now
Ellie;70.31;73.59;i'm sorry it can be tough to find a good job these days
Participant;75.64;76.02;i know
Ellie;76.09;77.04;do you travel a lot
Participant;77.99;79.21;um not really
Ellie;80.72;81.94;what'd you study at school
Participant;82.79;87.33;i studied um architecture and chicano studies and a little bit of history
Ellie;88.02;91.11;that sounds interesting what made you decide to do that
Participant;92.262;97.47;uh since <si> i was <wa> little <li> since i was little i liked to draw and then i like to learn about history
Ellie;98.544;101.38;cool are you still working in that
Participant;103.47;107.95;i'm trying to i'm going i'm working and going to school i'm trying to get my finish gettin' my degree
Ellie;108.608;109.7;what's your dream job
Participant;111.09;112.35;playing in the n_f_l
Ellie;114.263;118.31;awesome do you consider yourself an introvert
Participant;119.545;120.04;what was that
Ellie;120.88;122.47;do you consider yourself and introvert
Participant;123.336;125.49;um i don't know what that is
Ellie;126.596;129.866;let's come back to that later what do you do to relax
Participant;131.681;132.84;eat or sleep
Ellie;134.172;136.28;what are some things that make you really mad
Participant;138.627;139.96;people not doing they jobs
Ellie;142.245;143.67;what do you do when you're annoyed
Participant;144.963;145.67;walk away
Ellie;147.8;149.68;how are you at controlling your temper
Participant;150.372;151.34;um pretty good
Ellie;152.38;156.34;that's good when was the last time you argued with someone and what was it about
Participant;158.535;163.08;like three days ago a couple days ago over some family issues
Ellie;166.372;167.38;can you tell me about that
Participant;168.535;169.34;um sure
Ellie;172.29;172.75;okay
Participant;176.463;177.44;well um
Ellie;176.681;178.42;what are some things you like to do for fun
Participant;179.372;183.04;like to workout play football and ride my bike
Ellie;184.891;189.39;cool what's one of your most memorable experiences
Participant;190.37;194.91;um walking on that u_c_l_a
Ellie;196.681;198.43;how did you feel in that moment
Participant;202.536;206.16;i felt big like i actually was doing something with myself
Ellie;208.526;213.02;that's great who's someone that's been a positive influence in your life
Participant;213.963;214.89;my parents
Ellie;217.581;218.55;tell me more about that
Participant;220.61;226.37;like they struggle <strug> they whenever they struggle they still manage to put through whatever they want
Ellie;227.918;228.44;mhm
Participant;229.281;229.61;and
Ellie;229.672;231.25;how close are you to your family
Participant;232.308;234.26;i'm pretty close real close
Ellie;237.35;239.0;how would your best friend describe you
Participant;240.845;243.44;uh quiet
Ellie;246.89;249.19;what would you say are some of your best qualities
Participant;250.25;252.49;um my height and strength
Ellie;256.726;260.31;okay have you ever served in the military
Participant;260.818;261.82;mm no
Ellie;262.881;264.92;have you ever been diagnosed with p_t_s_d
Participant;265.372;265.71;no
Ellie;266.426;268.21;have you been diagnosed with depression
Participant;268.87;269.28;no
Ellie;270.199;272.64;how easy is it for you to get a good night's sleep
Participant;273.926;274.81;it's pretty hard
Ellie;276.09;276.52;why
Participant;277.75;289.78;uh i i get home late and i'm usually up for like fifteen to like eighteen hours during the day so by the time i get home i'm really not even that tired to go to sleep
Ellie;290.636;291.52;that sucks
Participant;291.96;292.32;yeah
Ellie;293.681;295.42;what are you like when you don't sleep well
Participant;296.84;304.05;uh if i don't sleep well i get i wake up grumpy or like not in the mood to do things
Ellie;304.836;308.06;uh huh how have you been feeling lately
Participant;309.69;314.07;mm just like under pressure a little bit
Ellie;316.708;317.67;how hard is that
Participant;318.6;322.8;not that hard i just stress pretty much
Ellie;324.081;324.93;do you feel down
Participant;327.072;327.84;sometimes
Ellie;330.08;330.48;why
Participant;333.317;337.59;just working i really don't like working but i have to so
Ellie;339.854;346.06;yeah i see what you mean have you noticed any changes in your behavior or thoughts lately
Participant;347.281;349.68;um a little bit
Ellie;352.163;353.63;could you say a little more about that
Participant;354.39;363.96;like it's not i'm not like a little bit more violent but just a side <s> just a side effect from not playing football for a while
Ellie;369.58;375.65;okay what are some things that usually put you in a good mood
Participant;376.827;382.03;music eating or and working out
Ellie;383.21;387.29;uh huh tell me about something you did recently that you really enjoyed
Participant;392.58;395.32;um i don't know
Ellie;398.227;402.34;okay what are you most proud of in your life
Participant;405.58;408.91;raising my son and while i was still in school in high school
Ellie;411.03;415.49;wow do you find it easy to be a parent
Participant;416.045;416.36;no
Ellie;417.88;419.88;what's the hardest thing about being a parent
Participant;420.627;421.23;patience
Ellie;423.609;425.35;what's the best thing about being a parent
Participant;428.29;429.51;watching your son grow
Ellie;431.08;432.89;aw tell me about your kids
Participant;433.93;440.63;uh i have a five and a half year old boy i don't only see him on the weekend
Ellie;442.4;443.57;how close are you to them
Participant;444.9;445.64;pretty close
Ellie;446.936;452.68;that's good what do you think of today's kids
Participant;454.272;454.87;spoiled
Ellie;456.11;458.63;<laughter> can you tell me about that
Participant;459.93;473.13;they're they're so advanced with everything that it makes the like their grandparents feel like dinosaurs while they already they just born and they already know how to use everything around their house
Ellie;474.01;474.37;mm
Participant;475.145;476.67;can't treat 'em like kids anymore
Ellie;475.19;478.68;yeah uh huh
Participant;479.072;483.9;mm so you pretty much treat 'em like adults sometimes it works some it doesn't do it doesn't really work
Ellie;485.24;488.52;yeah i understand is there anything you regret
Participant;490.072;490.43;no
Ellie;491.681;494.42;what advice would you give yourself ten or twenty years ago
Participant;499.553;506.3;should have just stayed on one path follow my dreams probably like or just follow what i wanted to do
Ellie;507.62;508.08;mhm
Participant;508.763;509.64;and that's about it
Ellie;511.59;515.55;okay when was the last time you felt really happy
Participant;519.33;520.29;a couple months ago
Ellie;522.426;523.43;tell me more about that
Participant;524.21;534.56;um i was i was playing football i was playing for a junior college and we made it to the championship bowl that was probably the happiest i've been in awhile
Ellie;535.817;538.92;awesome how did you feel in that moment
Participant;539.71;540.26;good
Ellie;542.64;548.69;that's good okay i think i've asked everything i need to thanks for sharing your thoughts with me
Participant;549.05;549.57;thank you
Ellie;549.927;550.45;goodbye
Participant;550.7;551.03;bye
