speaker;start_time;stop_time;text
Participant;11.71;12.56;<synch>
Ellie;34.036;55.576;IntroV4Confirmation (hi i'm ellie thanks for coming in today i was created to talk to people in a safe and secure environment i'm not a therapist but i'm here to learn about people and would love to learn about you i'll ask a few questions to get us started and please feel free to tell me anything your answers are totally confidential are you ok with this)
Participant;55.99;56.75;yes
Ellie;57.324;61.282;okay_confirm (okay) how_doingV (so how are you doing today)
Participant;61.53;61.99;fine
Ellie;62.866;65.908;thats_good (that's good) where_originally (where are you from originally)
Participant;66.84;68.2;oh san fernando valley
Ellie;68.879;72.975;really (really) like_about_LA (what are some things you really like about l_a)
Participant;74.14;80.9;uh well i really like the culture i love going to museums and being able to go at night and having lots of people around
Ellie;81.862;85.241;mhm (mhm) dont_like_LA (what are some things you don't really like about l_a)
Participant;85.85;93.5;it's spread out a lot and it's a pain in the ass to have to drive everywhere and not have a good public transportation system
Ellie;94.18;103.09;see_mean (i see what you mean) travel_shoes (i'm sure you can tell by my shoes i'm not much of a world explorer do you travel a lot)
Participant;102.96;107.26;uh not really i like to go camping but i don't really travel
Ellie;108.795;110.335;bouts_symptoms (when was the last time that happened)
Participant;111.35;118.92;um i think <sigh> it might've been around six months ago i went on a trip with a geology class
Ellie;120.083;120.813;nice (nice)
Participant;121.99;122.7;yeah it was fun
Ellie;122.063;124.423;memorableB (what's one of your most memorable experiences)
Participant;125.16;129.27;hmm <sigh> i think it's tough to say
Ellie;155.848;157.048;mind (whatever comes to your mind)
Participant;158.14;169.62;um well i think the first time i went camping was probably really memorable i went to death valley and i got to see a lot of really cool things and hang out with my friends at night
Ellie;170.819;174.667;awesome (awesome) study (what did you study at school)
Participant;175.24;175.88;philosophy
Ellie;176.855;178.115;still_working_on_X (are you still working in that)
Participant;178.48;179.14;yes
Ellie;181.458;182.868;hard_decision (how did you decide to do that)
Participant;183.68;200.18;um hmm i don't know i think it just sort of happened i wanted to be a journalist for a really long time and then i kind of grew disillusioned with that and i liked all the different ways or all the different things i could do with philosophy
Ellie;201.551;204.744;makes_sense (that makes sense) dream_job (what's your dream job)
Participant;205.94;217.58;huh i don't know but i really like children and i really like studying their behavior so i think something along those lines might be it
Ellie;218.754;225.747;okay_confirm (okay) shyoutgoing (do you consider yourself more shy or outgoing)
Participant;225.34;233.98;i think i'm generally pretty outgoing i tend to be shy around my family but when i'm around friends and stuff i i think i'm pretty friendly
Ellie;234.721;249.377;uh_huh (uh huh) relax_fishtank (sometimes when i'm feeling tense i turn on the fish tank screensaver hey i know it's not hawaii but it's the best i've got what do you do to relax)
Participant;250.14;256.87;um a lot of times i'll watch t_v or read um yeah
Ellie;258.25;260.31;control_temper (how are you at controlling your temper)
Participant;260.82;272.61;i think i'm pretty good i don't really get mad i try to think about other things if i start getting mad or um i just start trying to focus on my breathing
Ellie;273.979;277.029;last_argument (when was the last time you argued with someone and what was it about)
Participant;285.36;312.81;i think the last time i argued with someone it was probably with my boyfriend um but i'm having trouble remembering what the last thing we argued about was um i think it was <wa> i wasn't feeling very well and i was having trouble deciding whether i wanted to go to his department's end of year party and he was getting frustrated which i thought was very inconsiderate 'cause i wasn't feeling well to begin with
Ellie;314.461;317.508;yeah_downer (yeah) describe_felt (how did you feel in that moment)
Participant;318.09;332.02;well i felt like he wasn't really taking my feelings into consideration and i really hate when he gets stressed out or gets angry easily because i just see that as unnecessary and it stresses me out
Ellie;333.569;339.327;isee_downer (i see) situation_handled (tell me about a situation that you wish you had handled differently)
Participant;340.16;386.05;hmm i think a lot of times when my oldest youngest brother or my oldest little brother uh does something wrong i tend to be harsh with him um we're not as close as my sister and i or my youngest brother and i and so he tends to be hostile back and i think that if i were a little bit more gentle it might be easier to communicate with him
Ellie;388.27;394.393;okay_confirm (okay) memory_erase (tell me about an event or something that you wish you could erase from your memory)
Participant;395.18;418.14;hmm um when i was nineteen i came home from a party i think around four a_m on a sunday morning and my dad got really mad at me and yelled at me said a lot of not very nice things and then he didn't speak to me for about a year
Ellie;419.508;427.422;im_sorry (i'm sorry) family_relationship (tell me about your relationship with your family)
Participant;428.03;484.41;uh well my relationship with my mom is a lot better now that i don't live at home um i used to be really frustrated with her all the time 'cause she has a really quick temper but i think now that i've got a little bit more distance i can see that she did the best that she could um <sigh> and i love my siblings i again my little sister and i get along really well she's four years younger than me and when when she was around twelve and i was around sixteen it was really difficult 'cause she had a really harsh temper and she was always moody and i wasn't in a place to be patient with that sort of stuff so we fought all the time but we don't anymore and that's really great and we get along okay with my uh my older little brother who's fifteen and i think i get along pretty well with my youngest brother who's twelve
Ellie;484.89;488.639;thats_good (that's good) influence_positive (who's someone that's been a positive influence in your life)
Participant;489.49;511.43;scrubbed_entry one of the first not the first but one of my first philosophy professors and i really loved her classes and it was really good uh being in a class with a professor who really cared and who really engaged people that was really motivating since not all my classes were like that
Ellie;512.492;517.978;thats_great (that's great) easy_sleep (how easy is it for you to get a good night's sleep)
Participant;518.48;526.53;i think it's pretty easy i mean sometimes i'll have trouble going to sleep but generally it's not that bad it's i think it's usually harder for me to wake up in the morning
Ellie;527.98;529.76;sleep_affects (what are you like when you don't sleep well)
Participant;530.52;540.1;um well i'm really tired i can get grumpy but i think usually i'm just groggy
Ellie;541.464;544.687;okay_confirm (okay) feel_lately (how have you been feeling lately)
Participant;545.4;561.9;pretty good i'm a little anxious about um about getting a job and i'm gonna be taking summer school about it's only one class so i'll have a lot of free time um yeah
Ellie;563.789;564.899;symptoms_cope (how do you cope with them)
Participant;566.99;577.53;<sigh> well i mean it's not the end of the world if i don't get a job but i know that i will eventually so mostly i think i just try not to think about it too much and i try not to be pessimistic
Ellie;579.134;583.38;okay_confirm (okay) ptsd_diagnosed (have you ever been diagnosed with p_t_s_d)
Participant;583.74;584.31;no
Ellie;586.348;588.158;depression_diagnosed (have you been diagnosed with depression)
Participant;588.36;588.92;no
Ellie;590.241;592.788;happy_lasttime (tell me about the last time you felt really happy)
Participant;595.21;620.45;hmm well i think the last time i felt really happy i went to a party with my boyfriend the end of department party and um i was the you know i knew a couple people there so i felt comfortable but i was also able to meet new people and there were a couple kids there splashing around in the pool and i had a couple drinks and ate some food and it was fun
Ellie;622.027;626.268;thats_great (that's great) BF_describe (how would your best friend describe you)
Participant;627.06;649.17;um she would probably say that i'm smart and uh pretty intellectual i love to read and to watch really like serious films and t_v um and she would probably also say that i'm fun 'cause we like to go out and have fun a lot
Ellie;651.834;654.704;self_change (what are some things you wish you could change about yourself)
Participant;655.07;665.13;well i'm kinda <ki> i can be really disorganized and that gets me in trouble sometimes so um so that's a major one that and procrastinating
Ellie;668.308;673.622;feelbadly (tell me about a time when someone made you feel really badly about yourself)
Participant;674.87;723.9;hmm um i got into a little bit of trouble a few months back and had to go to court and was uh uh given eh sixty some hours of community service and of course i procrastinated on doing that so i had to show up to court again to get an extension and the judge was very mean and he didn't seem i mean he yelled at me but it didn't seem like he gave it much thought it seemed like it was just sort of a stock speech he gave everyone that he thought needed some yelling at so i understand 'cause that's his job but it was was not great for me 'cause i wasn't i i was really anxious in that situation
Ellie;724.71;730.968;that_sucks (that sucks) advice_back (what advice would you give to yourself ten or twenty years ago)
Participant;732.24;752.23;well i would've been twelve and two um but i think i think i would've told myself at twelve not to be so hard on myself and not to be so hard on my parents 'cause i think i was a little selfish and self-involved back then
Ellie;753.869;754.939;regret (is there anything you regret)
Participant;758.68;776.97;i can't really think of anything i mean i regret how i treated my mother when i was a kid but everyone does that and um i do regret a couple of semesters ago i didn't do so well in school and i got a a few ws which i now have to work to get off on my transcript
Ellie;778.222;780.092;avoid (could you have done anything to avoid it)
Participant;781.03;791.88;i think so i'm i think i i wasn't focusing in school at that time and i didn't see any counselors at school or anything so i definitely could've done that
Ellie;793.511;798.135;okay_confirm (okay) ideal_weekendC (tell me how you spend your ideal weekend)
Participant;798.95;818.19;hmm i think i'd probably spend my ideal weekend sleeping in saturday and then going hiking or maybe just going to the duck pond by my house and feeding ducks and picking some oranges and then maybe going out to breakfast sunday and just like window shopping
Ellie;818.662;819.172;mhm (mhm)
Participant;820.21;821.86;and maybe watching a little bit of t_v
Ellie;820.882;823.182;Ellie17Dec2012_08 (what are you most proud of in your life)
Participant;823.73;854.7;huh well my youngest brother is autistic and my mom and dad were always working when he was growing up i'm ten years older than him so and being the oldest i always i always took care of him which made me really really patient because he was a handful but i'm really proud of how he turned out and um and how close we are
Ellie;855.966;867.136;aw (aw) good_hear (that's so good to hear) asked_everything (okay i think i have asked everything i need to) appreciate_open (thanks for sharing your thoughts with me) bye (goodbye)
