speaker;start_time;stop_time;text
Participant;50.51;51.31;<synch>
Ellie;66.95;88.49;IntroV4Confirmation (hi i'm ellie thanks for coming in today i was created to talk to people in a safe and secure environment i'm not a therapist but i'm here to learn about people and would love to learn about you i'll ask a few questions to get us started and please feel free to tell me anything your answers are totally confidential are you ok with this)
Participant;89.21;89.73;yes
Ellie;90.03;94.119;okay_confirm (okay) how_doingV (so how are you doing today)
Participant;95.3;95.72;okay
Ellie;96.458;99.414;thats_good (that's good) where_originally (where are you from originally)
Participant;100.51;101.74;um santiago chile
Ellie;102.591;105.949;really (really) when_LA (when did you move to l_a)
Participant;107.615;110.895;mm permanently in nineteen seventy seven
Ellie;112.143;116.158;long_time (that's a long time) often_backB (how often do you go back to your hometown)
Participant;118.34;121.84;mm about every three to four years
Ellie;122.641;124.261;compares_LA (how does it compare to l_a)
Participant;125.67;126.4;it's similar
Ellie;127.52;128.54;why_LA (why did you move to l_a)
Participant;130.43;131.98;uh my parents moved here
Ellie;133.462;135.932;adapted_LA (how easy was it for you to get used to living in l_a)
Participant;136.69;137.32;very easy
Ellie;138.232;141.807;thats_good (that's good) like_about_LA (what are some things you really like about l_a)
Participant;143.375;158.18;mm the variety the culture um uh the things there's so many things to do
Ellie;158.544;159.054;mhm (mhm)
Participant;159.54;160.62;so many options
Ellie;160.93;163.28;dont_like_LA (what are some things you don't really like about l_a)
Participant;164.02;173.8;traffic um the pressure to live up to a standard <s> high standard
Ellie;174.721;176.838;hmm_downer (hmm) see_mean (i see what you mean)
Participant;175.87;176.72;expensive
Ellie;179.19;180.33;study (what did you study at school)
Participant;181.68;184.63;um sociology and psychology
Ellie;184.993;189.028;sounds_interesting (that sounds interesting) hard_decision (how did you decide to do that)
Participant;190.51;212.22;<deep breath> i uh uh got a job in the social service field and i didn't have an education and i felt that with an education i would be much better equipped to uh provide services for the population i was working with
Ellie;213.04;214.04;happy_didthat (are you happy you did that)
Participant;214.835;215.335;yes
Ellie;216.338;217.598;still_working_on_X (are you still working in that)
Participant;218.38;218.63;no
Ellie;219.55;220.75;dream_job (what's your dream job)
Participant;222.9;238.56;<tisk> uh to own my own uh nonprofit organization that provides um services for women um that are considered marginalized populations
Ellie;240.197;248.404;okay_confirm (okay) travel_shoes (i'm sure you can tell by my shoes i'm not much of a world explorer do you travel a lot)
Participant;249.44;256.19;mm i like to travel but um no i don't travel a lot
Ellie;257.357;258.877;travel_changed (what do you enjoy about traveling)
Participant;260.46;272.47;oh <sigh> the different cultures the different architects the um the knowledge that you acquire
Ellie;272.988;273.498;mhm (mhm)
Participant;273.89;275.98;um variety of foods
Ellie;276.734;278.414;travel_trips (i'd love to hear about one of your trips)
Participant;280.34;299.267;mm <tisk> okay mm i can tell you that one of my favorite places is sedona arizona because it's so beautiful and it's so clean and open
Ellie;301.061;301.791;nice (nice)
Participant;301.08;301.67;um
Ellie;304.524;308.933;shyoutgoing (do you consider yourself more shy or outgoing)
Participant;309.6;311.99;neither i can be
Ellie;311.176;311.746;why2 (why)
Participant;312.98;325.4;i can be really shy uh but i force myself to be more outgoing though i think uh people perceive me as very outgoing
Ellie;328.231;340.002;relax_fishtank (sometimes when i'm feeling tense i turn on the fish tank screensaver hey i know it's not hawaii but it's the best i've got what do you do to relax)
Participant;341.05;354.435;mm i go on uh facebook or i check my emails or i watch movies
Ellie;356.54;360.221;okay_confirm (okay) control_temper (how are you at controlling your temper)
Participant;365.16;381.925;comme ci comme ca sometimes i'm really good for the most part but there are times um when i'm feeling very stressed and i have uh temper outburst uh anger outbursts
Ellie;382.35;385.4;last_argument (when was the last time you argued with someone and what was it about)
Participant;391.7;412.25;i don't know <sigh> about um maybe um thirty days ago and it was about my inadequate parenting skills
Ellie;414.119;419.548;been_hard (that sounds really hard) describe_felt (how did you feel in that moment)
Participant;418.19;441.595;xxx um ashamed angry confused but uh um i also felt like i needed to uh have my perspective understood
Ellie;442.57;445.995;yeah_downer (yeah) kids_elaborate (tell me about your kids)
Participant;448.06;552.62;i have four kids three boys and one girl scrubbed_entry uh my oldest son is uh living in mar vista and he's doing some menial job um he's creative and artistic and has a really good heart um my uh third son is <i> my second son <s> uh son 'cause he's my third child um lives in alabama he has a daughter and he also has a menial job um uh but he moved there to be with his daughter he's not together with his uh daughter's mother and um he's funny and really smart and um <sigh> wickedly clever and my uh third son my youngest is living in los angeles is living on his own um working at a menial job is kind of finding himself he's extremely kind and sensitive and caring and loving um but he tends to be uh pretty hard on himself um and has a lot of opinions about a lot of things
Ellie;554.027;555.977;easy_parent (do you find it easy to be a parent)
Participant;558.31;561.93;mm i love being a parent but being a parent isn't easy
Ellie;562.73;564.45;parent_best (what's the best thing about being a parent)
Participant;565.67;570.505;um the unconditional love you feel for your children
Ellie;572.479;574.459;parent_hardest (what's the hardest thing about being a parent)
Participant;576.94;591.8;tolerating um their shortcomings and their suffering and feeling like regret for not having done a better job
Ellie;594.445;598.274;parent_differences (what are some ways that you're different as a parent than your parents)
Participant;601.27;624.58;um i think i tell my children that i love them and that i'm proud of them and that um i have a much more open communication and uh i'm more accepting of the choices uh that they make even though i might not agree with them
Ellie;626.768;628.468;family_roleB (how close are you to your family)
Participant;633.17;648.235;i'm uh close to my sisters um i'm pretty distant from my mother um i was close when i was younger to my father but he passed away when i was twenty five
Ellie;648.982;653.833;sorry_hear (i'm sorry to hear that) influence_positive (who's someone that's been a positive influence in your life)
Participant;655.36;656.71;my college professors
Ellie;657.633;658.793;tell_about_that (can you tell me about that)
Participant;660.29;681.38;um i think that they uh uh helped me perceive a different perspective on uh human beings um made me more altruistic and more um open and less judgment judgmental
Ellie;680.635;686.707;mhm (mhm) feelguilty (what's something you feel guilty about)
Participant;689.32;692.1;being poor and unsuccessful
Ellie;694.281;698.066;situation_handled (tell me about a situation that you wish you had handled differently)
Participant;700.46;721.97;<deep breath> mm i think i could've made um better choices eh regarding the fathers of of my children and <a> and or stepfathers
Ellie;724.206;727.806;hard_decisionB (tell me about the hardest decision you've ever had to make)
Participant;724.4;743.82;maybe xxx <sigh> when um i uh i left my kids
Ellie;745.879;747.039;tell_about_that (can you tell me about that)
Participant;750.73;804.03;um my first marriage i uh i was really uh immature and unknowledgeable and felt that i um couldn't provide for my children so i made a choice to leave them with their father for a period of time um and that was a regret and then when um i was thirty six i was diagnosed with cancer and um i had to make the choice of again uh leaving my kids with their perspective fathers and um uh until i got better i wasn't able to um be a full-time mother
Ellie;805.011;806.361;been_hard (that sounds really hard)
Participant;807.73;808.78;yeah it was
Ellie;809.57;810.68;symptoms_cope (how do you cope with them)
Participant;810.045;815.765;separation from my kids is really hard separation from my kids is really hard um
Ellie;814.86;815.3;yeah_downer (yeah)
Participant;816.9;822.97;i feel ashamed and guilt and remorse
Ellie;824.683;825.253;why2 (why)
Participant;828.4;860.85;because had i had a more um stable uh uh financial um hmm uh uh financial and emotional and psychological foundation i might have had the ability to not have caused them um some of the problems that they have today
Ellie;862.158;866.75;downer (okay) easy_sleep (how easy is it for you to get a good night's sleep)
Participant;868.63;874.02;mm sometimes good i have to be really tired um sometimes not so good
Ellie;876.81;878.59;sleep_affects (what are you like when you don't sleep well)
Participant;880.35;883.49;mm ineffective
Ellie;884.878;886.258;feel_lately (how have you been feeling lately)
Participant;888.375;891.565;mm ineffective
Ellie;893.154;896.324;behavior_changes (have you noticed any changes in your behavior or thoughts lately)
Participant;897.64;930.09;<deep breath> <sigh> i think i'm making more of a conscientious effort to um get organized and uh um take some um steps to uh physical health um well-being um getting out more forcing myself to uh participate in life more
Ellie;930.217;934.217;thats_good (that's good) ptsd_diagnosed (have you ever been diagnosed with p_t_s_d)
Participant;934.66;934.83;no
Ellie;935.238;937.048;depression_diagnosed (have you been diagnosed with depression)
Participant;937.66;938.18;yes
Ellie;938.386;940.306;when_diagnosed (how long ago were you diagnosed)
Participant;942.8;953.08;um originally i think i was diagnosed in nineteen eighty maybe before that but it was never a formal diagnosis
Ellie;953.512;954.862;why_seek_help (what got you to seek help)
Participant;956.295;958.195;um i tried to commit suicide
Ellie;960.263;961.703;therapy_going (do you still go to therapy now)
Participant;962.24;962.75;yes
Ellie;964.577;966.027;therapy_useful (do you feel like therapy is useful)
Participant;969.13;969.94;sometimes
Ellie;971.245;974.095;therapy_changes (what sort of changes have you noticed since you've been going to therapy)
Participant;977.37;985.82;um i uh i'm no longer uh truly suicidal
Ellie;988.41;990.957;happy_lasttime (tell me about the last time you felt really happy)
Participant;993.93;1009.06;mm i don't know two thousand six two thousand seven
Ellie;1011.201;1014.451;Ellie17Dec2012_10 (tell me about something you did recently that you really enjoyed)
Participant;1015.79;1034.922;<deep breath> <sigh> went to the beach for a walk with my dog
Ellie;1036.647;1042.918;aw (aw) Ellie17Dec2012_07 (what would you say are some of your best qualities)
Participant;1045.5;1071.89;i have a great ability to empathize i am open to learning um i crave learning i'm um socially empathetic i love my children um i'm a good friend
Ellie;1074.298;1077.195;self_change (what are some things you wish you could change about yourself)
Participant;1078.385;1114.905;mm well my depression is one thing um um i wish i was more intelligent that school was easier for me um i wish i didn't have uh such low self-esteem um i wish i could be more motivated in participating in areas that i'm interested in
Ellie;1115.297;1118.106;mm (mm) regret (is there anything you regret)
Participant;1120.93;1121.35;yeah
Ellie;1123.34;1126.29;advice_back (what advice would you give to yourself ten or twenty years ago)
Participant;1129.185;1130.035;go to college
Ellie;1133.115;1135.415;Ellie17Dec2012_08 (what are you most proud of in your life)
Participant;1136.365;1137.035;my children
Ellie;1139.877;1146.095;asked_everything (okay i think i have asked everything i need to) appreciate_open (thanks for sharing your thoughts with me) bye (goodbye)
Participant;1146.73;1147.13;goodbye
