speaker;start_time;stop_time;text
Participant;12.34;13.19;<synch>
Ellie;32.171;53.711;IntroV4Confirmation (hi i'm ellie thanks for coming in today i was created to talk to people in a safe and secure environment i'm not a therapist but i'm here to learn about people and would love to learn about you i'll ask a few questions to get us started and please feel free to tell me anything your answers are totally confidential are you ok with this)
Participant;54.48;54.98;yes
Ellie;57.124;61.124;okay_confirm (okay) how_doingV (so how are you doing today)
Participant;61.29;62.38;i'm fine thank you
Ellie;62.986;65.72;thats_good (that's good) where_originally (where are you from originally)
Participant;66.61;68.04;detroit michigan
Ellie;68.023;68.613;really (really)
Participant;70.11;70.65;yes
Ellie;70.201;71.281;when_LA (when did you move to l_a)
Participant;73.71;82.03;i moved to l_a myself in two thousand and seven but my family came here many more years ago more like forty years ago
Ellie;82.856;86.07;mm (mm) often_backB (how often do you go back to your hometown)
Participant;87.27;90.16;uh i don't go back to detroit anymore
Ellie;91.108;91.678;why2 (why)
Participant;93.65;102.41;i really don't like the weather and i really don't have any reason to most of my immediate family is out here in california and
Ellie;102.102;106.812;makes_sense (that makes sense) compares_LA (how does it compare to l_a)
Participant;108.38;127.43;uh completely different um for me detroit was just very cold it it wasn't the best for my personality i prefer l_a more open space a warmer climate warmer people just a different different uh vibe
Ellie;128.272;128.782;mhm (mhm)
Participant;128.3;129.5;that i that i like better
Ellie;131.004;132.024;why_LA (why did you move to l_a)
Participant;133.86;145.67;after my husband and i relationship ended i had family out here so i thought it would be easier to start over here than some of the other places i had lived or to stay where we were at
Ellie;146.824;149.294;adapted_LA (how easy was it for you to get used to living in l_a)
Participant;149.74;164.97;extremely easy i came out here every year to visit while i was in college so i was extremely used to it plus i had also taken um six months out of off of school and lived out here and went to school out here so i was completely used to it
Ellie;162.798;169.541;thats_good (that's good) yeah3 (yeah) like_about_LA (what are some things you really like about l_a)
Participant;170.69;207.33;well like i said the weather is number one it's just uh less crowded it's more open space it's a a calmer friendlier vibe less rushed the smog would be one and when i drive the traffic in certain areas it can be but um in general there's not a lot that i don't like <l> it's like i guess the overall threat of earthquake but that's isn't really that much of a factor 'cause it rarely happens
Ellie;208.228;209.258;see_mean (i see what you mean)
Participant;210.2;215.23;the price of real estate <laughter> that's another one that i don't necessarily like
Ellie;215.712;223.212;yeah3 (yeah) travel_shoes (i'm sure you can tell by my shoes i'm not much of a world explorer do you travel a lot)
Participant;221.17;231.71;i can't see your shoes i can't see your shoes at all so i don't travel as much as i used to but i have traveled worldwide
Ellie;232.796;234.316;travel_changed (what do you enjoy about traveling)
Participant;237.1;238.54;new experiences
Ellie;240.421;242.101;travel_trips (i'd love to hear about one of your trips)
Participant;242.95;265.21;well i used to be an international flight attendant and then later i traveled through my work as a cruise line and as an international sales account executive so i've traveled a lot of different places and um i'll have to say they were all pretty much enjoyable 'cause you know there's different cultures different things to see do learn enjoy experience
Ellie;266.18;271.155;uh_huh (uh huh) memorableB (what's one of your most memorable experiences)
Participant;272.49;283.98;uh my experiences i would say in um europe visiting moreso i've also visited uh in south south america i guess 'cause the cultures are so very different
Ellie;286.59;293.532;yeah3 (yeah) shyoutgoing (do you consider yourself more shy or outgoing)
Participant;294.43;306.15;i would probably say more shy um in general um compared to people who i know are really really outgoing although i've had them describe me as outgoing
Ellie;307.459;320.895;okay_confirm (okay) relax_fishtank (sometimes when i'm feeling tense i turn on the fish tank screensaver hey i know it's not hawaii but it's the best i've got what do you do to relax)
Participant;322.27;326.44;i like to read i like to walk or power walk or hike
Ellie;327.544;328.054;mhm (mhm)
Participant;328.36;330.14;listen to music you know
Ellie;331.669;333.729;control_temper (how are you at controlling your temper)
Participant;334.95;337.05;i'm very good at controlling my temper
Ellie;338.212;341.262;last_argument (when was the last time you argued with someone and what was it about)
Participant;343.1;356.98;oh probably when i was married with my husband many years ago it it could be many things i don't even know in specific but just anything in general pretty much could turn into a debate slash argument with him
Ellie;359.146;359.606;okay_confirm (okay)
Participant;360.78;362.99;it could be it could be a choice of
Ellie;360.87;364.641;situation_handled (tell me about a situation that you wish you had handled differently)
Participant;364.56;411.77;uh some of the instances when i might've been with him and i you know got emotional or let it bother me that he made such a big deal of something rather than um just you know seen it as not something to respond to perhaps but it would always be we're we were also pushed to answer so you know you can't always just say ignore a person there 'cause many times it's just a matter of ignoring situation and it doesn't escalate but some people you know don't respond to the so-called norm if you ignore it mm uh they'll just you know de-escalate but that's not always the case i taught middle school kids and you can try calm
Ellie;408.897;409.337;yeah_downer (yeah)
Participant;412.5;428.35;um methods with them but that doesn't always work but you always have to as the teacher maintain you know your professional demeanor so you can't really um even when they you know the kids do something outrageous or possibly dangerous to themselves or other kids so
Ellie;428.984;434.931;see_mean (i see what you mean) hard_decisionB (tell me about the hardest decision you've ever had to make)
Participant;438.07;475.73;well that could be several mm um i guess a decision in um along with my mom deciding to let a relative have surgery uh that you know the outcome was uncertain it could go either way and in that case she died so you know uh it's a pretty hard decision 'cause you don't know but you also know if you don't that it could be very serious outcome for them as well
Ellie;476.361;478.979;yeah_downer (yeah) sorry_hear (i'm sorry to hear that)
Participant;479.12;479.65;mhm
Ellie;481.328;485.438;memory_erase (tell me about an event or something that you wish you could erase from your memory)
Participant;487.39;512.9;<sigh> oh many different things that could occur you know in life you always are second guessing things that you might could do but they also can be learning experiences so is it necessarily a good thing to erase them you know if you can look at it as positive sometimes people can have a strong reaction and they don't really look past the uh impact of the event 'cause there might be something that
Ellie;511.495;511.965;mm (mm)
Participant;513.85;514.98;you can gain from that
Ellie;515.865;516.335;yeah3 (yeah)
Participant;516.48;551.95;but there are i i grew up in a home of dysfunction so there was just domestic abuse you know and um there were many incidences so you can't just say only one 'cause there is lots of traumatic things but it also would've been a different outcome in say learning to deal with some of the things that occur in life as an adult that sometimes i see among acquaintances or friends that have not had really strong experiences fall apart or just have very very difficult times dealing with so
Ellie;552.814;556.313;right2 (right) symptoms_cope (how do you cope with them)
Participant;557.55;610.65;um you can listen you know you and i and i 'cause i understand that not everybody's had the same experience you know you can walk them through levels of understanding and you know as you know someone you have a balance of background information on which to help them pull from and to see that you know things will progress in a better way knowing that this isn't like the end of the world or as terrible as it seems that it could be and you can also relate other experiences to them of things that were worse or you know seem to be and of course there's always in general i mean when you look at all the calamities in the world you know most of those things aren't affecting us or the people that we know here
Ellie;610.969;611.479;mhm (mhm)
Participant;611.85;625.98;so that provides us perspective that you know can pull someone out of their i won't necessarily say self-absorption but the seemingly intensity of their experience right at the moment
Ellie;626.628;631.538;yeah_downer (yeah) family_relationship (tell me about your relationship with your family)
Participant;632.44;687.65;well we have a a good relationship they eh for the most part there are different levels of um stress and trauma that some of my siblings have experienced so it has made them interact with life and people you know more intensely than others some have not had um as much experience in life that will help them deal with things you know in a different way so it's always evolving and i walk in positivity as a a lead of you know uh the way i respond to uh try and engender a more positive response from them rather than feed sometimes the um very strong reactions or responses or interactions that they may have
Ellie;688.247;692.103;mm (mm) influence_positive (who's someone that's been a positive influence in your life)
Participant;692.67;695.43;pardon i didn't <di> i didn't hear you could you repeat
Ellie;695.941;698.271;influence_positive (who's someone that's been a positive influence in your life)
Participant;699.6;703.52;hmm hmm my mother different teachers friends
Ellie;706.623;707.783;tell_about_that (can you tell me about that)
Participant;709.07;744.37;well my mother has always been a very calm um person for the most part easygoing even though she's experienced a lot of negativity i've had teachers that have um been very um positive <po> positive and proactive and have you know taught independent thinking and techniques to rise above some of the things that were occurring and just various friends that you know i would see handling situations sometimes more much more more difficult you know dealing with things so
Ellie;745.265;749.402;okay_confirm (okay) easy_sleep (how easy is it for you to get a good night's sleep)
Participant;750.45;776.34;it depends for the most part it's you know pretty good um it depends if i'm dealing with a lot of things or studying or you know um trying to get more hours in the day 'cause i need to get things done then you know it's less but um in general i don't have a problem sleeping it's just if i make myself stay awake <aw> stay up because there's more stuff that i wanna get done
Ellie;777.614;781.357;see_mean (i see what you mean) feel_lately (how have you been feeling lately)
Participant;782.67;792.97;i've been feeling okay uh less you know stressful in xxx it it goes in general 'cause i'm got several projects that i'm working on so um but in general good
Ellie;794.451;797.621;behavior_changes (have you noticed any changes in your behavior or thoughts lately)
Participant;799.19;823.27;like i mean not in particular i mean i just seems um less stressful as i get more stuff done i just and the stress comes from sometimes there being a lot more things to do in a shorter period of time but you know reorganizing some of the things that need to be done you know can smoothe that out
Ellie;824.337;828.079;okay_confirm (okay) ptsd_diagnosed (have you ever been diagnosed with p_t_s_d)
Participant;828.83;835.83;no i haven't but i know it's something that a lot of uh say veterans in particular have people have
Ellie;836.714;839.759;right2 (right) depression_diagnosed (have you been diagnosed with depression)
Participant;840.65;841.9;i have not no
Ellie;843.31;845.857;happy_lasttime (tell me about the last time you felt really happy)
Participant;849.38;882.98;well there's several i guess um and happiness comes in small or large things but in general every day <d> every day every every moment to me is i mean <mea> i mean every day every morning is great wonderful you know day of happiness um as far as big celebratory kinds of things i don't have big highs and lows like that i think it's something that should be on your continuum you know in every day it can be a really great meal it could be a great view it could be
Ellie;879.043;879.513;yeah3 (yeah)
Participant;883.52;890.81;you know a moment shared with someone you know so it should be an even on an even keel
Ellie;888.244;895.15;understand (i understand) mhm (mhm) BF_describe (how would your best friend describe you)
Participant;896.48;911.01;um as uh uh perseverant um you know i will continue forth and and um positive upbeat
Ellie;914.307;915.377;regret (is there anything you regret)
Participant;917.53;944.5;um maybe not doing things differently when i were younger like spending my money differently or or spending my time you know a little more differently but that's hard to say it's like okay as your get older you can see you know you could've done some things differently instead of buying the house that i did i would've you know waited and bought another one i mean things like that
Ellie;945.021;947.971;advice_back (what advice would you give to yourself ten or twenty years ago)
Participant;949.69;976.95;i would have um made myself move to california sooner and i'm i would have um instead of buying the house that i bought then if i'd know i would <ss> would have you know the situation i have now waited to get something different but you know how can you you know have that hindsight you make the best decision that you can at the time with the best information <in> information available
Ellie;974.142;974.612;yeah3 (yeah)
Participant;977.71;980.04;you know after you have looked at several options
Ellie;980.668;985.297;mhm (mhm) Ellie17Dec2012_08 (what are you most proud of in your life)
Participant;986.03;994.08;of um being independent and educated able to uh take care of myself
Ellie;995.912;1002.854;thats_great (that's great) asked_everything (okay i think i have asked everything i need to) appreciate_open (thanks for sharing your thoughts with me)
Participant;1003.09;1003.53;okay
Ellie;1004.121;1004.731;bye (goodbye)
Participant;1004.87;1005.46;bye bye now
