speaker;start_time;stop_time;text
Ellie;8.96;30.47;hi i'm ellie thanks for coming in today i was created to talk to people in a safe and secure environment i'm not a therapist but i'm here to learn about people and would love to learn about you i'll ask a few questions to get us started and please feel free to tell me anything your answers are totally confidential are you okay with this
Participant;30.91;31.37;yes
Ellie;32.84;34.9;so how are you doing today
Participant;35.39;35.78;good
Ellie;37.33;38.5;where are you from originally
Participant;39.44;40.33;from california
Ellie;41.57;43.58;what are some things you really like about l_a
Participant;46.09;63.13;i like the eh arts and entertainments i like the uh you have a lot of freedom to work in a lot of different fields um i like the fact that the weather is great um i like the fact that all my roots are here all my family is here
Ellie;64.63;66.6;what are some things you don't really like about l_a
Participant;68.11;81.59;i don't like how hard it is to get places anymore it's very hard there's so much traffic it takes a long time to get where you're going um it's expensive it's a lot more expensive than it used to be
Ellie;83.35;84.35;do you travel a lot
Participant;84.99;85.61;not anymore
Ellie;87.08;88.19;what'd you study at school
Participant;88.87;93.44;i studied journalism english music and special effects makeup
Ellie;95.02;96.07;are you still working in that
Participant;96.33;96.69;i am
Ellie;97.62;98.45;what do you do now
Participant;98.85;101.71;now i am managing a doggy day care facility
Ellie;102.93;104.12;what's your dream job
Participant;104.85;114.33;my dream job is to own my own company again um probably working with animals
Ellie;115.97;117.52;do you consider yourself an introvert
Participant;118.31;118.65;no
Ellie;120.11;121.47;what do you do to relax
Participant;122.56;133.2;i'm i'm an artist i draw i paint i do tattoos i work a lot with animals i like outdoor activities biking hiking
Ellie;134.3;136.46;what are some things that make you really mad
Participant;138.29;147.29;um people that aren't fair people that are angry and um people that are dishonest
Ellie;148.55;149.93;what do you do when you're annoyed
Participant;151.62;157.87;usually i will give myself like a ten second timeout and think about it before i speak or react
Ellie;159.22;161.11;how are you at controlling your temper
Participant;161.38;163.01;i'm very good at controlling my temper
Ellie;164.01;166.98;when was the last time you argued with someone and what was it about
Participant;168.31;173.17;probably my spouse um about something to do with our financial matters
Ellie;175.55;177.18;how close are you to your family
Participant;177.99;180.65;i'm very close to my children and my father
Ellie;182.28;183.41;tell me about your kids
Participant;184.1;193.19;scrubbed_entry
Ellie;194.45;196.06;do you find it easy to be a parent
Participant;197.05;201.01;no it's never easy it's the hardest job in the world but it's the best
Ellie;201.56;203.51;what's the hardest thing about being a parent
Participant;205.99;219.37;just um wanting to prevent your children from making the mistakes you've had but you realize that they have to do that just to learn how to live life um that's one of the hardest things is letting them make their own mistakes
Ellie;220.53;222.26;what's the best thing about being a parent
Participant;224.44;245.0;the uh unconditional love my boys have for me the everything that being a parent has made me a better person it's made me a better everything a better employee um i've i think being having my children made me um much better person every day
Ellie;246.05;248.32;what's one of your most memorable experiences
Participant;250.56;258.17;probably i have a lot i've had a very full life i would be really hard to say to narrow that down i've had so many
Ellie;260.89;262.46;how would your best friend describe you
Participant;264.46;274.92;i'm a good friend i'm a true friend i'm honest i'm real i'm dependable and i don't play games i'm very i'm no <n> i'm no drama
Ellie;276.46;277.98;have you ever served in the military
Participant;278.12;278.47;no
Ellie;279.56;281.49;have you ever been diagnosed with p_t_s_d
Participant;281.65;282.22;yes i have
Ellie;283.17;284.96;how long ago were you diagnosed
Participant;285.59;290.74;in um february of two thousand eleven
Ellie;292.14;293.41;what got you to seek help
Participant;294.77;307.28;i was attacked by a stalker and almost killed in november of two thousand nine he broke into my apartment and laid in wait for me and attacked me when i came in the door and tried to kill me
Ellie;310.3;311.68;do you still go to therapy now
Participant;312.18;312.58;i do
Ellie;314.19;315.45;do you feel like therapy's useful
Participant;317.09;330.11;i think therapy has helped me tremendously i don't think i'd be able to hold a job and be responsible and be a productive member of society <s> of society without therapy
Ellie;330.95;333.85;what sort of changes have you noticed since you've been going to therapy
Participant;335.32;347.69;i'm able to handle things better i don't get so um emotionally upset um a lot more rational i try to stay more rational than emotional more rational and logical
Ellie;348.92;350.37;how have you been feeling lately
Participant;351.37;355.6;so-so i've been sick and i've been uh run down a little stressed out
Ellie;357.16;360.33;have you noticed any changes in your behavior or thoughts lately
Participant;361.02;362.45;i have yes i have
Ellie;363.98;365.01;how do you cope with them
Participant;366.74;385.33;i use the resources <res> draw on the resources that i've learned and i reach out to other people i try not to isolate i try to um use the tools that have been given to me in therapy um i don't use medication anymore so it's mainly just proactive treatment where i have to uh do something about it
Ellie;386.63;388.98;how easy is it for you to get a good night's sleep
Participant;389.25;392.34;it's not it's never easy it's always bad
Ellie;393.57;395.14;what are you like when you don't sleep well
Participant;396.14;403.61;tired lethargic um it's hard to keep my thoughts in order it's hard just to do the basics during the day
Ellie;404.96;406.3;are they triggered by something
Participant;408.24;409.71;mm no
Ellie;412.69;415.25;when was the last time you felt really happy
Participant;416.32;417.24;i can't remember
Ellie;419.32;422.45;tell me about something you did recently that you really enjoyed
Participant;425.21;434.56;oh i went to the beach with my oldest son and his best friend and we rode three real three-wheel bikes and that was a lot of fun
Ellie;437.62;439.45;what are you most proud of in your life
Participant;441.99;448.27;it's hard to say right now i haven't decided i'm very proud of my children i would say that's probably it they're really good boys
Ellie;449.73;450.76;is there anything you regret
Participant;451.57;453.26;i have too many regrets right now
Ellie;455.86;458.71;what advice would you give yourself ten or twenty years ago
Participant;460.53;476.78;to finish school to um stay focused to not let myself get distracted um to focus more on long-term goals than short-term goals
Ellie;478.66;481.01;who's someone that's been a positive influence in your life
Participant;483.68;484.49;my father
Ellie;489.33;491.65;what would you say are some of your best qualities
Participant;492.91;512.58;i'm very honest i'm very calm i don't get angry easily it takes a lot to provoke me i'm uh reliable if i say i'm gonna do something i do it and i'm uh i'm not i'm basically what you see is what you get i don't i don't pull any punches with people
Ellie;514.95;517.59;what are some things that usually put you in a good mood
Participant;519.8;535.8;um anything to do with animals i love animals i always smile around animals any kind big small um i like older people elderly people i like to help them and be around them i like children um
Ellie;539.15;545.04;okay i think i've asked everything i need to thanks for sharing your thoughts with me goodbye
