speaker;start_time;stop_time;text
Participant;8.15;8.94;<synch>
Ellie;24.522;46.062;IntroV4Confirmation (hi i'm ellie thanks for coming in today i was created to talk to people in a safe and secure environment i'm not a therapist but i'm here to learn about people and would love to learn about you i'll ask a few questions to get us started and please feel free to tell me anything your answers are totally confidential are you ok with this)
Participant;46.25;46.66;sure
Ellie;47.519;51.546;okay_confirm (okay) how_doingV (so how are you doing today)
Participant;49.8;53.616;<laughter> mm good i guess
Ellie;55.905;57.225;where_originally (where are you from originally)
Participant;58.109;59.469;new orleans louisiana
Ellie;60.27;63.501;really (really) when_LA (when did you move to l_a)
Participant;64.4;65.63;uh two thousand five
Ellie;67.064;68.964;often_backB (how often do you go back to your hometown)
Participant;69.65;71.89;i used to go back often but not much anymore
Ellie;73.217;73.787;why2 (why)
Participant;74.48;76.61;uh just things happened
Ellie;78.495;81.285;okay_confirm (okay) why_LA (why did you move to l_a)
Participant;83.092;91.77;uh <laughter> uh well guess you're not programmed with this knowledge but uh katrina happened in two thousand five
Ellie;93.737;99.976;Ellie17Dec2012_06 (wow) adapted_LA (how easy was it for you to get used to living in l_a)
Participant;100.88;103.6;not really
Ellie;105.515;106.675;tell_about_that (can you tell me about that)
Participant;108.93;119.82;um hmm where to begin uh just l_a's different culturally i have a different culture out here it's just a different place
Ellie;121.209;125.42;mhm (mhm) like_about_LA (what are some things you really like about l_a)
Participant;126.01;136.22;um it's it's bike friendly louisiana isn't new orleans for that matter really isn't now they're trying to be but it just it isn't that successful
Ellie;138.378;140.728;dont_like_LA (what are some things you don't really like about l_a)
Participant;141.72;143.75;<sigh> the drivers they're crazy
Ellie;144.773;155.676;wild_laughter3 ((laughter)) see_mean (i see what you mean) travel_shoes (i'm sure you can tell by my shoes i'm not much of a world explorer do you travel a lot)
Participant;155.995;159.724;mm not really kind of but not much anymore
Ellie;160.819;161.389;why2 (why)
Participant;162.85;164.89;don't have the money kinda broke <laughter>
Ellie;165.35;168.631;understand (i understand) travel_changed (what do you enjoy about traveling)
Participant;170.3;172.58;just being able to go on an adventure
Ellie;175.274;176.954;travel_trips (i'd love to hear about one of your trips)
Participant;178.52;196.37;um let's see i once went to comic con on a on a bicycle like on a a three wheel bike um and that that was pretty fun kinda scary and dangerous nearly got killed <laughter> it was scary <laughter>
Ellie;199.304;201.664;memorableB (what's one of your most memorable experiences)
Participant;203.17;204.53;traveling or just in general
Ellie;205.61;206.81;mind (whatever comes to your mind)
Participant;207.9;300.88;hmm um i gotta say i gotta say we were we were heading out of um we were heading off the p_c_h and going into um laguna and laguna has this really steep hill and on sundays it's full of traffic and i i remember going down the the hill and my brakes weren't working and i was trying to hit my brakes and trying to hit my brakes and they just they wouldn't click and i was like oh god and i'm i'm on a three wheel bike so i'm larger than most bikes and i'm like zipping in between like gridlock traffic going down a hill unable to brake and i'm going down and suddenly there's this car that veers right into mm essentially where i'm trying to go so i turn sharply in front of between this bus and this truck and literally end up going sideways through traffic through oncoming traffic and then <laughter> looping back through oncoming traffic back into the right traffic still without any brakes and like not managing to keep my bike from
Ellie;297.107;297.907;wild_laughter3 ((laughter))
Participant;302.4;307.82;rolling which is painful when your bike roles kinda hurts a lot
Ellie;307.693;308.983;oh_my_gosh (oh my gosh)
Participant;310.32;314.66;so yeah yeah that's it
Ellie;314.75;315.21;okay_confirm (okay)
Participant;315.69;316.3;<laughter>
Ellie;317.252;318.392;study (what did you study at school)
Participant;319.6;328.074;um various different things uh anthropology visual effects kinda weird but yeah
Ellie;329.389;332.83;sounds_interesting (that sounds interesting) hard_decision (how did you decide to do that)
Participant;334.01;350.1;um i just i've always had a fascination with film and i i think the way people do things and go about things is fascinating just as like the the mob mentality of people
Ellie;351.617;352.087;yeah3 (yeah)
Participant;352.93;353.4;especially
Ellie;353.228;354.428;dream_job (what's your dream job)
Participant;354.68;363.65;ooh dream job um huh i have no idea just a job i guess
Ellie;364.825;371.814;okay_confirm (okay) shyoutgoing (do you consider yourself more shy or outgoing)
Participant;373.59;375.34;i consider myself more outgoing
Ellie;377.052;377.622;why2 (why)
Participant;378.27;389.06;um you know i i've never been afraid of what people think of me like people xxx i i i like people i don't know
Ellie;386.999;387.509;mhm (mhm)
Participant;390.29;403.17;i'm not i'm not afraid of what they think eh i'm more concerned with like the people i know and what they think of me i guess so being outgoing just doesn't really affect me
Ellie;404.017;405.047;see_mean (i see what you mean)
Participant;404.13;404.25;eh
Ellie;406.582;418.344;relax_fishtank (sometimes when i'm feeling tense i turn on the fish tank screensaver hey i know it's not hawaii but it's the best i've got what do you do to relax)
Participant;418.88;437.94;um <deep breath> <mumbling> <sigh> uh i play video games listen to music um yeah read books i like reading books and drawing reading books drawing playing video games did i think of anything did i forget anything sleeping
Ellie;438.582;439.052;uh_huh (uh huh)
Participant;439.3;440.64;i like sleeping it's fun
Ellie;441.862;443.922;control_temper (how are you at controlling your temper)
Participant;445.33;449.7;uh <mumbling> not good
Ellie;450.654;452.134;landed_trouble (has that gotten you in trouble)
Participant;452.35;455.14;<laughter> frequently <laughter>
Ellie;456.319;457.479;tell_about_that (can you tell me about that)
Participant;458.19;490.08;um <sigh> uh in high school i i shoved somebody's head through a locker um yeah yeah that that's not good don't ever shove someone's head into a locker that's a great way to get suspended um i don't know yeah things like that just getting into fights
Ellie;491.526;494.576;last_argument (when was the last time you argued with someone and what was it about)
Participant;495.08;502.109;<sigh> um like a serious argument
Ellie;504.129;505.329;mind (whatever comes to your mind)
Participant;506.789;536.549;um <sigh> uh i guess like xxx argument over over um uh i guess over like uh like viewpoints on like gun control and gun control laws i mean
Ellie;537.463;537.933;uh_huh (uh huh)
Participant;538.089;540.519;it was like yesterday evening
Ellie;541.55;543.09;describe_felt (how did you feel in that moment)
Participant;544.519;560.479;eh it was it it was an argument about you know gun control regulation i mean it doesn't really affect me personally but that was like the last argument i got into that that's kinda what you specified i think
Ellie;560.831;566.207;okay_confirm (okay) situation_handled (tell me about a situation that you wish you had handled differently)
Participant;566.889;630.924;ooh um uh my entire life um <laughter> uh <mumbling> <sigh> i have um about two years ago i broke up with like as everyone calls her my evil ex and um yeah it was just it was bad the whole the whole thing went down bad i mean uh eh <sigh> uh i think i've calmed down a lot since then like just as a person as a whole but i mean i was angry and stuff i think i like went riding my bike for like a hundreds plus miles in a singular day
Ellie;631.477;631.927;hmm_downer (hmm)
Participant;631.594;665.586;and i was in a ton of pain like later in the evening i got home i was like oh god like i could barely walk um and yeah i i think running off and like going on a like extreme cycling spree was not good but it was better than like eating too much and like just overeating 'cause i was depressed but yeah like we we fought and screamed and it was it was not good like i we didn't physically fight it was more like a screaming match of death
Ellie;657.523;671.964;yeah_downer (yeah) hard_decisionB (tell me about the hardest decision you've ever had to make)
Participant;673.342;719.719;<deep breath> <sigh> hmm um i don't think i've had a singular hard decision i've had ever had to make because my my biggest thing in life is don't you know don't regret don't regret the the the things you do just regret the opportunites you've missed and that's like had to come with me that's like had to i've had to like learn that in the past like two years like two years ago i totally just could not grasp that concept
Ellie;715.456;715.926;mm (mm)
Participant;720.489;740.519;and to answer your question i think thinking about it the hardest decision i've had to make is i'd say probably probably to break up with my ex probably
Ellie;741.195;742.625;change_directions (what made you decide to do that)
Participant;743.929;849.613;um xxx <sigh> ooh um <sigh> where do i begin <sigh> um my ex was not a good person just in any way shape or form of the word um she did some things that i wasn't entirely comfortable with um just to the the people around her and to me and i <deep breath> <laughter> you know they say you're supposed to give forgive people for making mistakes or doing things and i just i think there are some things you can't forgive people for no matter how hard you try and i think there are some things that once done that that can't be undone they just they're they're the way that they are and i think i think after what she did i i like i just xxx eh things just fell apart after that it just it it we mm despite us trying it just it didn't work out i mean i i i don't know i don't really wanna talk about exactly what happened
Ellie;850.199;857.22;okay_confirm (okay) memory_erase (tell me about an event or something that you wish you could erase from your memory)
Participant;858.67;985.15;oh geez oh man erase from my memory or just erase from ever happening um huh i don't <sigh> you know that's hard um katrina just the experience of katrina for starters um <laughter> my <m> my ex i i guess between those two it's it's kinda hard i'd i'd actually rather lean towards uh katrina 'cause that was just that that was not i mean i i guess you don't exactly know about it but um in two thousand five um uh this giant storm hit uh new orleans louisiana um killed a whole bunch of people leveled the town um and um i i lost a lot of friends during the storm um i mean i'm kind of i'm getting over it but it's still it's it's still there and i think uh i i don't know i mean you can try and look at you can try your best to try and find something positive in that but there's just there's nothing the only thing you can do is <i> is just think that that was like a freak accident and it'll never happen again though <laughter> i live in l_a and you know <laughter> earthquakes <laughter> they could happen <laughter> and i just think oh i'd rather rather know that it's coming than not know it's coming
Ellie;986.501;993.35;yeah_downer (yeah) ptsd_diagnosed (have you ever been diagnosed with p_t_s_d)
Participant;994.77;995.75;yes
Ellie;997.345;999.155;depression_diagnosed (have you been diagnosed with depression)
Participant;999.37;1000.21;<laughter> yeah
Ellie;1001.338;1003.258;when_diagnosed (how long ago were you diagnosed)
Participant;1003.59;1041.33;<sigh> um mm depression it's reoccurred multiple times that's no surprise um first time i was diagnosed was in middle school um which would've been <sigh> ten well twelve <twel> ten between ten twelve years ago i don't know xxx i don't know whenever i was in the sixth grade that's it's when i first was told that i was depressed
Ellie;1041.848;1042.358;mhm (mhm)
Participant;1042.46;1067.51;um as far as p_t_s_d goes um post katrina um and then you know uh just post katrina mostly <laughter> that was the big thing
Ellie;1069.192;1070.542;why_seek_help (what got you to seek help)
Participant;1072.14;1107.669;um i guess having been diagnosed previously as being depressed and still being in high school it kinda wasn't i wasn't really seeking help it's kind of i got i kinda got into my high school and they were like here's help 'cause we know you're gonna need it um and i was like oh well thanks i didn't really ask for it but okay i'll take it um you know just kinda happened
Ellie;1109.112;1110.552;therapy_going (do you still go to therapy now)
Participant;1111.849;1114.279;no not not anymore
Ellie;1115.276;1115.926;stop_going (why did you stop)
Participant;1116.85;1135.741;um eh <sigh> <laughter> that's a good question um <laughter> uh geez uh you know i really don't know i guess it just kinda stopped just kinda was like well i'm not gonna do this anymore
Ellie;1137.462;1138.912;therapy_useful (do you feel like therapy is useful)
Participant;1139.611;1160.715;uh sometimes sometimes it's a lot of like how are you feeling today and stuff and you know it's kind of well i'm feeling fine right now but ask me in two hours and who knows you know
Ellie;1160.408;1165.243;right2 (right) therapist_affect (how has seeing a therapist affected you)
Participant;1166.08;1191.155;um <sigh> i guess it it's helped me understand that some of the things that just happen just happen and to just get on and move along with your life um mm essentially just mm like carry on you know things will happen carry on
Ellie;1191.701;1197.841;yeah_downer (yeah) happy_lasttime (tell me about the last time you felt really happy)
Participant;1198.52;1216.67;<sigh> um wow <laughter> um uh i was um i was hanging out with my girlfriend just hanging out
Ellie;1219.128;1226.551;good_hear (that's so good to hear) self_change (what are some things you wish you could change about yourself)
Participant;1226.97;1298.038;um well for starters i mean you <y> you can't see when i walked in but i'm walking with a cane right now 'cause i i got hit by a car recently and uh i'd i'd make my leg better um let's see cane's over there that way but anyway um <sigh> i don't know uh make myself less fat <laughter> um i'd make it so i don't feel the incessant need to sleep fourteen hours a day um 'cause when you sleep like more than ten hours a day it's just it's unproductive you waste too much time like i have friends who are like oh you know i feel rejuvenated after six hours and i'm like how do you do that i have to sleep like twelve hours to feel good like you can sleep six you know like in in in crunch time you know you can get away with four i have to get away with seven or eight you know
Ellie;1297.274;1297.744;yeah3 (yeah)
Participant;1299.227;1308.147;like that that's my crunch time sleep schedule eight hours it's just i don't know i oversleep but i like sleeping too
Ellie;1310.04;1311.07;see_mean (i see what you mean)
Participant;1310.347;1314.157;i mean yeah it's just the oversleeping part i don't like so much
Ellie;1314.999;1318.564;okay_confirm (okay) BF_describe (how would your best friend describe you)
Participant;1319.187;1331.377;um <sigh> um utterly insane in a good way utterly insane in a good way
Ellie;1330.083;1330.883;wild_laughter3 ((laughter))
Participant;1332.317;1399.92;um uh i guess like they they would also say like you know there <the> there are times where i might seem like an asshole and i'm i'm not really an asshole i just you know i i just have issues like everybody else um specifically i have uh asperger's so that's a form of autism um that just kinda makes life awesome they'd also say i'm flamboyant and eccentric 'cause i totally am i just i i don't know i figure i'm still alive so i should live because i'm still alive and you know who knows how long i'm gonna be alive for so i should you know live while i'm alive and just go out and do stuff and not not sit and be calm
Ellie;1400.714;1401.184;yeah3 (yeah)
Participant;1401.65;1404.9;except when i'm reading and i like reading
Ellie;1406.661;1411.307;okay_confirm (okay) advice_back (what advice would you give to yourself ten or twenty years ago)
Participant;1412.38;1471.56;<sigh> um uh stop fucking up um no uh that's kinda messed up um i think i would've told myself at the time um 'cause <ca> 'cause i i i've known my my evil ex um i've known her since like i was like six and she was five i think ten years ago i would've grabbed myself by the shoulders and say you see that girl whatever you do do not date that girl don't trust her she can't be trusted um and more importantly don't <deep breath> don't let your guard down around her 'cause she'll she'll exploit that
Ellie;1472.377;1472.847;mm (mm)
Participant;1473.43;1491.54;and i mean like physically let your guard down not mentally um yeah don't don't date her just don't do it it's not worth it <laughter> it's not worth the trouble it's not worth the pain it's not worth it
Ellie;1492.994;1497.664;okay_confirm (okay) Ellie17Dec2012_08 (what are you most proud of in your life)
Participant;1499.24;1531.297;<sigh> um the fact that i'm still alive maybe yeah uh i don't know cycling to comic con i was pretty proud of that pretty proud that i managed to do it um just i don't you know i don't really know i don't really use the term pride i don't really feel pride i'm just it's it's more of like the fact that i'm still alive i'm proud to be alive <laughter>
Ellie;1531.511;1531.981;yeah3 (yeah)
Participant;1532.577;1536.827;i don't know if that makes me humble or just insane who knows
Ellie;1538.409;1544.64;asked_everything (okay i think i have asked everything i need to) appreciate_open (thanks for sharing your thoughts with me) bye (goodbye)
Participant;1548.03;1550.1;do i press the button now oh bye
Ellie;1549.888;1550.358;yeah3 (yeah)
Participant;1551.68;1552.16;okay
