speaker;start_time;stop_time;text
Participant;28.47;29.56;<sync>
Ellie;43.617;65.157;IntroV4Confirmation (hi i'm ellie thanks for coming in today i was created to talk to people in a safe and secure environment i'm not a therapist but i'm here to learn about people and would love to learn about you i'll ask a few questions to get us started and please feel free to tell me anything your answers are totally confidential are you ok with this)
Participant;65.51;66.16;yes
Ellie;66.413;70.307;okay_confirm (okay) how_doingV (so how are you doing today)
Participant;70.69;72.17;i'm doing really good
Ellie;72.487;75.811;thats_good (that's good) where_originally (where are you from originally)
Participant;76.32;81.69;i'm from granada hills california it's um the san fernando valley part of los angeles
Ellie;82.073;85.599;cool3 (cool) like_about_LA (what are some things you really like about l_a)
Participant;86.43;101.9;i love the weather i like the diversity in people i like how you can go to a neighborhood and it's just not just one race or kind of food i love the beaches all the activities you could go do theme parks
Ellie;98.351;98.861;mhm (mhm)
Participant;102.46;105.07;aquariums stuff like that museums
Ellie;105.69;108.04;dont_like_LA (what are some things you don't really like about l_a)
Participant;109.17;114.75;the smog um there's a lot of creepy guys <laughter>
Ellie;116.972;118.002;see_mean (i see what you mean)
Participant;118.32;119.07;<laughter>
Ellie;121.439;127.906;travel_shoes (i'm sure you can tell by my shoes i'm not much of a world explorer do you travel a lot)
Participant;127.89;135.25;i've pretty much traveled around l_a i've been cross country and back three times twice was when i was seventeen
Ellie;136.131;140.397;wow (wow) travel_changed (what do you enjoy about traveling)
Participant;141.0;146.62;i like meeting new people and trying different foods and seeing how other people live
Ellie;147.978;149.658;travel_trips (i'd love to hear about one of your trips)
Participant;151.25;168.45;um when i was seventeen i ran away with my boyfriend to upstate new york to watertown it was uh like a navy army kind of town we had an apartment there it snowed a lot we sold antiques for a living
Ellie;172.505;173.225;awesome (awesome)
Participant;173.41;174.18;<laughter>
Ellie;175.342;177.702;memorableB (what's one of your most memorable experiences)
Participant;181.01;191.7;um getting passes press passes for the sunset strip music festival through a friend and getting to meet rockstars and hang out at like the private parties
Ellie;192.943;194.823;great_situation (that sounds like a great situation)
Participant;194.92;195.81;<laughter>
Ellie;197.979;202.389;shyoutgoing (do you consider yourself more shy or outgoing)
Participant;201.29;203.66;i'm very outgoing i love people
Ellie;205.114;216.89;relax_fishtank (sometimes when i'm feeling tense i turn on the fish tank screensaver hey i know it's not hawaii but it's the best i've got what do you do to relax)
Participant;217.24;232.43;um i go to the gym and work out quite a bit i find it helps relieve stress and keeps my energy level going i realized <rea> noticed if i don't work out a couple days i feel a little more tired than normal and it just helps me feel good
Ellie;232.902;236.315;mm (mm) control_temper (how are you at controlling your temper)
Participant;237.35;263.62;i'm pretty good at it i'm very calm um i worked a lot of events and jobs where you're dealing with like thousands of people a day and people you need to talk to and you have to remain calm and you know they're the customers so you have to make them feel wanted and good and realize that you're getting paid 'cause the money they're spending so i'm good at resolving <reso> resolving like consumer conflicts and stuff on the job
Ellie;264.11;268.709;thats_good (that's good) last_argument (when was the last time you argued with someone and what was it about)
Participant;269.84;296.11;i had a drunk friend that was just falling around and yelling and saying rude things to people and i kinda started getting loud like just telling her to stop doing that and that she was embarrasing and what she was saying to people was very mean you know and i wonder like if you're talking to people like that they might not like it and they could attack you or something you know you never know it is l_a
Ellie;296.461;298.886;yeah_downer (yeah) that_sucks (that sucks)
Participant;298.98;299.8;<laughter>
Ellie;302.78;304.8;feelguilty (what's something you feel guilty about)
Participant;306.87;326.57;i really don't feel guilty about anything decisions i've made in my life i've think i've made really good decisions and i always stick with my moral compass what i'm doing i grew up in church so i haven't gone in years but i still have those values and you know the rules the ten commandments and stuff in my head
Ellie;326.851;332.072;mhm (mhm) situation_handled (tell me about a situation that you wish you had handled differently)
Participant;333.02;348.2;i had a slum lord landlord and um i wish that i called you know the proper authorities and followed through on a court case instead of letting him like kind of bully me out because it wasn't up to code
Ellie;348.993;354.811;yeah_downer (yeah) hard_decisionB (tell me about the hardest decision you've ever had to make)
Participant;351.52;391.38;i a few years back i was dating a guy and he wanted me to move back  to where he was from and after a few months you know he was coming to l_a and going back home i decided to move there and i had just started you know this business i was doing event planning was picking up and i decided to leave there and try to do it there and  you know on the east coast and it didn't work out but it was tough deciding like should i leave l_a and make this jump and trace something new and experience something new or stay in what i was doing
Ellie;392.063;396.018;yeah_downer (yeah) study (what did you study at school)
Participant;396.9;407.79;i was i had a degree in dental assisting i did that for like a year i didn't like it and then i was studying communications like radio and television broadcasting and journalism
Ellie;408.778;410.038;still_working_on_X (are you still working in that)
Participant;411.03;426.26;um somewhat i'm doing event work and i wrote for a magazine a couple years and i'm trying to like get a website going and then have like where i'm controlling my own writing and what's going on instead of you know writing <wri> writing for someone else
Ellie;426.716;430.485;sounds_interesting (that sounds interesting) hard_decision (how did you decide to do that)
Participant;431.52;444.32;i always wanted to write and was always into the news and music and art growing up i really like connie chung she was like a channel four newscaster in the eighties and i love barbara walters
Ellie;442.35;446.873;mhm (mhm) thats_great (that's great)
Participant;448.38;449.96;i was a nerd no <laughter>
Ellie;452.444;455.144;family_relationship (tell me about your relationship with your family)
Participant;455.98;477.34;um my sister she doesn't talk to any of the family and i have a good relationship with my mom um i never really knew my dad it doesn't bother me i have cousins and stuff but everyone's scattered across the country so i don't really talk to them on the phone we just communicate on facebook  or like twitter
Ellie;478.256;485.015;yeah3 (yeah) easy_sleep (how easy is it for you to get a good night's sleep)
Participant;485.75;490.51;oh i go right to sleep when i get tired i just go to sleep
Ellie;494.032;495.412;feel_lately (how have you been feeling lately)
Participant;496.31;506.19;pretty good energetic i've been motivated to go look for more event work you know event planning stuff and really grinding in more than i was
Ellie;507.307;508.247;difficult (how hard is that)
Participant;509.61;522.07;i mean it's kinda hard 'cause you gotta talk to people and get them to trust you and see that you could plan events and meet people and convince them why they should pay you to do their event than someone else
Ellie;522.326;526.977;mhm (mhm) ptsd_diagnosed (have you ever been diagnosed with p_t_s_d)
Participant;527.33;527.65;no
Ellie;528.109;529.919;depression_diagnosed (have you been diagnosed with depression)
Participant;530.26;530.75;no
Ellie;531.493;535.214;happy_lasttime (tell me about the last time you felt really happy)
Participant;536.81;548.28;i mean i'm generally pretty happy unless something devastating happens like someone gets cancer or someone i know dies i wouldn't say that i'm just
Ellie;547.13;547.59;okay_confirm (okay)
Participant;548.98;556.31;super like oh my god happy all the time but it's like an even keel that i feel pretty good all the time
Ellie;556.585;562.077;yeah3 (yeah) Ellie17Dec2012_07 (what would you say are some of your best qualities)
Participant;562.7;582.83;i'm very talkative and friendly and i could approach strangers and talk to them at ease and i could adapt to different situations and even if i it's not my scene or situation or group of people that i'm used to i could still jump in talk to people and be comfortable and make friends and adapt
Ellie;583.128;589.264;uh_huh (uh huh) self_change (what are some things you wish you could change about yourself)
Participant;589.96;591.999;i wanna make more money <laughter>
Ellie;592.433;595.922;wild_laughter3 ((laughter)) me_too (me too)
Participant;596.58;597.23;<laughter>
Ellie;598.701;604.017;feelbadly (tell me about a time when someone made you feel really badly about yourself)
Participant;606.86;624.09;i remember in like second grade this people used to make fun of me 'cause i was very tall and skinny and i had like straight a's one of the highest grades in the class so people would make fun of me and call me giraffe or stuff like that
Ellie;625.613;626.293;aw (aw)
Participant;626.62;627.06;<laughter>
Ellie;628.446;630.136;BF_describe (how would your best friend describe you)
Participant;631.63;642.303;very talkative she would just say that i talk to everyone <laughter> and that i'm very friendly and if you need help that i'll help someone you know
Ellie;643.522;646.772;Ellie17Dec2012_10 (tell me about something you did recently that you really enjoyed)
Participant;648.616;670.191;oh recently i went up to oceanside and visited a friend i've known years and we just went out for burgers and hung out on the beach and we got her two year old son and like took him to the park and played and it was really nice and it was cool visiting her i hadn't seen her in six months and it was really fun and i wanna go again and
Ellie;671.144;673.024;great_situation (that sounds like a great situation)
Participant;671.15;673.67;i like the area mhm
Ellie;677.949;679.986;feelguilty (what's something you feel guilty about)
Participant;684.28;697.37;i guess maybe i could be trying to find my own work more like for my business instead of working for other people i think i pursue it but i think maybe i could put a little more time a day into it
Ellie;699.522;706.914;see_mean (i see what you mean) memory_erase (tell me about an event or something that you wish you could erase from your memory)
Participant;715.1;721.34;i don't really know anything like that i would wanna erase or not happen
Ellie;722.414;725.149;okay_confirm (okay) regret (is there anything you regret)
Participant;727.373;741.505;no i feel good about my choices i've made and i think i'm on the right path and a lot of things i wanted to do then balls rolling and i'm getting <g> you know getting things done i'm not as big as i wanna be but i feel like i'm on my way there
Ellie;742.383;746.424;yeah3 (yeah) advice_back (what advice would you give to yourself ten or twenty years ago)
Participant;749.868;757.787;um like ten years ago i would've told myself to work more in the daytime instead of going out as much as i was
Ellie;759.61;761.94;influence_positive (who's someone that's been a positive influence in your life)
Participant;763.19;765.303;um my friend we call mojo
Ellie;767.328;768.488;tell_about_that (can you tell me about that)
Participant;767.391;791.26;<laughter> um mojo has a magazine and i just wrote years and he really pushes me to like keep writing and keep doing events and keep on the ball i'm rolling and he's one of the biggest people you know in my life telling me you're talented you could do it you know he's just a really good like motivation for me
Ellie;791.433;798.91;mhm (mhm) thats_great (that's great) Ellie17Dec2012_08 (what are you most proud of in your life)
Participant;796.88;822.33;<laughter> you know being published i've been on t_v shows and just getting my own event thing going and i have a lot of people who read what i write every day and follow on i just think it's a you know it's not exactly kinda where i wanna be but it's a great start and i worked to get to that point
Ellie;822.807;828.85;yeah3 (yeah) asked_everything (okay i think i have asked everything i need to) appreciate_open (thanks for sharing your thoughts with me)
Participant;829.72;830.83;great thanks
Ellie;830.879;831.489;bye (goodbye)
Participant;831.95;832.757;<laughter>
