speaker;start_time;stop_time;text
Participant;15.61;16.47;<synch>
Ellie;47.916;69.456;IntroV4Confirmation (hi i'm ellie thanks for coming in today i was created to talk to people in a safe and secure environment i'm not a therapist but i'm here to learn about people and would love to learn about you i'll ask a few questions to get us started and please feel free to tell me anything your answers are totally confidential are you ok with this)
Participant;69.54;69.96;yes
Ellie;70.961;74.905;okay_confirm (okay) how_doingV (so how are you doing today)
Participant;75.395;76.045;i'm okay
Ellie;77.015;80.218;thats_good (that's good) where_originally (where are you from originally)
Participant;80.38;80.86;l_a
Ellie;81.727;85.855;really (really) like_about_LA (what are some things you really like about l_a)
Participant;83.815;101.99;mm uh there's a lot of variety um there's a lot of health-oriented stuff um there's all kinds of food to eat you can go to the desert you can go to the you can go anywhere i mean there's a lot
Ellie;102.595;103.105;mhm (mhm)
Participant;103.28;104.09;and the weather's great
Ellie;105.145;107.495;dont_like_LA (what are some things you don't really like about l_a)
Participant;107.68;120.05;the traffic um lately the change in weather it's kind of a little too unpredictable but it mainly the traffic and sometimes some rudeness of people
Ellie;121.191;130.079;see_mean (i see what you mean) travel_shoes (i'm sure you can tell by my shoes i'm not much of a world explorer do you travel a lot)
Participant;131.15;134.9;uh i wouldn't say a lot just um occasionally
Ellie;136.059;137.579;travel_changed (what do you enjoy about traveling)
Participant;139.39;165.29;uh it's nice to get a change of scenery and different things to do that maybe i wouldn't normally do different people um learning about different people different customs um depends i mean if it's a water real pretty water and xxx you know being in beautiful water um relaxing adventure i love adventure
Ellie;163.792;168.012;yeah3 (yeah) travel_trips (i'd love to hear about one of your trips)
Participant;169.47;187.6;uh <laughter> uh some time ago i went to cayman islands and um went on i get seasick but my sister gave me some medication and i went on a boat and we snorkeled and there were two boats and i accidentally got back on the wrong boat
Ellie;188.351;188.941;really (really)
Participant;188.39;197.34;um yeah and um they're really crazy they made me jump back into the water and swim to the right boat <laughter>
Ellie;196.036;196.836;wild_laughter3 ((laughter))
Participant;198.19;204.11;and i thought i was gonna drown 'cause the water was kinda rough i was really shocked they they wanted me to do that
Ellie;205.275;206.155;oh_no (oh no)
Participant;206.66;209.06;yeah but i survived <laughter>
Ellie;210.008;210.648;thats_good (that's good)
Participant;211.23;211.94;yeah pretty good
Ellie;213.109;214.249;study (what did you study at school)
Participant;215.24;219.07;uh business management but also
Ellie;218.271;219.681;hard_decision (how did you decide to do that)
Participant;219.83;221.01;also hypnotherapy
Ellie;223.061;223.471;cool3 (cool)
Participant;223.99;225.54;i didn't hear that other question
Ellie;226.353;227.763;hard_decision (how did you decide to do that)
Participant;229.18;243.03;um well i came from a serious kinda family so that just seems something that would be universal that would cover a lot of different subjects
Ellie;244.275;245.275;happy_didthat (are you happy you did that)
Participant;247.64;254.2;yes yeah but um yes and no i mean now i kinda wish it was something different
Ellie;255.704;256.244;like_what (like what)
Participant;257.39;273.2;um i like communication i love speaking and interviewing strangers um i'm very outgoing um and funny so probably would've been something more like either liberal arts communication that type of thing
Ellie;273.991;276.915;makes_sense (that makes sense) dream_job (what's your dream job)
Participant;278.71;311.94;uh dream job would just be out there you know like some of these people maybe on t_v exploring different places and getting paid for it and eh always like a fun adventure uh interacting with people um doing things i haven't done before and um helping people you know on some way with what i do xxx that they can see you know that i'm uncoordinated and in some ways and you know they could be uncoordinated and have some fun too <laughter>
Ellie;312.603;326.062;yeah3 (yeah) relax_fishtank (sometimes when i'm feeling tense i turn on the fish tank screensaver hey i know it's not hawaii but it's the best i've got what do you do to relax)
Participant;326.905;347.595;uh i watch t_v i go work out um i go walking i recently got like a a bike that i kinda sort of fixed up um go do something new go to a festival go grocery shopping interact with friends call them see them
Ellie;348.447;348.917;uh_huh (uh huh)
Participant;349.17;352.23;that type of thing talk to strangers
Ellie;351.037;353.097;control_temper (how are you at controlling your temper)
Participant;353.62;373.38;um depends on the situation there's a bunch of times i'm good at it um if it has to do with like traffic and cars it's a little more intense for me it's a little tougher or people who are like really rude you know with the way they cut you off
Ellie;374.149;375.629;landed_trouble (has that gotten you in trouble)
Participant;377.64;393.18;almost <laughter> um luckily not you know i'm very assertive and maybe too much sometimes where if somebody does something really rude to me in a parking lot i'll i'll confront them on that sometimes
Ellie;393.735;398.252;mm (mm) last_argument (when was the last time you argued with someone and what was it about)
Participant;400.72;424.27;um might've been with my sister um it had to do with um i'm not sure of the topic but um whatever she was saying wasn't right and we got in an argument it it sounds childish about who was right you know 'cause she thinks she's always the smarter one 'cause she's older
Ellie;427.057;428.597;describe_felt (how did you feel in that moment)
Participant;430.11;450.15;uh sometimes it's frustrating 'cause it's like it's a no win situation she just wants to hammer on somebody 'til you know they acknowledge that she's right um other times i just let it go and let her rattle on 'cause it's it's kinda nonproductive
Ellie;451.203;455.666;yeah_downer (yeah) family_relationship (tell me about your relationship with your family)
Participant;456.91;484.17;uh i'm real close to i see my parents almost every weekend um more close to my mother um i have a twin sister i stay in touch with her even though she's out of town she lives out of town and i've got two other sisters so i stay in touch with all of 'em you know it's a mixed bag you know um we kinda have assertive aggressiveness in us a little bit
Ellie;485.537;486.007;uh_huh (uh huh)
Participant;485.75;488.38;<sigh> but also
Ellie;487.708;490.038;influence_positive (who's someone that's been a positive influence in your life)
Participant;492.17;514.735;um well me <laughter> um and um ever i mean strangers sometimes my family you know they've done nice things for me um strangers have been very um sometimes unexpectedly very nice
Ellie;515.438;516.768;give_example (can you give me an example of that)
Participant;518.36;530.5;uh i could be shopping and um you know i'm maybe i can't reach something and some guy'll pop up behind me and you know without me saying anything just help me out um
Ellie;530.578;531.258;aw (aw)
Participant;531.58;544.49;uh that type of thing or um if somebody's like kind of mean to me somebody'll like commiserate <laughter> you know and um xxx
Ellie;543.833;549.812;yeah3 (yeah) situation_handled (tell me about a situation that you wish you had handled differently)
Participant;551.18;592.99;um i had a situation years ago with a neighbor where he was really nasty to me um 'cause he thought i didn't like his dog it was you know i'm not crazy about dogs but um he kinda flipped out for a year and a half and um just said very nasty things to me when other people weren't around um i wish i'd confronted that back then because i you know but it created a lot of anxiety for me 'cause i feel like i could've nipped it in the bud and to instead of having to deal with the um major stress from it now he and i don't talk at all i just feel it's best he's kind of odd
Ellie;594.449;599.652;isee_downer (i see) hard_decisionB (tell me about the hardest decision you've ever had to make)
Participant;601.485;624.9;hmm god there's been a lot um sometimes breaking up with somebody or um <sigh> yeah it's usually or getting rid of a friend that type of thing
Ellie;626.979;632.328;okay_confirm (okay) feelguilty (what's something you feel guilty about)
Participant;634.77;660.63;um sometimes i feel guilty about some of my past behavior with people um where maybe i wasn't as understanding um eh <sigh> when i was younger i stole things you know that's not the best behavior and um and it's stuff like that
Ellie;661.262;667.973;uh_huh (uh huh) memory_erase (tell me about an event or something that you wish you could erase from your memory)
Participant;669.37;695.08;oh god there's a lot of 'em um i wish i could erase you know how um tough my dad was on us as children and um erase a lot of memories of men i dated that just didn't work out well at all and um yeah
Ellie;696.674;701.655;downer (okay) easy_sleep (how easy is it for you to get a good night's sleep)
Participant;702.45;705.63;i can drop off like right away
Ellie;706.493;707.133;thats_good (that's good)
Participant;707.21;707.6;yeah
Ellie;708.182;709.962;sleep_affects (what are you like when you don't sleep well)
Participant;711.29;715.19;cranky <laughter> irritated um
Ellie;712.92;713.72;wild_laughter3 ((laughter))
Participant;716.58;718.74;snarky <laughter>
Ellie;719.929;721.309;feel_lately (how have you been feeling lately)
Participant;723.51;745.21;um a bit out of sorts um i've had some anxiety uh with money um and relationships 'cause i haven't been in one for so long male <laughter> um just a lot of anxiety um mm yeah
Ellie;746.13;747.24;symptoms_cope (how do you cope with them)
Participant;748.67;761.33;<sigh> take a deep breath um try and do positive things you know sometimes um eat healthier work out more um talk to my friend about it
Ellie;762.225;762.735;mhm (mhm)
Participant;762.42;769.515;that type of thing try and look for interesting activities to do to distract me <sniffle>
Ellie;769.586;773.276;okay_confirm (okay) ptsd_diagnosed (have you ever been diagnosed with p_t_s_d)
Participant;774.83;785.69;well not officially but i know <sigh> you know from mm things i've experienced that i've had <ha> i've you know i get very anxious in certain situations
Ellie;788.493;789.873;trigger (are they triggered by something)
Participant;791.27;818.18;um yeah uh it's usually triggered by um sometimes if somebody gets really angry and crazy it triggers a lot of anxiety in me um if they're aggressive whether it be physically or verbally uh or sometimes if they're too much in my space <s> my uh space you know where i am it bothers me
Ellie;819.082;822.201;mhm (mhm) depression_diagnosed (have you been diagnosed with depression)
Participant;822.91;825.3;um yeah a long time ago
Ellie;826.091;828.011;when_diagnosed (how long ago were you diagnosed)
Participant;830.69;836.785;it was ages ago maybe over ten years ago fifteen years ago
Ellie;836.216;837.566;why_seek_help (what got you to seek help)
Participant;838.61;856.15;um i was depressed <laughter> i mean i <laughter> know that's nothing to laugh about but i mean it's kinda in a circle um just to um wanted to be more positive and enjoy life more
Ellie;857.353;858.503;symptoms_what (what were your symptoms)
Participant;860.42;872.46;um feeling stuck in certain thoughts um having a lot of negative thoughts um feeling of hopelessness helplessness that type of thing
Ellie;873.311;874.751;therapy_going (do you still go to therapy now)
Participant;873.43;886.61;xxx um i go occasionally it's a different type um i'll go see a hypnotherapist um sometimes to release <rel> release <rel> release anxiety that's in me
Ellie;887.895;889.345;therapy_useful (do you feel like therapy is useful)
Participant;889.82;891.43;yes i do very useful
Ellie;892.717;895.567;therapy_changes (what sort of changes have you noticed since you've been going to therapy)
Participant;897.17;922.69;um a lot more awareness of myself and other people um learning more control more confidence um better self-esteem um willing to try even more things you know whether i know the outcome or not you know of the unknown i'll experiment a lot more
Ellie;923.366;927.481;mhm (mhm) happy_lasttime (tell me about the last time you felt really happy)
Participant;929.72;967.38;scrubbed_entry um helping like at the twenty fifth mile handing out water and there were some people there who were doing that for the first time also some event at my sister's where there were just a couple of us and um i was cracking a lot of jokes sometimes i'm like really funny you know and i can't even believe myself you know i just go on and on you know and everyone starts laughing i'm not even trying to and i'm just saying like regular stories and people look at me funny and laugh <sniffle> yeah that
Ellie;965.394;970.958;wild_laughter3 ((laughter)) BF_describe (how would your best friend describe you)
Participant;972.14;991.39;um as a really decent loyal uh empathetic um deserving um supportive i'm hoping <laughter> um outgoing quirky type of person
Ellie;991.491;997.953;uh_huh (uh huh) self_change (what are some things you wish you could change about yourself)
Participant;1001.09;1028.55;um well it'd be great to uh look even younger uh or be younger if that was humanly possible <laughter> um be even more patient with people i think um you know not get frustrated like if i think somebody's not very smart uh sometimes it's real frustrating for me to be around some types of people
Ellie;1028.987;1033.38;mm (mm) advice_back (what advice would you give to yourself ten or twenty years ago)
Participant;1036.25;1059.56;whoa um <laughter> uh <sigh> wow make a lot of money and plan for your future um and try and be as kind and patient with people as possible and have a lot of fun try new things
Ellie;1060.49;1065.133;mhm (mhm) Ellie17Dec2012_08 (what are you most proud of in your life)
Participant;1068.04;1091.0;i think of my mind and my perseverance that um i've changed a lot of things within my personality um uh i feel proud of volunteer work i xxx helped <hel> feel proud i've helped bunch of people lose weight declutter their homes um i've helped create a lot of positive change in people
Ellie;1092.1;1096.746;thats_great (that's great) asked_everything (okay i think i have asked everything i need to)
Participant;1094.97;1097.38;mhm oh okay
Ellie;1097.915;1099.355;appreciate_open (thanks for sharing your thoughts with me)
Participant;1099.66;1100.88;yeah it was nice talking to you
Ellie;1101.351;1101.961;bye (goodbye)
Participant;1102.14;1102.44;bye
