speaker;start_time;stop_time;text
Participant;8.7;9.67;<sync>
Ellie;23.589;45.129;IntroV4Confirmation (hi i'm ellie thanks for coming in today i was created to talk to people in a safe and secure environment i'm not a therapist but i'm here to learn about people and would love to learn about you i'll ask a few questions to get us started and please feel free to tell me anything your answers are totally confidential are you ok with this)
Participant;45.47;46.08;yes
Ellie;46.56;50.237;okay_confirm (okay) how_doingV (so how are you doing today)
Participant;50.56;51.52;i'm good thank you
Ellie;52.163;55.186;thats_good (that's good) where_originally (where are you from originally)
Participant;55.61;57.85;um i was born in mexico city
Ellie;58.668;59.258;really (really)
Participant;59.45;59.91;yes
Ellie;61.168;62.248;when_LA (when did you move to l_a)
Participant;62.63;65.16;um about thirty four years ago
Ellie;66.381;67.681;long_time (that's a long time)
Participant;67.54;68.5;yeah <laughter>
Ellie;69.287;71.187;often_backB (how often do you go back to your hometown)
Participant;71.19;75.94;um i try to go back once a year but i haven't been in about three years
Ellie;77.29;77.86;why2 (why)
Participant;78.36;86.11;um i haven't had the time and i've traveled to other places but i'm planning on going back probably next year
Ellie;87.2;91.026;okay_confirm (okay) compares_LA (how does it compare to l_a)
Participant;91.96;105.84;um well i can't ever see myself moving back to mexico city it's a huge huge city and i like l_a more there's more opportunities and i just feel at home here
Ellie;107.323;108.343;why_LA (why did you move to l_a)
Participant;108.81;117.06;my family moved here um i like i said <s> i was very young and my parents moved um to california to work and then we just stayed here
Ellie;118.931;127.542;uh_huh (uh huh) travel_shoes (i'm sure you can tell by my shoes i'm not much of a world explorer do you travel a lot)
Participant;127.12;133.61;um i love traveling i have not traveled as much as i would like to um but i do love to travel
Ellie;134.652;136.172;travel_changed (what do you enjoy about traveling)
Participant;136.36;151.75;um just seeing new things meeting people from other countries just um feeling relaxed and having no worries because you're on vacation um i just love being in other places
Ellie;152.777;154.457;travel_trips (i'd love to hear about one of your trips)
Participant;155.0;170.37;um the last trip i took was a seven day cruise and it went to saint thomas barbados saint lucia um saint martin and it was amazing i would love to do that trip again
Ellie;171.29;173.65;memorableB (what's one of your most memorable experiences)
Participant;173.98;194.58;um i think <sigh> going to mexico the last time i was there i went to the pyramids teotihuacan and i had not been there in many years and it just was amazing to see the pyramids and i can't even imagine how they were able to build such great um structures
Ellie;195.616;204.329;yeah3 (yeah) shyoutgoing (do you consider yourself more shy or outgoing)
Participant;203.18;205.23;uh i consider myself more shy
Ellie;206.364;206.934;why2 (why)
Participant;207.58;226.64;um in social situations i kind of feel uncomfortable um i'm not one to just go up to people and start conversations um if people come up to me of course i'll talk to them but i feel slightly awkward just kind of out of place at a party
Ellie;227.988;231.528;see_mean (i see what you mean) study (what did you study at school)
Participant;232.25;234.44;um i actually studied history
Ellie;235.691;236.411;awesome (awesome)
Participant;236.34;236.68;<laughter>
Ellie;238.301;239.711;hard_decision (how did you decide to do that)
Participant;240.19;253.05;um i've always been interested in history and i just wanted to learn about histories from other cultures and of course u_s history so i'm very into uh history
Ellie;254.213;255.473;still_working_on_X (are you still working in that)
Participant;255.92;259.48;um i'm actually working in uh the education field
Ellie;261.224;262.424;dream_job (what's your dream job)
Participant;263.64;281.67;my dream job would actually be um traveling around the world and having a show on like the travel channel <laughter> that would be my dream job because i would get paid to travel and it's something i enjoy to do doing um so i would love to do that as a job
Ellie;282.348;296.252;mhm (mhm) relax_fishtank (sometimes when i'm feeling tense i turn on the fish tank screensaver hey i know it's not hawaii but it's the best i've got what do you do to relax)
Participant;289.26;316.26;<laughter> <laughter> um i love reading and i love taking baths so to relax i like to take a bath and i read while i'm in the bath and um i also like going to the gym that helps me uh deal with stress and it actually relaxes me even though i'm exercising
Ellie;317.283;322.248;thats_great (that's great) control_temper (how are you at controlling your temper)
Participant;322.86;343.32;um i used to be not very good at controlling it when i was a kid i would get mad um very easily and sometimes as an adult i still get angry easily but i've gotten a lot better at trying to think about things first before saying them and not having outbursts things like that
Ellie;344.008;347.058;last_argument (when was the last time you argued with someone and what was it about)
Participant;347.5;387.13;um the last time i argued with somebody was probably about a week ago it was um my best friend and she actually she has kids i don't and for some reason she thought or thinks that i think i'm a better person than she is and because i went to school and she didn't and she's home with kids and you know i'm able to do more things um i don't think i've ever made her feel that i i and i definitely know i don't feel like i'm better than her but for some reason she accused me of that and we had an argument about it
Ellie;388.655;394.458;yeah_downer (yeah) situation_handled (tell me about a situation that you wish you had handled differently)
Participant;394.84;427.9;um well that situation i wish i had handled differently um because when she was talking to me she was very upset and i started off pretty calm just trying to reason with her and let her know that i certaintly didn't feel like i was better than her but towards the end of the conversation it just kinda turned into a yelling match between the two of us and i wish i had been able to just stay calm and maybe asked her to call me later once we calmed down instead of just continuing the argument
Ellie;428.795;431.65;hmm_downer (hmm) describe_felt (how did you feel in that moment)
Participant;432.47;449.27;um i was angry at first but once we hung up i felt really bad about the situation i felt that maybe i could've just let her let out all her feelings and then try to speak to her calmly um instead of yelling at her too
Ellie;450.82;456.924;see_mean (i see what you mean) hard_decisionB (tell me about the hardest decision you've ever had to make)
Participant;458.2;502.94;oh wow um that's a tough one i think um gosh i think one of the toughest <tough> hardest decisions i've had to make is breaking up with a boyfriend of seven years um although i knew that it was the right thing to do i was kind of hanging on to the fact that we had been together for so many years and i kinda felt by ending the relationship um i would've wasted those last seven years of my life it was a pretty tough decision to make but i realized that it was the best decision for me at the time and i'm actually glad i did because then i went on to meet um my husband
Ellie;504.477;505.157;aw (aw)
Participant;505.0;505.57;<laughter>
Ellie;506.579;507.479;thats_great (that's great)
Participant;508.51;508.91;thank you
Ellie;510.081;514.195;memory_erase (tell me about an event or something that you wish you could erase from your memory)
Participant;515.0;581.76;um well about i would say maybe fifteen years ago i was hanging out with a couple of friends at a club and they met some guys and um they invited us back to their place and i really didn't wanna go because i didn't know these people and i mean i knew their names and that's about it but my friends really wanted to go and i wasn't the one driving so i decided to just go along with them and back at their house um one of the guys actually pulled me into a room and tried i i got scared i yelled he tried to choke me and i thought i was gonna die right right there i thought he was gonna kill me but luckily one of my friends knocked on the door because she heard me scream and we left so it could've been a worse situation but i still think about it and wish that i could erase it from my mind
Ellie;582.763;585.413;yeah_downer (yeah) been_hard (that sounds really hard)
Participant;585.54;585.96;it was
Ellie;588.567;591.275;family_relationship (tell me about your relationship with your family)
Participant;591.36;620.85;um we have a pretty good relationship i am close to i have a sister and a brother um my sister is two years younger and my brother is two years older and we get along pretty well um my sister and i used to be best friends but then we grew apart and then um now we're actually closer i think than ever and i have a pretty good relationship with my parents um my dad still treats me like i'm a little kid sometimes <laughter> which annoys me
Ellie;620.0;620.87;wild_laughter5 ((laughter))
Participant;621.43;624.2;but i think we have a pretty good solid relationship
Ellie;625.006;625.646;thats_good (that's good)
Participant;625.82;625.95;yeah
Ellie;626.516;628.956;easy_sleep (how easy is it for you to get a good night's sleep)
Participant;629.63;653.37;um <sigh> i usually wake up a few times throughout the night um so i think it's rare for me to sleep uh the whole night through ever um and i do feel a little like tired in the morning when i wake up it's hard i'm not a morning person definitely um so yeah it's kinda hard to get a good night's sleep
Ellie;654.44;655.01;why2 (why)
Participant;655.56;673.21;um i don't know it i have a hard time falling asleep and then sometimes i have bad dreams or i need to get up to use the restroom um but yeah it i don't remember the last time i actually slept the whole night without waking up at least once
Ellie;674.768;676.148;feel_lately (how have you been feeling lately)
Participant;677.23;701.1;um emotionally good um i'm actually on vacation right now from work so that's really nice um physically i feel good i haven't been to the gym in a while so that kinda makes me feel bad um 'cause i like working out um but health wise i'm good <laughter>
Ellie;702.289;706.037;okay_confirm (okay) ptsd_diagnosed (have you ever been diagnosed with p_t_s_d)
Participant;706.16;706.57;no
Ellie;707.304;709.114;depression_diagnosed (have you been diagnosed with depression)
Participant;709.22;709.59;no
Ellie;710.203;714.006;happy_lasttime (tell me about the last time you felt really happy)
Participant;713.47;731.97;um it was last <la> this past weekend i actually went out of town with my husband we didn't go very far we went to santa barbara but we really enjoyed ourselves um we went wine tasting and went to the beach and just had a really good time
Ellie;732.521;736.613;nice (nice) BF_describe (how would your best friend describe you)
Participant;737.32;761.06;um she would probably describe me as a good caring person um patient very shy um she'd probably say too that i have a hard time saying no to people when they ask me for favors 'cause i'm always doing things for other people um so yeah that's how i think she would describe me
Ellie;763.057;765.96;self_change (what are some things you wish you could change about yourself)
Participant;766.38;801.86;i wish i was more outgoing um i wish that i what else definitely more outgoing um so i could have more friends i don't have a large group of friends because i am very shy um i also wish that i could have more patience than i do <laughter> sometimes i'm very short of patience and um i wish i could find a better job so i could do more traveling
Ellie;803.4;804.47;regret (is there anything you regret)
Participant;805.36;826.14;um yes i actually took a really long time after high school to go back to school and get my degree and i really wish that i could've you know taken care of it a lot sooner than i did um and i also regret spending seven years of my life with my ex boyfriend
Ellie;827.529;830.479;advice_back (what advice would you give to yourself ten or twenty years ago)
Participant;831.44;848.5;um i would've told myself to stay focused on school that going out and hanging out and just you know and going to parties um was not as important as i thought it was and that my education should always come first
Ellie;851.649;853.949;Ellie17Dec2012_08 (what are you most proud of in your life)
Participant;854.29;868.84;um i'm proud that after so many years of not being in school i was able to go to u_c_l_a and get my degree um yeah that would be my proudest achievement
Ellie;869.883;870.783;thats_great (that's great)
Participant;870.41;870.71;<laughter>
Ellie;872.178;874.618;asked_everything (okay i think i have asked everything i need to)
Participant;874.85;875.16;okay
Ellie;875.181;876.621;appreciate_open (thanks for sharing your thoughts with me)
Participant;876.87;877.36;thank you
Ellie;877.982;878.592;bye (goodbye)
Participant;878.54;878.96;bye
