speaker;start_time;stop_time;text
Ellie;54.64;76.335;hi i'm ellie thanks for coming in today i was created to talk to people in a safe and secure environment i'm not a therapist but i'm here to learn about people and would love to learn about you i'll ask a few questions to get us started and please feel free to tell me anything you answers are totally confidential are you okay with this
Participant;76.7;77.0;yeah
Ellie;77.69;78.23;okay
Participant;77.71;78.05;yes
Ellie;79.295;81.375;so how are you doing today
Participant;81.865;82.885;fine how are you
Ellie;83.73;87.375;i'm great thanks where are you from originally
Participant;87.725;89.985;uh born and raise right here on the west side
Ellie;90.36;90.87;really
Participant;90.87;91.83;venice beach
Ellie;93.285;93.965;awesome
Participant;94.5;95.01;[laughter]
Ellie;94.98;96.71;what are some things you really like about l_a
Participant;97.34;100.755;everything the beach the weather
Ellie;99.855;101.295;can you give me an example of that
Participant;101.69;106.275;uh the beach the weather um everything
Ellie;106.785;107.315;okay
Participant;107.525;108.225;the girls
Ellie;107.86;109.94;what are some things you don't really like about l_a
Participant;110.405;113.105;uh nothing nothing
Ellie;115.15;115.6;okay
Participant;116.29;117.36;traffic maybe
Ellie;119.13;124.6;[laughter] i see what you mean who's someone that's been a positive influence in your life
Participant;125.18;126.51;uh my family
Ellie;128.93;130.65;i'd love to hear all about it
Participant;132.495;140.285;uh my mother she's uh very good hearted person gives me good advice
Ellie;141.97;145.2;that's good how close are you to your family
Participant;145.71;150.225;oh pretty close yeah family comes first family is number one
Ellie;151.575;155.02;yeah what are some things you like to do for fun
Participant;155.55;164.605;uh go to the gym you know exercise go to the beach party every once in a while wathc basketball football
Ellie;161.86;166.5;cool okay
Participant;166.525;168.33;take trips go to vegas
Ellie;170.58;172.13;when was the last time that happened
Participant;172.43;180.9;um which one went to the gym last night i have friends that live in vegas so i go there often um
Ellie;180.735;182.195;what do you enjoy about traveling
Participant;183.4;192.565;probably just take a trip get out get away from the city for a minute but i'm a city boy so i can't be away too long you know i love the city
Ellie;194.075;197.465;i see what you mean what do you do to relax
Participant;198.23;202.995;um go to the beach
Ellie;205.78;207.77;how are you at controlling your temper
Participant;207.9;210.45;oh that's that's been a problem over the years
Ellie;212.37;213.36;tell me more about that
Participant;214.25;221.395;um i don't know just have a little anger i guess anger anger management problem [laughter]
Ellie;222.025;225.215;when was the last time you argued with someone and what was it about
Participant;225.475;232.775;um [exhales] probably um yesterday i forget what it was about
Ellie;235.39;237.05;what do you do when you're annoyed
Participant;238.695;240.715;uh i'll go to the gym
Ellie;243.26;245.31;what are some things that make you really mad
Participant;247.05;251.315;um people
Ellie;253.455;254.565;tell me more about that
Participant;255.795;266.595;um i don't know just people and uh just the way they are i guess they get on my nerves sometimes [laughter]
Ellie;267.425;270.62;okay what's your dream job
Participant;271.66;288.725;dream job well i was working at l_a_x i built this city right here playa vista where we're at pretty much built all of it that's been built so far in the past ten years and i always wanted to work at the airport l_a_x and i finally accomplished that goal after getting my g_e_d two years ago
Ellie;289.175;289.685;wow
Participant;289.285;290.395;i'm at l_a_x
Ellie;290.065;291.065;that's great
Participant;292.23;295.7;yeah so i'm working at l_a_x right now l_a airport
Ellie;296.235;296.785;nice
Participant;297.195;297.795;yeah
Ellie;298.27;300.65;what's one of your most memorable experiences
Participant;301.445;302.875;of what working at the airport
Ellie;304.09;304.58;mhm
Participant;305.83;316.15;um i guess during the holidays there was some girl that worked there and i had a crush on her but she turned out to be a lesbian she's beautiful haha
Ellie;316.175;317.015;that sucks
Participant;317.28;320.005;yeah [laughter] yeah
Ellie;321.455;323.085;have you ever served in the military
Participant;323.135;323.555;no
Ellie;324.44;326.52;have you ever been diagnosed with p_t_s_d
Participant;327.065;327.535;no
Ellie;328.425;330.195;have you been diagnosed with depression
Participant;330.795;333.915;i think when i was a youngster like a teenager
Ellie;337.685;339.295;do you still go to therapy now
Participant;337.7;339.705;fourteen fifteen no
Ellie;341.085;342.095;why did you stop
Participant;342.655;357.72;oh i just oh i just stopped uh i went like for to like a rehab for replacement and when i was fifteen sixteen after i did a little bit of time and then i ewoled from there i like escaped and then i went back to jail so that's when it stopped
Ellie;359.19;360.58;i'm sorry to hear that
Participant;360.64;362.49;uh no problem it's not your fault
Ellie;363.25;364.8;do you feel like therapy is useful
Participant;365.5;366.47;excuse me
Ellie;367.2;369.04;is going to a therapist helping you
Participant;370.225;373.905;it wasn't when i was a when i was teenager
Ellie;375.935;377.205;tell me more about that
Participant;378.455;379.885;what when i was a teenager
Ellie;380.515;381.035;yes
Participant;381.87;388.075;when i was a teenager i just uh i was very restless i was very destructive you know
Ellie;390.405;391.945;how have you been feeling lately
Participant;392.83;399.245;um like i'm i'm not going forward as as fast as i want to
Ellie;402.11;403.55;that sounds really hard
Participant;405.085;410.485;yeah it's it's kinda hard but uh you know it is what it is you know
Ellie;411.5;413.4;could you have done anything to avoid it
Participant;414.785;417.745;to avoid what going forward
Ellie;418.58;419.11;yes
Participant;420.68;432.015;i guess i could try to move faster but um i've accomplished my goals in life so far i just wanna accomplish more but it's taking longer than i thought it would you know
Ellie;433.545;437.38;mm there are always trade offs in life aren't there
Participant;437.435;438.795;there it would excuse me
Ellie;440.07;442.24;there are always trade offs in life aren't there
Participant;442.61;446.08;yeah i guess are there
Ellie;445.505;448.635;have you noticed any changes in your behavior or thoughts lately
Participant;450.365;452.255;yeah just like mood swings i guess
Ellie;454.745;455.295;okay
Participant;454.755;456.065;mood swings yeah
Ellie;456.575;457.995;are they triggered by something
Participant;459.71;464.33;uh it could be just something small and i'll just snap you know
Ellie;465.345;466.915;when was the last time that happened
Participant;467.555;470.98;oh all the time yesterday maybe today
Ellie;471.34;471.88;really
Participant;471.985;472.535;yeah
Ellie;473.635;475.265;how did you feel in that moment
Participant;476.345;477.135;angry
Ellie;480.015;481.025;how hard is that
Participant;482.595;493.17;um the anger [ang] i guess it's kinda hard to control the anger you know when you're going through a couple of of a few things in your life that aren't very pleasant you know
Ellie;494.24;495.01;yeah
Participant;495.81;496.275;<yawn>
Ellie;496.275;498.595;is it uncomfortable for you to talk about this
Participant;498.58;499.12;no
Ellie;500.335;504.315;okay how would your best friend describe you
Participant;505.82;533.47;um my best friend my best friends excuse me yeah bop bop uh they'd they'd they'd describe me just i guess as a character just very outgoing you know good sense of humor um but you know we all have our issues you know they they understand when i i'm going through something or i just you know get mad about something easily or i could just laugh too right after that you know
Ellie;534.65;535.17;uh huh
Participant;535.175;537.595;very outgoing smart intelligent strong
Ellie;539.27;543.02;okay what are you most proud of in your life
Participant;543.585;547.645;the goals that i've accomplished past few years especially
Ellie;548.46;549.77;can you give me an example of that
Participant;550.65;561.02;uh just the jobs scrubbed_entry getting the g_e_d getting the job at l_a_x i always wanted
Ellie;562.805;563.725;that's great
Participant;563.88;564.68;thank you
Ellie;566.075;567.345;is there anything you regret
Participant;568.355;571.24;yeah yes
Ellie;571.95;573.34;can you give me an example of that
Participant;573.64;589.095;um just decisions i made i guess when i was uh younger in life even up to the you know even up to the past few years but nothing major in the past few years it's pretty much the decisions i made when i was young you know younger in life
Ellie;590.995;595.18;okay what advice would you give yourself ten or twenty years ago
Participant;596.095;611.025;uh to stay in school and um i don't know to not join a gang just to stay in school pretty much and to uh control the anger issues i had back then
Ellie;612.545;614.015;what made you decide to do that
Participant;614.985;619.91;to do what to do what
Ellie;620.93;622.65;let's come back to that later
Participant;622.645;623.475;[laughter]
Ellie;625.245;627.775;when was the last time you felt really happy
Participant;628.485;632.575;i don't know today i'm happy to be here
Ellie;634.05;640.04;that's great what are some things that usually put you in a good mood
Participant;641.545;653.54;um going exercising going to the gym and working out going to the beach hanging out with uh family members of mine you know
Ellie;655.01;655.53;nice
Participant;655.545;656.615;friends yeah
Ellie;658.555;660.825;what would you say are some of your best qualities
Participant;662.015;672.67;my best qualities just that uh qualities just that i'm a neat person i'm outgoing you know i don't know qualities qualities meaning what
Ellie;676.5;677.62;whatever comes to your mind
Participant;678.255;683.635;what do you mean by qualities what comes to your mind give me the definition of qualities
Ellie;687.16;689.36;okay i think i've asked everything i need to
Participant;689.18;690.12;<laughter>
Ellie;690.865;692.295;thanks for sharing your thoughts with me
Participant;692.39;694.04;yeah have a nice day
Ellie;694.98;695.47;goodbye
Participant;696.19;696.77;okay bye
