speaker;start_time;stop_time;text
Participant;10.0;11.02;<sync>
Ellie;26.012;47.552;IntroV4Confirmation (hi i'm ellie thanks for coming in today i was created to talk to people in a safe and secure environment i'm not a therapist but i'm here to learn about people and would love to learn about you i'll ask a few questions to get us started and please feel free to tell me anything your answers are totally confidential are you ok with this)
Participant;48.24;48.96;yes
Ellie;49.267;53.767;okay_confirm (okay) how_doingV (so how are you doing today)
Participant;55.33;56.37;good how are you
Ellie;57.342;61.402;great_thanks (i'm great thanks) where_originally (where are you from originally)
Participant;63.47;64.38;los angeles
Ellie;64.858;69.445;really (really) like_about_LA (what are some things you really like about l_a)
Participant;72.11;74.82;uh weather entertainment
Ellie;76.886;79.236;dont_like_LA (what are some things you don't really like about l_a)
Participant;81.05;81.74;traffic
Ellie;84.764;90.955;travel_shoes (i'm sure you can tell by my shoes i'm not much of a world explorer do you travel a lot)
Participant;91.63;92.18;no
Ellie;93.376;93.946;why2 (why)
Participant;96.1;97.27;too <t> too many people
Ellie;99.858;103.273;see_mean (i see what you mean) study (what did you study at school)
Participant;105.55;106.16;business
Ellie;108.015;109.425;hard_decision (how did you decide to do that)
Participant;112.89;114.99;uh just fun thing to do
Ellie;116.179;117.439;still_working_on_X (are you still working in that)
Participant;118.13;118.55;yes
Ellie;120.418;121.578;tell_about_that (can you tell me about that)
Participant;123.81;125.22;nothing much to talk about
Ellie;126.636;127.836;dream_job (what's your dream job)
Participant;130.83;132.5;hm maybe talking to you
Ellie;133.922;140.296;wild_laughter3 ((laughter)) family_relationship (tell me about your relationship with your family)
Participant;141.87;143.92;um pretty good environment
Ellie;145.751;149.111;thats_good (that's good) family_roleB (how close are you to your family)
Participant;150.45;151.32;pretty good
Ellie;152.776;159.893;okay_confirm (okay) shyoutgoing (do you consider yourself more shy or outgoing)
Participant;160.24;161.08;the middle
Ellie;162.482;174.561;relax_fishtank (sometimes when i'm feeling tense i turn on the fish tank screensaver hey i know it's not hawaii but it's the best i've got what do you do to relax)
Participant;176.52;177.04;sleep
Ellie;179.584;181.644;control_temper (how are you at controlling your temper)
Participant;186.43;187.2;i don't know
Ellie;188.941;191.991;last_argument (when was the last time you argued with someone and what was it about)
Participant;194.7;196.05;don't remember
Ellie;198.767;203.843;hmmB (hmm) feelguilty (what's something you feel guilty about)
Participant;205.66;206.95;no nothing really
Ellie;209.394;213.508;memory_erase (tell me about an event or something that you wish you could erase from your memory)
Participant;216.91;219.13;um i don't know i can't remember
Ellie;221.782;223.932;mad_makeyou (what are some things that make you really mad)
Participant;226.38;227.74;um bad people
Ellie;229.681;231.011;give_example (can you give me an example of that)
Participant;232.49;234.55;you know just bad people doing back things
Ellie;236.087;236.627;like_what (like what)
Participant;238.47;240.05;uh car accidents
Ellie;242.638;248.633;okay_confirm (okay) hard_decisionB (tell me about the hardest decision you've ever had to make)
Participant;251.87;254.08;mm don't don't know any of them
Ellie;255.868;259.657;situation_handled (tell me about a situation that you wish you had handled differently)
Participant;262.82;263.89;don't really know any
Ellie;265.445;269.383;mm (mm) influence_positive (who's someone that's been a positive influence in your life)
Participant;271.85;272.86;uh nobody
Ellie;276.183;278.223;ptsd_diagnosed (have you ever been diagnosed with p_t_s_d)
Participant;279.57;280.12;no
Ellie;280.728;282.538;depression_diagnosed (have you been diagnosed with depression)
Participant;282.89;283.49;no
Ellie;283.604;286.044;easy_sleep (how easy is it for you to get a good night's sleep)
Participant;287.62;288.46;somewhat okay
Ellie;289.661;291.441;sleep_affects (what are you like when you don't sleep well)
Participant;293.81;295.79;just waking up thinking
Ellie;297.155;298.535;trigger (are they triggered by something)
Participant;302.86;303.93;no i i don't know
Ellie;306.402;309.572;behavior_changes (have you noticed any changes in your behavior or thoughts lately)
Participant;310.07;310.47;no
Ellie;311.52;312.9;feel_lately (how have you been feeling lately)
Participant;315.89;316.63;i don't know
Ellie;317.826;321.565;happy_lasttime (tell me about the last time you felt really happy)
Participant;324.37;326.1;hm don't don't remember
Ellie;328.132;331.382;Ellie17Dec2012_10 (tell me about something you did recently that you really enjoyed)
Participant;335.32;337.55;i i don't know talking to you
Ellie;338.404;341.378;really (really) why2 (why)
Participant;344.03;345.47;first time i've done this before
Ellie;347.542;352.341;cool3 (cool) ideal_weekendC (tell me how you spend your ideal weekend)
Participant;357.44;360.55;i have no idea sleep
Ellie;362.404;368.144;okay_confirm (okay) self_change (what are some things you wish you could change about yourself)
Participant;370.93;371.73;not too much
Ellie;374.448;374.988;like_what (like what)
Participant;377.14;377.72;nothing
Ellie;379.826;385.125;feelbadly (tell me about a time when someone made you feel really badly about yourself)
Participant;388.41;389.97;don't have any experience
Ellie;393.825;395.515;BF_describe (how would your best friend describe you)
Participant;398.37;400.53;um i don't know not sure
Ellie;403.33;408.106;um (um) Ellie17Dec2012_07 (what would you say are some of your best qualities)
Participant;410.17;413.04;um just be a nice person
Ellie;414.721;421.868;Ellie17Dec2012_02 (uh huh) Ellie17Dec2012_08 (what are you most proud of in your life)
Participant;423.89;424.84;not sure
Ellie;428.083;429.283;mind (whatever comes to your mind)
Participant;433.0;433.89;nothing much
Ellie;435.383;436.453;regret (is there anything you regret)
Participant;437.65;438.18;no
Ellie;439.882;442.832;advice_back (what advice would you give to yourself ten or twenty years ago)
Participant;445.49;446.32;i don't know
Ellie;448.825;451.185;memorableB (what's one of your most memorable experiences)
Participant;453.46;454.27;i don't know
Ellie;458.181;462.469;hmm_downer (hmm) do_fun (what are some things you like to do for fun)
Participant;465.06;468.53;i don't know play sports
Ellie;471.281;471.821;like_what (like what)
Participant;474.11;474.88;basketball
Ellie;476.518;478.058;bouts_symptoms (when was the last time that happened)
Participant;479.28;480.21;mm last month
Ellie;481.608;493.369;awesome (awesome) asked_everything (okay i think i have asked everything i need to) appreciate_open (thanks for sharing your thoughts with me) bye (goodbye)
Participant;498.19;498.8;goodbye
