speaker;start_time;stop_time;text
Participant;9.02;9.92;<synch>
Ellie;22.335;43.875;IntroV4Confirmation (hi i'm ellie thanks for coming in today i was created to talk to people in a safe and secure environment i'm not a therapist but i'm here to learn about people and would love to learn about you i'll ask a few questions to get us started and please feel free to tell me anything your answers are totally confidential are you ok with this)
Participant;43.94;44.35;yes
Ellie;45.054;49.142;okay_confirm (okay) how_doingV (so how are you doing today)
Participant;49.22;49.47;good
Ellie;50.369;53.127;thats_good (that's good) where_originally (where are you from originally)
Participant;53.22;53.79;new jersey
Ellie;55.023;58.326;really (really) when_LA (when did you move to l_a)
Participant;58.47;59.24;five years ago
Ellie;60.923;62.823;often_backB (how often do you go back to your hometown)
Participant;63.24;63.95;about <bout> once a year
Ellie;65.402;68.628;thats_good (that's good) compares_LA (how does it compare to l_a)
Participant;70.33;71.77;um there's more to do out here
Ellie;73.394;74.414;why_LA (why did you move to l_a)
Participant;75.885;76.795;the weather is nice
Ellie;78.882;83.457;see_mean (i see what you mean) adapted_LA (how easy was it for you to get used to living in l_a)
Participant;84.49;85.41;didn't take very long
Ellie;86.91;89.02;like_about_LA (what are some things you really like about l_a)
Participant;89.745;93.155;and the art scene the music scene there's always something to do out here
Ellie;93.987;97.547;mhm (mhm) dont_like_LA (what are some things you don't really like about l_a)
Participant;98.01;99.28;some of the people <laughter>
Ellie;101.197;102.527;give_example (can you give me an example of that)
Participant;103.9;107.2;um some of the people are just kinda superficial
Ellie;109.158;117.167;understand (i understand) travel_shoes (i'm sure you can tell by my shoes i'm not much of a world explorer do you travel a lot)
Participant;117.45;117.76;no
Ellie;119.078;119.648;why2 (why)
Participant;120.96;121.93;i like it out here
Ellie;123.355;126.135;okay_confirm (okay) study (what did you study at school)
Participant;127.36;127.64;art
Ellie;129.96;133.087;sounds_interesting (that sounds interesting) hard_decision (how did you decide to do that)
Participant;134.35;137.29;um i took a lot of art courses throughout high school
Ellie;138.919;140.179;still_working_on_X (are you still working in that)
Participant;141.32;142.32;um a little
Ellie;143.568;144.768;dream_job (what's your dream job)
Participant;146.77;148.65;um i'd like to create
Ellie;150.826;151.766;difficult (how hard is that)
Participant;153.06;153.77;not very hard
Ellie;158.322;162.741;shyoutgoing (do you consider yourself more shy or outgoing)
Participant;161.535;162.135;outgoing
Ellie;163.779;164.349;why2 (why)
Participant;165.31;167.4;because all of my friends tell me i'm outgoing
Ellie;168.034;182.854;wild_laughter3 ((laughter)) relax_fishtank (sometimes when i'm feeling tense i turn on the fish tank screensaver hey i know it's not hawaii but it's the best i've got what do you do to relax)
Participant;183.38;184.75;listen to music or read
Ellie;186.775;188.835;control_temper (how are you at controlling your temper)
Participant;189.66;190.22;pretty good
Ellie;191.944;194.994;last_argument (when was the last time you argued with someone and what was it about)
Participant;198.07;200.44;i don't even remember the last time i argued with someone
Ellie;201.976;207.843;wow (wow) feelguilty (what's something you feel guilty about)
Participant;210.05;214.32;mm i don't feel guilty about anything
Ellie;215.751;221.358;okay_confirm (okay) situation_handled (tell me about a situation that you wish you had handled differently)
Participant;223.42;228.88;mm i can't think of a situation i wish i handled differently
Ellie;229.758;235.09;hmm_downer (hmm) hard_decisionB (tell me about the hardest decision you've ever had to make)
Participant;236.92;238.56;probably moving to l_a
Ellie;240.025;241.185;tell_about_that (can you tell me about that)
Participant;242.325;247.795;eh just deciding to go away from my family and come out here was kind of a difficult decision
Ellie;249.205;250.205;happy_didthat (are you happy you did that)
Participant;250.23;250.68;yes
Ellie;252.301;255.001;family_relationship (tell me about your relationship with your family)
Participant;255.57;262.48;it's very good i still talk to them um like almost every day and i see them sometimes so it works out
Ellie;263.23;267.97;thats_great (that's great) influence_positive (who's someone that's been a positive influence in your life)
Participant;268.87;269.33;my mom
Ellie;270.905;272.065;tell_about_that (can you tell me about that)
Participant;273.66;277.2;um just kinda taught me to be the person i am today
Ellie;279.123;287.23;aw (aw) memory_erase (tell me about an event or something that you wish you could erase from your memory)
Participant;288.76;296.25;hmm i can't think of an event i wish i could erase from my memory
Ellie;297.376;301.44;okay_confirm (okay) living_situation (how do you like your living situation)
Participant;302.0;302.46;i like it
Ellie;304.072;305.212;roommates (do you have roommates)
Participant;306.03;306.31;no
Ellie;308.959;313.359;okay_confirm (okay) easy_sleep (how easy is it for you to get a good night's sleep)
Participant;314.305;315.055;it's very easy
Ellie;316.887;318.667;sleep_affects (what are you like when you don't sleep well)
Participant;320.425;321.875;mm i yawn a lot
Ellie;323.796;328.064;wild_laughter3 ((laughter)) feel_lately (how have you been feeling lately)
Participant;328.58;328.91;good
Ellie;330.78;333.95;behavior_changes (have you noticed any changes in your behavior or thoughts lately)
Participant;333.86;334.18;no
Ellie;336.164;338.204;ptsd_diagnosed (have you ever been diagnosed with p_t_s_d)
Participant;338.42;338.71;no
Ellie;339.883;341.693;depression_diagnosed (have you been diagnosed with depression)
Participant;341.94;342.22;no
Ellie;344.134;346.681;happy_lasttime (tell me about the last time you felt really happy)
Participant;350.35;353.22;um whenever i go to the gym i get happy
Ellie;355.106;358.324;thats_good (that's good) bouts_symptoms (when was the last time that happened)
Participant;359.21;359.82;yesterday
Ellie;361.288;365.187;okay_confirm (okay) BF_describe (how would your best friend describe you)
Participant;365.87;366.46;crazy
Ellie;368.391;368.961;why2 (why)
Participant;369.99;371.91;because i am crazy <laughter>
Ellie;372.129;378.646;wild_laughter3 ((laughter)) self_change (what are some things you wish you could change about yourself)
Participant;381.58;382.99;i like myself the way i am
Ellie;384.779;390.088;feelbadly (tell me about a time when someone made you feel really badly about yourself)
Participant;391.6;394.36;i can't think of a time someone made me feel bad about myself
Ellie;396.748;397.818;regret (is there anything you regret)
Participant;398.57;398.83;no
Ellie;401.312;404.262;advice_back (what advice would you give to yourself ten or twenty years ago)
Participant;406.38;408.72;i'd just tell myself that everything's gonna be okay
Ellie;411.627;415.935;mhm (mhm) memorableB (what's one of your most memorable experiences)
Participant;418.215;420.295;um probably family visits
Ellie;422.168;423.498;give_example (can you give me an example of that)
Participant;424.695;428.795;every time i go back it's really nice to see all my family and see what they're up to now
Ellie;430.224;435.979;good_hear (that's so good to hear) Ellie17Dec2012_10 (tell me about something you did recently that you really enjoyed)
Participant;439.33;445.22;um i really enjoy karaoke and i did that recently
Ellie;446.754;452.188;awesome (awesome) mad_makeyou (what are some things that make you really mad)
Participant;453.94;455.81;mm when people put down other people
Ellie;459.256;467.31;see_mean (i see what you mean) Ellie17Dec2012_09 (what are some things that usually put you in a good mood)
Participant;469.44;475.45;music um art exhibits uh working out
Ellie;478.283;480.583;Ellie17Dec2012_08 (what are you most proud of in your life)
Participant;482.835;483.765;my friendships
Ellie;486.491;493.372;okay_confirm (okay) Ellie17Dec2012_07 (what would you say are some of your best qualities)
Participant;494.55;502.57;um i'm a good listener and really good at giving my opinion on how to help others
Ellie;505.206;514.138;thats_good (that's good) asked_everything (okay i think i have asked everything i need to) appreciate_open (thanks for sharing your thoughts with me) bye (goodbye)
