speaker;start_time;stop_time;text
Ellie;105.28;126.83;hi i'm ellie thanks for coming in today i was created to talk to people in a safe and secure environment i'm not a therapist but i'm here to learn about people and would love to learn about you i'll ask a few questions to get us started and please feel free to tell me anything your answers are totally confidential are you okay with this
Participant;126.93;127.39;yes
Ellie;127.93;132.64;okay so how are you doing today
Participant;133.46;134.05;i'm okay
Ellie;134.94;138.12;that's good where are you from originally
Participant;139.18;141.5;uh los angeles california
Ellie;142.11;142.61;really
Participant;142.9;143.43;yes
Ellie;143.91;145.88;what are some things you really like about l_a
Participant;147.76;157.11;i like the weather um basically i like the people different uh things to do out here
Ellie;158.14;162.56;mhm what are some things you don't really like about l_a
Participant;165.95;173.51;mm i'm not really sure
Ellie;175.09;178.87;okay what are some things that make you really mad
Participant;179.96;180.93;that get excuse me
Ellie;182.68;184.8;what are some things that make you really mad
Participant;182.76;202.63;xxx um i would have to say someone being rude or uh someone bullying or just somebody that has a negative attitude
Ellie;203.64;206.69;uh huh what do you do when you're annoyed
Participant;207.87;210.49;when i'm annoyed it all depends
Ellie;213.22;214.49;can you give me an example of that
Participant;216.59;233.76;hmm i might make have a comment or something like that or uh i might just absorb it or something you know just think about it it all depends on the situation
Ellie;235.17;236.57;has that gotten you in trouble
Participant;237.16;237.5;no
Ellie;239.4;244.39;okay when was the last time you argued with someone and what was it about
Participant;252.79;271.56;uh i don't i think i had a disagreement i don't know when the last time i've been in some argument i really don't it's been a long time it was just basically a disagreement but i i haven't argued with anyone <an> someone in quite some time i can't even recall
Ellie;272.9;275.35;uh huh what was it about
Participant;278.51;294.15;uh it was a family matter and my brother had a disagreement with with one of our other brothers and you know he was upset about that in return i got a little upset because you know
Ellie;298.04;300.91;yeah how hard is that
Participant;301.79;307.28;what you mean <laughter> what you mean how hard is what
Ellie;309.02;310.42;let's come back to that later
Participant;309.24;320.72;so excuse me for <laughter> excuse me for laughing now oh so could you go over that again what was the question
Ellie;321.65;323.12;let's come back to that later
Participant;323.68;324.13;okay
Ellie;324.63;325.99;what do you do to relax
Participant;327.71;328.71;listen to music
Ellie;331.3;334.58;cool do you consider yourself an introvert
Participant;336.86;337.49;somewhat
Ellie;339.12;339.51;why
Participant;340.39;346.28;i don't know why i guess you know that's how it is a a little bit i do
Ellie;347.82;348.22;mhm
Participant;350.95;353.15;why did you ask <a> why did you ask me that
Ellie;351.12;352.16;what'd you study at school
Participant;355.59;355.92;huh
Ellie;356.0;357.05;what'd you study at school
Participant;358.48;363.73;basic uh things english math but why'd you ask me that question though
Ellie;364.61;371.63;why don't we talk about that later what do you do now
Participant;372.69;375.17;uh i'm um trying to find employment
Ellie;376.54;378.69;it can be tough to find a good job these days
Participant;380.46;380.91;right
Ellie;382.25;383.37;what's your dream job
Participant;386.58;393.51;just a job that i enjoy going to i don't really have a dream job
Ellie;395.19;398.42;okay do you travel a lot
Participant;398.9;399.26;no
Ellie;403.14;405.56;when was the last time you felt really happy
Participant;412.09;419.55;uh when my kid children was small playing with 'em that's the last time i was really that i recall
Ellie;421.4;425.32;aw do you find it easy to be a parent
Participant;427.5;428.64;it's not easy
Ellie;430.72;432.63;what's the hardest thing about being a parent
Participant;439.79;448.31;hmm trying to give some guidance or some advice that they'll listen to
Ellie;449.68;453.02;mhm what's the best thing about being a parent
Participant;454.23;455.16;being a parent
Ellie;456.9;457.79;tell me more about that
Participant;461.78;470.43;you know you just connected to someone you know it's family someone that you love and someone that loves you
Ellie;471.22;473.89;yeah tell me about your kids
Participant;475.84;477.12;isn't much to tell
Ellie;481.49;481.87;why
Participant;483.92;495.79;<sigh> i mean i have children just you know well not children i have one child and two uh sons that's older they're adults
Ellie;498.37;499.51;how close are you to them
Participant;502.15;504.56;i think i'm kinda close with them
Ellie;507.52;510.73;mhm what do you think of today's kids
Participant;511.63;512.28;what do i what
Ellie;513.56;515.03;what do you think of today's kids
Participant;516.17;519.85;what you mean what do i think of today's kids what do you mean by that
Ellie;520.76;521.84;whatever comes to your mind
Participant;524.69;538.77;<sigh> i think they're more uh i don't think they're as respectful as they were when i was a when i was young when i was a kid i think they got more disrespectful
Ellie;539.79;546.86;mm i see what you mean have you ever served in the military
Participant;547.09;547.35;no
Ellie;548.85;550.76;have you ever been diagnosed with p_t_s_d
Participant;551.63;551.93;no
Ellie;552.75;554.53;have you been diagnosed with depression
Participant;554.89;555.89;before i uh
Ellie;556.78;558.56;how long ago were you diagnosed
Participant;559.75;563.41;uh maybe <may> about six months ago or something like that
Ellie;564.18;565.49;what got you to seek help
Participant;567.38;568.93;just the way i was feeling
Ellie;570.54;571.46;tell me more about that
Participant;572.44;581.88;you know i just wasn't feeling good i was feeling sad you know and wasn't sleeping good and you know just wasn't feeling right
Ellie;583.49;586.39;yeah did you think you had a problem before you found out
Participant;589.89;596.6;i had a problem with the way i was feeling that was the whole purpose of me going to seek some kinda help
Ellie;597.76;600.31;mhm how have you been feeling lately
Participant;601.23;601.99;feel alright
Ellie;603.43;606.47;have you noticed any changes in your behavior or thoughts lately
Participant;607.14;608.05;have i ever did what
Ellie;609.0;612.05;have you noticed any changes in your behavior or thoughts lately
Participant;614.22;614.52;no
Ellie;615.91;616.85;do you feel down
Participant;617.82;618.39;right now
Ellie;619.77;620.2;mhm
Participant;620.42;620.73;no
Ellie;622.48;626.63;that's good how easy is it for you to get a good night's sleep
Participant;627.67;629.39;oh i don't sleep that good
Ellie;630.46;630.83;why
Participant;631.34;637.63;i don't know why if i had an answer if i had an answer i would sleep better
Ellie;634.12;640.72;how easy is it for you to get a good night's sleep what are you like when you don't sleep well
Participant;646.02;647.3;um i don't know
Ellie;650.31;653.77;okay do you still go to therapy now
Participant;654.23;656.28;no i never
Ellie;655.96;656.66;why did you stop
Participant;656.89;658.58;i never been to therapy
Ellie;659.49;668.8;oh how would your best friend describe you
Participant;669.38;672.28;i don't have a best friend i have a
Ellie;672.79;675.03;what would you say are some of your best qualities
Participant;673.07;684.29;a couple i think i have some good qualities i think i'm basically a good person
Ellie;688.1;693.72;mhm what are some things that usually put you in a good mood
Participant;697.98;704.56;uh the company of uh my associates that usually do
Ellie;707.0;711.51;cool tell me about something you did recently that you really enjoyed
Participant;714.98;717.05;just hanging out with uh a friend
Ellie;720.2;721.11;tell me more about that
Participant;721.75;726.02;we were just hanging out laughing talking drinking beer
Ellie;727.5;728.16;nice
Participant;728.71;729.17;yeah
Ellie;730.34;731.93;how did you feel in that moment
Participant;732.56;733.61;i felt alright
Ellie;735.85;739.04;okay is there anything you regret
Participant;739.84;740.15;no
Ellie;741.65;744.41;what advice would you give yourself ten or twenty years ago
Participant;750.38;752.44;i should've completed college
Ellie;755.28;756.61;how did you decide to do that
Participant;757.4;759.15;i said i should have
Ellie;760.77;766.15;okay what's one of your most memorable experiences
Participant;768.82;770.2;i got many of 'em
Ellie;773.32;779.22;okay can you give me an example of that
Participant;782.59;789.0;hmm well i have a lot of 'em
Ellie;793.69;794.62;tell me about that
Participant;800.07;804.07;um <sigh> getting up this morning that was memorable
Ellie;806.68;807.07;why
Participant;808.87;810.4;'cause it was a new day
Ellie;812.99;814.21;that's so good to hear
Participant;813.75;817.9;and thankful to be <b> to be living today
Ellie;819.91;820.36;yeah
Participant;821.18;821.71;mhm
Ellie;823.36;825.11;what are you most proud of in your life
Participant;831.43;838.66;<sigh> man uh i would say being a father
Ellie;841.95;842.99;can you tell me about that
Participant;843.39;853.28;just being a father you know and uh that is a a memorable <mem> that's a good experience
Ellie;854.88;858.9;yeah who's someone that's been a positive influence in your life
Participant;859.92;860.55;excuse <scuse> me
Ellie;861.91;864.21;who's someone that's been a positive influence in your life
Participant;865.07;876.58;uh i don't i can't um <sigh> i had a couple of 'em i guess uh some people that i associated with probably that's the most uh one i can think of
Ellie;882.09;886.36;uh huh okay i think i've asked everything i need to
Participant;886.85;887.47;thank you
Ellie;887.85;889.33;thanks for sharing your thoughts with me
Participant;889.64;890.21;alright
Ellie;890.66;891.2;goodbye
Participant;891.44;891.79;bye
