speaker;start_time;stop_time;text
Participant;14.48;15.43;<synch>
Ellie;31.321;52.861;IntroV4Confirmation (hi i'm ellie thanks for coming in today i was created to talk to people in a safe and secure environment i'm not a therapist but i'm here to learn about people and would love to learn about you i'll ask a few questions to get us started and please feel free to tell me anything your answers are totally confidential are you ok with this)
Participant;36.73;53.64;<sniffle> <sniffle> yes
Ellie;54.325;58.675;okay_confirm (okay) okay_confirm (okay) how_doingV (so how are you doing today) how_doingV (so how are you doing today)
Participant;59.68;63.12;i'm feeling okay little bit tired but for the most part feeling pretty good
Ellie;63.699;66.394;thats_good (that's good) thats_good (that's good) where_originally (where are you from originally) where_originally (where are you from originally)
Participant;67.02;80.78;i'm actually originally from woodland hills which is out in the san fernando valley i was born there and then i moved to lomita which is in los angeles county about mm probably around nineteen ninety three so i mean i'm twenty three now so
Ellie;79.412;79.823;cool3 (cool) cool3 (cool)
Participant;81.27;85.69;it's about what yeah nineteen years or so i've been living there yeah <clears throat>
Ellie;85.663;87.775;like_about_LA (what are some things you really like about l_a) like_about_LA (what are some things you really like about l_a)
Participant;88.54;106.69;some things that that i really like i would have to say you know the beach um you know not so much the traffic don't really care for that but um definitely you know just kinda like the nightlife um you know just people in general i like conversing with others so yeah <clears throat>
Ellie;106.323;108.701;yeah3 (yeah) see_mean (i see what you mean)
Participant;108.9;109.77;right yep
Ellie;110.576;117.037;travel_shoes (i'm sure you can tell by my shoes i'm not much of a world explorer do you travel a lot) travel_shoes (i'm sure you can tell by my shoes i'm not much of a world explorer do you travel a lot)
Participant;117.18;143.16;yeah actually i do i mean i can't see your shoes but um yeah actually i do travel a lot i've been to places like hawaii been to the caribbean i've been to uh let's see <makes sound with mouth> um you know just different places like arizona i've been to oregon washington pretty much all over i would say so but usually mainly like um hawaii and the caribbean mexico as well so
Ellie;143.211;143.722;mhm (mhm) mhm (mhm)
Participant;143.83;144.76;yep <clears throat>
Ellie;144.811;146.331;travel_changed (what do you enjoy about traveling)
Participant;147.02;162.57;um i think it's just the experience you know like you can't you can kinda experience the culture um different people you know just just the whole background the scenery it's just you know it's it's something new to experience i would say something that you know people haven't seen before so
Ellie;160.289;160.759;yeah3 (yeah)
Participant;163.08;163.5;<clears throat>
Ellie;163.865;165.545;travel_trips (i'd love to hear about one of your trips)
Participant;166.32;182.6;well let's see i recently took a trip to hawaii a couple months ago that was back in december it was around christmas time new years so that was pretty fun we went to a couple different islands we went to uh let's see i think it was kauai went to oahu uh maui you know places like that so <clears throat>
Ellie;182.571;183.301;nice (nice)
Participant;184.06;184.39;yep
Ellie;184.14;186.505;memorableB (what's one of your most memorable experiences) memorableB (what's one of your most memorable experiences)
Participant;187.47;201.47;um you know i would have to say that um you know probably like in hawaii or like the caribbean you know just like i said before the whole experience factor just seeing um you know new different things things that are unique so <clears throat>
Ellie;201.871;204.323;mhm (mhm) study (what did you study at school) study (what did you study at school)
Participant;203.19;211.64;yeah i actually study journalism right now i'm in my final semester so i'm about <bout> to graduate couple months <clears throat>
Ellie;212.455;213.355;thats_great (that's great) thats_great (that's great)
Participant;213.88;214.17;yep
Ellie;215.004;216.414;hard_decision (how did you decide to do that)
Participant;217.11;245.52;well you know it's kinda funny 'cause you know i started off at a uh you know a two year community college and so you know i was going into uh like business management something to do with you know i think <thin> basically um accounting but you know i kinda figured that wasn't for me so i decided to go into journalism 'cause i i couldn't i mean you know i'd probably still be sitting at a desk but you know at least with journalism i can go out in the field and you know talk to people and you know kinda you know receive information gather information that sorta deal and then you know write up stories
Ellie;246.022;246.554;yeah2 (yeah) yeah2 (yeah)
Participant;246.1;251.2;i just thought it was you know it was a lot more interesting for me as opposed to you know just kinda crunching numbers all day so
Ellie;251.652;252.122;uh_huh (uh huh)
Participant;252.49;252.8;yep
Ellie;254.333;260.434;job_virtually (i love my job you could almost say it's virtually made for me what's your dream job)
Participant;258.26;274.51;<laughter> my dream job i would have to say um you know some something in maybe radio broadcasting sports broadcasting um you know i think that would be really interesting something that's definitely a passion of mine so <clears throat>
Ellie;274.749;280.023;okay_confirm (okay) family_relationship (tell me about your relationship with your family)
Participant;280.57;302.93;my relationship with my family it's it's pretty good you know i i live with my parents still like i said i'm twenty three years old um you know there's certain times when it can be a little bit shaky little bit rocky but for the most part it's it's pretty good you know i've i've matured a lot in the last few years so things are uh you know getting back up to speed i would say things are things are going pretty well <clears throat>
Ellie;302.804;310.021;thats_good (that's good) thats_good (that's good) shyoutgoing (do you consider yourself more shy or outgoing)
Participant;309.66;340.71;you know i think it stems somewhere kind of in the middle you know sometimes i can be very outgoing and talkative to people when i'm relaxed and laid-back other times i kinda it's not so much like i go into my shell but you know at times like i can be kinda shy if i don't know people as well or if i haven't i've never met them before so it's one of those things that kinda <ki> yeah you kinda gotta meet me in the middle with it because you know i can either be talk very talkative or at times you know i i can be a little bit shy but you know once i once i get the conversation going i'm i'm fairly talkative and
Ellie;340.832;341.342;mhm (mhm)
Participant;341.31;342.45;so <clears throat>
Ellie;342.852;354.641;relax_fishtank (sometimes when i'm feeling tense i turn on the fish tank screensaver hey i know it's not hawaii but it's the best i've got what do you do to relax) relax_fishtank (sometimes when i'm feeling tense i turn on the fish tank screensaver hey i know it's not hawaii but it's the best i've got what do you do to relax)
Participant;352.15;376.43;<laughter> um you know usually um i would listen to music or you know maybe just you know kinda go for a drive or uh you know hang out with my friends you know just something to just to kinda you know ease ease that you know 'cause you know like i said sometimes you get a little bit you know tense and you just wanna relax and you know just do the things that you enjoy so
Ellie;376.162;376.633;mm (mm) mm (mm)
Participant;376.79;377.15;<clears throat>
Ellie;377.865;379.926;control_temper (how are you at controlling your temper) control_temper (how are you at controlling your temper)
Participant;381.0;402.94;you know i've actually been better with that um couple years back you know i there was points where like i pretty much couldn't control my temper like whatsoever like <li> i mean i would just pretty much get angry at you know the littlest things everything would just kinda tick me off but you know i've i've definitely learned to uh you know control that sorta thing and you know it's made me a better person because of it <clears throat>
Ellie;403.504;406.555;last_argument (when was the last time you argued with someone and what was it about) last_argument (when was the last time you argued with someone and what was it about)
Participant;407.18;427.05;well let's see i'm trying to think it's it was probably something with my family with my mother maybe it's i i can't remember off the top of my head but you know it's it's always something so miniscule that that's why i probably don't remember it but you know eventually we make up and i apologize for it because you know i accept that you know i'm wrong in certain <cer> you know certain circumstances
Ellie;427.572;428.042;uh_huh (uh huh)
Participant;427.58;429.4;<clears throat> yeah
Ellie;431.467;433.502;feelguilty (what's something you feel guilty about)
Participant;434.57;454.14;something that i feel guilty about um probably you know not being as nice to others as i could've been in the past you know i mean and that is the past and you know i don't like to dwell on that sorta thing but i think that's one thing that i that i've tried to work on but it's also one thing that i kinda regret not doing just being just being nice <clears throat>
Ellie;454.397;458.05;hard_decisionB (tell me about the hardest decision you've ever had to make)
Participant;458.96;496.06;hardest decision i ever had to make uh it was pretty recent kinda tough because uh i actually have a buddy he was in the air force and he recently got diagnosed with uh paranoid schizophrenia so that was really tough and it's hard for me to talk to him because you know he's he's not really all there anymore like he used to be so it's one of those things where i feel like i'm kind of ignoring him and i don't wanna do that but at the same time i don't know his tendencies he could be a little you know crazy so probably like you know some sort of like traumatic stress disorder maybe when he was in the military so i don't know but yeah <clears throat>
Ellie;496.136;499.318;yeah_downer (yeah) been_hard (that sounds really hard)
Participant;500.41;507.27;yeah it's pretty tough you know 'cause we go way back been best friends with him <sigh> since i was probably about five six years old
Ellie;507.915;508.595;aw (aw)
Participant;507.92;519.43;so it's just yeah it's just really hard to deal with but you know i i try to i don't i don't  you know try to keep in the back of my mind but you know it's it's always there i don't i don't ever forget so yeah <clears throat>
Ellie;519.582;524.086;downer (okay) downer (okay) BF_describe (how would your best friend describe you)
Participant;525.16;552.53;my best friend <laughter> well he'd probably say that you know i'm i'm a pretty pretty down to earth guy usually pretty honest sometimes brutally honest but you know i try to work on that too um he'd probably say that i'm pretty funny um i like to hang out you know just kinda do things here and there you know just normal activities like any other person you know go to the beach hang out watch movies you know grab a few beers that sorta deal so yeah
Ellie;553.312;553.822;mhm (mhm)
Participant;554.35;554.74;<clears throat
Ellie;555.012;557.452;easy_sleep (how easy is it for you to get a good night's sleep)
Participant;558.3;580.36;you know it varies sometimes it's easier than others you know if i'm really tired you know i'll probably have a very good sleep i haven't been sleeping all that great the last few days 'cause you know my house uh there's workers on the roof so they're you're putting in the new roofing so that's kinda tough so that always wakes me up early in the morning so sometimes a little bit crabby but for the most part i usually get a pretty good sleep <clears throat>
Ellie;580.474;583.454;okay_confirm (okay) okay_confirm (okay) feel_lately (how have you been feeling lately) feel_lately (how have you been feeling lately)
Participant;584.33;606.2;lately eh been feeling pretty good you know because you know things are starting to look up i actually got an internship about <bout> a month ago for um you know my field of journalism so that's good about to graduate in two months so i'm looking forward to that um starting to make a little bit more money that's you know that's good and uh yeah things are just going pretty well right now i can't complain <clears throat>
Ellie;606.239;608.12;great_situation (that sounds like a great situation) great_situation (that sounds like a great situation)
Participant;608.23;615.67;yeah it's it's not bad you know like i said it could always be worse right but you know i'm i'm enjoying life so it's the that's the best part
Ellie;616.322;616.712;right2 (right)
Participant;616.45;616.81;<clears throat>
Ellie;617.518;619.559;ptsd_diagnosed (have you ever been diagnosed with p_t_s_d) ptsd_diagnosed (have you ever been diagnosed with p_t_s_d)
Participant;619.98;621.05;i have not no
Ellie;621.254;623.066;depression_diagnosed (have you been diagnosed with depression) depression_diagnosed (have you been diagnosed with depression)
Participant;623.44;623.73;nope
Ellie;626.242;627.642;feel_down (do you feel down)
Participant;627.97;628.13;no
Ellie;629.424;633.141;happy_lasttime (tell me about the last time you felt really happy) happy_lasttime (tell me about the last time you felt really happy)
Participant;633.41;658.23;last time i felt really happy <sigh> man <laughter> you know it was probably going back to my buddy when you know he was still still had his sanity i guess you could say um we you know he came back to visit from the air force he had some leave so you know we were just hanging out um you know just kicking back having a few beers and just talking about life so that that was nice but i miss that you know so <clears throat>
Ellie;658.916;660.457;describe_felt (how did you feel in that moment) describe_felt (how did you feel in that moment)
Participant;661.68;679.97;i felt great you know it because there's nothing like having a best friend you can have conversation you know twenty four seven about anything can tell anything to him in confidence and he could tell me anything in confidence like that's hard to find you know especially someone that you've known for so many years and then you can't really get it back now so yeah
Ellie;680.897;681.367;yeah3 (yeah)
Participant;680.9;681.23;<clears throat>
Ellie;682.926;683.996;regret (is there anything you regret)
Participant;685.37;718.46;yeah there there's a there's probably one or two things that i regret um well i mean i regret <reg> i got a d_u_i about three or four years ago actually it was four years ago so that's something that i definitely regret because you know i look back on it and you know things might've been different but at the same time you have to accept you know the actions you know circumstances that took place so you know i manned up and you know i guess i think i'm better off for it but at the same time you know it's it's always gonna be in the back of my mind like i said it's just one of those things that you have to deal with in your own way <clears throat>
Ellie;718.17;722.463;yeah3 (yeah) yeah3 (yeah) advice_back (what advice would you give to yourself ten or twenty years ago) advice_back (what advice would you give to yourself ten or twenty years ago)
Participant;723.31;747.74;<laughter> well you know it's one of those things like <laughter> i was a child then so i i really don't know what to say i mean even if i would've listened then who knows but you know i probably would've told myself you know just be careful you know make sure you can be the best person that you possibly can can be um basically you know just always be nice be honest um just be caring toward others so <clears throat>
Ellie;748.927;753.062;memory_erase (tell me about an event or something that you wish you could erase from your memory)
Participant;754.4;768.38;um probably going back to uh my buddy with the whole uh paranoid schizophrenic thing i don't say that i wish i could erase it i just wish that it didn't happen like that so <clears throat> yeah
Ellie;769.405;775.168;downer (okay) downer (okay) ideal_weekendC (tell me how you spend your ideal weekend)
Participant;775.82;797.62;my ideal weekend uh i usually keep it pretty pretty generic i tend to hang out with my friends um either you know we hang out in the day you know do certain things like you know maybe grab a few beers um you know just have casual conversation maybe play games watch movies you know just the standard stuff that people do so <clears throat>
Ellie;799.301;802.177;self_change (what are some things you wish you could change about yourself)
Participant;802.76;826.98;some things that i wish i could change um probably just you know be nicer like i said before um maybe not being as lazy have more determination i mean i i have quite a bit of determination i know what i wanna do with my life but i know there are times when i i kinda get a little lackadaisical so i wish i could improve upon that and not procrastinate as much so
Ellie;827.481;827.991;mhm (mhm)
Participant;827.75;828.14;<clears throat>
Ellie;829.312;834.599;feelbadly (tell me about a time when someone made you feel really badly about yourself)
Participant;834.89;859.61;um well you know it's it's tough to think back but i would probably say a time when someone made me feel really bad is you know i would say probably like when i was you know kinda getting angry at certain people maybe just kinda chewing out my friends when i probably shouldn't have i was trying to give more constructive criticism but at the same time i knew it it was probably not my place to say those kinds of things and they were out of character so <clears throat>
Ellie;861.577;866.954;okay_confirm (okay) Ellie17Dec2012_07 (what would you say are some of your best qualities)
Participant;867.26;886.37;my best qualities i would say that i'm definitely hardworking i'm determined i'm very caring now more than i used to be very honest and you know i i just i love to talk to people like i like making new relationships i like making people laugh <clears throat>
Ellie;887.889;892.605;thats_good (that's good) thats_good (that's good) Ellie17Dec2012_10 (tell me about something you did recently that you really enjoyed) Ellie17Dec2012_10 (tell me about something you did recently that you really enjoyed)
Participant;889.47;918.53;<clears throat> something that i did recently that i really enjoyed um you know it was probably <sigh> over at my internship i was just you know i i wrote a story or two and it just felt good you know to get those stories done and eventually they're gonna go into the paper so i feel accomplished about that you know it's one of those things when you work at something and then you see the product right there you know it's right in your face and you can tell yourself you know like i did that so
Ellie;919.024;919.744;awesome (awesome) awesome (awesome)
Participant;919.1;921.04;makes me feel good yep <clears throat>
Ellie;921.701;922.529;argument_about (what was it about) argument_about (what was it about)
Participant;923.49;936.23;um you know just let's see eh few different stories eh just usually things about well the the paper's in long beach so it's usually about you know stories or events that are taking place in long beach so yeah <clears throat>
Ellie;938.214;940.514;Ellie17Dec2012_08 (what are you most proud of in your life)
Participant;941.66;958.83;i would say that i'm most proud of you know graduating high school about to graduate college hopefully you know obviously i'm gonna earn a degree and then hopefully get a you know a good solid job you know in the near future i think that's one thing that i'm most proud of <clears throat>
Ellie;959.617;963.982;asked_everything (okay i think i have asked everything i need to) appreciate_open (thanks for sharing your thoughts with me)
Participant;964.4;964.73;thank you
Ellie;965.439;966.049;bye (goodbye)
