speaker;start_time;stop_time;text
Ellie;29.68;51.11;hi i'm ellie thanks for coming in today i was created to talk to people in a safe and secure environment i'm not a therapist but i'm here to learn about people and would love to learn about you i'll ask a few questions to get us started and please feel free to tell me anything your answers are totally confidential are you okay with this
Participant;51.57;52.01;yes
Ellie;52.74;56.04;okay so how are you doing today
Participant;54.56;57.42;<laughter> fine how are you
Ellie;58.77;62.07;i'm great thanks where are you from originally
Participant;62.34;64.83;uh watts california but now i live in west l_a
Ellie;65.59;66.03;really
Participant;67.21;68.1;<laughter> yes
Ellie;67.32;69.25;what are some things you really like about l_a
Participant;71.31;78.84;i love uh the sunshine i love the palm trees i love that um you're thirty minutes away from everything it's a great city
Ellie;79.83;83.13;yeah what are some things you don't really like about l_a
Participant;83.76;85.81;the traffic it's terrible
Ellie;87.12;90.46;i see what you mean what'd you study at school
Participant;91.11;92.43;i studied child development
Ellie;94.12;96.88;cool are you still working in that
Participant;98.34;103.09;yeah actually i uh teach children how to be safe in uh traffic situations
Ellie;106.03;108.95;awesome what's your dream job
Participant;109.48;115.17;oh my dream job is to be a filmmaker that's what i wanna do i wanna die doing that job making movies
Ellie;116.56;117.86;how did you decide to do that
Participant;119.55;135.85;well when i was uh in high school i did a lot of drama theater productions and i just love everything about film so once i had the opportunity to actually make a film uh because i wasn't getting any work as an actor i just got hooked i just love making film
Ellie;136.87;137.69;that's great
Participant;138.44;139.0;<laughter>
Ellie;138.77;140.31;when was the last time that happened
Participant;141.18;145.26;last time i made a film just this last october made a short film
Ellie;146.17;147.02;what was it about
Participant;147.54;160.29;<laughter> it's about three people that connect together they're completely unrelated but they get to a retreat where they realize that their problems are bigger than what they imagined originally
Ellie;160.31;164.9;mhm that sounds interesting
Participant;166.71;167.73;thanks <laughter>
Ellie;169.01;171.13;what are some things that make you really mad
Participant;172.01;196.42;really mad uh <laughter> really mad i you know i guess what makes me really mad is when my daughter acts stupid at school when she does not do her work and uh when she doesn't pay attention and i have to get phone calls home and letters home and emergency parent conferences that's what makes me mad
Ellie;196.38;196.79;uh oh
Participant;197.45;197.77;yeah
Ellie;198.03;198.89;that sucks
Participant;198.9;203.01;<laughter> yeah yeah it sucks she's one of the smartest kids in her school
Ellie;205.7;207.26;do you find it easy to be a parent
Participant;208.35;232.61;no it's it's it's very difficult because a lot of things in yourself that you find are negative go to them and it's like you're fighting against yourself trying to change yourself but you know that little person is you you know times a hundred and it's just difficult to deal with that but um other than that it it's okay but it's being a parent is never easy
Ellie;234.59;237.92;yeah what's the hardest thing about being a parent
Participant;240.35;283.71;<sigh> the hardest thing about being a parent i would say is trying to give that little person so much life experience so that they don't make mistakes or so that they don't get hurt and you wanna give it to them and you want them to just accept it right away but then they don't so it gets very uh um annoying sometimes that you know what's coming and you give them the info and they don't wanna take it they wanna find their own way and to watch them get hurt it's it's sad and then they wanna come to you and you're like ugh i tried to tell you but you can't be mad at them because everybody learns their own way so
Ellie;284.2;286.44;uh huh that sounds really hard
Participant;287.51;308.22;mm yeah i guess for a while when when you think about it uh when you watch them go through their struggles it's hard to watch but it's a necessary motion of life children have to learn the way they wanna learn 'cause once they get it they got it so however they get it you as a parent you're happy they got it
Ellie;309.28;312.14;that's good what's the best thing about being a parent
Participant;312.35;315.82;<sigh> all the love the children bestow upon you it's great they
Ellie;315.68;316.2;aw
Participant;316.31;330.82;yeah they love <lo> you know love you and all especially my daughter she always wants to give me hugs she always wants to talk to me she always wants to be around me uh she always tells me i'm doing a great job when i'm like <laughter> what does she know about a great job she's only seven but
Ellie;331.19;331.76;<laughter>
Participant;331.38;342.88;you know they have that unconditional love and you just can't help but feel like a good person for having the children tell you that you're a good person so i like that
Ellie;343.61;345.76;yeah that's so good to hear
Participant;346.37;346.72;hmm
Ellie;347.63;349.11;what do you think of today's kids
Participant;349.6;394.9;oh <laughter> my god they're ooh <sigh> they're you know it like albert einstein said it best that our technology has exceeded our humanity and there's so much technology out there kids are learning so fast it's almost like they're already little adults but they're missing the steps to being a child they miss going outside they miss learning about things naturally rather than just going to youtube or you know wherever facebook and and getting it so fast and they don't know what to do with all this information and they just have to fight through all that info and they the it's not organic anymore children growing up these days it's not organic it's sped up it's pushed
Ellie;385.11;385.62;uh huh
Participant;395.26;400.18;and it's just so hard for them to figure out who they are in this world so that's what's wrong
Ellie;400.9;402.53;yeah i see what you mean
Participant;402.84;403.08;hmm
Ellie;403.91;405.26;what do you do when you're annoyed
Participant;406.3;412.77;me <laughter> just <sharp inhale> breathe in <sharp exhale> and breathe out or i'll just walk away from the situation
Ellie;414.02;418.38;okay when was the last time you argued with someone and what was it about
Participant;418.93;444.17;argued i argued with my fiancee uh a couple months ago about gosh i forgot i i forgot i don't remember it was petty yeah but it didn't last long 'cause she's like me she doesn't like to argue about stuff we like to take care of stuff as it happens and that's it hmm
Ellie;446.12;446.98;how do you know them
Participant;448.38;449.08;my fiancee
Ellie;449.97;450.42;yes
Participant;451.21;474.82;<laughter> well um well i mean we met um when i was working at at a charter <ch> not a charter school but at a recreational center we met there and uh we talked we hit it off uh we didn't see each other for an entire year and then uh we reconnected and we went on a date and it was great ever since
Ellie;475.92;481.83;wow that's great how close are you to your family
Participant;483.63;509.64;my family we're pretty close my brother lives in colorado my sister lives in oklahoma i have a dad that lives in a neighboring city where i am um as close as we can be with the distance and certain choices that my family have made over the years you know being far away and um but my immediate family like you know my fiancee and my daughter like we're close and it's great
Ellie;510.97;513.24;okay do you travel a lot
Participant;514.09;525.25;<laughter> i don't travel enough but i have traveled a couple of times uh within the last five years i just came back from new zealand so that was a great experience
Ellie;524.54;525.13;nice
Participant;526.9;527.23;yeah
Ellie;527.25;528.68;what do you enjoy about traveling
Participant;530.3;548.11;i enjoy meeting new people that's the biggest thing about traveling i like seeing new things i like just immersing myself in different cultures and situations and i like just being away from it all that's that's good too
Ellie;548.75;551.08;mhm i'd love to hear about one of your trips
Participant;552.26;597.22;well i went to new zealand uh not too long ago and i had <ha> stayed there for a week um i learned about celsius 'cause you know here we have fahrenheit and that was fun uh i learned how to play cricket uh i learned how to get myself out of a capsized kayak and um i learned that they have a lot of lamb lamb is good i like lamb but they had a lot of lamb oh and their seafood <seaf> seafood i can't eat but they do have really great chocolate chocolate is <sigh> it was so good and ice cream was good too and uh the people were really really nice they it was a very special time for me to go there it was great and they accepted me i love that and yeah can't wait to go back
Ellie;598.0;599.75;that sounds like a great situation
Participant;600.32;601.7;<laughter> yes it was
Ellie;604.23;606.52;what would you say are some of your best qualities
Participant;607.71;622.72;some of my best qualities um energetic uh very personable uh intelligent i am easy to get along with i work pretty hard and i'm very slow to getting upset about things
Ellie;624.16;627.15;that's good have you ever served in the military
Participant;627.26;627.56;no
Ellie;629.08;630.94;have you ever been diagnosed with p_t_s_d
Participant;631.41;631.7;no
Ellie;632.4;634.2;have you been diagnosed with depression
Participant;634.36;634.64;no
Ellie;635.95;638.29;how easy is it for you to get a good night's sleep
Participant;639.57;640.74;mm it's fairly easy
Ellie;641.72;643.35;what are you like when you don't sleep well
Participant;643.89;657.39;<laughter> uh i guess i get pretty moody you know i could be a little little snappy at people when i don't sleep well when i have lack of sleep but once i get some sleep in me i'm okay
Ellie;658.25;661.47;okay how have you been feeling lately
Participant;662.86;663.87;mm fine
Ellie;665.48;670.31;that's good have you noticed any changes in your behavior or thoughts lately
Participant;670.99;672.85;no no no changes no
Ellie;673.37;676.63;okay how would your best friend describe you
Participant;677.16;701.96;scrubbed_entry um you know he would say that i'm pretty funny um lax about a lot of things uh i enjoy life as much as i possibly can um good friend to have around and always ready and eager to help
Ellie;703.33;708.83;okay what are some things that usually put you in a good mood
Participant;709.9;723.84;<laughter> just waking up in the morning <laughter> it's always a great thing uh i love ice cream that's always good i love laughing ugh if somebody's laughing especially my fiancee 'cause she has a great laugh then
Ellie;723.75;724.25;aw
Participant;724.3;725.52;that puts me in a good mood
Ellie;726.68;727.95;that's so good to hear
Participant;728.44;730.05;hmm thank you
Ellie;731.25;733.56;who's someone that's been a positive influence in your life
Participant;735.06;762.09;scrubbed_entry and that's what i wanna do i definitely wanna get into acting and really work it and get some really good roles so he's been a positive influence he stayed out of trouble um he's maintained a good working relationship with people and he's always positive and very super helpful and very encouraging
Ellie;763.21;764.05;how do you know them
Participant;764.64;768.42;oh we went to junior high school and high school together so he's my best friend
Ellie;769.13;769.52;wow
Participant;770.28;770.64;yeah
Ellie;770.88;772.1;that's a long time
Participant;772.02;773.13;<laughter> yes it is
Ellie;775.7;777.86;what's one of your most memorable experiences
Participant;780.34;805.36;wow there's so many uh scrubbed_entry had uh these bag of m and m's and we had went to a play and there were two girls that were a couple of rows down that you know we didn't particularly care for but you know that's how kids are you just they don't know how to you know they say they don't like somebody but you know
Ellie;801.69;802.35;<laughter>
Participant;805.76;820.15;anyway but we got these m and m's and while the it was dark we start throwing m and m's and hitting 'em in the head with the m and m's and then we came to school like three days later uh we were summoned and there was a mock trial to get
Ellie;819.93;821.37;<laughter>
Participant;820.67;834.47;scrubbed_entry so we were able to get ourselves off on like the entire group had found us not guilty of the crime
Ellie;826.9;827.38;uh oh
Participant;835.09;842.97;and but then we got in trouble anyway because our teacher just wouldn't allow us to not get in trouble so we had to clean up the yard for like two days
Ellie;843.76;849.12;aw what are some things you like to do for fun
Participant;850.31;874.63;oh man you name it uh i love scuba diving i've only done it twice but i love it wanna get back into it like traveling uh i love exercising i actually like working out now uh i used to think it was a chore but now i'm really really getting into it that i love watching movies you put me in front of a good movie and i'm a happy camper so that's about it hanging out with family
Ellie;873.39;876.87;okay is there anything you regret
Participant;877.88;891.03;anything i regret hmm <deep breath> you know what i think i <laughter> i probably regret not going up to will smith when i had the chance
Ellie;892.93;893.93;can you tell me about that
Participant;894.82;911.73;yeah uh will smith was coming up the street and i saw him and i got so nervous i jumped in the bushes and i didn't meet him uh my boss at the time thought it was really funny but i just i wasn't ready to meet him yet so but i think i regret meeting him
Ellie;913.1;919.29;i understand what advice would you give yourself ten or twenty years ago
Participant;921.84;942.05;advice i would give myself ten or twenty years ago i would probably say that when my gut told me to do something i should've just went on ahead and did it rather than sit and analyze it you know days weeks months later if i feel it in my gut i should go for it so go with my gut more
Ellie;944.12;949.97;mhm okay when was the last time you felt really happy
Participant;953.36;981.04;really happy hmm really happy i i had a film festival that i was putting together and things were so intense we things were going wrong but then things were going right but then once the people came and packed the house i was really happy that we had a packed house at this uh film festival so this was about a month ago
Ellie;980.11;980.7;nice
Participant;982.2;982.5;yeah
Ellie;983.57;987.79;cool what are you most proud of in your life
Participant;989.85;1023.05;<sigh> let's see i think right now at this point i'm most proud of putting a short film together with a minimal budget but it has amazing actors it has a great storyline and i didn't think it could be done but it's done or close to being done and i'm i'm proud of that i was able to get it done i think i could walk away happy knowing that i gave it a really good shot and i think this movie is probably going to take me and the rest of my film crew buddies to higher heights
Ellie;1024.46;1029.54;that's great okay i think i've asked everything i need to
Participant;1029.81;1030.21;oh really
Ellie;1031.75;1034.14;mhm thanks for sharing your thoughts with me
Participant;1035.06;1036.76;alright well what was your name again
Ellie;1039.6;1040.28;i'm ellie
Participant;1041.04;1042.19;ah ellie
Ellie;1043.12;1043.64;goodbye
Participant;1043.76;1044.3;goodbye
