speaker;start_time;stop_time;text
Participant;11.73;12.76;<sync>
Ellie;28.928;50.468;IntroV4Confirmation (hi i'm ellie thanks for coming in today i was created to talk to people in a safe and secure environment i'm not a therapist but i'm here to learn about people and would love to learn about you i'll ask a few questions to get us started and please feel free to tell me anything your answers are totally confidential are you ok with this)
Participant;51.73;60.52;yeah i'm totally fine it be confidential or not you know my words <wo> my words are everybody's get wild <laughter>
Ellie;57.431;64.955;okay_confirm (okay) thats_good (that's good) how_doingV (so how are you doing today)
Participant;66.4;82.48;i'm doing pretty good hanging out nice weather um i just had a recent change of feeling just now looking at you <laughter> the the digitial you that i'm saying uh i don't know it's yeah it's funny
Ellie;80.239;83.45;really (really) why2 (why)
Participant;84.3;104.62;um <tisk> because i just always thought that uh the conveying of emotions or feelings uh be like better understood with a human interaction as opposed to a non human entity such as yourself
Ellie;104.216;104.986;Ellie17Dec2012_02 (uh huh)
Participant;105.67;106.72;yeah
Ellie;108.128;111.858;see_mean (i see what you mean) where_originally (where are you from originally)
Participant;110.61;123.79;i i think you see what i mean <laughter> i'm from um born and raised in los angeles venice area mar vista specifically um that's where i'm from
Ellie;122.393;127.343;cool3 (cool) like_about_LA (what are some things you really like about l_a)
Participant;128.35;168.43;um well there's a lot more that i don't like but what i do like is that public transportation is coming up uh that the idea of certain you know medical drugs like marijuana is a prevalent you know topic very thought upon and i feel that los angeles' deep culture is um why i stay here and pursue my art because there's a lot to there's a lot to gain from the different communities if you understand <laughter> yeah
Ellie;166.564;170.388;mhm (mhm) dont_like_LA (what are some things you don't really like about l_a)
Participant;170.89;211.8;um well the the human mentality here is um is very very hectic very chaotic you know a lot due to the vehicle the car the freeway and this idea that we're on a grind you know this yeah it's it's a very it's it's very hectic um atmosphere human atmosphere that is not very conducive for a supporting loving community to help each other out kind of thing
Ellie;212.071;212.541;mm (mm)
Participant;212.53;213.42;yeah
Ellie;214.645;220.828;travel_shoes (i'm sure you can tell by my shoes i'm not much of a world explorer do you travel a lot)
Participant;220.85;234.96;well i can't see your shoes <laughter> but um i love to travel i do love hiking i do love surfing swimming biking riding taking rides uh <laughter> i do love to travel yeah
Ellie;235.365;236.885;travel_changed (what do you enjoy about traveling)
Participant;238.33;274.78;um from my travels it's not like well i do enjoy a lot of things about travel but it's more like what do i it's it's just more like i i enjoy not being uh trapped in the city with all these uh made up ties and restraints i enjoy traveling because i get to see the world as it really is instead of this uh faux image you know man <ma> man made image that it is here so i love traveling because i get to get out of this and see the world as it is
Ellie;275.094;275.994;thats_great (that's great)
Participant;277.21;278.4;thanks <laughter>
Ellie;278.299;279.979;travel_trips (i'd love to hear about one of your trips)
Participant;281.04;289.15;would you <laughter> okay <laughter> um
Ellie;285.728;286.238;mhm (mhm)
Participant;289.71;339.63;well i um kind of recently last year went to los banos central california area and although it wasn't that far from l_a it was completely different energy um there was no phones there was no wifi there's no t_v there was um there was sanity there was a relative sanity in the sense that um people weren't diluted and getting all of this input from digital media and outer influence people were just raw real and hiking and chilling I was working at a hot spring resort and i just got to breath and hike and farm and do a lot of carpentry
Ellie;340.276;340.646;hmm1 (hmm)
Participant;340.32;341.33;yeah
Ellie;341.23;342.17;difficult (how hard is that)
Participant;343.29;354.91;um not hard you don't you don't even think about difficulty when you're doing things you truly love and enjoy so it wasn't
Ellie;356.024;357.454;change_directions (what made you decide to do that)
Participant;358.86;380.06;um i guess uh kind of what i described about the city i just wanted to uh get out of here and kind of kind of just get out of here really and just experience the real the real deal yeah
Ellie;380.5;383.588;okay_confirm (okay) study (what did you study at school)
Participant;385.28;402.17;um well currently i'm studying um currently i'm studying physical therapy i'm about to become a licensed massage therapist but before that yeah kind of cool but before that i was going to
Ellie;398.718;399.288;wow (wow)
Participant;402.5;419.21;scrubbed_entry um for music composition so i was just writing scores for films animations dance productions theater productions stuff like that yeah it was it was cool it was fun trippy
Ellie;415.316;416.446;sounds_interesting (that sounds interesting)
Participant;419.77;440.27;very trippy um but it was cool but i had to leave that because tuition hikes up to you know going up to like fifty thousand a year for like a four year b_f_a is uh not not the deal not trying to trap myself with these uh chains of federal loans
Ellie;440.349;440.789;yeah_downer (yeah)
Participant;441.18;442.07;so yeah
Ellie;441.713;442.553;that_sucks (that sucks)
Participant;443.48;448.12;hey that's not a good word sucks <laughter>
Ellie;448.21;449.41;dream_job (what's your dream job)
Participant;450.46;493.21;um dream job hm my dream job would be anything <exhale> that i can do to alleviate these uh metropolitan like cities from the nightmare that they've been put in my dream is to alleviate the nightmare my dream is to incite dream back within the modern human world and with you know physical therapy and artistic expression i've got some great ideas <laughter> yeah
Ellie;494.015;500.93;thats_good (that's good) shyoutgoing (do you consider yourself more shy or outgoing)
Participant;500.81;511.12;um i guess more outgoing i just like i just like experiencing things so outgoing yeah
Ellie;512.329;524.097;relax_fishtank (sometimes when i'm feeling tense i turn on the fish tank screensaver hey i know it's not hawaii but it's the best i've got what do you do to relax)
Participant;525.76;542.3;<laughter> i thought that was really funny um what i do to relax is uh just kind of breath it out chill maybe make a smoothie or some tea and i go bike riding write yeah
Ellie;543.076;547.509;uh_huh (uh huh) control_temper (how are you at controlling your temper)
Participant;548.81;557.168;hmm pretty good i guess i haven't yelled in a long time
Ellie;558.145;561.195;last_argument (when was the last time you argued with someone and what was it about)
Participant;562.987;602.474;um well it wasn't arguing i don't i don't really argue much i just like to state my opinion and have it be understood and i like the person that i'm conversing with to say their opinion and have it understood so the last time that happened was uh i guess yesterday chilling in downtown with a friend from new york and we were talking about writing and basically we were not arguing but talking about opinions and that sometimes things are not ready to be written yeah so yesterday
Ellie;603.847;610.004;okay_confirm (okay) feelguilty (what's something you feel guilty about)
Participant;612.537;628.25;hm guilty that's tough i haven't had that feeling in a long time guilt what about you what's something you feel guilty about
Ellie;629.436;631.136;talk_later (why don't we talk about that later)
Participant;631.437;634.212;<laughter> okay
Ellie;634.327;638.456;memory_erase (tell me about an event or something that you wish you could erase from your memory)
Participant;639.931;661.64;mm i don't really wish i could erase anything from my memory 'cause then that would just be like i would feel something was lacking from my current present life if something just got erased you know butterfly effect kind of like yeah
Ellie;662.419;667.766;mm (mm) situation_handled (tell me about a situation that you wish you had handled differently)
Participant;668.77;726.567;hmm um maybe the time scrubbed_entry um she was going to school i was taking the year off and i was just kind of hanging around um but we had an apartment together with another friend and it didn't turn out you know not all nothing turns out as it's thought to be and that's kind of the beautiful thing about it but this one turned out a little uh a little different actually quite different than i thought it would be and i thought it was funny but yeah it ended up uh me leaving before the lease ended and that actually ended up yeah with us separating but that's something i wish uh maybe i handled a little more thoughtfully
Ellie;729.395;733.072;hard_decisionB (tell me about the hardest decision you've ever had to make)
Participant;735.476;759.906;the hardest decision huh hm maybe maybe not the hardest but a hard decision i had to make was leaving school dropping my uh continuation of achieving being a b_f_a yeah that could've been the hardest
Ellie;758.633;762.165;yeah_downer (yeah) change_directions (what made you decide to do that)
Participant;763.208;779.023;um it's just uh i don't i mean of course money money is the motto money's a big issue tution hikes going around the whole nation not a fan of that not a fan of support <s> not a fan of support that
Ellie;776.916;777.306;right2 (right)
Participant;779.805;810.193;but um yeah that's probably one of the biggest reasons why i just don't support these crazy tution hikes going around and um but another reason why i decided to leave i had to make a hard decision to decide to leave was also because um art institute you know um that's a that's a funny idea in itself already and basically i was a musician being taught by a musician
Ellie;810.691;811.201;mhm (mhm)
Participant;811.426;825.56;to make music and same with you know all the all the dancers or the theatre students you know getting taught dance to to a dancer from a dancer how to dance you know
Ellie;825.706;826.096;right2 (right)
Participant;826.386;848.587;and it's just um yeah it's just not quite as artistic as i thought art would be art <shh> art comes from somewhere uh somewhere sweet and deep and purple and uh not not from out there you know so yeah
Ellie;849.903;854.216;okay_confirm (okay) easy_sleep (how easy is it for you to get a good night's sleep)
Participant;855.624;893.174;hm if i if i um it's kind of easy i mean it depends you know if i remember to make some chamomile tea or if i remember to breathe and go through my mantras or remember to do my pre like dream therapy work then i can get into it real nice um but if i just get deluded with all my thought then it takes a long time until i remember to breathe yeah
Ellie;892.997;894.107;symptoms_cope (how do you cope with them)
Participant;896.015;933.084;um yeah basically just what i said just breathing or you know if i'm hanging out with friends coming home late and if i get the lucky chance to be uh medicated from you know a nice a nice indica um then it really does you know indica does put me down pretty nice pretty drowsy so a lot of things breathing you know mm you know medical herbs uh like chamomile and cannabis and just uh going just relieving myself of bad bad juju <laughter>
Ellie;933.887;940.859;okay_confirm (okay) behavior_changes (have you noticed any changes in your behavior or thoughts lately)
Participant;942.502;956.871;mm mm i i guess not if i can't think of something no
Ellie;957.389;958.769;feel_lately (how have you been feeling lately)
Participant;961.18;986.772;i've been feeling kind of like kind of like this kind of just cruising on a on a grey line but it's a nice grey it's a really nice hue um some people wouldn't like this but i really like that and it's uh it's stable yeah it's it's comfortable yeah
Ellie;984.776;989.851;mhm (mhm) ptsd_diagnosed (have you ever been diagnosed with p_t_s_d)
Participant;990.713;993.696;no no i haven't
Ellie;994.125;995.935;depression_diagnosed (have you been diagnosed with depression)
Participant;997.848;1006.068;not by a certified um medical professional no but no i haven't <laughter>
Ellie;1006.7;1007.86;tell_about_that (can you tell me about that)
Participant;1009.2;1051.169;um yeah i mean i just think like the whole you know like you said p_t_s_d depression and you know other you know mental instabilities i think everybody is depressed i think everybody is overjoyed i think everybody's angry i think everybody's shy everybody's social all at the same time you know it's just different days different you know variants different floats different boats you know different waves different swells um so yeah i think i'm depressed i think i'm really happy i think i'm really angry i think i'm really friendly you know all that but just on different variants different floats
Ellie;1052.916;1058.208;okay_confirm (okay) happy_lasttime (tell me about the last time you felt really happy)
Participant;1059.877;1081.063;really happy um i i mean i feel really happy a lot uh and i feel really sad a lot but really happy was uh i guess maybe this morning when i just biking over here just enjoying the sun enjoying the breeze biking
Ellie;1080.822;1081.722;thats_great (that's great)
Participant;1082.052;1083.264;yeah it is <laughter>
Ellie;1084.114;1085.804;BF_describe (how would your best friend describe you)
Participant;1086.957;1104.34;um well i have a lot of best friends and they describe me all all pretty differently but underlying that same idea that maybe i'm just uh maybe in a nutshell just kind of aquarius i guess
Ellie;1106.62;1111.53;okay_confirm (okay) advice_back (what advice would you give to yourself ten or twenty years ago)
Participant;1113.592;1139.232;well i'm twenty one so twenty years ago <laughter> i would've told myself to keep being a baby uh stay young and don't lose sight you know don't stop listening keep letting things happen don't make them happen be be a beautiful baby that's what i would've told myself or yeah be a beautiful baby
Ellie;1141.607;1147.521;okay_confirm (okay) Ellie17Dec2012_07 (what would you say are some of your best qualities)
Participant;1148.878;1188.29;mm um well i guess recently what has been shown to me uh through me by me is um my ability to work with others and i'm mainly speaking in an artistic standpoint i've been uh collaborating a lot with artists working on a lot of different um mediums mixed media projects and i'm really comfortable with it and with other peoples and melting our ideas together yeah
Ellie;1188.412;1194.653;uh_huh (uh huh) Ellie17Dec2012_08 (what are you most proud of in your life)
Participant;1195.84;1226.004;mm that's a weird question like um like that's trying to make me single out the you know one moment that i today reflect upon and think about like it's some past glory that i'm not capable of fulfilling today so i think the proudest moment of my life is right now chiling hanging with you
Ellie;1220.427;1230.003;yes (yes) thank_you (thank you)
Participant;1231.015;1233.602;yeah thank you
Ellie;1234.147;1236.835;family_relationship (tell me about your relationship with your family)
Participant;1238.422;1269.707;mm it's interesting um  my immediate family is uh mother father younger sister older brother older brother is in south asia just kind of backpacking around uh younger sis she's really chill she kind of does music too and we just hang out we're really cool mom mama i'm really chill with love her to death
Ellie;1270.397;1270.807;cool3 (cool)
Participant;1270.536;1292.369;uh she gets me and dad uh he he doesn't get me but i love the art that he makes he he does crazy painting and i kind of get him through that but uh uh yeah there needs to be more communication which is being worked upon
Ellie;1294.789;1295.429;thats_good (that's good)
Participant;1296.321;1296.681;hm
Ellie;1298.253;1303.889;asked_everything (okay i think i have asked everything i need to) appreciate_open (thanks for sharing your thoughts with me)
Participant;1304.693;1308.206;cool yeah thanks for wondering about my thoughts
Ellie;1308.578;1309.188;bye (goodbye)
Participant;1309.782;1320.386;goodbye so i guess i push this guy
Ellie;1320.803;1321.313;mhm (mhm)
Participant;1322.517;1331.246;oh so i could still talk to you <laughter> or i could push this button
Ellie;1332.251;1332.871;yes (yes)
Participant;1334.369;1337.565;but this is kind of fun <laughter>
Ellie;1337.092;1337.892;wild_laughter3 ((laughter))
Participant;1338.962;1346.285;and you can laught you should laugh one more time <laughter> can you do other things than laugh
Ellie;1342.057;1351.143;wild_laughter5 ((laughter)) yes (yes)
