speaker;start_time;stop_time;text
Participant;10.54;11.63;<sync>
Ellie;25.516;47.056;IntroV4Confirmation (hi i'm ellie thanks for coming in today i was created to talk to people in a safe and secure environment i'm not a therapist but i'm here to learn about people and would love to learn about you i'll ask a few questions to get us started and please feel free to tell me anything your answers are totally confidential are you ok with this)
Participant;47.5;47.88;yes
Ellie;48.349;52.962;okay_confirm (okay) how_doingV (so how are you doing today)
Participant;53.78;54.81;kind of down
Ellie;57.023;57.593;why2 (why)
Participant;58.48;61.98;i don't have a boyfriend don't have any
Ellie;63.63;67.957;sorry_hear (i'm sorry to hear that) where_originally (where are you from originally)
Participant;68.39;69.05;florida
Ellie;70.103;70.693;really (really)
Participant;71.74;71.91;yep
Ellie;72.969;74.049;when_LA (when did you move to l_a)
Participant;75.2;76.72;uh try to find work
Ellie;78.581;80.481;often_backB (how often do you go back to your hometown)
Participant;81.48;83.05;um about once a year
Ellie;84.847;87.872;thats_good (that's good) compares_LA (how does it compare to l_a)
Participant;89.42;90.72;mm more boring
Ellie;92.126;94.596;adapted_LA (how easy was it for you to get used to living in l_a)
Participant;95.54;96.91;um not easy
Ellie;98.661;99.821;tell_about_that (can you tell me about that)
Participant;101.44;108.17;um it's harder when you don't have enough much money to get your own place so i have to  live with roommates
Ellie;108.74;112.986;yeah3 (yeah) like_about_LA (what are some things you really like about l_a)
Participant;113.57;119.61;um the weather um the good <guh> scenery
Ellie;120.416;124.104;mhm (mhm) dont_like_LA (what are some things you don't really like about l_a)
Participant;124.47;130.49;um traffic and it's too expensive to have your own place by your own
Ellie;131.29;139.893;see_mean (i see what you mean) travel_shoes (i'm sure you can tell by my shoes i'm not much of a world explorer do you travel a lot)
Participant;140.37;141.84;not as much as i want to
Ellie;143.501;145.021;travel_changed (what do you enjoy about traveling)
Participant;146.15;152.35;um seeing different places different cultures the building the food and stuff
Ellie;153.448;155.128;travel_trips (i'd love to hear about one of your trips)
Participant;156.27;181.94;um let's see okay um i grew up in florida over here so i guess that's probably um i drove through the south i went to alabama um people are nicer in louisiana people are really nice through mississippi then texas then new mexico <me> mexico <xico> then then arizona then here in california so i got to see the country a little bit
Ellie;182.399;187.962;awesome (awesome) memorableB (what's one of your most memorable experiences)
Participant;189.71;198.14;i guess traveling through a country went to loiusiana people are really nice in a small town called jennings and people are always happy you know and fun funny
Ellie;199.55;203.032;thats_great (that's great) study (what did you study at school)
Participant;204.5;209.25;um i just went to high school just did the basic stuff
Ellie;210.358;211.558;dream_job (what's your dream job)
Participant;212.36;224.17;um i don't know my my dream job i don't know um an interior designer to the stars
Ellie;225.986;226.576;really (really)
Participant;227.19;227.44;yep
Ellie;228.714;229.284;why2 (why)
Participant;229.94;235.97;well because if they have enough money to get their furniture and i get to keep their free furniture too
Ellie;236.048;245.05;wild_laughter3 ((laughter)) shyoutgoing (do you consider yourself more shy or outgoing)
Participant;243.95;244.48;outgoing
Ellie;246.107;257.928;relax_fishtank (sometimes when i'm feeling tense i turn on the fish tank screensaver hey i know it's not hawaii but it's the best i've got what do you do to relax)
Participant;258.23;262.07;um i watch t_v funny shows <sh> t_v shows
Ellie;263.409;263.949;like_what (like what)
Participant;264.95;271.52;um sometimes big bang theory or sometimes like a funny movie on t_v
Ellie;272.894;276.743;nice (nice) control_temper (how are you at controlling your temper)
Participant;277.61;278.11;pretty good
Ellie;279.618;282.668;last_argument (when was the last time you argued with someone and what was it about)
Participant;283.6;305.47;um where i used to live about two weeks ago i had to move out and um i moved in there and he told me that they weren't they didn't have any marijuana marijuana plants the one thing i don't wanna be around and it had that so i had to move out 'cause he had his stuff in the living room yeah it does yeah
Ellie;302.973;303.813;that_sucks (that sucks)
Participant;306.13;306.34;<laughter>
Ellie;308.056;311.843;situation_handled (tell me about a situation that you wish you had handled differently)
Participant;312.76;330.8;um i don't know good question um probably <laughter> probably probably i don't know probably with an ex boyfriend we broke up and
Ellie;333.596;336.564;okay_confirm (okay) tell_about_that (can you tell me about that)
Participant;337.5;342.6;yeah it's that's in the past i'm over him he was a he was a jerk anyway
Ellie;346.945;352.677;okay_confirm (okay) hard_decisionB (tell me about the hardest decision you've ever had to make)
Participant;353.26;359.13;hardest decision <sigh> leaving home
Ellie;363.09;364.05;tell_me_about (tell me about that)
Participant;366.21;369.18;well 'cause i have a better life out here in california but i miss home
Ellie;371.631;377.928;yeah_downer (yeah) im_sorry (i'm sorry) uncomfortable_talkV (is it uncomfortable for you to talk about this)
Participant;377.81;378.23;yep
Ellie;380.504;380.904;downer (okay)
Participant;383.22;383.59;<sniff>
Ellie;384.984;387.424;easy_sleep (how easy is it for you to get a good night's sleep)
Participant;388.43;392.01;um when my roommates don't have the t_v on loud pretty good
Ellie;394.054;395.834;sleep_affects (what are you like when you don't sleep well)
Participant;395.98;401.82;<sniff> tired i'm lazier during the day
Ellie;403.002;406.443;uh_huh (uh huh) feel_lately (how have you been feeling lately)
Participant;406.94;410.04;<sniff> uh frustrated
Ellie;411.798;412.368;why2 (why)
Participant;414.12;417.05;um i'm poor i don't wanna be
Ellie;419.604;425.71;isee_downer (i see) behavior_changes (have you noticed any changes in your behavior or thoughts lately)
Participant;426.4;430.12;<sniff> um no i'm just more sad
Ellie;432.226;434.036;depression_diagnosed (have you been diagnosed with depression)
Participant;435.01;435.39;no
Ellie;439.493;443.225;happy_lasttime (tell me about the last time you felt really happy)
Participant;441.64;455.93;<sniff> oh wow um it's been a good while it's been like god over two years
Ellie;458.178;459.338;tell_about_that (can you tell me about that)
Participant;460.51;469.24;um i didn't have any money problems i was doing fine um yeah
Ellie;472.256;475.506;Ellie17Dec2012_10 (tell me about something you did recently that you really enjoyed)
Participant;476.28;485.47;oh i uh um i was with my cats at home here in california and they're playing outside
Ellie;488.863;491.065;ideal_weekendC (tell me how you spend your ideal weekend)
Participant;491.88;499.07;my ideal weekend would be nice um at the beach eating at a nice restaurant <sniff>
Ellie;501.416;502.486;regret (is there anything you regret)
Participant;506.24;507.92;no no
Ellie;509.624;512.574;advice_back (what advice would you give to yourself ten or twenty years ago)
Participant;513.93;519.54;um don't spend so much money you will need it in the future
Ellie;520.902;522.772;avoid (could you have done anything to avoid it)
Participant;524.26;527.57;yeah save money
Ellie;529.633;535.305;okay_confirm (okay) self_change (what are some things you wish you could change about yourself)
Participant;537.12;539.27;um my bank account
Ellie;543.181;544.871;BF_describe (how would your best friend describe you)
Participant;545.58;547.42;um as a nice person
Ellie;550.474;552.174;very_young (you were very young weren't you)
Participant;553.86;556.36;in what <laughter> what <laughter>
Ellie;558.331;560.631;Ellie17Dec2012_08 (what are you most proud of in your life)
Participant;561.52;570.86;<sniff> um um i'm a person i don't know uh um i persevere
Ellie;575.072;577.743;family_relationship (tell me about your relationship with your family)
Participant;579.08;580.44;uh i'd rather not
Ellie;584.358;586.688;influence_positive (who's someone that's been a positive influence in your life)
Participant;589.71;597.31;uh man a few years ago it was more like a mentor and um taught me some things
Ellie;599.429;599.969;like_what (like what)
Participant;601.18;605.68;never complain <sniff> be thankful everything you have
Ellie;610.236;613.176;Ellie17Dec2012_07 (what would you say are some of your best qualities)
Participant;614.74;623.02;um my eyes people say i have pretty eyes um like to dress up
Ellie;625.461;627.121;do_fun (what are some things you like to do for fun)
Participant;627.58;635.42;<sniff> for fun i like to try surfing go shopping maybe go to art galleries
Ellie;637.468;646.952;thats_good (that's good) asked_everything (okay i think i have asked everything i need to) appreciate_open (thanks for sharing your thoughts with me) bye (goodbye)
Participant;647.64;649.17;bye <laughter>
Ellie;652.14;652.76;yes (yes)
