speaker;start_time;stop_time;text
Participant;14.58;15.48;<sync>
Ellie;29.897;51.437;IntroV4Confirmation (hi i'm ellie thanks for coming in today i was created to talk to people in a safe and secure environment i'm not a therapist but i'm here to learn about people and would love to learn about you i'll ask a few questions to get us started and please feel free to tell me anything your answers are totally confidential are you ok with this)
Participant;51.6;51.99;yes
Ellie;52.464;56.312;okay_confirm (okay) how_doingV (so how are you doing today)
Participant;56.65;57.21;i'm doing well
Ellie;57.771;60.505;thats_good (that's good) where_originally (where are you from originally)
Participant;60.8;62.01;uh california
Ellie;63.678;65.788;like_about_LA (what are some things you really like about l_a)
Participant;66.33;68.74;i like the weather i like the people
Ellie;69.979;72.329;dont_like_LA (what are some things you don't really like about l_a)
Participant;72.79;75.98;i don't like the traffic uh that's primarily it
Ellie;76.851;80.712;see_mean (i see what you mean) study (what did you study at school)
Participant;81.36;82.29;sociology
Ellie;82.993;86.439;really (really) hard_decision (how did you decide to do that)
Participant;85.03;91.62;yep uh it's a topic that just really interested me the most out of all the other subjects
Ellie;92.601;93.861;still_working_on_X (are you still working in that)
Participant;94.41;94.79;no
Ellie;96.634;97.834;dream_job (what's your dream job)
Participant;98.6;99.33;to be a writer
Ellie;101.196;102.356;tell_about_that (can you tell me about that)
Participant;103.36;111.33;um i like being able to write what i want to write uh right now i write things that i'm not really that interested in
Ellie;112.665;113.205;like_what (like what)
Participant;113.64;120.11;like uh articles about uh teenager culture stuff like that
Ellie;121.687;124.959;mhm (mhm) todays_kids (what do you think of today's kids)
Participant;125.47;131.18;um i think they have it pretty easy they don't know how easy they have it <laughter>
Ellie;132.224;141.072;yeah3 (yeah) travel_shoes (i'm sure you can tell by my shoes i'm not much of a world explorer do you travel a lot)
Participant;141.12;142.57;uh no not really
Ellie;144.28;151.543;okay_confirm (okay) shyoutgoing (do you consider yourself more shy or outgoing)
Participant;150.76;158.31;mm depends on the situation or who i'm around when i first meet people i can be shy uh but if it's someone i've known for a while i can be outgoing
Ellie;159.224;173.561;uh_huh (uh huh) relax_fishtank (sometimes when i'm feeling tense i turn on the fish tank screensaver hey i know it's not hawaii but it's the best i've got what do you do to relax)
Participant;173.47;183.08;um i'll lay down or try some sort like deep breathing or uh just maybe do something that's kinda fun and mind numbing like watch t_v
Ellie;184.679;186.739;control_temper (how are you at controlling your temper)
Participant;187.79;196.1;i'm pretty good i don't really let anger show that much um i'm not like a i don't have a fiery temper or anything like that i'm pretty rational
Ellie;196.763;201.294;thats_good (that's good) last_argument (when was the last time you argued with someone and what was it about)
Participant;202.17;209.72;um i actually can't remember when the last time i argued with someone was 'cause it's been so long
Ellie;211.35;217.133;wow (wow) feelguilty (what's something you feel guilty about)
Participant;218.67;223.88;um i guess i feel guilty about the fact that i don't talk to my grandparents as much as i should
Ellie;226.391;231.515;okay_confirm (okay) family_relationship (tell me about your relationship with your family)
Participant;232.01;236.66;um i'm close with my grandparents but not really anyone else in my family
Ellie;238.501;239.071;why2 (why)
Participant;239.81;247.18;uh 'cause they basically sort of raised me uh and uh my parents weren't really in the picture that much
Ellie;248.334;254.969;understand (i understand) situation_handled (tell me about a situation that you wish you had handled differently)
Participant;255.91;268.08;um <sigh> i can't really think of one right now
Ellie;269.508;276.053;okay_confirm (okay) memory_erase (tell me about an event or something that you wish you could erase from your memory)
Participant;278.08;285.04;uh i guess uh when my sister died it was really traumatizing
Ellie;286.125;286.865;im_sorry (i'm sorry)
Participant;287.22;287.48;mhm
Ellie;289.174;291.734;uncomfortable_talkV (is it uncomfortable for you to talk about this)
Participant;291.81;292.94;yeah yes
Ellie;294.199;300.906;downer (okay) hard_decisionB (tell me about the hardest decision you've ever had to make)
Participant;303.48;310.23;um i guess the hardest decision i've ever had to make is deciding whether or not to divorce my husband
Ellie;312.461;313.891;change_directions (what made you decide to do that)
Participant;314.61;321.85;uh because we weren't getting along and there was no reason to stay married but i still felt like i should stick it out
Ellie;324.501;325.441;difficult (how hard is that)
Participant;326.59;331.5;i mean it was hard at the time uh but i made the right decision i think
Ellie;333.674;338.318;okay_confirm (okay) influence_positive (who's someone that's been a positive influence in your life)
Participant;338.96;342.41;uh my grandmother was a positive influence from a young age
Ellie;344.883;346.043;tell_about_that (can you tell me about that)
Participant;347.29;354.98;um she's just a very strong powerful uh sort of staunch character and that rubbed off on me
Ellie;356.22;361.78;good_hear (that's so good to hear) easy_sleep (how easy is it for you to get a good night's sleep)
Participant;362.49;371.54;uh not really super easy um i sort of i mean it's my probably my fault i go to bed too late
Ellie;373.534;375.314;sleep_affects (what are you like when you don't sleep well)
Participant;376.32;380.11;just sort of foggy and distracted i have trouble concentrating
Ellie;382.536;385.554;okay_confirm (okay) feel_lately (how have you been feeling lately)
Participant;386.83;388.39;you mean like my body
Ellie;390.478;390.988;mhm (mhm)
Participant;391.69;395.09;uh normal fine no complaints
Ellie;396.308;399.478;behavior_changes (have you noticed any changes in your behavior or thoughts lately)
Participant;399.81;401.78;no it's been the same as ever
Ellie;403.665;405.705;ptsd_diagnosed (have you ever been diagnosed with p_t_s_d)
Participant;406.08;406.41;no
Ellie;407.165;408.975;depression_diagnosed (have you been diagnosed with depression)
Participant;409.25;409.58;no
Ellie;411.581;415.308;happy_lasttime (tell me about the last time you felt really happy)
Participant;415.49;424.07;uh last night i was just hanging out with my friends and was just having like a really good time sharing stories and laughing and stuff
Ellie;426.273;431.062;thats_great (that's great) BF_describe (how would your best friend describe you)
Participant;432.34;438.23;uh probably funny and uh easy to get along with but also caring
Ellie;439.421;443.9;mhm (mhm) ideal_weekendC (tell me how you spend your ideal weekend)
Participant;444.78;451.88;uh i spend my ideal weekend not really doing much like maybe just sitting around and reading or going to the movies watching t_v
Ellie;453.067;455.455;mm (mm) regret (is there anything you regret)
Participant;456.61;464.87;uh no i don't think there's not i don't <do> i don't think uh i think regretting <r> regretting things is a waste of time
Ellie;466.603;469.553;advice_back (what advice would you give to yourself ten or twenty years ago)
Participant;470.82;484.01;um don't  try to don't go out of your way to try and impress people if they like you then they like you
Ellie;487.224;490.106;self_change (what are some things you wish you could change about yourself)
Participant;491.09;513.62;um sometimes sometimes i can be kinda lazy uh i'd like to have more of a um like sort of  uh better work ethic i guess
Ellie;515.017;516.347;give_example (can you give me an example of that)
Participant;517.38;525.69;uh just sort of putting off stuff um until you know right when it's due or after it's due things like that um  procrastinating
Ellie;527.008;534.225;okay_confirm (okay) feelbadly (tell me about a time when someone made you feel really badly about yourself)
Participant;535.49;546.28;uh <sigh> sometimes for the things that i write uh people will write negative things about me like in the comment section on a website
Ellie;546.993;547.873;oh_no (oh no)
Participant;547.06;547.89;and that'll make me feel bad
Ellie;549.971;550.811;that_sucks (that sucks)
Participant;551.3;551.65;<laughter>
Ellie;555.8;558.74;Ellie17Dec2012_07 (what would you say are some of your best qualities)
Participant;559.5;566.31;i'm uh articulate and funny and a good friend
Ellie;568.028;572.727;mhm (mhm) Ellie17Dec2012_08 (what are you most proud of in your life)
Participant;573.87;595.61;um i guess i'm most proud of the fact that uh i am satisfied with myself and my friends and my status in the world i'm proud of the fact that i feel comfortable with it
Ellie;597.151;603.856;good_hear (that's so good to hear) Ellie17Dec2012_09 (what are some things that usually put you in a good mood)
Participant;605.02;615.46;um just hanging out with my friends uh sort of people watching watching a movie that's good um listening to music
Ellie;617.673;622.249;asked_everything (okay i think i have asked everything i need to) appreciate_open (thanks for sharing your thoughts with me)
Participant;622.64;622.93;mhm
Ellie;623.515;624.125;bye (goodbye)
Participant;624.41;624.65;bye
