speaker;start_time;stop_time;text
Ellie;23.81;45.362;hi i'm ellie thanks for coming in today i was created to talk to people in a safe and secure environment i'm not a therapist but i'm here to learn about people and would love to learn about you i'll ask a few questions to get us started and please feel free to tell me anything your answers are totally confidential are you okay with this
Participant;45.635;46.09;yes
Ellie;46.526;49.52;okay so how are you doing today
Participant;50.436;51.55;um i'm okay
Ellie;52.19;54.73;that's good where are you from originally
Participant;55.672;57.92;i was born in san bernardino california
Ellie;58.563;58.97;really
Participant;60.027;60.42;yes
Ellie;60.799;61.64;where do you live
Participant;62.626;65.75;um i'm staying with a sister in north hollywood
Ellie;67.32;68.82;what's it like for you living with them
Participant;70.408;73.199;um she makes it as comfortable as possible
Ellie;75.381;78.481;okay what are some things you really like about l_a
Participant;79.79;81.2;uh i love the weather
Ellie;82.281;82.67;mhm
Participant;83.44;88.54;and the entertainment and the public transportation
Ellie;89.75;93.16;yeah what are some things you don't really like about l_a
Participant;93.55;109.91;um it's very difficult to find full time employment and some of the people aren't as friendly as people from the south 'cause i lived in the south before um those are the only two things
Ellie;111.86;114.72;mhm do you travel a lot
Participant;115.82;116.79;no i don't
Ellie;119.336;120.48;what'd you study at school
Participant;121.327;123.49;i was an english major in college
Ellie;124.19;125.29;are you still working in that
Participant;126.1;127.72;i haven't finished yes i am
Ellie;129.126;130.31;what's your dream job
Participant;131.65;134.46;um i'd like to be a recording singer
Ellie;135.581;135.99;really
Participant;136.463;136.82;yes
Ellie;137.41;138.88;what made you decide to do that
Participant;139.7;143.26;um i've always loved to sing from the time that i was a child
Ellie;144.5;149.37;aw do you consider yourself an introvert
Participant;151.108;152.09;at times
Ellie;153.68;154.77;can you tell me about that
Participant;155.92;176.76;um when i'm alone i am um extremely <sigh> i guess i would say um inter minded like i um have a lot of thoughts and i keep them to myself
Ellie;177.072;177.48;mhm
Participant;178.02;191.25;<clears throat> so if i'm in that mode then i don't really um interact with people but i can also interact with people if i change modes
Ellie;192.03;198.76;okay okay i understand i understand what do you do to relax
Participant;199.808;203.39;um i just started doing yoga a couple of weeks ago
Ellie;203.99;204.29;cool
Participant;205.835;206.53;and
Ellie;206.071;207.5;when was the last time that happened
Participant;208.726;212.47;last week on thursday no on tuesday
Ellie;214.518;219.33;mhm what do you do when you're annoyed
Participant;221.336;248.5;um usually i just try to um remain quiet and listen to the situation if it's a person or if it's a situation <clears throat> that i'm dealing with myself that's annoying i try to um think of alternate ways that would make the situation better
Ellie;248.998;249.4;mhm
Participant;249.998;254.6;um come up with alternate plans so i won't get annoyed
Ellie;257.144;259.22;how are you at controlling your temper
Participant;260.572;263.34;um pretty good
Ellie;264.735;267.76;when was the last time you argued with someone and what was it about
Participant;268.981;283.8;um mm i may have had an argument a few weeks ago um just about timeliness like meeting on time and showing up on time
Ellie;284.326;284.75;mhm
Participant;284.44;288.41;and it was actually last um monday
Ellie;289.59;289.99;okay
Participant;289.772;290.918;yeah mhm
Ellie;292.372;293.37;is there anything you regret
Participant;294.599;294.86;no
Ellie;296.372;299.05;what advice would you give yourself ten or twenty years ago
Participant;300.47;305.01;um to just be cautious of people's intentions
Ellie;307.099;307.47;mhm
Participant;308.326;317.49;and to listen really well 'cause people usually tell you what their intentions are without even um realizing <re> realizing it
Ellie;318.409;323.87;yeah how would your best friend describe you
Participant;325.64;348.12;um a good listener patient um fun loving generous um depressed sometimes um but generally a good person
Ellie;349.54;353.96;that's good have you ever served in the military
Participant;354.19;355.36;no i have not
Ellie;356.06;357.98;have you ever been diagnosed with p_t_s_d
Participant;358.472;359.18;yes
Ellie;360.309;362.07;how long ago were you diagnosed
Participant;362.226;364.93;um within a year and a half ago
Ellie;366.09;368.23;did you think you had a problem before you found out
Participant;369.135;381.81;um i just knew that i often thought about situations that um happened in the past and kinda blamed the situation for my future and um
Ellie;381.44;382.65;are they triggered by something
Participant;383.236;388.75;um certain settings
Ellie;390.472;391.55;can you tell me about that
Participant;392.72;431.84;um if i um see certain types of individuals in certain settings it just reminds me of when i was younger when things happened and changed my future plans so i um try to i used to just try to avoid those types of situations and certain types of people at that time but now i feel like i um just handle things better as far as um being in the similar settings with similar people i just
Ellie;431.36;431.79;i see
Participant;432.472;435.58;i um handle those things better
Ellie;437.26;440.82;that's good do you still go to therapy now
Participant;441.145;441.54;i do
Ellie;443.054;444.77;is going to a therapist helping you
Participant;445.79;448.17;um i like to believe that it does
Ellie;449.09;452.03;what sort of changes have you noticed since you've been going to therapy
Participant;452.99;456.25;i don't worry as much
Ellie;459.199;460.98;how has seeing a therapist affected you
Participant;462.54;480.6;um it's just allowed me to know that actually speaking about the issues um relieves me of the tension of um holding them inside so that's how it's helped me
Ellie;481.018;482.99;yeah how hard is that
Participant;484.2;504.29;at first it was difficult just being open with my internal emotions but now it um it actually is good because i know that when things are occurring um if i'm able to um communicate about them with a certain individual
Ellie;504.808;505.15;mhm
Participant;505.01;526.11;it um relieves me of the stress of of uh trying to figure out everything alone and often times um by speaking about the issues it um allows me to come up with an alternative plan that may be be better just because i'm hearing myself speak of the issue
Ellie;527.69;531.3;that's good what got you to seek help
Participant;532.652;540.622;um i was diagnosed with depression and um my doctor felt that i should probably see the therapist
Ellie;542.962;543.982;are you happy you did that
Participant;545.091;545.95;um i am
Ellie;548.157;551.53;okay how easy is it for you to get a good night's sleep
Participant;552.573;572.28;it depends um if i'm really busy during the week and have a lot of things to do i often try to plan things and if i'm planning things it affects my sleep i might wake up in the middle of the night so sometimes it's easy and sometimes it isn't
Ellie;572.74;575.32;uh huh what are you like when you don't sleep well
Participant;576.51;582.51;irritable um very <v> just very irritable
Ellie;583.47;586.01;okay how have you been feeling lately
Participant;587.06;592.1;um i was feeling anxious but now i'm calmer
Ellie;595.59;596.46;do you feel down
Participant;597.899;600.84;um today i don't but i have in the past week
Ellie;601.7;602.04;why
Participant;602.774;619.864;um because i was in the midst of um searching for a a stable <s> a stable place to live and um it was just taking so long to find a stable place to live so i was becoming anxious
Ellie;621.073;622.66;yeah i'm sorry to hear that
Participant;623.19;623.77;thank you
Ellie;623.665;625.72;there are always trade offs in life aren't there
Participant;626.09;626.57;yes
Ellie;627.94;630.51;when was the last time you felt really happy
Participant;632.09;639.41;um maybe in october
Ellie;640.932;642.06;can you tell me about that
Participant;642.999;648.65;um well my mother first came she came to visit me in october and when she first got here we had a good time
Ellie;649.55;650.1;aww
Participant;649.7;654.93;for the first couple days um so i was happy to see her i hadn't seen her in over a year
Ellie;655.765;656.55;that's great
Participant;656.749;657.09;mhm
Ellie;659.59;661.49;what are you most proud of in your life
Participant;662.898;686.26;um i'm proud that i'm able to um adjust to different situations um the older i've gotten the more adaptable i am to <t> in different environments in different situations and um i've learned how to be more resourceful so i'm proud of that
Ellie;684.57;684.97;mhm
Participant;686.89;687.38;um
Ellie;689.44;693.13;that's good who's someone that's been a positive influence in your life
Participant;695.11;695.66;i'm sorry
Ellie;696.81;699.19;who's someone that's been a positive influence in your life
Participant;700.272;724.45;oh my dad and uh my sister she's positive 'cause she's finished her master's degree um my mom sometime um my best friend is very positive 'cause she just started her new business two years ago and she's very enthusiastic about it so that's an inspiration
Ellie;725.96;730.01;okay what are some things that make you really mad
Participant;731.32;736.25;um when someone lies consistently
Ellie;740.44;746.93;okay what would you say are some of your best qualities
Participant;747.92;776.63;um i listen very very well um sometimes i um give good advice i'm a good friend um i normally do the things that i say i'm going to do so i'm dependable um i communicate well and i um enjoy people's company most of the time especially if they're in good moods
Ellie;777.08;782.36;uh huh what are some things that usually put you in a good mood
Participant;783.61;796.94;um being around positive people music um puts me in a good mood um comedy shows put me in a good mood um good food puts me in a good mood
Ellie;798.7;801.04;what's one of your most memorable experiences
Participant;801.91;809.85;um when i graduated from high school it was a really um i will never forget it it was a wonderful day
Ellie;810.54;812.1;how did you feel in that moment
Participant;812.89;821.93;very confident accomplished and i was um extremely optimistic and hopeful for the future
Ellie;823.78;831.23;that's so good to hear okay i think i've asked everything i need to thanks for sharing your thoughts with me
Participant;831.95;832.53;you're welcome
Ellie;832.84;833.4;goodbye
Participant;833.83;834.14;bye
