speaker;start_time;stop_time;text
Ellie;49.15;70.56;hi i'm ellie thanks for coming in today i was created to talk to people in a safe and secure environment i'm not a therapist but i'm here to learn about people and would love to learn about you i'll ask a few questions to get us started and please feel free to tell me anything your answers are totally confidential are you okay with this
Participant;71.02;71.44;yes
Ellie;71.92;74.82;okay so how are you doing today
Participant;75.31;75.94;i'm okay
Ellie;76.55;79.13;that's good where are you from originally
Participant;79.81;82.31;i'm from uh los angeles california originally
Ellie;82.71;83.19;really
Participant;83.47;83.93;yes
Ellie;84.51;86.47;what are some things you really like about l_a
Participant;87.85;93.35;sunshine uh the weather's great it's about it
Ellie;94.98;97.04;what are some things you don't really like about l_a
Participant;97.86;100.87;smog pollution crime um
Ellie;100.65;101.11;mhm
Participant;102.51;103.88;certain things like that yeah
Ellie;105.25;108.91;okay do you travel a lot
Participant;110.45;116.01;i did in one point in my life i was in the military so don't do hardly a lot of traveling no more
Ellie;117.6;119.09;what do you enjoy about traveling
Participant;120.62;130.1;seeing different sights different people i think it's more the people and being around different types a city and the people <peop> see meeting different new people
Ellie;130.89;133.68;yeah i'd love to hear about one of your trips
Participant;134.73;148.11;uh <sigh> i traveled to uh new york one time and uh it was quite different big city different people uh that's about it
Ellie;149.1;152.95;cool how old were you when you joined the military
Participant;153.36;153.9;eighteen
Ellie;156.14;157.49;you were very young weren't you
Participant;157.59;159.41;uh yes i was <laughter>
Ellie;160.2;161.3;did you ever see combat
Participant;162.17;166.22;uh no i did a lot of combat training but no combat
Ellie;168.08;171.34;okay how did serving in the military change you
Participant;172.38;191.94;mm disciplined more uh more motivated uh you get a lot of things done more <laughter> even when you don't wanna do 'em you know you just go back to your army days and you get motivated off the stuff that that that you really needed to get done but you didn't wanna do it but it got done
Ellie;192.66;193.26;like what
Participant;193.87;210.82;uh like uh you had to uh do a lot of cleaning uh you had to wake up pretty early you had to do a lot of p_t you had to uh stay up to like two three o'clock in the morning you didn't wake back up until four or five
Ellie;211.19;212.05;that sucks
Participant;212.12;215.05;yes <y> uh <laughter> to a certain point yes
Ellie;217.81;219.44;what did you do after the military
Participant;219.96;226.71;after the military i joined the national guard and i did uh fifteen sixteen years in there uh i was
Ellie;226.39;227.64;what made you decide to do that
Participant;228.55;230.99;uh excuse me ma'am i didn't hear that <th> quite hear that
Ellie;230.83;232.16;what made you decide to do that
Participant;233.05;235.04;uh what made me decide to do that
Ellie;235.43;235.9;mhm
Participant;236.23;244.88;uh just the motivation just you know really wanted a career see if i could find a career from it and it helped me out a little bit yeah
Ellie;247.2;247.85;that's good
Participant;248.08;248.57;thank you
Ellie;248.81;251.28;how easy was it for you to go back to civilian life
Participant;252.16;263.8;it wasn't that easy uh i mean i'm sorry it was easy it didn't bother me too much to go back to civilian life yeah it didn't bother me at all i just <ju> i adjusted pretty well
Ellie;265.11;268.81;okay what'd you study at school
Participant;270.64;277.36;uh <sigh> history basically a lot um yeah just basically history
Ellie;278.5;279.51;are you still working in that
Participant;280.43;282.95;uh no i'm not i'm uh disabled
Ellie;286.19;287.21;i'm sorry to hear that
Participant;287.38;292.48;oh no it's okay it's okay we can all i can heal i can get better hopefully i will
Ellie;293.64;294.2;that's good
Participant;294.63;295.63;yes i try to keep a
Ellie;295.2;296.29;what's your dream job
Participant;297.09;297.82;excuse me ma'am
Ellie;298.53;299.71;what's your dream job
Participant;301.66;324.26;i guess i don't my dream job would probably be working with others working with young people working with kids seeing that they get the uh the right and proper uh uh education that's you know that's due to them so they can be productive in the life of society as we live in today
Ellie;320.74;325.24;mhm yeah
Participant;325.66;326.02;yeah
Ellie;326.26;327.65;what do you think of today's kids
Participant;328.25;328.76;excuse me
Ellie;329.76;331.15;what do you think of today's kids
Participant;332.56;362.68;<sigh> what i think about 'em i think uh they should uh be more more uh <sigh> xxx i mean they should they should <sh> participate <tapicitate> more in what they're doing in their lives they should ask more questions they should be more motivated to uh really achieve something within their lives to give them the mm to give them the confidence and the motivation they need in life 'cause a lot of 'em don't get it
Ellie;361.75;369.73;hmm yeah i see what you mean what are some things that make you really mad
Participant;370.98;396.01;<sigh> when i see people do really really stuff that they really shouldn't be doing uh <sigh> it really eeks me i mean really bothers me and when people talk to you they give you the run-around it's like won't you just be straight with me instead of just giving me the the run-around <laughter> won't you just be straight up with me that can be very frustrating
Ellie;394.65;395.07;mhm
Participant;396.79;405.27;uh and really when people do really i'm trying to find the right word stupid stuff <laughter> that really botthers me too
Ellie;405.92;407.22;can you give me an example of that
Participant;408.11;429.43;uh spray painting on the wall uh just throwing garbage anywhere and not picking it up uh not really being uh you know not really being hygiene you know taking care of yourself and being hygiene you know what i mean
Ellie;429.85;430.23;mm
Participant;430.43;430.74;yeah
Ellie;431.91;433.28;what do you do when you're annoyed
Participant;434.49;456.25;<sigh> what i do when i'm annoyed uh i get really upset i really start really cussing people out to be honest with you and it's something that's not really me but uh i'm learning to really let go of it a lot you know just you know just say hey that's the way it is it's like i'm not in control i can't control it
Ellie;457.18;457.51;yeah
Participant;457.86;467.56;yeah i have only have to control the things about what i do and really getting upset off of what other people do is not really good it's not good for me
Ellie;469.04;471.1;how are you at controlling your temper
Participant;471.9;474.51;oh my temper can be controlled i can control it pretty well
Ellie;476.0;480.17;okay when was the last time you argued with someone and what was it about
Participant;482.54;496.36;uh i i don't know i think it probably was my sister and she's very controlling and it's like you have your life and i have mine don't tell me what to do
Ellie;498.88;499.23;yeah
Participant;499.55;499.89;yeah
Ellie;499.72;503.56;i understand how close are you to your family
Participant;504.31;509.62;we real close i can get along with 'em we're real close i have no problems with them
Ellie;511.05;511.54;that's good
Participant;511.67;513.18;yeah very good
Ellie;515.2;517.74;when was the last time you felt really happy
Participant;520.87;539.3;uh this morning <laughter> yeah i wake up pretty you know i i first thing i do when i wake up in the morning i pray so when my spirit's in connection with the uh <sigh> the universe and the world i i feel pretty good
Ellie;540.16;541.44;that's so good to hear
Participant;541.53;542.04;yes
Ellie;544.19;545.49;how have you been feeling lately
Participant;547.23;571.05;uh <sigh> up and down you know up because i'm motivated to get out and start doing other things in life than just not doing anything at all and then other times where you wanna get something accomplished and you can't really get it done because there's road blocks in the way but uh i'm learning how to uh overcome those road blocks as well
Ellie;571.54;574.43;yeah tell me more about that
Participant;575.42;593.52;uh well for instance uh looking to go to school and i was having problems uh getting enrolled in school i was talk to one of my social workers and she was willing to help me get online and uh to do it so i'm like okay it's well it's gonna get done <laughter>
Ellie;594.69;595.38;that's great
Participant;595.59;595.91;yeah
Ellie;597.38;600.42;have you noticed any changes in your behavior or thoughts lately
Participant;600.75;602.61;uh can you repeat that one more time ma'am
Ellie;603.18;606.22;have you noticed any changes in your behavior or thoughts lately
Participant;606.42;609.99;uh yes i have see i had to be
Ellie;609.39;609.92;like what
Participant;610.58;631.06;uh <sigh> i'd say uh for the last couple of weeks uh i noticed that i go through certain situations like you was talking about the anger situation it's like i don't get angry all the time that's not me so sometimes when i get angry i have to find out what's causing all this what's what's causing me to get angry
Ellie;622.13;632.93;mhm yeah
Participant;633.27;633.89;and i have to take
Ellie;633.37;634.26;how hard is that
Participant;634.59;635.23;excuse me ma'am
Ellie;635.77;636.68;how hard is that
Participant;637.81;651.94;uh it's not hard at all 'cause alls you have to do is just take your time and reflect about everything uh that you have gone through and uh take a good look at the situation and uh and then go from there and find out what's what's really bothering you
Ellie;653.26;657.34;okay how easy is it for you to get a good night's sleep
Participant;658.92;674.51;it's very seldom uh i suffer from p_t_s_d and uh getting that type of sleep would be would be great because i have recurring nightmares so of a incident so
Ellie;676.19;677.47;are they triggered by something
Participant;677.55;695.56;<sigh> i i think it is and i don't know what it's triggered by but i think it is and that's why i'm talking to someone or seeing someone 'cause i'm a veteran at the uh v_a about the situation now about the p_t_s_d basically right now
Ellie;696.06;701.22;yeah what got you to seek help
Participant;702.07;702.68;excuse me ma'am
Ellie;703.37;704.66;what got you to seek help
Participant;705.83;722.0;uh <sigh> a lot of nightmares lot of problems lot of anger issues uh depression uh i noticed all this in me and uh i started i just started to just tell myself i needed help
Ellie;723.97;724.41;mhm
Participant;725.47;732.39;and that's that's basically it i just you know i just you know i just something wasn't wrong with it something wasn't right with me
Ellie;733.34;735.0;is going to a therapist helping you
Participant;733.41;745.43;and when something's not right with me i have to take time out to just you know take a good look at myself and ask myself if something's right then you if something's right then that's fine if something's not right then you need to take care of it
Ellie;745.8;746.19;yeah
Participant;746.36;748.68;and uh i just started seeking help down there yeah
Ellie;746.8;752.41;i understand is going to a therapist helping you
Participant;753.96;755.62;somewhat yes it is somewhat
Ellie;756.64;759.57;what sort of changes have you noticed since you've been going to therapy
Participant;756.85;776.88;'cause i'm able to sit down and talk to the therapist well i'm able to sit down and talk to the therapist and uh tell 'em my situation and we usually will go over the problem and uh i went to classes i've been to uh uh talking one-on-one with my own doctor so it's helping out a little bit
Ellie;780.36;780.97;that's good
Participant;781.12;781.47;yeah
Ellie;781.95;783.48;do you have disturbing thoughts
Participant;781.99;784.63;it's a good thing excuse me ma'am
Ellie;785.63;787.16;do you have disturbing thoughts
Participant;788.61;790.46;no no not really
Ellie;791.45;795.22;okay how would your best friend describe you
Participant;796.97;797.75;my best friend
Ellie;798.93;799.36;mhm
Participant;800.45;827.1;uh they he would describe me as a fun loving good person always there that try to help others uh think more of others really than more of myself but when i know i need things need to be done for me i take care of it so you know and they really actually they really look up to me they have a lot more respect for me
Ellie;827.7;828.12;mhm
Participant;828.32;831.93;yeah they see something in me they wish that they had
Ellie;833.73;835.3;do you consider yourself an introvert
Participant;835.95;836.53;excuse me ma'am
Ellie;837.52;838.97;do you consider yourself an introvert
Participant;841.31;843.28;uh can you be a little bit more specific
Ellie;844.52;845.98;let's come back to that later
Participant;845.85;846.4;oh okay
Ellie;847.57;848.94;what do you do to relax
Participant;850.73;857.08;uh books crossword puzzles uh walking that's about it
Ellie;858.42;860.8;okay is there anything you regret
Participant;863.99;890.46;i thought i did but i don't think i do i don't think i regret anything because this is this is how it is this is the way it is for me so i accept it and i keep moving on because if i regret anything in the past then i'm wasting my time on that because it's gone that's the past i need to move on i need to live in the present so i can be prepared for the future so i can move on to the future
Ellie;877.47;892.85;yeah mhm i see what you mean
Participant;892.93;893.2;yeah
Ellie;894.07;896.82;what advice would you give yourself ten or twenty years ago
Participant;897.54;914.1;<sharp inhale> uh <sigh> more education uh being more direct and more confidence in what i'm doing like i am today so yeah that's what i was lacking maybe twenty years ago
Ellie;915.09;918.65;okay who's someone that's been a positive influence in your life
Participant;919.87;924.99;uh yes <ye> yes i have had a lot of positive people been been in my life
Ellie;926.48;927.77;can you give me an example of that
Participant;928.36;961.59;uh <sigh> yeah some people would uh uh uh well consistently <cons> xxx i mean consistently motivate me to continue and to pursue a certain goal and uh i thought that was pretty good because i really don't see that a lot and uh he gave me a lot of motivation to try to go up and try to do certain things 'cause anything that you do it's a choice it's up to you whether or not if you do it or not that choice is still up to you for it to be done
Ellie;962.23;966.84;yeah what are you most proud of in your life
Participant;967.44;968.15;excuse me ma'am
Ellie;969.83;971.7;what are you most proud of in your life
Participant;971.95;992.2;uh <sigh> that i'm able to really be able to be self-motivated and really be able to put my best foot forward and be able to get a lot of things accomplished which i thought i couldn't but it can be accomplished if i'm willing enough to put the will to it to do it
Ellie;989.7;999.62;mhm that's great tell me about something you did recently that you really enjoyed
Participant;1004.37;1032.47;oh wow huh oh really and you know what i really enjoyed was sitting down with my social worker and we're talking about getting things done within my life and school was one of 'em uh and just being just school was one of 'em and i kinda liked it that because that was the first time someone was willing to really sit down with me and work with me
Ellie;1033.43;1033.81;mhm
Participant;1034.02;1048.84;yeah and i thought that was a great thing so as long as you're willing to do that i'm willing to go even the extra mile and even be motivated to do other things besides school and uh yeah that and that and that's what gets me going
Ellie;1045.54;1051.46;yeah that sounds like a great situation
Participant;1052.09;1056.42;oh it is and i love it and uh this is going to be accomplished
Ellie;1057.59;1062.25;okay i think i've asked everything i need to thanks for sharing your thoughts with me
Participant;1062.48;1062.96;thank you
Ellie;1063.53;1064.02;goodbye
Participant;1064.26;1064.64;goodbye
