speaker;start_time;stop_time;text
Participant;28.11;28.89;<synch>
Ellie;41.785;63.325;IntroV4Confirmation (hi i'm ellie thanks for coming in today i was created to talk to people in a safe and secure environment i'm not a therapist but i'm here to learn about people and would love to learn about you i'll ask a few questions to get us started and please feel free to tell me anything your answers are totally confidential are you ok with this)
Participant;63.37;63.88;yes
Ellie;64.636;68.801;okay_confirm (okay) how_doingV (so how are you doing today)
Participant;69.075;69.935;i'm fine
Ellie;70.714;73.675;thats_good (that's good) where_originally (where are you from originally)
Participant;74.1;75.21;um florida
Ellie;75.986;79.372;really (really) when_LA (when did you move to l_a)
Participant;79.89;83.37;um about two to three months ago
Ellie;86.2;88.1;often_backB (how often do you go back to your hometown)
Participant;88.895;90.415;i haven't been back as yet
Ellie;91.563;93.183;compares_LA (how does it compare to l_a)
Participant;93.885;98.1;um it's basically the same nice sunny weather
Ellie;100.004;101.024;why_LA (why did you move to l_a)
Participant;101.7;106.34;um for a career purpose um entertainment
Ellie;108.107;111.979;cool3 (cool) adapted_LA (how easy was it for you to get used to living in l_a)
Participant;113.0;116.99;not very difficult because um the people are very friendly
Ellie;118.054;121.646;thats_good (that's good) like_about_LA (what are some things you really like about l_a)
Participant;122.46;135.28;oh definitely the weather um the upbeat environment and um the opportunities for uh um entertainment career
Ellie;135.364;139.344;mhm (mhm) dont_like_LA (what are some things you don't really like about l_a)
Participant;139.54;142.12;earthquakes <laughter>
Ellie;143.004;151.708;see_mean (i see what you mean) travel_shoes (i'm sure you can tell by my shoes i'm not much of a world explorer do you travel a lot)
Participant;151.855;155.715;mm i travel a lot within the united states yes
Ellie;156.865;158.385;travel_changed (what do you enjoy about traveling)
Participant;158.89;165.95;i love seeing new places and um the different sceneries and meeting new people
Ellie;166.703;170.433;uh_huh (uh huh) travel_trips (i'd love to hear about one of your trips)
Participant;171.17;188.675;mm <sigh> one of my trips oh utah i just love the scenery in utah the so the the the rocks the the different sculptures of the rocks and the landscape was just fascinating
Ellie;189.21;193.06;mhm (mhm) memorableB (what's one of your most memorable experiences)
Participant;194.46;210.7;mm memorable experiences um i don't think i really have an outstanding one because um i just enjoy seeing different sceneries so i don't think there's any one particular one that stands out
Ellie;212.234;215.081;okay_confirm (okay) study (what did you study at school)
Participant;215.94;224.03;i just did um two years um two years of college and it was in um social science
Ellie;225.272;226.302;still_doing_X (are you still doing that)
Participant;226.27;226.9;no
Ellie;228.994;230.194;dream_job (what's your dream job)
Participant;230.94;245.59;my dream job is well i assist in my husband entertainment but my dream job is um i guess <laughter> one day to be a model but it's a bit i'm a bit too old for that now <laughter>
Ellie;249.961;254.39;shyoutgoing (do you consider yourself more shy or outgoing)
Participant;252.85;254.16;shy <laughter>
Ellie;255.079;255.649;why2 (why)
Participant;258.09;262.44;i guess i'm more of an introvert so i guess i'm more shy
Ellie;263.778;277.761;okay_confirm (okay) relax_fishtank (sometimes when i'm feeling tense i turn on the fish tank screensaver hey i know it's not hawaii but it's the best i've got what do you do to relax)
Participant;274.13;278.785;mhm <laughter> oh i listen to music
Ellie;281.012;281.552;like_what (like what)
Participant;281.94;283.33;inspirational music
Ellie;284.99;288.56;nice (nice) control_temper (how are you at controlling your temper)
Participant;289.53;290.5;i'm pretty good
Ellie;292.174;296.812;thats_good (that's good) last_argument (when was the last time you argued with someone and what was it about)
Participant;297.49;305.275;mm argue my daughter um it what was it
Ellie;304.826;305.986;tell_about_that (can you tell me about that)
Participant;305.597;309.19;what was it about her just being disrespectful
Ellie;311.52;313.06;describe_felt (how did you feel in that moment)
Participant;314.3;315.46;i felt angry
Ellie;318.359;324.536;mhm (mhm) family_relationship (tell me about your relationship with your family)
Participant;324.68;329.41;mm i have a great relationship <laughter> we get along well
Ellie;328.705;330.405;family_roleB (how close are you to your family)
Participant;330.51;332.92;um we're quite close we get along very well
Ellie;334.544;340.731;thats_great (that's great) situation_handled (tell me about a situation that you wish you had handled differently)
Participant;341.85;351.6;mm handled different um i can't think of any right now
Ellie;353.611;357.211;hard_decisionB (tell me about the hardest decision you've ever had to make)
Participant;358.21;373.7;mm probably um mm staying <st> mm staying away from my mother for a good many years
Ellie;374.77;376.2;change_directions (what made you decide to do that)
Participant;376.44;381.66;oh because of relationships problems that i had to adjust to with her
Ellie;383.736;384.736;happy_didthat (are you happy you did that)
Participant;386.19;388.43;mm not really mhm
Ellie;389.931;391.091;tell_about_that (can you tell me about that)
Participant;391.19;392.88;scrubbed_entry
Ellie;394.082;398.875;okay_confirm (okay) feelguilty (what's something you feel guilty about)
Participant;399.99;411.57;guilty mm sometimes i eat more sweets <s> sweets than i should desserts than i should
Ellie;411.864;412.664;wild_laughter3 ((laughter))
Participant;412.2;413.66;<laughter>
Ellie;414.624;416.954;influence_positive (who's someone that's been a positive influence in your life)
Participant;417.94;431.14;mm a positive influence um my my husband my aunts my daughters <laughter>
Ellie;431.928;433.088;tell_about_that (can you tell me about that)
Participant;433.86;452.38;a positive influence um well in my husband's case he believes in he believes in achieving setting high goals and you should be confident about yourself and think highly of yourself so he's he's um great in that area
Ellie;453.369;457.909;mhm (mhm) easy_sleep (how easy is it for you to get a good night's sleep)
Participant;458.175;459.805;um very easy
Ellie;461.198;462.978;sleep_affects (what are you like when you don't sleep well)
Participant;463.53;465.86;grouchy <laughter>
Ellie;466.606;467.986;feel_lately (how have you been feeling lately)
Participant;469.19;476.19;mm sometimes a little tired but other than that it's i'm okay <laughter>
Ellie;476.855;482.041;okay_confirm (okay) behavior_changes (have you noticed any changes in your behavior or thoughts lately)
Participant;482.82;483.29;no
Ellie;484.676;486.716;ptsd_diagnosed (have you ever been diagnosed with p_t_s_d)
Participant;486.715;487.135;no
Ellie;487.757;489.567;depression_diagnosed (have you been diagnosed with depression)
Participant;489.51;490.04;no
Ellie;490.846;493.393;happy_lasttime (tell me about the last time you felt really happy)
Participant;494.47;514.255;the last time i felt very happy um <sigh> very happy i usually feel happy but not very happy um oh i get very happy when i'm gonna travel the last time was relocating to los angeles
Ellie;515.029;520.609;thats_great (that's great) Ellie17Dec2012_10 (tell me about something you did recently that you really enjoyed)
Participant;521.93;539.83;mm i really enjoyed oh on the weekend i went to a um an activity heritage um weekend and the screening of a movie and i really enjoyed it on the weekend
Ellie;540.413;544.725;thats_great (that's great) BF_describe (how would your best friend describe you)
Participant;546.17;555.19;mm i don't know <laughter> calm mm shy <laughter>
Ellie;555.64;556.15;mhm (mhm)
Participant;558.46;561.96;mm i really don't know <laughter>
Ellie;561.859;567.25;okay_confirm (okay) self_change (what are some things you wish you could change about yourself)
Participant;567.84;572.64;um my size my weight
Ellie;575.207;580.512;feelbadly (tell me about a time when someone made you feel really badly about yourself)
Participant;581.97;588.09;mm i guess whenever i'm called fat <laughter> that i'm i'm fat
Ellie;590.756;596.366;okay_confirm (okay) Ellie17Dec2012_07 (what would you say are some of your best qualities)
Participant;597.01;606.85;i think i'm patient um i love people i love helping people uh
Ellie;606.596;607.666;regret (is there anything you regret)
Participant;608.98;613.42;mm yes <laughter>
Ellie;615.813;616.973;tell_about_that (can you tell me about that)
Participant;617.0;619.08;no that's a bit personal <laughter>
Ellie;619.669;622.619;advice_back (what advice would you give to yourself ten or twenty years ago)
Participant;623.78;635.64;what advice would i give myself ten twenty years mm always aim for the best and be the best do the best that you can every day
Ellie;636.539;639.883;uh_huh (uh huh) kids_elaborate (tell me about your kids)
Participant;640.8;650.75;mm they're great kids sometimes they get out of hand sometimes disrespectful but overall they're great
Ellie;652.818;654.768;easy_parent (do you find it easy to be a parent)
Participant;655.41;670.01;yes it's quite easy um yeah because of help from the help <he> help from my father <f> their father my husband he's a a disciplinarian so it's a bit easy for me <laughter>
Ellie;671.201;672.921;parent_best (what's the best thing about being a parent)
Participant;674.43;704.14;uh <sigh> the best thing about being a parent is to see to see uh uh a a person that you gave birth to develop into develop into a wholesome person and take the values that you taught them and kept the values that you taught them and continue to to excel in in their life
Ellie;705.181;708.585;yeah3 (yeah) parent_hardest (what's the hardest thing about being a parent)
Participant;710.11;735.86;the hardest thing about being a parent is um seeing your child sick or seeing them in a situation where you have no control and you can't do anything about it it's very difficult then you want to be able to you want to be able to be there in every situation or have control of every situation and some things you just can't like sickness mhm
Ellie;734.93;738.39;yeah_downer (yeah) give_example (can you give me an example of that)
Participant;739.16;757.17;like i said like if if one of my children is sick i feel i do the best that i can but to see them in pain and i feel like i want to i wish i was able to take that pain whenever they're going through anything i wish i was able to take it instead of them
Ellie;757.921;764.322;hmm_downer (hmm) parent_differences (what are some ways that you're different as a parent than your parents)
Participant;765.13;779.565;i think with me i'm more sacrificial than my mom was to me um more um i think my demonstration of love is a bit more than she was to me
Ellie;783.875;786.175;Ellie17Dec2012_08 (what are you most proud of in your life)
Participant;786.9;799.92;that i'm most proud of i'm proud of having a family i guess because it's something that i always wanted in life um to have a family and i guess i'm most proud of that
Ellie;801.246;805.998;asked_everything (okay i think i have asked everything i need to) appreciate_open (thanks for sharing your thoughts with me)
Participant;806.1;806.31;mm
Ellie;807.047;807.657;bye (goodbye)
Participant;808.03;808.52;bye
