speaker;start_time;stop_time;text
Participant;28.93;29.81;<synch>
Ellie;47.209;68.749;IntroV4Confirmation (hi i'm ellie thanks for coming in today i was created to talk to people in a safe and secure environment i'm not a therapist but i'm here to learn about people and would love to learn about you i'll ask a few questions to get us started and please feel free to tell me anything your answers are totally confidential are you ok with this)
Participant;68.79;69.33;yes
Ellie;69.912;74.053;okay_confirm (okay) how_doingV (so how are you doing today)
Participant;74.56;75.56;i'm doing okay
Ellie;76.313;79.069;thats_good (that's good) where_originally (where are you from originally)
Participant;79.63;81.91;i'm from los angeles california
Ellie;82.476;86.588;really (really) like_about_LA (what are some things you really like about l_a)
Participant;87.84;91.19;the food the weather and the people
Ellie;91.981;95.659;mhm (mhm) dont_like_LA (what are some things you don't really like about l_a)
Participant;96.92;110.89;mm um i don't know it's not too many things i really don't like about l_a maybe some of the bad people or some of the bad environments in l_a
Ellie;112.173;120.674;see_mean (i see what you mean) travel_shoes (i'm sure you can tell by my shoes i'm not much of a world explorer do you travel a lot)
Participant;118.375;122.76;<laughter> um no not too much
Ellie;123.789;124.359;why2 (why)
Participant;125.12;132.41;um i only been like to texas las vegas and that's pretty much it
Ellie;132.927;133.657;nice (nice)
Participant;132.95;133.15;mhm
Ellie;136.208;138.568;memorableB (what's one of your most memorable experiences)
Participant;139.98;151.82;um catching a airplane to houston texas like back and forth to visit my dad and going to las vegas a lot that's
Ellie;151.526;152.686;tell_about_that (can you tell me about that)
Participant;153.5;170.68;oh yeah um well when i was younger i used to go visit my dad and 'cause he used to live in houston texas and i used to catch the airplane a lot and that was a lot of fun i wasn't scared that was a lot of fun and i enjoyed that <laughter>
Ellie;171.744;175.777;great_situation (that sounds like a great situation) study (what did you study at school)
Participant;176.33;181.59;um when i went to school i studied child development and nursing
Ellie;182.884;184.294;hard_decision (how did you decide to do that)
Participant;185.26;203.52;um i know i wanted to be somebody and when i went to school i wasn't sure what i wanted to be so i kinda took um nursing the l_v_n program first and then i didn't wanna be a nurse so i changed my major to child development and i graduated from that
Ellie;204.627;208.087;thats_great (that's great) still_working_on_X (are you still working in that)
Participant;208.63;212.37;no i'm actually looking for work i'm unemployed right now
Ellie;212.989;214.189;dream_job (what's your dream job)
Participant;215.03;224.07;my dream job would be probably doing something working with the kids opening up a nursery or something my own business
Ellie;224.855;225.795;difficult (how hard is that)
Participant;227.625;233.675;in my mind it's simple but like in reality it seem like it's kinda difficult <laughter>
Ellie;234.343;242.067;yeah_downer (yeah) shyoutgoing (do you consider yourself more shy or outgoing)
Participant;241.97;246.6;sometimes i'm shy but i'm really an outgoing person and a people person
Ellie;248.7;260.768;relax_fishtank (sometimes when i'm feeling tense i turn on the fish tank screensaver hey i know it's not hawaii but it's the best i've got what do you do to relax)
Participant;253.65;271.64;hmm <laughter> um to relax i listen to some slow music i kinda like um have a quiet environment and maybe lay down watch a little t_v or something
Ellie;272.418;275.676;cool3 (cool) control_temper (how are you at controlling your temper)
Participant;276.54;287.91;i'm very good at controlling my temper i don't like to get really angry or upset or get to where i'm fitting to hurt somebody <laughter>
Ellie;288.716;293.304;thats_good (that's good) last_argument (when was the last time you argued with someone and what was it about)
Participant;294.87;319.05;um when i really have arguments they're like because people don't agree to disagree and then it's over <o> like really petty it's like we might say oh it's just like my opinion and they don't agree with my opinion so we argue about that but it's like nothing really big or anything like that it's just stupid i don't even remember <laughter>
Ellie;319.603;324.535;okay_confirm (okay) feelguilty (what's something you feel guilty about)
Participant;326.25;331.12;um probably not working right now i need a job <laughter>
Ellie;332.27;334.48;good_job (it can be tough to find a good job these days)
Participant;334.75;335.69;yes
Ellie;336.605;340.397;situation_handled (tell me about a situation that you wish you had handled differently)
Participant;342.79;363.86;um maybe <sigh> i don't really remember a situation i try to really think before i really handle a situation and i try to handle it in a my best positive way before i really do something i regret
Ellie;366.133;369.733;hard_decisionB (tell me about the hardest decision you've ever had to make)
Participant;372.19;380.13;um being with somebody like a guy you know if i wanna continue a relationship with them or just
Ellie;379.394;379.904;mhm (mhm)
Participant;380.89;381.61;be single
Ellie;383.352;384.382;see_mean (i see what you mean)
Participant;384.46;384.65;mm
Ellie;387.484;390.161;family_relationship (tell me about your relationship with your family)
Participant;390.81;410.6;um my relationship with my family i don't have i just really stay with my dad and i have a daughter and we just stay close all my family they're either in um houston texas or they're around but i don't really socialize with a lot of my family
Ellie;411.788;416.534;uh_huh (uh huh) influence_positive (who's someone that's been a positive influence in your life)
Participant;416.8;417.43;my dad
Ellie;418.891;419.461;why2 (why)
Participant;420.14;439.98;because um i live with him right now i've been staying with him maybe about five <f> five to six years and he's just the only one i really look up to i don't really have nobody else around me to really look up to and that's it <laughter>
Ellie;440.691;443.612;okay_confirm (okay) kids_elaborate (tell me about your kids)
Participant;444.12;456.33;scrubbed_entry she's in the fifth grade she's graduating she's going to the sixth grade and i'm kinda excited for that
Ellie;457.375;461.584;aw (aw) easy_parent (do you find it easy to be a parent)
Participant;463.03;469.27;sometimes it's easy but uh sometimes it gets a little overwhelming
Ellie;470.593;472.573;parent_hardest (what's the hardest thing about being a parent)
Participant;473.61;477.0;um the hardest thing about being a parent is being a single parent
Ellie;479.192;480.912;parent_best (what's the best thing about being a parent)
Participant;481.78;496.43;it's just you always have somebody to bring you joy i enjoy always doing things with my daughter um it's just about making a lot of sacrifices and just always it's brings me so much joy being a parent
Ellie;497.662;504.895;good_hear (that's so good to hear) parent_differences (what are some ways that you're different as a parent than your parents)
Participant;505.51;537.04;well um my parents when i was younger they lived apart so my mom i don't know i'm i'm a much better parent 'cause i'm more interested about what my child wants to do i'm involved in her life her every step just i'm really fully involved my parents wasn't really that involved you know they had a drug problem so it just i had to mature a lot faster than a lot of other kids
Ellie;537.914;539.264;been_hard (that sounds really hard)
Participant;537.92;540.75;so it was
Ellie;542.042;546.161;memory_erase (tell me about an event or something that you wish you could erase from your memory)
Participant;547.42;562.39;um just my parents and um their drug addiction i wish i could erase that from my memory
Ellie;564.165;565.275;symptoms_cope (how do you cope with them)
Participant;566.03;591.49;um now i cope with them well but um when i was growing up it just was rough it was very rough had to do a lot of things on my own um they wasn't involved in my decisions in life you know i just i didn't know how to really grow up and be a kid and which way to go or anything it just was like i was in a world by myself
Ellie;592.158;594.657;yeah_downer (yeah) sorry_hear (i'm sorry to hear that)
Participant;595.13;595.6;yeah
Ellie;596.537;598.977;easy_sleep (how easy is it for you to get a good night's sleep)
Participant;599.33;604.82;oh it's very easy i sleep well every night i can sleep any time i sleep very well
Ellie;605.425;608.303;thats_good (that's good) feel_lately (how have you been feeling lately)
Participant;608.99;618.69;um a little sad but most of the time i'm very happy i'm just not happy with where i am in my life right now
Ellie;619.725;625.999;understand (i understand) behavior_changes (have you noticed any changes in your behavior or thoughts lately)
Participant;629.06;642.82;um not really i really i try to think very positive and try to do whatever i can every day to look for work and just stay positive and focused
Ellie;643.192;647.905;uh_huh (uh huh) ptsd_diagnosed (have you ever been diagnosed with p_t_s_d)
Participant;648.36;649.2;no i haven't
Ellie;650.247;652.057;depression_diagnosed (have you been diagnosed with depression)
Participant;652.59;653.72;no i haven't
Ellie;654.276;656.823;happy_lasttime (tell me about the last time you felt really happy)
Participant;658.12;672.4;um the last time i felt very happy was when i graduated from um college i felt very happy that was one of the best things that happened in my life and that was the last time i was really really very happy like that
Ellie;674.336;675.876;describe_felt (how did you feel in that moment)
Participant;676.33;699.26;i felt like i was on top of the world i felt like just overwhelmed with joy just everything was just so exciting for me that day i was just very very happy nothing could make me upset that day i was very happy and when i think about that day it just it's a very happy experience for me
Ellie;699.857;704.022;yeah3 (yeah) BF_describe (how would your best friend describe you)
Participant;704.7;725.36;um right now i don't have <ha> really have a best friend i really try to i'm i tried to eliminate a lot of my friends because they wasn't really making a lot of positive choices so right now i'm just like um i really don't have any friends right now
Ellie;725.79;731.386;understand (i understand) Ellie17Dec2012_07 (what would you say are some of your best qualities)
Participant;732.61;746.97;um my personality um i'm a happy person i'm a outgoing person and a positive person and a good mother
Ellie;747.604;752.897;mhm (mhm) self_change (what are some things you wish you could change about yourself)
Participant;754.75;773.32;um insecurities like um sometimes i feel like um i have a lot of weight on my shoulders or something i feel like i can't get through something i can't get to the next step sometimes or just feeling down sometimes
Ellie;772.575;779.8;yeah_downer (yeah) feelbadly (tell me about a time when someone made you feel really badly about yourself)
Participant;779.95;809.53;well i did have a friend and she was like bipolar and i tried to really be her friend no matter um the disease she had but she wasn't a really good friend because she one day she start just um being very negative and just talking about me like we were enemies and everything and it didn't really make me feel too bad about myself but it just made me pick my friends very wisely
Ellie;810.301;813.529;yeah_downer (yeah) regret (is there anything you regret)
Participant;816.205;831.12;yeah just being friends with certain people that don't have positive things going on with themselves or just don't it just when i notice things about people that should determine whether i wanna be their friend or not you know they might have
Ellie;830.892;831.362;mm (mm)
Participant;831.68;843.545;bad qualities or just some bad habits they might smoke cigarettes or drink and i should notice that that's a red flag and i shouldn't be these people friends <laughter>
Ellie;843.675;844.145;yeah3 (yeah)
Participant;844.64;844.95;yeah
Ellie;845.028;847.978;advice_back (what advice would you give to yourself ten or twenty years ago)
Participant;849.2;859.89;um to stay in school stay positive stay focused and surround myself with good positive people and just stay on the right track
Ellie;861.12;865.964;okay_confirm (okay) Ellie17Dec2012_10 (tell me about something you did recently that you really enjoyed)
Participant;867.35;903.45;well i went um to a friend's house that i haven't seen since childhood and they it was just a lot of people over there and they had a barbecue and everything and i really enjoyed seeing my old friends that i didn't see in a long time and just being with my family and certain friends i really enjoyed because i'm really always in the house i really don't go out that often so just i enjoyed being with a group of friends and family and having a good time
Ellie;904.343;905.063;awesome (awesome)
Participant;905.37;905.92;yeah
Ellie;907.828;910.128;Ellie17Dec2012_08 (what are you most proud of in your life)
Participant;910.86;925.6;um i'm proud that i did get my g_e_d i did graduate and i do wanna be somebody and i'm very proud that i wanna be a better parent than my parents
Ellie;927.296;934.356;thats_great (that's great) asked_everything (okay i think i have asked everything i need to) appreciate_open (thanks for sharing your thoughts with me)
Participant;934.8;936.12;thank you <laughter>
Ellie;935.902;936.512;bye (goodbye)
Participant;936.68;937.3;goodbye
