speaker;start_time;stop_time;text
Ellie;34.01;59.05;hi i'm ellie thanks for coming in today i was created to talk to people in a safe and secure environment think of me as a friend i don't judge i can't i'm a computer i''m here to learn about people and would love to learn about you i'll ask a few questions to get us started and please feel free to tell me anything your answers are totally confidential how are you doing today
Participant;59.82;62.31;i'm doing good um
Ellie;62.32;66.31;that's good where are you from originally
Participant;66.77;68.92;from los angeles california
Ellie;69.47;73.43;nice what are some things you really like about l_a
Participant;74.52;80.47;um the cool weather the beaches the people the schools
Ellie;81.47;84.44;mhm what'd you study at school
Participant;85.91;88.17;um child development
Ellie;89.06;91.22;nice are you still doing that
Participant;91.43;92.32;yes
Ellie;93.88;95.61;what's your dream job
Participant;96.01;98.46;to be a teacher for special education
Ellie;99.49;100.85;how hard is that
Participant;101.0;103.69;it's not hard 'cause i love to work with children
Ellie;104.09;105.06;really
Participant;105.2;105.81;yes
Ellie;108.61;111.27;what are some things that make you really mad
Participant;112.37;114.16;dishonesty maybe
Ellie;115.32;116.14;mhm
Participant;116.63;117.16;um
Ellie;116.73;118.48;can you give me an example of that
Participant;118.92;126.2;like if a guy like especially when it comes to relationships when they lie to you about something that's very minimal
Ellie;127.43;133.23;yeah who's someone that's been a positive influence in your life
Participant;133.79;136.01;my mom i wanna say my mom
Ellie;136.53;140.55;aww how close are you to them
Participant;141.0;143.29;um very close we talk every day
Ellie;145.03;149.42;that's so good to hear how close are you to your family
Participant;149.81;153.7;very close even though i don't live with them i try to see them as much as i can
Ellie;155.02;160.14;mhm how do you like your living situation
Participant;160.87;164.83;uh it's okay <laughter> it's it's good
Ellie;163.95;164.82;<laughter>
Participant;167.32;167.7;it's
Ellie;167.65;169.0;do you have roommates
Participant;169.01;169.87;yes i do
Ellie;171.36;172.54;tell me more about that
Participant;173.07;180.26;um they're they're friendly it's just that they're very quiet 'cause i'm not used to that environment
Ellie;181.14;186.2;oh what's it like for you living with them
Participant;186.58;198.73;it's fine like the how much it costs is very cheap so that's good and they're friendly so it's fine I just wish it was a little bit it could've been better so yeah
Ellie;199.78;202.08;could you have done anything to avoid it
Participant;202.12;203.34;yes <laughter>
Ellie;205.18;207.22;could you say a little more about that
Participant;207.42;230.52;um i had a different option to live with somebody else and i'm still friends with the female and comes to find out that we connect more than the roommates that I live with so I kinda regret moving in with the roommates I have now versus who i was supposed to move with in the beginning so but i'm stuck for a year so it's whatever
Ellie;226.71;232.6;mm i'm sorry to hear that
Participant;232.6;233.51;that's fine
Ellie;234.73;236.22;how do you know them
Participant;236.7;244.67;how do i know who i
Ellie;244.68;246.23;let's come back to that later
Participant;246.44;247.3;yeah <laughter>
Ellie;248.64;250.92;what are some things that make you really mad
Participant;253.8;264.64;there's nothing that really gets me really mad that i can think of the top of my head um
Ellie;265.4;266.85;whatever comes to your mind
Participant;269.24;276.63;um maybe when it comes to schools how they treat the children especially children of color maybe
Ellie;277.32;277.92;mhm
Participant;279.71;281.16;that really gets me mad
Ellie;282.37;286.85;okay do you consider yourself an introvert
Participant;288.29;290.08;mm yes
Ellie;290.63;291.58;why
Participant;293.23;300.87;because i do things from within i guess so um internally motivated to do things i guess yeah
Ellie;301.56;303.29;do you feel that way often
Participant;303.58;304.76;yeah
Ellie;307.7;314.1;okay when was the last time you argued with someone and what was it about
Participant;316.71;321.87;wow i hardly ever argue with somebody <laughter>
Ellie;322.08;322.6;really
Participant;322.81;330.41;yeah oh my sister i guess my sister that was about a month ago
Ellie;328.54;334.01;<laughter> how did you feel in that moment
Participant;334.34;345.65;uh i felt very betrayed and belittled because she's my little sister and she shouldn't be disrespecting me in any type of way because i'm an adult so yeah i was not feeling the situation at all
Ellie;342.57;348.23;mhm can you tell me about that
Participant;349.27;379.56;um just her getting into grown folks' business and it was a conversation between me and my mother and i guess she overheard what was being said and she felt like through my actions that i was choosing somebody else over my family when that wasn't even the case but because she didn't know the whole situation she just automatically assumed and put stuff on facebook about me disrespecting me calling me out by name and it was just yeah so <laughter>
Ellie;376.79;377.74;oh my gosh
Participant;379.99;397.21;and she then comes to me about it like she did all this other stuff on facebook i don't that's one thing i don't like either is when you i hate indirect comments like if you have if you need to talk to me come directly to me don't put it on facebook tell other people that's a pet peeve of mine so i really don't like that
Ellie;397.5;399.32;yeah that sucks
Participant;399.48;405.12;yeah so but i mean we're fine now so that's good
Ellie;405.02;406.53;that's so good to hear
Participant;406.54;407.16;yeah
Ellie;409.04;412.31;what advice would you give yourself ten or twenty years ago
Participant;414.79;422.31;to not believe people so easily so gullible to not be so gullible
Ellie;420.18;427.88;hm okay tell me more about that
Participant;428.54;455.82;i guess i've been hearing that lately how i believe anybody anything that somebody says without really thinking about it or without having them prove it so i guess you could say i let i made a lot of mistakes i don't wanna say i regretted it because i'm glad i went through it while i was younger than me getting older and going through the same situations so um yeah i believe people too easily and i give people too much chances so
Ellie;455.69;456.35;hm
Participant;456.73;457.4;yeah
Ellie;461.41;463.93;what's one of your most memorable experiences
Participant;464.6;474.3;when i went on a cruise which was a happy experience when i went on a cruise to mexico with my family um  when i was sixteen about six years ago
Ellie;474.97;475.92;wow
Participant;476.17;477.17;yeah <laughter>
Ellie;477.21;478.67;that's a long time
Participant;478.75;482.58;yeah i mean yeah i guess it was <laughter>
Ellie;483.67;485.67;<laughter> do you travel a lot
Participant;486.14;488.19;no i really want to though
Ellie;488.58;490.49;what do you enjoy about traveling
Participant;491.33;505.4;um trying new things seeing new views of the world um trying the different type of foods um seeing how the government is and how they run the things out there i guess
Ellie;505.4;505.96;mhm
Participant;506.52;507.24;um
Ellie;507.27;508.74;i'd love to hear about one of your trips
Participant;509.11;517.55;yeah i plan to go to the bahamas next year i plan to do a lot of traveling next year actually so
Ellie;517.82;518.43;really
Participant;518.48;519.24;yeah
Ellie;524.18;526.89;how easy is it for you to get a good night's sleep
Participant;528.35;532.16;it's pretty good eh somewhat
Ellie;533.38;535.71;what are you like when you don't sleep well
Participant;536.45;542.35;i'm tired <laughter> and i kind of fall asleep during class and whatnot
Ellie;543.18;544.61;do you feel that way often
Participant;544.94;547.76;yeah it's my fault though
Ellie;548.27;551.75;hm when was the last time that happened
Participant;552.04;553.87;um probably today
Ellie;555.67;556.27;wow
Participant;556.72;557.21;yeah
Ellie;558.53;559.19;why
Participant;559.36;563.77;well i fell asleep late so <laughter> it's my fault
Ellie;565.88;570.21;aw okay do you feel down
Participant;570.53;572.51;um no i feel pretty happy right now
Ellie;573.58;574.74;that's good
Participant;574.82;575.32;mhm
Ellie;575.52;577.82;have you been diagnosed with depression
Participant;577.88;578.48;no
Ellie;578.83;581.26;have you ever been diagnosed with p_t_s_d
Participant;581.27;581.74;no
Ellie;582.11;584.44;have you ever served in the military
Participant;584.5;584.85;no
Ellie;585.3;590.87;okay how would your best friend describe you
Participant;592.63;598.59;very friendly and funny talkative
Ellie;598.04;598.94;how do you know them
Participant;599.3;601.61;um through high school
Ellie;602.49;606.02;cool how close are you to them
Participant;606.36;613.98;we're pretty close we try to talk as often as possible maybe once a week i'll try to see them at least every few months
Ellie;614.52;622.48;that's good what do you think of today's kids
Participant;623.9;629.89;mm they're everywhere <laughter> um yeah
Ellie;627.9;628.82;<laughter>
Participant;630.26;658.87;no comment on that they're more smarter they are learning more stuff than we learned back in the day they are learning they're very progressing but when it comes to technology they're not outside they're always on the computer on their phones they don't play outside no more they don't care about nature or the little things in life they just yeah but when it comes to their mentality they argue smarter 'cause the schools are getting better i ain't gonna lie so
Ellie;659.67;665.63;yeah when was the last time that happened
Participant;666.49;670.7;when what happened i was just
Ellie;669.84;671.57;let's come back to that later
Participant;671.54;672.0;okay
Ellie;671.7;673.98;when was the last time you felt really happy
Participant;679.3;682.46;um last weekend i guess
Ellie;685.02;686.97;i'd love to hear all about it
Participant;688.05;704.2;right now um what did i do um being with my boyfriend makes me really happy so i was just hanging out with him last weekend and i never really get to see him that much so yeah
Ellie;704.63;706.87;aw why
Participant;707.09;710.45;'cause he works i have school different schedules
Ellie;710.89;712.3;that sounds really hard
Participant;712.71;714.55;it's not that bad <laughter>
Ellie;717.61;718.89;how do you know them
Participant;719.74;730.84;um he's my boyfriend i've been knowing for what about six months now we met through a mutual friend um
Ellie;730.87;731.34;mhm
Participant;731.36;732.86;in l_a i guess
Ellie;733.9;747.52;awesome okay i think i've asked everything i need to
Participant;747.57;748.29;okay
Ellie;749.25;751.28;thanks for sharing your thoughts with me
Participant;751.34;752.41;you're welcome
Ellie;752.45;753.25;goodbye
Participant;753.31;754.05;bye
