speaker;start_time;stop_time;text
Ellie;38.78;60.22;hi i'm ellie thanks for coming in today i was created to talk to people in a safe and secure environment i'm not a therapist but i'm here to learn about people and would love to learn about you i'll ask a few questions to get us started and please feel free to tell me anything your answers are totally confidential are you okay with this
Participant;60.43;60.73;yes
Ellie;61.52;64.66;okay so how are you doing today
Participant;65.2;65.79;i'm fine
Ellie;67.08;69.81;that's good where are you from originally
Participant;70.38;71.01;new york
Ellie;72.15;74.42;really why'd you move to l_a
Participant;75.5;76.77;uh for business
Ellie;79.01;79.78;what do you do now
Participant;81.29;87.35;now um i do hospitality i'm in between jobs
Ellie;88.53;89.38;when'd you move to l_a
Participant;91.4;93.37;when um
Ellie;93.64;94.1;mhm
Participant;95.61;102.53;<sneeze> excuse me um third lemmi see twenty six years ago
Ellie;105.36;108.78;wow how often do you go back to your home town
Participant;110.22;113.06;mm once a year
Ellie;114.93;118.47;that's good what are some things you really like about l_a
Participant;120.71;125.24;the sun the beach palm trees <laughter>
Ellie;127.1;130.92;uh huh what are some things you don't really like about l_a
Participant;133.9;148.9;mm sometimes uh i the some of the people some of the flashiness
Ellie;150.39;151.56;can you give me an example of that
Participant;154.97;164.12;uh the people are very self-centered flashiness they're some of them are not very sophisticated or eh well educated
Ellie;165.39;169.14;yeah how easy was it for you to get used to living in l_a
Participant;170.96;171.77;it was very easy
Ellie;173.21;178.08;that's good what'd you study at school
Participant;179.72;182.47;i have a a teaching degree and a art degree
Ellie;184.56;185.57;what's your dream job
Participant;187.39;192.44;<sigh> designing for the movie industry
Ellie;194.47;195.41;how hard is that
Participant;197.02;200.25;extremely so i never really pursued it
Ellie;201.68;206.06;i'm sorry to hear that how close are you to your family
Participant;206.63;207.38;<laughter> very
Ellie;209.42;212.67;that's great do you consider yourself an introvert
Participant;213.85;214.25;mm no
Ellie;215.41;215.7;why
Participant;216.93;225.61;i like people and i like being around people i like having friends social activity
Ellie;228.11;231.5;awesome what are some things that make you really mad
Participant;235.37;238.39;uh people who aren't true about themselves
Ellie;240.69;242.09;when was the last time that happened
Participant;245.96;248.45;hmm it happens all the time <laughter>
Ellie;250.84;253.19;mm what do you do when you're annoyed
Participant;259.3;266.42;i usually try to just disregard it and i try not to get upset about it
Ellie;267.93;272.12;okay when was the last time you argued with someone and what was it about
Participant;278.68;282.01;i argued with my sister about obama
Ellie;284.85;289.55;oh why
Participant;292.32;303.54;that whole fiscal cliff whatever that thing was called i was totally against anything that he thought he was doing to fix the economy
Ellie;305.65;309.83;hmm what are some things you like to do for fun
Participant;311.41;316.12;mm i like swimming i like museums i like plays i like concerts
Ellie;317.52;317.79;cool
Participant;318.12;318.94;i like dance
Ellie;323.65;325.79;what's one of your most memorable experiences
Participant;327.98;328.58;traveling
Ellie;330.41;331.24;do you travel a lot
Participant;332.79;333.66;uh yes
Ellie;335.09;336.49;what do you enjoy about traveling
Participant;338.41;344.48;uh s being in a different environment learning different cultures meeting people
Ellie;346.88;348.35;i'd love to hear about one of your trips
Participant;353.88;357.87;well actually i was in new york uh couple of weeks ago
Ellie;358.8;359.2;really
Participant;360.43;369.79;and i haven't been back for a while and it was just exhilirating to me again i learned to to love new york all over again
Ellie;371.42;372.67;that's so good to hear
Participant;372.92;373.27;mhm
Ellie;377.67;379.21;have you ever served in the military
Participant;379.52;379.96;no
Ellie;381.37;383.18;have you ever been diagnosed with p_t_s_d
Participant;384.19;384.49;no
Ellie;385.51;387.2;have you been diagnosed with depression
Participant;388.36;388.79;yes
Ellie;390.09;391.75;how long ago were you diagnosed
Participant;395.53;398.33;uh couple years back
Ellie;400.85;402.03;what got you to seek help
Participant;405.36;411.04;i was feeling very not energized <energi> not energized
Ellie;412.6;413.03;mhm
Participant;416.13;417.2;and it was <wa> i was down
Ellie;416.21;417.12;do you feel down
Participant;417.56;417.79;huh
Ellie;419.03;419.84;do you feel down
Participant;419.06;420.54;sorry yes
Ellie;422.32;425.25;have you noticed any changes in your behavior or thoughts lately
Participant;426.96;438.58;yes uh i i sleep a lot more and it's i'm not that motivated to go out and have fun
Ellie;441.13;442.32;that sounds really hard
Participant;443.3;443.64;yes
Ellie;446.53;447.76;are they triggered by something
Participant;449.73;457.12;um i haven't been happy at my jobs for at least ten years
Ellie;458.7;459.58;i'm sorry to hear that
Participant;458.74;474.27;i eh i went through seeing my father be sick and then passing away and just recently seeing my mother my mother was sick for about four years and she finally passed away that was very hard on me
Ellie;473.37;477.49;oh no i'm sorry
Participant;477.75;479.25;mm well mm
Ellie;480.12;481.7;is going to a therapist helping you
Participant;484.43;487.18;to a degree but not as much as i like
Ellie;489.77;490.64;tell me more about that
Participant;504.1;519.59;i don't know that <sigh> you know i know it's helped me a little bit but it's definitely not helped me as much as i want but also they can't get a job for you and it xxx
Ellie;519.11;521.15;it can be tough to find a good job these days
Participant;521.73;522.17;correct
Ellie;526.09;528.9;what sort of changes have you noticed since you've been going to therapy
Participant;532.11;537.91;i push myself farther to get out of the house or to try to enjoy life
Ellie;537.38;537.84;that's great
Participant;538.94;540.98;and to be you know better to myself
Ellie;544.6;545.82;do you still go to therapy now
Participant;546.16;546.52;yes
Ellie;552.84;553.24;okay
Participant;554.15;554.63;<sigh>
Ellie;555.52;557.96;when was the last time you felt really happy
Participant;562.23;574.11;when my uh nephew called me scrubbed_entry scrubbed_entry
Ellie;575.45;581.79;wow what are you most proud of in your life
Participant;584.27;588.03;uh that i i'm a pretty good person caring person
Ellie;589.74;595.41;uh huh tell me about something you did recently that you really enjoyed
Participant;605.68;617.87;xxx i enjoyed well i went to <t> to the movies recently which i haven't gone in awhile and i really enjoyed the films
Ellie;619.05;619.8;what was it about
Participant;620.75;626.38;one was the life of pi and the other was anna <an> and the other was anna karenina
Ellie;624.12;624.71;nice
Participant;627.84;629.15;which i thoroughly enjoyed
Ellie;630.48;635.36;cool how would your best friend describe you
Participant;638.66;644.72;mm as a good caring friend and somebody who likes to do things
Ellie;648.09;651.85;okay who's someone that's been a positive influence in your life
Participant;662.08;664.31;mm i'd say my mom
Ellie;671.77;674.01;is it uncomfortable for you to talk about this
Participant;674.64;678.28;mm it's getting easier
Ellie;680.9;687.96;that's good tell me more about that
Participant;689.53;701.75;um she was the kind of person that even though this is kind of a cold hard world she set herself above that and was still determined to be a good caring person
Ellie;704.35;713.48;mm what's one of your most memorable experiences
Participant;716.41;716.93;traveling
Ellie;720.08;723.45;okay is there anything you regret
Participant;728.63;732.41;uh not going farther in my education
Ellie;734.23;735.98;could you have done anything to avoid it
Participant;741.0;742.33;yes <laughter> yes
Ellie;744.37;745.66;what made you decide to do that
Participant;746.38;748.26;<sigh> sorry
Ellie;749.45;750.7;what made you decide to do that
Participant;753.92;755.69;i i don't understand the question sorry
Ellie;757.25;758.78;why don't we talk about that later
Participant;758.95;759.31;okay
Ellie;760.36;763.04;what advice would you give yourself ten or twenty years ago
Participant;767.44;778.97;mm i should've gone gotten farther in in in my education gotten a master's or a p_h_d and i think my job search would be a lot easier
Ellie;781.74;783.56;there are always trade offs in life aren't there
Participant;784.0;785.2;<clears throat> yes <sigh>
Ellie;785.95;788.01;do you think that maybe you're being a little hard on yourself
Participant;788.55;788.92;yes
Ellie;792.07;799.24;okay what are you most proud of in your life
Participant;801.73;808.25;uh that i've <clears throat> been a very kind considerate helpful person
Ellie;810.62;811.43;that's great
Participant;812.13;812.47;mhm
Ellie;814.83;817.29;what are some things that usually put you in a good mood
Participant;820.18;825.87;hmm i like being around the arts i'm like about i like being around creative people
Ellie;828.46;836.32;that's so good to hear okay i think i've asked everything i need to
Participant;837.84;838.47;thank you
Ellie;839.04;839.58;goodbye
Participant;839.89;840.43;bye
