speaker;start_time;stop_time;text
Participant;11.42;12.23;<synch>
Ellie;27.576;49.116;IntroV4Confirmation (hi i'm ellie thanks for coming in today i was created to talk to people in a safe and secure environment i'm not a therapist but i'm here to learn about people and would love to learn about you i'll ask a few questions to get us started and please feel free to tell me anything your answers are totally confidential are you ok with this)
Participant;49.54;49.87;yes
Ellie;50.453;54.266;okay_confirm (okay) how_doingV (so how are you doing today)
Participant;55.29;55.71;okay
Ellie;56.52;59.248;thats_good (that's good) where_originally (where are you from originally)
Participant;59.97;60.54;virginia
Ellie;61.602;65.032;really (really) when_LA (when did you move to l_a)
Participant;66.23;71.57;i wanted to live somewhere different than virginia with a little bit more diversity
Ellie;73.192;75.092;often_backB (how often do you go back to your hometown)
Participant;76.01;77.55;um once a year maybe
Ellie;79.841;81.461;compares_LA (how does it compare to l_a)
Participant;82.98;87.32;it's um it's a lot slower and there's a lot less to do there
Ellie;89.056;90.076;why_LA (why did you move to l_a)
Participant;91.9;103.57;um i wanted to live somewhere different and a nicer warmer climate and um somewhere where there's a lot more to do and there's a lot more going on
Ellie;104.25;108.259;mm (mm) adapted_LA (how easy was it for you to get used to living in l_a)
Participant;109.68;113.74;for me it was really easy 'cause i wanted something <someth> it was very different and i wanted something different
Ellie;114.458;117.98;mhm (mhm) like_about_LA (what are some things you really like about l_a)
Participant;120.04;129.49;i like um i like all the things to do like the museums i like the beaches and the mountains and all the hiking and all the free things to do
Ellie;130.699;133.049;dont_like_LA (what are some things you don't really like about l_a)
Participant;134.14;141.59;mm people don't appreciate what they have here that just come here and wanna take something but they don't wanna give anything back and bad drivers
Ellie;142.273;150.98;yeah_downer (yeah) travel_shoes (i'm sure you can tell by my shoes i'm not much of a world explorer do you travel a lot)
Participant;151.65;158.03;uh not as much as i would like to i travel whenever i can but usually can't afford to that much
Ellie;159.427;162.57;understand (i understand) travel_changed (what do you enjoy about traveling)
Participant;164.68;180.44;mm well i like taking i like taking pictures a lot and i just like exploring new places my wife and i like to see um wildlife and hike and monuments and just seeing different areas
Ellie;181.35;184.424;cool3 (cool) travel_trips (i'd love to hear about one of your trips)
Participant;186.41;209.76;um well <sigh> we we've gone <go> we went to uh central california we'd like to be able to go more internationally places but that takes awhile to afford so we've gone more locally so we went to um we went to hurst castle and to see the sea lions <li> the um the elephant seals and things like that
Ellie;210.371;213.979;nice (nice) memorableB (what's one of your most memorable experiences)
Participant;215.77;229.99;um i guess our uh i guess our palm springs trip for our anniversary we did the um eh we did the tram and a nice hotel and jacuzzi and romantic dinner and it was a good time overall
Ellie;231.34;240.314;great_situation (that sounds like a great situation) shyoutgoing (do you consider yourself more shy or outgoing)
Participant;239.99;241.15;i guess somewhere in between
Ellie;243.359;244.499;study (what did you study at school)
Participant;245.92;246.97;english and film
Ellie;248.611;251.962;sounds_interesting (that sounds interesting) hard_decision (how did you decide to do that)
Participant;253.26;263.88;well i uh was told i needed to go to college and i hadn't quite decided what to do yet so i just picked something i liked to do for the time being
Ellie;265.122;266.122;happy_didthat (are you happy you did that)
Participant;266.91;275.22;well wish i'd not been pressured so i had more time to figure out what i wanted to i might've done something different like physical therapy but
Ellie;277.322;280.257;mm (mm) still_working_on_X (are you still working in that)
Participant;282.09;286.77;uh no i've been teaching <t> teaching gymnastics which is something i used to do before
Ellie;288.235;292.174;wow (wow) change_directions (what made you decide to do that)
Participant;293.16;303.38;um i needed to not starve and i did it i didn't end up being as bad as i thought it would be so i went for it and it ended up being kinda fun
Ellie;304.242;307.526;thats_good (that's good) dream_job (what's your dream job)
Participant;309.32;312.54;dream is to have money and not have to work for it
Ellie;315.47;319.463;okay_confirm (okay) control_temper (how are you at controlling your temper)
Participant;320.78;321.88;overall pretty good
Ellie;322.854;325.904;last_argument (when was the last time you argued with someone and what was it about)
Participant;326.95;332.91;um don't remember what about but it probably would've been few weeks ago with my wife
Ellie;336.337;340.113;situation_handled (tell me about a situation that you wish you had handled differently)
Participant;341.9;353.06;um well anyone that i've ever actually gotten upset and yelled i always wish i wouldn't do that but sometimes when someone's not listening it drives me crazy
Ellie;354.246;355.576;give_example (can you give me an example of that)
Participant;357.24;364.77;um you know if i just saying something over and over and they're just clearly not listening it makes me really upset
Ellie;366.194;371.838;yeah_downer (yeah) hard_decisionB (tell me about the hardest decision you've ever had to make)
Participant;375.04;390.69;um <sigh> i don't know i i spend a lot of time on 'em but i don't i don't know what the hardest one is 'cause eh if i decide to go with something it's you know it's usually for a good reason
Ellie;393.144;399.873;uh_huh (uh huh) feelguilty (what's something you feel guilty about)
Participant;401.54;418.66;well i guess i feel guilty about moving to california and that i left my family in virginia i mean <pft> i know i shouldn't but they always seem to miss me and even though they don't like living there you know i'm the one that moved away so it's like i abandoned them
Ellie;420.52;421.46;difficult (how hard is that)
Participant;423.15;427.79;well i mean i don't miss virginia but i do miss them so i guess a little hard
Ellie;430.619;433.323;family_relationship (tell me about your relationship with your family)
Participant;435.16;444.53;uh i have a good relationship with my <deep breath> with my wife with my in-laws with my mom dad and sister there's no problems everyone gets along well
Ellie;445.425;447.125;family_roleB (how close are you to your family)
Participant;448.2;449.22;mm very close
Ellie;450.5;457.06;thats_good (that's good) memory_erase (tell me about an event or something that you wish you could erase from your memory)
Participant;458.61;467.02;um i mean anything <anyth> anything where someone gets hurt either uh physically or otherwise
Ellie;469.605;472.045;easy_sleep (how easy is it for you to get a good night's sleep)
Participant;473.32;478.33;it depends on how much exercise i have get a lot of exercise it's pretty easy if i don't it's not
Ellie;479.756;481.536;sleep_affects (what are you like when you don't sleep well)
Participant;482.92;493.18;um kind of like right now just a little bit slow and out of it but not really um too different otherwise
Ellie;493.661;497.463;uh_huh (uh huh) feel_lately (how have you been feeling lately)
Participant;499.28;512.73;um just kinda run down 'cause my um my mother-in-law is is dying and we just spent like three days uh in the hospital and we're gonna go back after this so not a lot of time to sleep
Ellie;513.564;519.665;im_sorry (i'm sorry) behavior_changes (have you noticed any changes in your behavior or thoughts lately)
Participant;520.35;529.07;mm just um just uh slower <sl> just slower and more tired and little more out of it that's all
Ellie;530.511;532.551;ptsd_diagnosed (have you ever been diagnosed with p_t_s_d)
Participant;532.8;533.1;no
Ellie;533.843;535.653;depression_diagnosed (have you been diagnosed with depression)
Participant;536.07;536.37;no
Ellie;537.778;541.516;happy_lasttime (tell me about the last time you felt really happy)
Participant;542.94;559.0;um usually just when i'm having <havi> having a fun day either on my own or with my wife that's that's pretty easy for me just getting outside and and uh and hiking or exercising it's not hard for me
Ellie;560.453;563.799;mhm (mhm) BF_describe (how would your best friend describe you)
Participant;567.1;575.28;i'm not sure maybe um maybe mm like eccentric but in a good way hopefully
Ellie;576.938;580.658;wild_laughter3 ((laughter)) regret (is there anything you regret)
Participant;583.36;583.7;no
Ellie;585.592;588.542;advice_back (what advice would you give to yourself ten or twenty years ago)
Participant;590.63;612.1;um to be careful with your to be careful with your job to make sure you could keep from being injured and to um i don't know just your <y> just your normal your normal kind of uh older kinda wisdom <sigh>
Ellie;614.256;615.416;tell_about_that (can you tell me about that)
Participant;618.22;623.59;mm not much to say really everyone realizes things when they get older that they wish they had when they were younger
Ellie;624.718;631.158;yeah_downer (yeah) self_change (what are some things you wish you could change about yourself)
Participant;632.14;639.56;uh i wish i could get rid of my back injury so i could get back into shape like i used to be that's um the biggest thing right now
Ellie;643.56;645.23;tell_me_moreV2 (can you tell me more about that)
Participant;647.51;659.05;um not much to say just hurt my back at work and i just like to get past it 'cause it's you know holding me back from doing a lot of things that's all
Ellie;660.145;660.685;like_what (like what)
Participant;661.9;670.9;um well like i used to do uh gymnastics and trampoline and used to be a lot more active or work out more and now i can only work out a little bit 'cause it hurts too much
Ellie;671.85;679.323;that_sucks (that sucks) ideal_weekendC (tell me how you spend your ideal weekend)
Participant;680.91;702.12;um probably like during the during the day going <sigh> going on a hike or to a park with my wife and uh enjoying taking pictures and wildlife and exercising and then at night um you know we watch a movie or go dancing or just something like that
Ellie;704.683;706.983;Ellie17Dec2012_08 (what are you most proud of in your life)
Participant;709.15;731.03;um most proud of um proud of moving here i mean i um came here without knowing anyone and i was at a point where i could've stayed in virginia and gotten comfortable and you know ended up doing something i regretted but i came out and i've always thought that was a good decision
Ellie;733.397;737.568;thats_good (that's good) influence_positive (who's someone that's been a positive influence in your life)
Participant;738.62;743.83;mm my parents my grandparents my wife most people in my life have been
Ellie;746.179;752.673;asked_everything (okay i think i have asked everything i need to) appreciate_open (thanks for sharing your thoughts with me) bye (goodbye)
Participant;753.14;753.43;bye bye
