speaker;start_time;stop_time;text
Ellie;36.588;61.378;hi i'm ellie thanks for coming in today i was created to talk to people in a safe and secure environment think of me as a friend i don't judge i can't i'm a computer i'm here to learn about people and would love to learn about you i'll ask a few questions to get us started and please feel free to tell me anything your answers are totally confidential how are you doing today
Participant;62.328;63.178;good
Ellie;63.798;67.528;that's good where are you from originally
Participant;68.978;70.288;atlanta georgia
Ellie;70.978;74.198;really why'd you move to l_a
Participant;75.028;78.128;um my parents are from here um
Ellie;82.218;83.578;how do you like l_a
Participant;83.808;84.588;i love it
Ellie;85.558;87.898;what are some things you really like about l_a
Participant;88.458;97.278;i like the weather i like the opportunities um yes
Ellie;98.228;100.868;how easy was it for you to get used to living in l_a
Participant;102.428;108.798;um it took a minute somewhat easy
Ellie;110.788;113.168;what are some things you don't really like about l_a
Participant;114.038;115.558;congestion
Ellie;119.218;119.978;mhm
Participant;120.268;121.158;that's it
Ellie;122.828;126.958;okay what'd you study at school
Participant;128.488;132.628;um i took up business and administration
Ellie;133.718;136.178;cool are you still doing that
Participant;136.748;144.548;uh yeah i am here and there i'm on a break right now but i plan on going back in the uh next semester
Ellie;146.008;147.468;what's your dream job
Participant;149.258;152.168;uh probably to open up my own business
Ellie;155.698;160.858;awesome do you travel a lot
Participant;161.248;162.068;no
Ellie;163.618;164.328;why
Participant;165.608;172.978;um no specific reason i just don't travel a lot i'm pretty local
Ellie;174.148;177.668;okay how often do you go back to your hometown
Participant;178.578;179.918;once a year
Ellie;182.508;186.858;nice do you consider yourself an introvert
Participant;189.098;191.068;can you be a little bit more specific
Ellie;193.678;195.248;whatever comes to your mind
Participant;196.868;197.998;no answer
Ellie;199.288;202.398;okay what do you do to relax
Participant;203.318;208.658;i like reading books i enjoy i enjoy cooking um exercising is great
Ellie;211.648;216.068;awesome how are you at controlling your temper
Participant;217.728;221.058;i'm i'm i'm pretty good at it um
Ellie;221.358;222.068;really
Participant;221.358;222.068;yeah
Ellie;223.708;227.208;when was the last time you argued with someone and what was it about
Participant;227.998;232.368;um probably about two weeks ago
Ellie;235.458;237.378;how did you feel in that moment
Participant;238.298;240.168;uh frustrated
Ellie;242.218;243.518;tell me more about that
Participant;244.748;252.298;um i don't like bias um i don't like um when someone says they're gonna do something and they don't
Ellie;252.938;258.848;mhm how close are you to them
Participant;260.238;261.168;uh somewhat
Ellie;262.748;263.938;how do you know them
Participant;266.918;267.988;friendship
Ellie;269.898;276.788;okay what are some things you like to do for fun
Participant;279.618;288.078;i like to play sports i enjoy uh going out with friends and family playing games
Ellie;288.858;293.268;nice who's someone that's been a positive influence in your life
Participant;294.678;297.618;grandparents parents
Ellie;298.928;303.498;aww can you tell me about that
Participant;305.218;312.208;um yeah i mean they've always given me great advice they've always kept it real
Ellie;314.148;316.388;how close are you to your family
Participant;316.868;318.008;real close
Ellie;322.918;324.388;is there anything you regret
Participant;325.738;333.468;i would say going to college right after high school
Ellie;334.268;335.058;why
Participant;336.988;346.068;well i would've been done by now you know i would have been probably out in the field in the career field
Ellie;347.178;348.808;what made you decide to do that
Participant;349.998;351.988;uh taking a job off the street
Ellie;354.178;356.448;could you have done anything to avoid it
Participant;357.818;360.198;i'm sure i could've yes
Ellie;363.928;366.448;what's one of your most memorable experiences
Participant;372.098;375.488;i'm not sure maybe when i graduated from high school
Ellie;377.588;383.678;yeah i'd love to hear all about it
Participant;386.728;402.878;well uh i um i got my diploma my my diploma that i finished school and i met all the requirements high school and i was approved to go do whatever i wanted to do
Ellie;403.468;408.618;that's great what's it like for you living with them
Participant;409.408;410.428;living with who
Ellie;411.438;413.158;how do you like your living situation
Participant;414.148;416.448;um it's alright it could be better
Ellie;417.418;418.688;do you have roommates
Participant;417.428;419.508;not no
Ellie;420.608;429.278;that's good how easy is it for you to get a good night's sleep
Participant;430.858;432.458;uh it's pretty easy
Ellie;433.978;435.538;do you feel that way often
Participant;436.538;437.598;uh yes
Ellie;438.558;440.548;what are you like when you don't sleep well
Participant;448.468;449.568;repeat that
Ellie;450.498;452.478;what are you like when you don't sleep well
Participant;453.188;458.258;irritated um lazy
Ellie;462.288;463.488;do you feel down
Participant;463.868;464.468;no
Ellie;466.278;470.378;that's good have you been diagnosed with depression
Participant;470.658;471.348;no
Ellie;471.878;474.188;have you ever been diagnosed with p_t_s_d
Participant;474.638;475.248;no
Ellie;475.948;477.648;have you ever served in the military
Participant;477.868;478.478;no
Ellie;479.228;490.348;okay when was the last time you felt really happy
Participant;492.328;494.708;um the other day
Ellie;496.448;497.608;tell me more about that
Participant;499.508;502.038;weather was great sun was out
Ellie;503.878;509.258;that sounds like a great situation what do you think of today's kids
Participant;511.028;511.888;different
Ellie;515.528;517.188;can you give me an example of that
Participant;525.478;531.008;less less um interested
Ellie;533.118;546.488;[laughter] i see what you mean what do you do when you're annoyed
Participant;548.568;550.018;uh shut down
Ellie;553.558;555.528;when was the last time that happened
Participant;559.768;562.228;uh about two weeks ago
Ellie;564.208;567.478;mhm can you tell me about that
Participant;568.678;573.568;uh yeah a friend of mine was annoying me and i just cut them off
Ellie;574.868;576.008;i'm sorry
Participant;576.178;577.558;[laughter] it's alright
Ellie;579.098;580.348;how do you know them
Participant;581.178;582.128;friendship
Ellie;583.928;590.918;cool how would your best friend describe you
Participant;598.238;601.378;chocolate tall
Ellie;601.718;602.688;[laughter]
Participant;602.738;603.478;thin
Ellie;610.398;616.878;okay okay i think i've asked everything i need to
Participant;618.308;619.078;thank you
Ellie;619.488;620.348;goodbye
Participant;620.538;621.268;bye bye
