speaker;start_time;stop_time;text
Participant;45.53;46.64;<sync>
Ellie;69.145;90.685;IntroV4Confirmation (hi i'm ellie thanks for coming in today i was created to talk to people in a safe and secure environment i'm not a therapist but i'm here to learn about people and would love to learn about you i'll ask a few questions to get us started and please feel free to tell me anything your answers are totally confidential are you ok with this)
Participant;91.07;91.93;yes i am
Ellie;92.339;96.168;okay_confirm (okay) how_doingV (so how are you doing today)
Participant;96.71;97.75;i'm doing great
Ellie;98.021;100.829;thats_good (that's good) where_originally (where are you from originally)
Participant;101.49;103.44;i am originally from venezuela
Ellie;103.726;107.4;really (really) when_LA (when did you move to l_a)
Participant;108.28;109.73;i was two years old
Ellie;110.328;112.028;very_young (you were very young weren't you)
Participant;112.19;113.31;yes i was
Ellie;114.224;116.124;often_backB (how often do you go back to your hometown)
Participant;116.78;119.17;um been only once
Ellie;120.308;120.878;why2 (why)
Participant;121.79;127.45;i do not have family there anymore uh my uh siblings live in florida nowadays
Ellie;124.535;132.173;aw (aw) okay_confirm (okay) like_about_LA (what are some things you really like about l_a)
Participant;134.18;146.49;wow there's so many things i like about l_a i like the weather i like people overall i think the weather we're very lucky here
Ellie;146.802;150.23;mhm (mhm) dont_like_LA (what are some things you don't really like about l_a)
Participant;150.95;152.22;traffic
Ellie;153.439;162.203;see_mean (i see what you mean) travel_shoes (i'm sure you can tell by my shoes i'm not much of a world explorer do you travel a lot)
Participant;161.94;163.82;uh i have traveled some
Ellie;165.31;166.83;travel_changed (what do you enjoy about traveling)
Participant;167.53;176.62;meeting new people and doing new learning about new cultures i enjoy languages uh traveling itself
Ellie;177.732;179.412;travel_trips (i'd love to hear about one of your trips)
Participant;181.1;193.67;i have traveled to italy uh i lived there for seven and a half years and i studied abroad i've uh visit a few countries through europe and i had a real good time
Ellie;194.177;196.537;memorableB (what's one of your most memorable experiences)
Participant;197.32;205.48;um probably traveling uh through rail along europe and getting to know cities in that way
Ellie;206.533;214.479;awesome (awesome) shyoutgoing (do you consider yourself more shy or outgoing)
Participant;213.77;215.36;totally outgoing
Ellie;216.456;228.223;relax_fishtank (sometimes when i'm feeling tense i turn on the fish tank screensaver hey i know it's not hawaii but it's the best i've got what do you do to relax)
Participant;228.54;230.52;i do meditation
Ellie;232.609;234.019;hard_decision (how did you decide to do that)
Participant;235.34;253.21;um it's usually a practice that you can becomes very natural so my body's able to um sense when i'm not feeling at ease and i naturally um breathe and start my meditation process
Ellie;254.127;255.067;difficult (how hard is that)
Participant;255.84;271.48;mm it could be hard if you don't practice it every day or if you're not able to quiet your mind however if you um meditate for a long time it becomes a practice like going to the gym or drinking your daily water um you can naturally learn to meditate
Ellie;271.901;276.29;uh_huh (uh huh) control_temper (how are you at controlling your temper)
Participant;277.48;278.8;i think pretty good
Ellie;279.853;282.903;last_argument (when was the last time you argued with someone and what was it about)
Participant;283.84;291.29;i typically do not argue uh and i don't remember any instance of arguing with someone recently
Ellie;292.541;298.069;okay_confirm (okay) situation_handled (tell me about a situation that you wish you had handled differently)
Participant;300.35;304.05;maybe being on the freeway and taking the wrong exit <laughter>
Ellie;304.172;304.972;wild_laughter3 ((laughter))
Participant;304.68;312.14;i would've probably paid attention to uh my uh probably g_p_s or not being over confident
Ellie;313.608;319.704;see_mean (i see what you mean) hard_decisionB (tell me about the hardest decision you've ever had to make)
Participant;320.65;330.35;hardest decision i ever had to make uh i guess moving back from europe to l_a  coming back home <laughter> i miss my friends
Ellie;331.36;332.79;change_directions (what made you decide to do that)
Participant;333.46;339.72;it was time to come back i had done my schooling and it was time to come back home see my parents and join my family
Ellie;341.302;343.997;family_relationship (tell me about your relationship with your family)
Participant;344.26;353.04;i love my family they're the core of my life i have a nephew he's uh six years old and he's the love of my life love them all
Ellie;353.442;359.381;good_hear (that's so good to hear) influence_positive (who's someone that's been a positive influence in your life)
Participant;360.56;365.09;my teachers uh my parents and definitely my mentors
Ellie;366.942;374.785;okay_confirm (okay) memory_erase (tell me about an event or something that you wish you could erase from your memory)
Participant;378.38;387.15;well i don't think i have anything that bad that i want to erase from my memory um i can't think of any sorry <laughter>
Ellie;387.238;391.836;okay_confirm (okay) feelguilty (what's something you feel guilty about)
Participant;395.01;408.11;guilty about i don't think i have anything to feel guilty about however sometimes i feel guilty when i eat a lot of cookies 'cause that is not good for my health <laughter>
Ellie;409.287;413.369;okay_confirm (okay) easy_sleep (how easy is it for you to get a good night's sleep)
Participant;414.34;419.48;very easy i sleep like a baby once i hit the bed <laughter>
Ellie;419.347;423.19;thats_good (that's good) feel_lately (how have you been feeling lately)
Participant;424.49;426.11;i've been feeling good
Ellie;427.316;430.486;behavior_changes (have you noticed any changes in your behavior or thoughts lately)
Participant;431.28;432.04;no
Ellie;433.365;438.807;okay_confirm (okay) happy_lasttime (tell me about the last time you felt really happy)
Participant;439.36;462.09;i felt really happy about two months ago i went to a friend's birthday she celebrated in a casino by a city away from los angeles san bernadino and i was playing with a twenty five cents with quarters and i won like seventy five dollars in the machine so that was very cool <laughter>
Ellie;461.547;465.522;nice (nice) BF_describe (how would your best friend describe you)
Participant;466.74;475.61;uh outgoing always planning something exciting to do um very outspoken
Ellie;477.371;478.441;regret (is there anything you regret)
Participant;480.03;481.99;mm not that i know of no
Ellie;483.166;486.116;advice_back (what advice would you give to yourself ten or twenty years ago)
Participant;488.0;499.95;oh always do what you want to do life is short and um always keep on learning
Ellie;502.448;505.333;self_change (what are some things you wish you could change about yourself)
Participant;507.5;510.72;uh i want to lose two more pounds
Ellie;513.107;522.047;okay_confirm (okay) feelbadly (tell me about a time when someone made you feel really badly about yourself)
Participant;522.56;534.24;i i've been very very blessed i've never really felt anyone make me feel bad and i usually interact well with everyone i meet and i'm very blessed to have everyone be nice to me
Ellie;535.594;541.707;thats_great (that's great) Ellie17Dec2012_07 (what would you say are some of your best qualities)
Participant;543.26;561.45;i'm a great listener uh i spend quality time with my friends and family uh not quantity necessarily but quality time and i'm very supportive and i love to pretty much listen listen and listen sometimes that's all people need
Ellie;561.617;564.116;mhm (mhm) study (what did you study at school)
Participant;565.08;576.26;i went to school um i have two degrees um business management um uh degree and also i have a language degree
Ellie;577.433;580.682;sounds_interesting (that sounds interesting) hard_decision (how did you decide to do that)
Participant;581.67;604.52;i learned languages when i was very little uh had the opportunity to travel and it was easier for me to keep on learning languages and uh the business part i enjoy interacting with people creating um new ideas uh innovating so i believe that's where my interested in uh business came from mhm
Ellie;603.594;606.152;mhm (mhm) still_working_on_X (are you still working in that)
Participant;606.71;607.49;yes i am
Ellie;608.226;609.426;dream_job (what's your dream job)
Participant;610.46;629.88;<laughter> my dream job one that wouldn't have probably challenges every day uh one that i could uh i don't know i'd just come to the office and everybody and everything would be perfect but uh it's not real so uh i think one of the main things about having a a job is enjoying those challenges
Ellie;630.474;635.244;yeah_downer (yeah) Ellie17Dec2012_08 (what are you most proud of in your life)
Participant;636.48;650.36;very proud of myself uh my accomplishments and i'm also very proud of my family and my friends and how they have uh uh achieved and overcome their obstacles
Ellie;651.606;652.936;give_example (can you give me an example of that)
Participant;653.78;678.73;um sure i have a friend of mine who is now in new york state university she had quite some challenges trying to get there and funding her education and now she is um uh not only in the school but she hosts has acquired uh some funding for her education through a lot of writing letters and petitions and things she did in order to conquer her dream to be in school so very proud of her
Ellie;679.148;685.335;thats_great (that's great) asked_everything (okay i think i have asked everything i need to) appreciate_open (thanks for sharing your thoughts with me)
Participant;685.87;686.69;thank you
Ellie;686.695;687.305;bye (goodbye)
Participant;687.58;688.42;goodbye
