speaker;start_time;stop_time;text
Participant;13.03;13.84;<synch>
Ellie;35.431;56.971;IntroV4Confirmation (hi i'm ellie thanks for coming in today i was created to talk to people in a safe and secure environment i'm not a therapist but i'm here to learn about people and would love to learn about you i'll ask a few questions to get us started and please feel free to tell me anything your answers are totally confidential are you ok with this)
Participant;56.89;57.21;sure
Ellie;59.082;62.966;okay_confirm (okay) how_doingV (so how are you doing today)
Participant;62.955;63.975;i'm well thank you
Ellie;64.717;67.413;thats_good (that's good) where_originally (where are you from originally)
Participant;67.5;68.6;southern california
Ellie;69.411;73.4;really (really) like_about_LA (what are some things you really like about l_a)
Participant;74.415;79.38;the weather <sigh> the uh mountains the ocean
Ellie;80.599;84.641;mhm (mhm) dont_like_LA (what are some things you don't really like about l_a)
Participant;84.705;87.545;mm traffic air quality
Ellie;87.148;96.673;see_mean (i see what you mean) travel_shoes (i'm sure you can tell by my shoes i'm not much of a world explorer do you travel a lot)
Participant;96.995;98.66;no not a lot
Ellie;99.832;100.402;why2 (why)
Participant;101.19;104.945;mm time money
Ellie;106.335;109.519;okay_confirm (okay) study (what did you study at school)
Participant;110.87;114.48;i studied art <sigh> studio art
Ellie;114.201;118.402;sounds_interesting (that sounds interesting) hard_decision (how did you decide to do that)
Participant;119.65;124.69;it was just always a a talent and a desire i had from childhood
Ellie;126.624;127.884;still_working_on_X (are you still working in that)
Participant;127.87;128.44;i am
Ellie;129.942;131.142;dream_job (what's your dream job)
Participant;132.32;137.77;mm making a good living through my art
Ellie;139.849;140.789;difficult (how hard is that)
Participant;143.4;144.59;it's challenging
Ellie;146.42;147.58;tell_about_that (can you tell me about that)
Participant;148.77;168.2;well i need <nee> it's about having the time and finding a niche that appeals to others while being able to do work that stays true to my own vision
Ellie;169.791;179.141;mm (mm) understand (i understand) shyoutgoing (do you consider yourself more shy or outgoing)
Participant;179.26;180.37;somewhere in between
Ellie;182.59;194.658;relax_fishtank (sometimes when i'm feeling tense i turn on the fish tank screensaver hey i know it's not hawaii but it's the best i've got what do you do to relax)
Participant;195.13;205.29;i read i walk dogs i spend time with my family
Ellie;207.421;212.732;okay_confirm (okay) family_relationship (tell me about your relationship with your family)
Participant;212.45;218.95;oh it's very good i i love my family very much and they love me very much we're very supportive of each other
Ellie;220.155;225.713;good_hear (that's so good to hear) control_temper (how are you at controlling your temper)
Participant;226.75;240.64;i'm pretty good most of the time i'm not so great when i'm dealing with a lot of rush hour traffic but it's not out of control <laughter>
Ellie;241.757;244.807;last_argument (when was the last time you argued with someone and what was it about)
Participant;246.115;259.7;hmm i don't really remember i wanna say it was probably my daughter and it was probably about something stupid <laughter> some little stupid thing
Ellie;260.449;264.302;wild_laughter3 ((laughter)) kids_elaborate (tell me about your kids)
Participant;265.35;305.5;um my daughter is um thirty nine beautiful brilliant um very talented very uh uh goal driven my son is twenty seven he is more laid back sweet <s> very sweet um and he's starting to be a little more goal driven um a little less satisfied with just uh the daily grind
Ellie;306.272;309.652;mhm (mhm) easy_parent (do you find it easy to be a parent)
Participant;311.35;319.43;being a parent is um very challenging in a wonderful way
Ellie;321.399;323.379;parent_hardest (what's the hardest thing about being a parent)
Participant;324.58;344.7;um i think the hardest thing is is eh fear and worry for your children um today's world can be very um violent and scary and you fear for your children's safety and well-being
Ellie;345.544;348.732;yeah_downer (yeah) symptoms_cope (how do you cope with them)
Participant;350.29;350.9;i'm sorry
Ellie;352.435;354.155;parent_best (what's the best thing about being a parent)
Participant;355.25;376.17;oh gosh um mm friendship <frien> eh the close friendship you have with your children the the uh uh love the support the joy of just everyday little things that you share
Ellie;378.753;382.601;parent_differences (what are some ways that you're different as a parent than your parents)
Participant;382.42;401.91;oh <laughter> well i'm i i talk to my children about anything and everything um we're very <v> have a very open communication which in my parents' generation i think children were more seen and not heard
Ellie;402.902;409.221;yeah3 (yeah) situation_handled (tell me about a situation that you wish you had handled differently)
Participant;409.36;446.57;<deep breath> hmm <sigh> well with my daughter my first child i was young and inexperienced not only in being a mother but and naive in a lot of ways regarding life in general and i think probably eh most parents mm have regrets uh of uh situations they may have had their children in when they were when they were young that weren't the best
Ellie;449.268;453.951;okay_confirm (okay) feelguilty (what's something you feel guilty about)
Participant;454.28;474.76;<deep breath> <sigh> sometimes i feel that i should've been more aware at a younger age
Ellie;477.542;478.702;tell_about_that (can you tell me about that)
Participant;480.125;519.495;mm just xxx just mm decisions and situations that uh decisions you make situations you find yourself in when you're younger out of being naive and and um even though logically i know that it's something that couldn't be avoided at the time you know as you get older you eh hindsight is twenty twenty as you get older you you look back and wish that you had've been more on top of your your uh your life when you were younger
Ellie;520.287;525.396;yeah_downer (yeah) hard_decisionB (tell me about the hardest decision you've ever had to make)
Participant;526.97;540.43;oh gosh i honestly can't think of anything
Ellie;541.869;548.647;okay_confirm (okay) memory_erase (tell me about an event or something that you wish you could erase from your memory)
Participant;550.585;579.58;hmm um i don't know that i would want i i can think of an event i don't know that i would wanna erase it from my memory because eh i feel that we learn from everything and there <the> there's i i don't wanna lose the lesson that i'm to learn from that experience
Ellie;580.664;584.998;makes_sense (that makes sense) influence_positive (who's someone that's been a positive influence in your life)
Participant;586.18;601.28;positive influence in my life uh my daughter my son my granddaughter um there's a a a oddly enough an author uh carlos castaneda
Ellie;604.75;605.91;tell_about_that (can you tell me about that)
Participant;607.42;654.011;um just a a a positive <po> my my family's been a positive influence because of their love and support and uh in reading carlos castaneda's works i find that he has a brilliant mind and because i've practiced some of what he talks about in his books and experience them as being authentic um uh whereas some people you know question his validity i i found that he has something very extraordinary to offer mankind
Ellie;655.881;660.258;okay_confirm (okay) easy_sleep (how easy is it for you to get a good night's sleep)
Participant;660.82;663.84;pretty easy <laughter> i fall asleep pretty quick
Ellie;664.651;667.647;thats_good (that's good) feel_lately (how have you been feeling lately)
Participant;667.81;668.062;good
Ellie;669.843;673.013;behavior_changes (have you noticed any changes in your behavior or thoughts lately)
Participant;673.11;688.612;<deep breath> mm no not really just always looking for the next uh um project to to uh get started on
Ellie;690.192;694.002;okay_confirm (okay) ptsd_diagnosed (have you ever been diagnosed with p_t_s_d)
Participant;694.12;694.422;no
Ellie;695.304;697.114;depression_diagnosed (have you been diagnosed with depression)
Participant;697.151;697.511;no
Ellie;698.607;701.154;happy_lasttime (tell me about the last time you felt really happy)
Participant;701.931;711.892;yesterday <laughter> yesterday was mother's day and uh my children gave me flowers and beautiful gifts and made me a wonderful brunch and
Ellie;706.979;707.659;aw (aw)
Participant;712.577;716.117;we spent the day together and it was very very nice
Ellie;717.683;722.451;great_situation (that sounds like a great situation) BF_describe (how would your best friend describe you)
Participant;724.03;742.692;oh um easygoing um easy to be around um friendly happy
Ellie;743.486;749.493;uh_huh (uh huh) self_change (what are some things you wish you could change about yourself)
Participant;749.47;765.952;<deep breath> hmm i would like to work on being um more focused on on uh projects
Ellie;768.087;773.396;feelbadly (tell me about a time when someone made you feel really badly about yourself)
Participant;774.22;795.642;oh gosh probably when i was a kid you know kids can be uh kids can be cruel to each other uh so nothing that um i still at this age take personally or or you know hold a grudge for
Ellie;796.821;799.709;okay_confirm (okay) regret (is there anything you regret)
Participant;801.25;810.672;um sure everybody has regrets but you do the best you can do at the time and you learn and you move on
Ellie;812.104;815.054;advice_back (what advice would you give to yourself ten or twenty years ago)
Participant;817.1;823.574;mm i don't <do> i don't know i i can't answer that one
Ellie;825.555;831.066;okay_confirm (okay) Ellie17Dec2012_10 (tell me about something you did recently that you really enjoyed)
Participant;832.11;844.57;oh gosh um i read a great book um the last couple days and i've been working on a new painting that uh i'm really pleased with i like the way it's going
Ellie;845.732;850.672;nice (nice) Ellie17Dec2012_08 (what are you most proud of in your life)
Participant;851.74;866.792;um my kids my the fact that my kids are are uh wonderful human beings i feel very blessed
Ellie;868.356;877.175;good_hear (that's so good to hear) asked_everything (okay i think i have asked everything i need to) appreciate_open (thanks for sharing your thoughts with me) bye (goodbye)
Participant;877.34;878.67;goodbye <laughter>
