speaker;start_time;stop_time;text
Participant;28.429;29.379;<synch>
Ellie;49.823;71.363;IntroV4Confirmation (hi i'm ellie thanks for coming in today i was created to talk to people in a safe and secure environment i'm not a therapist but i'm here to learn about people and would love to learn about you i'll ask a few questions to get us started and please feel free to tell me anything your answers are totally confidential are you ok with this)
Participant;72.11;72.43;yeah
Ellie;73.33;77.895;okay_confirm (okay) how_doingV (so how are you doing today)
Participant;78.725;79.225;i'm great
Ellie;79.884;80.524;thats_good (that's good)
Participant;80.02;80.32;and you
Ellie;81.5;85.185;great_thanks (i'm great thanks) where_originally (where are you from originally)
Participant;85.775;87.175;uh los angeles california
Ellie;87.731;91.951;really (really) like_about_LA (what are some things you really like about l_a)
Participant;93.425;104.17;uh <sigh> i like the diversity i feel l_a by itself is a country there's so much to do so much to explore and uh there's nothing like it
Ellie;105.768;110.504;see_mean (i see what you mean) dont_like_LA (what are some things you don't really like about l_a)
Participant;110.95;121.495;traffic <laughter> uh i would say traffic and the real estate prices are kinda crazy compared to the rest of the country but other than that then you know it's fine
Ellie;119.663;130.261;yeah3 (yeah) travel_shoes (i'm sure you can tell by my shoes i'm not much of a world explorer do you travel a lot)
Participant;130.385;138.11;i have traveled um i have traveled a bit um i would like to travel more though so but i've traveled to i've been to a few countries
Ellie;139.698;140.238;like_what (like what)
Participant;140.73;166.902;um i've been to i won't say europe that's a continent um i've been to uh london <deep breath> um i was born here but my family's from nigeria so i've been to nigeria a few times i've been to denmark um amsterdam i've been to uh where else have i gone uh germany um and i think that's i think that's it yeah think that's it
Ellie;167.489;168.209;awesome (awesome)
Participant;168.317;168.567;yeah
Ellie;171.236;172.756;travel_changed (what do you enjoy about traveling)
Participant;173.877;192.687;just exploring uh exploring <exp> exploring new places um seeing new things meeting new people a different culture it's definitely um um gives you an appreciation for life and the diversity of it and also um going to countries that may not be
Ellie;188.442;188.952;mhm (mhm)
Participant;193.102;197.937;as developed as the u_s it definitely it definitely gives you a greater appreciation of you know this country
Ellie;198.767;199.237;yeah3 (yeah)
Participant;199.354;199.684;yeah
Ellie;200.484;202.164;travel_trips (i'd love to hear about one of your trips)
Participant;203.599;219.271;okay well <sigh> uh let's see london i accident actually when i first heard about going to london i really didn't care for it 'cause i didn't know much about it the only i thing i remember <mem> i remember is watching mary poppins <laughter> and um
Ellie;218.068;218.868;wild_laughter3 ((laughter))
Participant;219.821;258.198;but um when i went there i absolutely fell in love with it um just <deep breath> it still <sti> it has the hustle and bustle of l_a but at the same time you can go at a very very slow pace um we didn't do any driving we just went on the tube um which is their like the underground subway station which i absolutely fell in love with and um just exploring um different parts of the city we went to you know big ben westminster abbey uh they actually had when i went there they had the premiere of um what movie was this um slumdog millionaire
Ellie;258.382;258.952;wow (wow)
Participant;258.658;277.595;and also they had the premiere for um seven seven pounds it was a movie with will smith um they did so will smith was over there and we were you know me and my friends were like kinda like screaming like we were like groupies <laughter> just you know just <laughter> just <laughter> just to you know for antics but um yeah it was it was a lot of fun it was a lot of fun
Ellie;271.853;280.428;wild_laughter3 ((laughter)) great_situation (that sounds like a great situation)
Participant;280.375;280.655;yeah
Ellie;282.584;283.724;study (what did you study at school)
Participant;284.235;291.785;uh business management and an option in human resources management what that means i have no idea <laughter>
Ellie;292.564;293.974;hard_decision (how did you decide to do that)
Participant;294.71;323.852;um good question i've always i've always wanted to go into business um and i've always wanted to study finance but i didn't think i would learn too much about finance from college per se i think i've learned more in the real world whatnot so the other option was human resource and i'm always fascinated about you know relationships and people always like reading articles about that stuff so i went for that
Ellie;325.387;329.828;cool3 (cool) still_doing_X (are you still doing that)
Participant;330.951;343.426;no <laughter> well i still i still kinda use what i've learned but i i work in property management so um it still has to do with people anything to do with people i'm fascinated about so
Ellie;343.404;343.864;okay_confirm (okay)
Participant;344.031;344.341;yeah
Ellie;345.57;351.703;job_virtually (i love my job you could almost say it's virtually made for me what's your dream job)
Participant;349.431;360.851;<laughter> that was a good one um my dream job wow i would say being a life coach
Ellie;361.964;362.554;really (really)
Participant;362.621;388.628;i would uh yeah i would say that would my dream job because i love helping people become successes and i help i love being a part of someone else's success even no regardless of how small it is um whether it be words of encouragement or helping somebody figure out a situation i like um i just help <hel> like helping people have a better life so i think uh you know but i do it for free i'd do it for free like all day
Ellie;388.619;389.299;aw (aw)
Participant;389.413;389.753;yeah
Ellie;389.596;390.536;Ellie17Dec2012_04 (that's great)
Participant;390.698;390.988;yeah
Ellie;393.448;397.86;shyoutgoing (do you consider yourself more shy or outgoing)
Participant;397.593;414.033;more outgoing definitely more outgoing i'm usually um the life well it's it's weird 'cause i'm usually considered like the life of the party i'm the one who's cracking jokes and making everybody laugh at the same time i can be very very quiet and to myself so yeah
Ellie;414.411;428.834;okay_confirm (okay) relax_fishtank (sometimes when i'm feeling tense i turn on the fish tank screensaver hey i know it's not hawaii but it's the best i've got what do you do to relax)
Participant;422.123;447.318;<laughter> right <sigh> to relax i usually listen to music i usually listen to music to relax me or i pray to to relax myself or listen to some really calm music so yeah
Ellie;448.103;450.163;control_temper (how are you at controlling your temper)
Participant;451.938;482.765;very good very very good i used to uh i wouldn't say it was a bad temper but i was known to um go off quote on quote <laughter> not in a not in a you know not throwing chairs or anything like that but i'm a very very patient person but once that patience <patien> is gone and for you to do that you have to really really really really push my buttons for a long time and once it's done i i just go off
Ellie;483.217;484.697;landed_trouble (has that gotten you in trouble)
Participant;485.71;486.87;no mm mm
Ellie;487.635;490.685;last_argument (when was the last time you argued with someone and what was it about)
Participant;487.835;548.115;no <sigh> the last time i argued with someone <some> wow i haven't argued with somebody in a long time um <sigh> boy mm uh i argued with my no i would say my i think it my dad i argued with him um about <sigh> xxx what was it about um we were disagreeing on some things about when we were gonna supposed to go back to nigeria and he wasn't listening to it was a kind of like a group discussion myself and my my siblings and he was being very subjective he wasn't being open to other people's suggestions and suggestions and concerns so um it started an argument
Ellie;549.618;551.158;describe_felt (how did you feel in that moment)
Participant;552.6;599.0;uh very uh i wouldn't say angry per se but i felt very kinda like i was losing control like um i'm the type where i i like to be in control of my emotions and of my thoughts and i feel once that patience is gone and i start going off it's kinda like this this uh you know i won't call it a blur but i'm very witty and quick with what i say so i will instantly say something that you know up not necessarily hurtful but um very direct and to the point and i make sure i get my point across
Ellie;599.275;599.745;uh_huh (uh huh)
Participant;600.275;600.595;yeah
Ellie;602.514;605.218;family_relationship (tell me about your relationship with your family)
Participant;606.48;624.22;um i have three brothers one one younger two older i'm very close with my family and my mom is one of my best friends um <sigh> my brothers are great um love 'em to death uh my father eh he's moreso out of the picture
Ellie;626.27;626.73;okay_confirm (okay)
Participant;627.055;627.355;yeah
Ellie;629.875;631.917;feelguilty (what's something you feel guilty about)
Participant;632.56;659.545;<deep breath> hmm <sigh> i don't i don't really i'm not the guilty type <laughter> i don't feel guilty i'm not one to shy away from what i've done and i definitely own up to what i do i'm not one to shy away from responsibility but i don't think i ever feel guilty for anything i do yeah i don't think i feel i i usually don't feel guilty
Ellie;660.599;661.059;okay_confirm (okay)
Participant;661.32;661.65;yeah
Ellie;662.624;665.064;easy_sleep (how easy is it for you to get a good night's sleep)
Participant;665.92;691.637;<deep breath> pretty pretty easy um pretty easy at <a> at yeah i'm pretty good at falling asleep except when i'm excited and when i'm reading <laughter> when i'm trying to when i'm when i'm focused on learning something like i'll read and read and read even when it's past my bed time but now i'm trying to work on waking up much earlier then when i am now and that's kind of a struggle <st> a little bit of a struggle but i'm getting to it so
Ellie;694.094;695.474;feel_lately (how have you been feeling lately)
Participant;697.165;716.59;good um i've been feeling i've been feeling fine you know i'm generally i have a very very happy disposition and so no uh you know deep depressing moods nothing like that and whenever if i feel do feel like i'm going i don't allow myself to go to that place
Ellie;719.496;721.306;depression_diagnosed (have you been diagnosed with depression)
Participant;722.085;726.49;nah no
Ellie;726.356;729.526;behavior_changes (have you noticed any changes in your behavior or thoughts lately)
Participant;726.98;770.145;sorry <sigh> mm <sigh> thoughts i would say well <we> it's i wouldn't say necessarily changes but i'd say moreso behaviors learning how to let go of past decisions maybe and kinda how they they played their course in my life um i just sometimes i kinda look back and say what if i did this what would've how would life be now no so the those are some games i play but other than that
Ellie;769.906;770.346;yeah_downer (yeah)
Participant;770.48;770.89;that's it
Ellie;773.076;774.146;regret (is there anything you regret)
Participant;776.07;785.215;hmm <laughter> regret uh no no mm mm there isn't anything i regret
Ellie;786.465;789.415;advice_back (what advice would you give to yourself ten or twenty years ago)
Participant;791.86;803.615;<sigh> ten to twenty years ago i would say don't be afraid of who you are um be authentic um more importantly with yourself
Ellie;805.417;809.556;memory_erase (tell me about an event or something that you wish you could erase from your memory)
Participant;811.71;847.22;hmm erase from my memory uh boy that's a good one <sigh> hmm hmm hmm hmm hmm uh wow erase from my memory uh i would say when i told <t> when i told my dad that he should act like a father
Ellie;849.205;850.365;tell_about_that (can you tell me about that)
Participant;849.315;888.33;maybe i shouldn't yeah there was um that was actually one of the times i <laughter> another time i went off usually with him um uh basically i had decided not to go to a private um not to go away for college um so <s> i went <we> i decided to stay local so i can look after my little brother and um <sigh> my senior year i was overloading with everything i had maybe like uh four a_p classes i was working at i was working three jobs at the time and i was also in track and field
Ellie;887.079;887.759;Ellie17Dec2012_06 (wow)
Participant;889.08;1002.032;so needless to say i was <laughter> i i i i was kinda like burning myself i was kinda like burning myself out and um i wasn't doing well in a_p calculus because i decided to go to a j_c first and transfer also to save money for college too and when i told him you know the teacher called saying i was falling asleep in class um just because mind you after school i'd work an eight hour shift 'cause i was a retail manager at the time so um and i'd come home after that shift to do homework mm calculus let alone um so uh um he would get upset and i told him i spoke with my counselor i already told him that i don't need that class to go to the j_c isn't something that i continue with so i'm just gonna i can't drop out at that point in time so i'm just gonna you know you know just just take the d or fail whatever and he didn't he didn't like that 'cause he is a teacher <laughter> i think maybe that's what maybe where it came from he's a teacher as well um and so he started blaming like my jobs and wanting to call my boss and it was it was just too much and i told him you know since you're my father you should act like it but i was it was a more aggressive <laughter> way i said it so that was um one thing oh i actually i do i i do remember i do regret one thing um and that is i wish i continued um with college throughout like i i burnt myself out um i was spreading myself too thin there was actually i was actually on track to graduate from college at i wanna say nineteen 'cause i started taking college classes in high school starting sophomore year
Ellie;1002.256;1002.826;wow (wow)
Participant;1002.777;1019.507;in high school but i with that that stuff and the stuff with my dad and working i just kinda like stopped going to school for a while and just worked but i went back to finish so but i wish i just would've continued maybe that's one small thing but that's something small though
Ellie;1019.76;1020.23;uh_huh (uh huh)
Participant;1020.477;1020.867;yeah
Ellie;1024.394;1027.334;Ellie17Dec2012_07 (what would you say are some of your best qualities)
Participant;1027.575;1068.235;hmm i'm very um i'm a very compassionate and understanding person um i like learning new things um i'm a very very happy person people come to me for advice i'm very objective i'll tell you the good the bad the ugly and um yeah those are some of my best qualities yeah and i'm fun i like to have fun i'll have fun in any situation i can make light of any situation like i'm the kinda type <ty> type of person i can break the tension in the room that's sort of that sort of uh <tisk> um personality trait
Ellie;1068.712;1069.122;cool3 (cool)
Participant;1069.585;1069.895;yeah
Ellie;1071.785;1074.683;self_change (what are some things you wish you could change about yourself)
Participant;1075.31;1107.453;wish i was taller <laughter> um uh besides my height hmm i wish ah maybe i don't know if it's uh be more i won't say be more in touch with my emotions but i think i would say understanding people's how people feel about me in their shoes
Ellie;1107.742;1108.252;mhm (mhm)
Participant;1109.6;1128.21;i think that would be one thing because i'm the type of person where people say that they love me or care about me and i'm like okay great thank you i appreciate that but i don't realize how much they do i think that's a realizing how much they care and love me
Ellie;1128.405;1128.875;mm (mm)
Participant;1128.985;1134.75;that's one thing i would like to get more of a grasp on
Ellie;1135.204;1138.505;yeah3 (yeah) BF_describe (how would your best friend describe you)
Participant;1139.335;1163.082;<laughter> my best friend <deep breath> uh she describes me as someone who's funny crazy um objective um loyal um ambitious hardworking um mean <laughter> when i just make jokes she says you're so mean but um
Ellie;1162.98;1163.55;why2 (why)
Participant;1164.314;1217.845;just <sigh> i just i <laughter> i i just like to i joke around all the time and so um we were right now we're actually planning um uh a friend of mine or a friend of ours um a baby shower i'm giving her some ideas and there's another friend who was invited who we had some issues in the past and someone i don't talk to or hang out with we used to be really close but i don't really talk to that person but i don't mind them being there so she also talked about having <havi> celebrating her birthday also at kinda like after the baby shower and there is another friend whose birthday was before the baby shower who we really <rea> didn't do anything for and i'm like well if we're celebrating this person's birthday might as well we should definitely you know honor this person's birthday as well since we're closer to you know the person xxx birthday's passed
Ellie;1217.956;1218.486;yeah2 (yeah)
Participant;1218.635;1224.26;and i said you know what just why <wh> don't we celebrate everybody's birthday <laughter> forget the baby shower just do the birthdays
Ellie;1224.391;1225.191;wild_laughter3 ((laughter))
Participant;1224.775;1230.365;and then <laughter> that's when that's when she said you're so mean <laughter> but she was laughing about it so yeah
Ellie;1230.732;1231.372;thats_good (that's good)
Participant;1231.655;1232.055;yeah
Ellie;1233.619;1235.919;Ellie17Dec2012_08 (what are you most proud of in your life)
Participant;1236.35;1263.902;uh <sigh> most proud of in my in my life <deep breath> uh <sigh> i would say being there for my family being being a a mentally and emotionally strong person family's gone through a lot of challenges and a lotta times i've been the one to make sure everything goes okay and everything make sure <su> everything <everythi> make sure everything goes accordingly um so i'd say more than anything making sure i was there for my family
Ellie;1266.554;1268.994;asked_everything (okay i think i have asked everything i need to)
Participant;1267.595;1267.875;yeah
Ellie;1269.601;1271.041;appreciate_open (thanks for sharing your thoughts with me)
Participant;1269.945;1272.21;oh okay thank you
Ellie;1272.574;1273.184;bye (goodbye)
Participant;1273.53;1274.63;bye have a good one
