speaker;start_time;stop_time;text
Participant;12.06;13.06;<sync>
Ellie;24.156;45.696;IntroV4Confirmation (hi i'm ellie thanks for coming in today i was created to talk to people in a safe and secure environment i'm not a therapist but i'm here to learn about people and would love to learn about you i'll ask a few questions to get us started and please feel free to tell me anything your answers are totally confidential are you ok with this)
Participant;46.65;47.29;yes
Ellie;47.589;52.035;okay_confirm (okay) how_doingV (so how are you doing today)
Participant;52.62;53.19;doing alright
Ellie;53.856;56.648;thats_good (that's good) where_originally (where are you from originally)
Participant;58.27;59.66;from passaic new jersey
Ellie;60.15;60.74;really (really)
Participant;60.97;61.42;yes
Ellie;62.461;63.541;when_LA (when did you move to l_a)
Participant;63.8;65.48;uh about five years ago
Ellie;66.337;68.237;often_backB (how often do you go back to your hometown)
Participant;69.06;70.76;try to go back every year
Ellie;71.552;73.172;compares_LA (how does it compare to l_a)
Participant;74.2;76.37;uh there's a lot more people
Ellie;78.116;79.136;why_LA (why did you move to l_a)
Participant;81.52;82.68;change of scenery
Ellie;84.188;86.658;adapted_LA (how easy was it for you to get used to living in l_a)
Participant;87.59;89.19;i'm still trying to get used to it
Ellie;90.29;93.847;mm (mm) like_about_LA (what are some things you really like about l_a)
Participant;101.32;101.86;the people
Ellie;103.671;108.022;cool3 (cool) dont_like_LA (what are some things you don't really like about l_a)
Participant;113.63;119.48;just um employment how it's doing right now it's just no work
Ellie;120.691;122.901;good_job (it can be tough to find a good job these days)
Participant;126.41;126.88;yeah
Ellie;126.645;127.785;study (what did you study at school)
Participant;131.11;133.43;i don't really have much of an education
Ellie;134.938;136.138;dream_job (what's your dream job)
Participant;140.13;142.3;i haven't i haven't figured it out yet
Ellie;144.12;152.288;okay_confirm (okay) travel_shoes (i'm sure you can tell by my shoes i'm not much of a world explorer do you travel a lot)
Participant;154.42;156.75;no not really <sigh>
Ellie;157.869;165.319;okay_confirm (okay) shyoutgoing (do you consider yourself more shy or outgoing)
Participant;167.4;169.52;i've gotten to be more shy now
Ellie;170.717;171.287;why2 (why)
Participant;173.31;187.08;i'm not sure i'm just just a lot more reserved now i'm not sure i just i just build walls i guess i don't know <laughter>
Ellie;187.68;205.064;yeah_downer (yeah) relax_fishtank (sometimes when i'm feeling tense i turn on the fish tank screensaver hey i know it's not hawaii but it's the best i've got what do you do to relax)
Participant;207.72;209.05;count to ten <laughter>
Ellie;210.88;212.94;control_temper (how are you at controlling your temper)
Participant;215.47;217.83;i'm alright it's alright
Ellie;217.675;220.725;last_argument (when was the last time you argued with someone and what was it about)
Participant;226.93;228.8;i'm arguing all the time <laughter>
Ellie;231.27;232.6;give_example (can you give me an example of that)
Participant;237.61;247.0;just uh doing the dishes and just mm having to do different things i don't wanna do <laughter>
Ellie;248.828;254.795;uh_huh (uh huh) situation_handled (tell me about a situation that you wish you had handled differently)
Participant;251.26;263.89;that can't really think of one right now
Ellie;268.392;277.397;talk_later (why don't we talk about that later) memory_erase (tell me about an event or something that you wish you could erase from your memory)
Participant;285.42;308.86;mm something i wish i could erase my memory mm uh nothing really comes to mind right now i'm drawing a blank <laughter>
Ellie;312.027;318.958;okay_confirm (okay) feelguilty (what's something you feel guilty about)
Participant;331.3;345.12;i feel guilty about not having money for the bills <laughter> not having a job <laughter> not doing nothing with my life <laughter>
Ellie;351.203;352.553;been_hard (that sounds really hard)
Participant;360.3;362.53;yeah <laughter>
Ellie;362.358;364.648;too_hard (do you think that maybe you're being a little hard on yourself)
Participant;367.25;377.34;i mean i'm getting older <laughter> not really
Ellie;386.104;389.777;hard_decisionB (tell me about the hardest decision you've ever had to make)
Participant;409.09;410.44;what kind of car to buy
Ellie;412.493;417.133;really (really) bouts_symptoms (when was the last time that happened)
Participant;420.9;422.07;about two years ago
Ellie;424.2;425.36;tell_about_that (can you tell me about that)
Participant;428.55;429.98;had to do a lot of research
Ellie;432.474;433.014;like_what (like what)
Participant;434.58;444.51;looking at magazines and just going on the internet and just looking through cars and just seeing what i wanted to get and what was in my budget and
Ellie;446.832;452.765;see_mean (i see what you mean) easy_sleep (how easy is it for you to get a good night's sleep)
Participant;456.43;457.22;that's alright
Ellie;462.495;464.275;sleep_affects (what are you like when you don't sleep well)
Participant;465.98;466.82;aggravated
Ellie;469.392;469.862;uh_huh (uh huh)
Participant;474.91;475.43;angry
Ellie;478.803;481.951;okay_confirm (okay) feel_lately (how have you been feeling lately)
Participant;491.44;502.59;i've been feeling alright um just been a little down and uh
Ellie;506.492;513.437;sorry_hear (i'm sorry to hear that) behavior_changes (have you noticed any changes in your behavior or thoughts lately)
Participant;518.69;528.59;yeah well my eating pattern like i i'm just i don't have any like appetite i'm just restless and moody
Ellie;532.223;536.872;hmm_downer (hmm) ptsd_diagnosed (have you ever been diagnosed with p_t_s_d)
Participant;537.99;538.5;no
Ellie;539.055;540.865;depression_diagnosed (have you been diagnosed with depression)
Participant;541.53;542.0;no
Ellie;544.544;548.266;happy_lasttime (tell me about the last time you felt really happy)
Participant;554.73;555.75;when i play with my dog
Ellie;559.435;560.975;bouts_symptoms (when was the last time that happened)
Participant;562.87;563.67;this morning
Ellie;565.272;570.154;aw (aw) more (tell me more about that)
Participant;575.56;586.7;i don't know i just whenever i get super bored or i just need some time to for myself i just play with the dog
Ellie;588.087;588.727;thats_good (that's good)
Participant;591.38;592.16;yeah
Ellie;592.213;594.418;ideal_weekendC (tell me how you spend your ideal weekend)
Participant;599.47;602.37;trying to be as busy as possible  <laughter>
Ellie;605.272;608.148;self_change (what are some things you wish you could change about yourself)
Participant;611.68;627.6;oh i wish i had an education and uh better job just time to do those things <laughter>
Ellie;629.203;634.006;yeah_downer (yeah) advice_back (what advice would you give to yourself ten or twenty years ago)
Participant;635.86;644.97;go to school and stay in school go to school to learn <laughter>
Ellie;642.86;644.55;BF_describe (how would your best friend describe you)
Participant;654.42;662.29;i guess uh i don't know cool person i guess
Ellie;665.027;667.967;Ellie17Dec2012_07 (what would you say are some of your best qualities)
Participant;670.38;676.48;i like to joke and just have fun <sigh> i like to have a good time
Ellie;678.125;682.066;okay_confirm (okay) mad_makeyou (what are some things that make you really mad)
Participant;684.28;691.86;things don't go my way just that that really makes me mad <laughter>
Ellie;692.503;693.833;give_example (can you give me an example of that)
Participant;699.2;709.7;well if i got if i wanna do something and i just can't do it uh that pisses me off
Ellie;710.561;711.031;uh_huh (uh huh)
Participant;711.16;716.21;no matter what it is it's just <laughter> it's a problem <laughter>
Ellie;716.323;716.713;right2 (right)
Participant;717.03;722.03;not that i do whatever i want but <sigh> that hinders the
Ellie;724.026;728.225;mm (mm) influence_positive (who's someone that's been a positive influence in your life)
Participant;734.73;737.42;positive my sister <sigh>
Ellie;739.222;740.382;tell_about_that (can you tell me about that)
Participant;746.03;748.45;yeah well my sister she's a good person
Ellie;759.662;765.746;okay_confirm (okay) Ellie17Dec2012_08 (what are you most proud of in your life)
Participant;770.52;771.92;proud to still be alive
Ellie;777.474;785.542;asked_everything (okay i think i have asked everything i need to) appreciate_open (thanks for sharing your thoughts with me) bye (goodbye)
Participant;790.77;791.13;bye
