speaker;start_time;stop_time;text
Ellie;32.12;53.55;hi i'm ellie thanks for coming in today i was created to talk to people in a safe and secure environment i'm not a therapist but i'm here to learn about people and would love to learn about you i'll ask a few questions to get us started and please feel free to tell me anything your answers are totally confidential are you okay with this
Participant;53.9;54.33;yes
Ellie;54.8;57.79;okay so how are you doing today
Participant;59.95;72.44;<laughter> i uh didn't get much sleep last night and xxx and it's cold and i'm i'm just gonna get through the day didn't have haven't even haven't showered <laughter> in two days that's i need to just
Ellie;68.76;69.32;i'm sorry
Participant;73.63;79.45;change my clothes and get a haircut and get myself together get awake <awa> get more awake
Ellie;78.86;79.63;that sucks
Participant;79.8;80.08;huh
Ellie;80.9;81.71;that sucks
Participant;81.82;84.18;<laughter> k <laughter> i know
Ellie;85.44;86.57;where are you from originally
Participant;87.44;88.05;new jersey
Ellie;89.19;89.64;really
Participant;89.86;90.21;mhm
Ellie;91.27;92.25;why'd you move to l_a
Participant;93.16;102.26;this was thirty years ago uh my cousin went out here and said i i might as well go nothing happening here in jersey city yeah i'll come out that was in nineteen <nine>
Ellie;101.88;104.36;how easy was it for you to get used to living in l_a
Participant;105.34;114.13;very easy very easy just like you know you can find it you find your your nine to five job to pay the rent and xxx lot of lot of things to do here
Ellie;115.48;117.3;what are some things you really like about l_a
Participant;120.17;129.86;<sigh> <laughter> probably the the the film industry and uh the celebrities and the glamour and excitement yeah it's i i fit in real good
Ellie;128.87;133.51;mhm what are some things you don't really like about l_a
Participant;135.57;152.78;hmm hmm that's a wow what uh oh eh well just like the probably the the homeless problem but you gotta see uh the derelicts and they eat out of the garbage and you know we're the homeless capital of america eh and you gotta see this all over the place yeah
Ellie;152.84;154.3;yeah i see what you mean
Participant;155.28;155.61;mhm
Ellie;155.42;156.44;what'd you study at school
Participant;158.62;163.59;i just graduated high school but i have an interest in in writing you know
Ellie;165.16;165.45;cool
Participant;165.535;165.79;yeah
Ellie;166.82;171.53;what made you decide to do that what made you decide to do that
Participant;170.82;188.23;uh no i have i have an interest in reading and and words and creating stories and being imaginative and yeah but i haven't written anything in oh in awhile but it that's my drug i don't drink or smoke or do any of the kind of drugs but uh writing was always what got me high
Ellie;181.83;190.12;why that's good
Participant;190.16;199.3;yeah but i haven't been inspired but i recently just met a young girl who's a standup and her routine is so interesting i could write a novel of her routine
Ellie;200.1;200.92;<laughter>
Participant;200.21;201.14;anyway <laughter>
Ellie;201.95;202.83;tell me about that
Participant;204.59;232.04;oh <laughter> i don't eh you know why <laughter> actually facebook she told us all this stuff about how she's she's friends with a homeless woman and the homeless woman can xxx can earn four <fo> can inherit four million dollars if she gets off the streets and she has an autistic sister who's very who's very strange but is crazy about guys and and and she's like twenty and wants to be a comic and she's really talented i've been facebooking her and but she hasn't responded so
Ellie;232.07;232.48;okay
Participant;232.52;232.94;<laughter>
Ellie;234.0;235.54;do you consider yourself an introvert
Participant;237.18;238.38;probably <probab> yes yes
Ellie;239.01;239.33;why
Participant;241.77;250.46;i'm trying to think <th> what does introvert mean you know i yeah well i keep do i keep everything inside of me probably and i am yeah and then i'm always thinking probably all the time yeah
Ellie;250.71;251.07;uh huh
Participant;251.0;256.43;thinking about my problems and just too much analyzing yeah
Ellie;256.51;258.59;what are some things that make you really mad
Participant;262.16;288.74;<sigh> probably lazy people people just living off the government and you know going to get their section eight they just don't go go out and just work and fend for themselves and just you know take care of themselves makes me mad people <peop> just people who just so lazy you know and they and some that go they walk or they're in the they're in the traffic with their signs give me money please help me please help me just <ju> help yourself help me help me
Ellie;277.09;277.44;yeah
Participant;290.35;291.11;that's what makes me mad
Ellie;292.1;294.4;mhm what do you do when you're annoyed
Participant;297.15;310.62;<sigh> i just try <tr> i try to just deal with it and trying to just to 'cause i don't like being annoyed or angry i don't really curse that much i try to just stay calm intelligent so i just just try to deal with it and suppress it and work through it
Ellie;311.65;313.56;how are you at controlling your temper
Participant;315.83;328.78;i'm okay but but lately i have had outbursts and i regret it only probably due to lack of sleep or just tension that's rising and problems going on but i don't like i try to just stay calm
Ellie;331.65;334.75;when was the last time you argued with someone and what was it about
Participant;336.13;358.04;<laughter> oh oh wow um i don't like to argue but there was <wa> i was arguing with uh a girl who was working at a movie theater and she was giving people wrong directions on which line to stand on or to and she was like she was causing like hassles and i was saying you know they have to stand over here and don't send 'em over there they won't get into the
Ellie;351.54;351.88;uh huh
Participant;358.38;366.45;to the film screening and there was some arguing going on and i was <wa> of course i was in the right she was giving wrong information this was at grauman's chinese theater
Ellie;368.11;368.59;okay
Participant;368.74;369.04;k
Ellie;371.37;373.02;how close are you to your family
Participant;375.33;406.68;well i do have a twin brother that i live with but we <sigh> we don't we don't get along we're total opposites i've i have a <laughter> sister i haven't seen or talked to probably in eighteen years i have a younger brother don't see him much and what's sad i eh in just have a mother who's still around she's like <makes sounds with mouth> seventy seventy five probably in the last three years just no communication no phone calls no facebooking just just separated it's like we don't interest each other
Ellie;407.43;407.78;why
Participant;410.84;431.78;just the way that she's always she always i don't well never had a father the father left when i was four and um she's always been a housewife always getting yeah she was always been on welfare and food stamps i just she never really worked i just wish she did something more she just you know i do love her but we have no we don't have a relationship anymore
Ellie;432.8;434.57;yeah i understand
Participant;434.7;435.02;mhm
Ellie;435.75;437.98;who's someone that's been a positive influence in your life
Participant;439.81;449.82;who's been a positive positive influence hmm probably good writers probably my favorite authors who who inspired me to write to write better
Ellie;448.78;450.0;can you give me an example of that
Participant;451.91;465.29;oh <laughter> oh god <go> i like i like uh like the the writer like william goldman who he's a very good writer and uh he wrote marathon man and he writes about how to write screenplays and wrote the princess bride he he he's been an inspiration
Ellie;466.22;466.82;nice
Participant;466.68;468.73;yeah mhm
Ellie;469.22;470.69;what do you think of today's kids
Participant;472.19;472.73;what was that
Ellie;473.67;475.14;what do you think of today's kids
Participant;475.68;476.57;today's kids
Ellie;477.47;477.87;mhm
Participant;479.92;501.21;oh just uh i can answer that with two <t> mm two words <wor> three words well just two aspects it's just too much too much video games too much technology too much skateboarding and just <sigh> it was better when it in the seventies when i grew up we didn't have to we weren't locked in rooms or sitting in front of screens for hours and hours and hours so
Ellie;502.34;502.73;yeah
Participant;502.81;510.44;and everyone's yeah eh this is twenty thirteen it's everyone's just trying to you know life is hard for everybody and everyone's just trying to get through it it's tough
Ellie;511.18;511.56;uh huh
Participant;511.77;512.04;mhm
Ellie;515.22;516.74;how would your best friend describe you
Participant;520.16;530.06;scrubbed_entry generous and funny and fun to be with and just an all around great guy
Ellie;532.7;534.2;have you ever served in the military
Participant;534.91;535.23;no
Ellie;536.78;538.59;have you ever been diagnosed with p_t_s_d
Participant;538.88;539.19;no
Ellie;540.29;541.92;have you been diagnosed with depression
Participant;542.33;542.85;yes
Ellie;543.67;545.27;how long ago were you diagnosed
Participant;545.1;546.66;prolly six years ago
Ellie;548.31;549.56;what got you to seek help
Participant;553.03;578.15;i probably eh uh just went i probably went <we> went to a it was probably a i went to a free clinic i was just things were bad i was probably interested in medication and then when they offered it to me i decided not to deal with it i don't  you know i don't i don't take <ta> i don't wanna take medication for anything i was taking lipitor for high cholesterol and getting too much side effects fatigue and sleeplessness and dizziness so i won't take medication
Ellie;579.06;581.18;did you think you had a problem before you found out
Participant;583.94;592.91;<sigh> course i'm a creative person and i'm eh i'm just xxx i've just suffered depression probably all my life you know i'm i have my highs and my lows
Ellie;594.34;595.57;what were your symptoms
Participant;594.38;614.4;you know xxx oh man just just just feeling blah just walking around and just not just not feeling anything if you know not feeling good about anything or excited about anything just bored so bored all the time
Ellie;614.93;615.28;uh huh
Participant;615.52;615.82;mhm
Ellie;616.96;618.32;how have you been feeling lately
Participant;620.85;633.68;<laughter> i don't wanna uh lately probably i never felt so bad in my entire life this is this is probably the last few years have just been really bad just i'm i'm in survival mode about it
Ellie;633.51;634.47;i'm sorry to hear that
Participant;634.62;635.89;mhm it's pretty bad
Ellie;637.94;641.07;have you noticed any changes in your behavior or thoughts lately
Participant;642.73;667.48;change <sigh> i'm just become a a boring person eh you know i go to all these free events all the time trying to save money i'm out i'm out every night i'm i'm never i'm rarely ever home out all the time having a good eh you know going to events having a good time then but it's like i'm just trying to shut out life it's i live in movie theaters just trying to just block everything out that's that's not good
Ellie;668.57;669.8;do you still go to therapy now
Participant;670.79;671.11;no
Ellie;672.42;673.17;why did you stop
Participant;672.53;687.78;mm wasn't really into therapy but i you know but i you know again he was a korean guy he just said yeah your depression you have suffer depression you may even be i may even be bipolar but xxx you know i just i'll deal with it
Ellie;689.12;692.88;okay how easy is it for you to get a good night's sleep
Participant;695.19;709.27;well believe it or not if it's if it's just dark and quiet i'll sleep pretty good eight to ten hours sometimes well <laughter> because i snore sometimes i'm not allowed to to sleep at <a> sometimes i get kicked out of the apartment it's a small apartment
Ellie;708.81;709.62;<laughter>
Participant;710.29;732.9;and i have nowhere <nowhe> i've slept i've slept on alleyways i've slept you know in doorways just to experience and i'm and i'm not homeless because you know and that's when i can't sleep that's when i get two or three hours so there's your answer inside i can <ca> i can sleep okay eh 'cause 'cause i'm always fatigued eh i'm very tired and i'm a heavy snorer i snore like a chainsaw so there ya have it
Ellie;734.06;735.76;what are you like when you don't sleep well
Participant;737.94;759.72;<sigh> huh i'm okay i'm you know i'm just eh you know people can tell i'm just just drowsy and just not probably irritable and just wanna just darkness <da> let darkness come and let me just get at least four or five six some hours <hou> some sleep at all please if i get some then i'm i'll be okay
Ellie;761.26;764.92;okay when was the last time you felt really happy
Participant;768.74;788.81;<sigh> okay i was <laughter> um i had a gambling habit <ha> uh i i i had a gambling addiction which kinda messed my whole life up you lose uh you know pretty much lost everything when was the last time i was happy i probably took sixty dollars to a casino turned it into twelve hundred dollar so so the next <ne> so well so i had twelve hundred dollars in my pocket well i turned sixty well this is oh eh it was exciting
Ellie;784.18;784.53;wow
Participant;789.32;803.3;but of course the next few days that twelve hundred dollars was liquidated it went it went 'cause i was just stupid and got greedy but that's when i'm happiest probably go to a casino and and win or just stay even and not lose anything that's that's where my adrenaline is
Ellie;803.89;806.41;mhm has that gotten you in trouble
Participant;808.05;827.1;yes it has <laughter> it got me uh it put me where i am today yeah too much blackjack just bad but otherwise in the past three years it's i haven't had you know no i don't not much i don't gamble <gam> it's the gambling's not worth it and in the end you lose everything
Ellie;828.39;828.7;yeah
Participant;828.78;829.12;yeah
Ellie;829.54;830.17;i'm sorry
Participant;830.3;833.67;yeah haha yeah apology accepted
Ellie;833.45;835.64;what would you say are some of your best qualities
Participant;838.3;853.31;eh i'm i'm i am generous i'm very um you know i'm a nice guy you know i'm not gonna do you wrong and i'm very reliable all around good guy i i'll help you out <sigh> i'll lend <le> i'll lend you a few dollars i think i'm alright
Ellie;852.96;853.97;is there anything you regret
Participant;854.95;871.55;no nothing at all scrubbed_entry i just hope i just hope you know like <laughter> like that there is a a second chapter in my life at my age
Ellie;865.56;865.96;yeah
Participant;872.68;880.77;we'll see right now i'm just floundering killing time probably it's been <sigh> it's probably been four years now just of nothingness
Ellie;882.07;884.84;what advice would you give yourself ten or twenty years ago
Participant;887.7;891.01;mm ask <as> ask say that again xxx
Ellie;891.22;894.0;what advice would you give yourself ten or twenty years ago
Participant;896.18;912.26;manage your money better you know you know who would i would never think i would have six figures in the bank but i did but it a lot of it eh eh you just <laughter> i it evaporated very slowly you know and and <sigh> so that advice is you know probably just don't <laughter> don't gamble
Ellie;907.61;908.04;mhm
Participant;912.7;920.23;and keep <ke> keep your money you know try to find some other means of excitement <ex> of excitement but but for me being at that blackjack table
Ellie;918.88;919.34;okay
Participant;921.18;938.73;with big wages was was my reality that reality was better than being outside the casino my reality was right there at the now texas hold 'em i did okay you know with that you know you'd i didn't lose much i'm a pretty good player to that blackjack ugh it just <sigh> took everything
Ellie;940.21;940.51;yeah
Participant;940.66;941.01;mhm
Ellie;944.1;945.78;what are you most proud of in your life
Participant;949.06;974.65;<sigh> okay that i had those twelve years twelve years <yea> i owned a a a casting company for twelve years and provided uh people for movies and television shows and a lot of audience work so i made a lot of money for twelve years and traveled had the time of my life so at least on my deathbed i can say from ninety six to two thousand eight i had the best <be> i had twelve years that i xxx i never thought i would've have ever have just money money eh
Ellie;974.14;977.1;tell me about something you did recently that you really enjoyed
Participant;979.46;995.04;<sigh> i haven't done <sigh> uh that i really enjoyed my excitement is going is getting into a big movie premiere at the grauman's you know you know it's free and i get you get the popcorn and soda and you see the stars that's about as exciting as it's gonna get right now
Ellie;996.93;997.49;awesome
Participant;997.51;997.95;okay
Ellie;1000.81;1005.15;okay i think i've asked everything i need to thanks for sharing your thoughts with me
Participant;1005.85;1006.81;alright take care
Ellie;1006.71;1007.13;goodbye
Participant;1007.14;1007.49;bye
