speaker;start_time;stop_time;text
Ellie;26.04;47.87;hi i'm ellie thanks for coming in today i was created to talk to people in a safe and secure environment i'm not a therapist but i'm here to learn about people and would love to learn about you i'll ask a few questions to get us started and please feel free to tell me anything your answers are totally confidential are you okay with this
Participant;48.22;48.91;yes
Ellie;49.27;52.65;okay so how are you doing today
Participant;53.03;53.76;pretty well
Ellie;54.41;57.21;that's good where are you from originally
Participant;57.57;58.51;from new york
Ellie;59.01;61.27;really why'd you move to l_a
Participant;62.2;68.31;uh to go to college well to san diego to go to college and then later to l_a
Ellie;69.11;71.26;cool what'd you study at school
Participant;71.73;73.13;aerospace engineering
Ellie;74.06;77.49;that sounds interesting how did you decide to do that
Participant;78.78;85.29;um it was i was really good at math and science and i had a interest in airplanes
Ellie;86.53;87.74;are you still working in that
Participant;88.53;89.34;no
Ellie;89.65;90.75;what do you do now
Participant;90.96;92.24;i'm a life coach
Ellie;95.018;98.09;cool what's your dream job
Participant;99.209;101.881;uh to be a life coach and help people
Ellie;105.063;106.263;tell me more about that
Participant;107.554;118.218;um i really really like uh how it feels to help other people and see them grow and know that i made a contribution to their life
Ellie;119.336;124.572;that's so good to hear what are some things you really like about l_a
Participant;126.009;134.5;um i like the weather it's it's great 'cause i really like to do outdoor things and i like uh doing things by the ocean
Ellie;135.999;138.154;what are some things you don't really like about l_a
Participant;138.699;141.481;traffic <laughter> and how crowded it is
Ellie;140.3;146.499;<laughter> do you have roommates
Participant;147.217;148.008;yeah
Ellie;148.8;150.536;how do you like your living situation
Participant;151.272;154.872;um i like i live with my girlfriend and so i like it
Ellie;156.718;157.818;how do you know them
Participant;159.29;161.727;uh we met on e harmony
Ellie;165.781;167.19;how close are you to them
Participant;167.963;169.236;uh really close
Ellie;172.454;177.172;that's great who's someone that's been a positive influence in your life
Participant;178.108;179.808;um my meditation teacher
Ellie;182.245;183.436;can you tell me about that
Participant;184.026;206.39;um yeah i i used to be very shy and self conscious and had a lot of anxiety and um i'd worry a lot about the future and uh i took classes in meditation and yoga classes and uh it really helped me to be more confident and more relaxed and just enjoy life a lot more
Ellie;207.044;210.544;that's good what do you do to relax
Participant;211.017;213.117;uh meditate and do yoga
Ellie;214.536;216.754;what are some things that make you really mad
Participant;218.063;239.953;um let's see really mad um i guess i don't know about mad i don't get mad that often but frustrated uh i would say like being stuck in traffic or um people that do mean things to other people for no real reason
Ellie;240.84;243.34;mhm what do you do when you're annoyed
Participant;244.62;257.601;um i usually if it's i usually talk to somebody about it if i can or if i can't then i'll usually do meditation or yoga and try and just let it go
Ellie;258.12;262.08;that's good how are you at controlling your temper
Participant;262.81;265.33;uh pretty good at controlling my temper
Ellie;265.81;269.08;when was the last time you argued with someone and what was it about
Participant;269.84;287.94;uh with my girlfriend and it was about um she was driving on the freeway and uh i suggested that she get over 'cause there was some road workers on the side and she like refused to do that and stayed in the the right lane so we argued a bit about that
Ellie;289.05;290.97;how did you feel in that moment
Participant;291.79;300.01;uh it felt like she wasn't listening to me and almost like she was purposely not doing what i suggested to be defiant
Ellie;300.72;302.14;do you feel that way often
Participant;302.83;304.7;um no
Ellie;305.8;310.1;that's good what are some things you like to do for fun
Participant;310.85;316.51;um rollerblade kayak uh sing i sing in a choir
Ellie;316.53;324.52;nice what's one of your most memorable experiences
Participant;325.78;331.02;um a trip i took to india and nepal for six weeks
Ellie;332.59;333.88;do you travel a lot
Participant;334.61;337.46;yeah as much as i can <laughter>
Ellie;337.84;339.57;what do you enjoy about traveling
Participant;339.95;356.75;uh i really i love to explore i've i've loved to explore ever since i was a little kid and so i love you know seeing new things and discovering things about new cultures and i love backpacking in the wilderness and you know exploring nature
Ellie;357.36;359.09;i'd love to hear about one of your trips
Participant;360.39;405.47;cool um well i went on a a trip to india and nepal it's my first time ever there um first week and a half i was with a big group of people and did a meditation and yoga retreat and went white water rafting on the ganga river and then um i went off on my own for the rest of the trip and went backpacking in nepal uh with a guide there and uh it was just really beautiful um in the anapurna area and then i went to uh back into india and explored um the area up near tibet and then uh went to uh rajasthan and to uh tiger park in madhya pradesh and was like really close to tigers
Ellie;403.45;410.57;awesome how did you decide to do that
Participant;411.96;422.7;um there i uh was contacted by a friend of mine and told that they were going on this this trip and i'd always wanted to go to india so i decided to do it
Ellie;423.74;425.72;that sounds like a great situation
Participant;426.62;428.57;yeah it was it was really fun
Ellie;430.55;432.3;how would your best friend describe you
Participant;433.34;440.68;um caring and uh enthusatic for life
Ellie;442.81;446.45;that's good have you ever served in the military
Participant;446.71;447.43;no
Ellie;448.95;451.03;have you ever been diagnosed with p_t_s_d
Participant;451.27;451.97;no
Ellie;452.39;454.41;have you been diagnosed with depression
Participant;454.72;455.58;no
Ellie;455.83;458.37;how easy is it for you to get a good night's sleep
Participant;459.01;476.96;um pretty easy uh i don't sleep as well as i did when i was younger but for the most part i i sleep well once in a while i'll wake up you know at like four in the morning or five in the morning when i want to sleep 'till seven and not be able to get back to sleep but um in general it's pretty good
Ellie;478.39;480.42;what are you like when you don't sleep well
Participant;480.74;488.72;uh i feel tired and not as motivated as usual and then sometimes wanna take a nap you know in the afternoon
Ellie;489.78;495.4;okay have you noticed any changes in your behavior or thoughts lately
Participant;496.2;497.65;um no
Ellie;498.87;506.48;okay what advice would you give yourself ten or twenty years ago
Participant;508.42;526.86;um ten or twenty years ago um i guess to i i wish i would have invested money or bought like a house or something when i was younger um that would probably be the advice i would give myself
Ellie;529.13;535.71;okay what would you say are some of your best qualities
Participant;536.56;569.31;um i am empathetic with other people um positive and kind of have a positive outlook on life um very determined when i decide to do something uh i'll figure out how to do it even if it's challenging um i'm very creative in figuring out creative ways to do things i guess probably the strongest thing is that i'm pretty balanced i'm very organized but i'm also pretty creative so um pretty balanced that way
Ellie;569.79;574.22;that's good how close are you to your family
Participant;574.99;591.57;um pretty close uh much closer than i was when i was younger um and although i'd say i'm probably closer to friends and people that are in a spiritual community with me than i'm able to get to my family
Ellie;592.27;598.88;okay what are some things that usually put you in a good mood
Participant;599.71;604.99;uh being outdoors in nature and exercising and also singing
Ellie;608.13;610.14;what are you most proud of in your life
Participant;611.64;621.32;um the fact that i've gone with followed my heart and did what i wanted to do versus gong with what i think i should do
Ellie;622.11;627.21;that's great when was the last time you felt really happy
Participant;628.6;640.21;um i guess yesterday i was i spent the day by the beach and just uh bicycled and went skating and um visited some old friends there
Ellie;641.1;643.53;aw how did you feel in that moment
Participant;644.43;656.08;um felt very relaxed and uh invigurated and um uh i also felt like i miss living by the beach because i used to live really close to the beach
Ellie;657.44;658.24;mhm
Participant;659.15;665.69;so i guess i was a little bit sad that i didn't live there anymore but uh really happy to be there
Ellie;659.46;677.07;that's good yeah i understand okay i think i've asked everything i need to thanks for sharing your thoughts with me goodbye
Participant;677.53;678.02;goodbye
