speaker;start_time;stop_time;text
Ellie;44.76;66.23;hi i'm ellie thanks for coming in today i was created to talk to people in a safe and secure environment i'm not a therapist but i'm here to learn about people and would love to learn about you i'll ask a few questions to get us started and please feel free to tell me anything your answers are totally confidential are you okay with this
Participant;66.94;67.33;sure
Ellie;67.83;70.8;okay so how are you doing today
Participant;71.54;73.3;i'm doing fine just a little tired
Ellie;72.9;77.29;that's good where are you from originally
Participant;78.12;78.93;california
Ellie;80.17;83.46;really what are some things you really like about l_a
Participant;81.65;89.21;yes um the weather <laughter> not last week but yeah the weather <laughter>
Ellie;87.13;92.51;mhm what are some things you don't really like about l_a
Participant;94.64;96.2;fear of earthquakes
Ellie;97.4;102.6;mhm i see what you mean what'd you study at school
Participant;104.88;105.7;psychology
Ellie;107.04;109.41;cool are you still working in that
Participant;110.67;113.11;i am i go to harbor college
Ellie;115.6;116.59;are you happy you did that
Participant;117.23;122.36;i am um wish i would've went sooner but better late than never
Ellie;123.8;126.55;yeah what's your dream job
Participant;128.07;140.11;probably i'm not sure i haven't really thought about it i wanna work in the field of psychology but i'm not sure if i wanna work with children or adults so i haven't really decided
Ellie;140.92;143.56;okay do you travel a lot
Participant;144.04;144.77;no <laughter>
Ellie;145.77;146.1;why
Participant;147.3;152.25;i don't know i just don't maybe once a year
Ellie;154.21;155.67;when was the last time that happened
Participant;156.51;159.99;um june actually i went to uh orlando florida
Ellie;162.72;165.79;awesome do you consider yourself an introvert
Participant;167.39;171.2;sometimes yeah not as
Ellie;170.57;171.92;what do you do to relax
Participant;172.22;172.81;i'm sorry
Ellie;173.3;174.6;what do you do to relax
Participant;175.36;181.39;um watch t_v read a book talk on the phone
Ellie;180.56;181.09;that's good
Participant;181.76;182.0;mhm
Ellie;182.77;184.8;what are some things that make you really mad
Participant;186.02;195.32;mad mm <sigh> my mom gets in my business <laughter>
Ellie;193.0;193.44;<laughter>
Participant;196.29;202.39;other than that um i guess just frustrations with my son
Ellie;204.87;206.37;do you find it easy to be a parent
Participant;207.16;208.11;no <laughter>
Ellie;208.66;210.61;what's the hardest thing about being a parent
Participant;212.35;220.23;um the hardest thing is um raising a child with a disability not knowing how you can help him
Ellie;221.62;224.4;mhm that sounds really hard
Participant;224.83;228.36;it is it's very hard i don't sugarcoat it at all
Ellie;229.6;231.23;what's the best thing about being a parent
Participant;233.19;237.32;just having my children they're a blessing i love 'em <laughter>
Ellie;237.43;237.96;aw
Participant;239.28;248.75;with all the good and the bad it's a part of me and i just love the fact that i'm helping mold them into good human beings <laughter>
Ellie;249.02;252.45;yeah how close are you to your family
Participant;253.07;254.11;we're really close
Ellie;255.62;256.92;that's so good to hear
Participant;255.72;260.12;i mean my family's small we live within blocks of each other but yeah we're close
Ellie;261.12;265.44;okay what's one of your most memorable experiences
Participant;267.34;269.14;good or bad <laughter>
Ellie;269.18;270.22;whatever comes to your mind
Participant;271.17;282.45;most memorable just giving birth for the first time it was just amazing my son is nine now so i still remember it like it was yesterday
Ellie;279.77;280.26;wow
Participant;282.92;283.27;<laughter>
Ellie;283.28;284.8;how did you feel in that moment
Participant;286.41;297.19;like i was being born again myself i don't know how to explain it it just very emotional <laughter>
Ellie;299.21;303.0;okay is there anything you regret
Participant;308.3;317.26;i don't know <laughter> i guess i have a lot of regrets but none that i really wanna mention i guess <laughter>
Ellie;317.69;323.35;okay i understand what advice would you give yourself ten or twenty years ago
Participant;325.49;337.79;stay in school <laughter> don't get emotionally involved and um let people deter you from your goals <laughter>
Ellie;338.09;340.9;mhm could you have done anything to avoid it
Participant;342.63;349.05;oh yeah definitely did you wanna move on
Ellie;348.57;350.41;how are you at controlling your temper
Participant;351.46;361.78;i'm okay i mean i'm pretty easygoing for the most part i don't really have a temper per se things frustrate me more than they anger me
Ellie;362.48;367.27;uh huh when was the last time you argued with someone and what was it about
Participant;364.46;391.75;xxx oh that's easy <laughter> with my mother she's like um i guess the argument stemmed from me wanting to socialize <laughter> she feels that i'm married with children so i should stay at home like ninety nine percent of the time and i wanted to go out and socialize with some ex co-workers
Ellie;392.05;392.43;mhm
Participant;392.5;400.48;and she basically kinda put me down for it as if i don't spend enough time with my children <laughter>
Ellie;400.23;401.11;that sucks
Participant;401.42;414.13;it does and i love my mom i hate even having the thoughts of being frustrated with her because i always think gosh i don't wanna get mad at her and then something happens to her the next day but
Ellie;414.15;414.55;yeah
Participant;414.89;418.28;she gets kinda intrusive <laughter> i don't know <laughter>
Ellie;418.53;424.25;i understand when was the last time you felt really happy
Participant;429.51;446.62;oh i know um after the semester ended when i noted that i you know i did well in school 'cause i had been it had been a long time since i went to school so when i received my grades you know a and a b i was like wow okay i can do this and it made me happy
Ellie;445.72;446.06;uh huh
Participant;447.38;450.61;and that was about a few weeks ago i guess mhm
Ellie;450.74;451.5;that's great
Participant;452.38;452.86;thank you
Ellie;454.53;456.87;who's someone that's been a positive influence in your life
Participant;461.13;483.25;my mom i know it's good and bad <laughter> i mean for the most part my mom's been a positive influence you know it's just sometimes you know she gets a little like she wants to re-raise me or something like she doesn't understand that i'm an adult i'm gonna make my own decisions now and pretty much have to let me do what i need to do
Ellie;483.86;486.31;yeah how do you cope with them
Participant;488.52;498.6;<sigh> a lotta heavy breathing <laughter> i mean i walk sometimes when i get a lil' frustrated whatever i'll just go take a walk
Ellie;499.22;499.61;mhm
Participant;499.66;502.41;you know or um just try not to think about it
Ellie;504.17;504.68;that's good
Participant;505.27;506.14;thank you <laughter>
Ellie;509.23;510.74;have you ever served in the military
Participant;511.13;511.66;yes
Ellie;513.19;513.6;really
Participant;514.0;515.46;yes the navy
Ellie;515.16;516.78;how old were you when you joined the military
Participant;517.01;517.77;i was nineteen
Ellie;519.47;520.84;you were very young weren't you
Participant;521.47;523.14;yeah <laughter> yeah
Ellie;522.96;524.72;why'd you decide to enlist in the military
Participant;525.41;528.33;i didn't have any other options <laughter>
Ellie;528.66;529.67;are you happy you did that
Participant;530.23;542.45;i am i probably should've stayed in a lil' longer i was only in for four years but you know i wanted to experience life outside the military so i did my enlistment and then i got out
Ellie;541.1;546.49;mhm how did serving in the military change you
Participant;548.91;559.89;it made me a little bit more responsible than some of my friends that you know did not join the military i can notice a big difference as far as you know how i live my life and how they live theirs
Ellie;556.74;557.02;uh huh
Participant;560.85;563.16;um just made me a little bit more responsible
Ellie;564.5;565.01;that's good
Participant;565.48;566.33;thank you <laughter>
Ellie;565.87;567.48;what did you do after the military
Participant;568.19;573.82;i worked in the medical field for about five years and uh
Ellie;573.23;573.49;cool
Participant;574.02;588.38;oh thank you <laughter> but um it wasn't for me i wanted to do something lil' bit different i didn't wanna do patient care i wanted to work with people but not necessarily as a patient care provider so
Ellie;588.77;589.09;yeah
Participant;588.99;604.85;i started going to school and then i met my husband i stopped going to school got married and i started working in a telecommunications field and then we you know conceived our child and after that you know <laughter>
Ellie;606.79;607.17;okay
Participant;607.23;609.45;<laughter>
Ellie;611.13;613.35;what would you say are some of your best qualities
Participant;614.61;633.95;i think i'm caring well i know i am i'm very caring you know i'm very honest  to a fault sometimes you know i try to be as honest as possible with people sometimes it can hurt their feelings but you know you gotta be honest you can't let people think that you know you're not trusting
Ellie;634.82;636.17;has that gotten you in trouble
Participant;634.99;642.35;and if mm yeah probably i don't i never really thought about it i don't know
Ellie;642.13;642.5;mhm
Participant;643.12;649.91;<laughter> maybe i don't really think about it i just try to be the best person that i can be you know so
Ellie;650.78;651.13;yeah
Participant;651.04;655.46;all i can do i can't live for what other people think i can only do what i need to do <laughter>
Ellie;656.59;661.35;yes what are some things that usually put you in a good mood
Participant;663.1;677.96;um i don't know <laughter> i never really thought about it i guess it just you know being around my kids you know i just love being around my children
Ellie;678.82;679.21;mhm
Participant;679.93;683.24;and that's always puts me in a good mood <laughter>
Ellie;683.47;684.01;that's good
Participant;684.53;684.96;thank you
Ellie;684.73;686.11;how have you been feeling lately
Participant;687.05;694.46;okay like i said a lil' tired you know but you know for the most part okay you know i'm dealing with situations that
Ellie;693.34;695.61;how easy is it for you to get a good night's sleep
Participant;696.47;714.02;well i go to bed really early so long as i go to bed early i get a good night's sleep but i wake up early as well so <laughter> it's kinda like good and bad a lil' bit i go to bed like eight eight thirty and then i wake up at like one one thirty so
Ellie;714.0;714.33;uh huh
Participant;714.82;715.32;<laughter>
Ellie;715.08;716.69;what are you like when you don't sleep well
Participant;717.73;722.91;very moody very irritable short short-tempered i guess
Ellie;724.4;729.5;okay have you noticed any changes in your behavior or thoughts lately
Participant;732.45;757.02;if anything i think i'm thinking more positively you know like i said especially with my son having a disability you know i i look at it as if you know it's not all bad i mean he has challenges eh but i'm dealing with them a lot better you know as opposed to feeling sorry for him or feeling sorry for myself you know i'm just finding more avenues to work with him you know
Ellie;750.01;750.96;how hard is that
Participant;757.69;763.46;different resources to help him as opposed to just feeling guilty or sad and depressed about it
Ellie;757.71;765.76;uh huh yeah that's good
Participant;766.05;766.49;thank you
Ellie;769.11;770.86;have you been diagnosed with depression
Participant;771.42;771.69;no
Ellie;773.82;774.71;do you feel down
Participant;775.94;779.9;occasionally who doesn't <laughter>
Ellie;781.02;790.24;yeah what are you most proud of in your life
Participant;793.96;799.23;i don't know can we skip that question <laughter>
Ellie;797.28;800.52;okay how would your best friend describe you
Participant;802.21;817.25;<sigh> green <laughter> seems to be the word kinda like um yeah probably green like naive a little <laughter>
Ellie;817.77;818.18;mhm
Participant;819.76;823.1;but at the same time smart i think she'll describe me as smart
Ellie;825.13;825.91;that's great
Participant;825.93;826.29;mhm
Ellie;827.05;829.36;okay i think i've asked everything i need to
Participant;827.09;830.16;yeah okay
Ellie;830.62;832.07;thanks for sharing your thoughts with me
Participant;832.41;833.18;no problem
Ellie;833.58;834.09;goodbye
Participant;834.55;835.05;bye
