speaker;start_time;stop_time;text
Participant;22.91;23.72;<synch>
Ellie;41.035;62.575;IntroV4Confirmation (hi i'm ellie thanks for coming in today i was created to talk to people in a safe and secure environment i'm not a therapist but i'm here to learn about people and would love to learn about you i'll ask a few questions to get us started and please feel free to tell me anything your answers are totally confidential are you ok with this)
Participant;63.175;63.645;i'm cool
Ellie;64.358;68.21;okay_confirm (okay) how_doingV (so how are you doing today)
Participant;68.82;69.2;fine
Ellie;69.93;73.091;thats_good (that's good) where_originally (where are you from originally)
Participant;73.77;74.3;new york
Ellie;75.04;75.63;really (really)
Participant;77.51;77.75;yep
Ellie;78.002;79.082;when_LA (when did you move to l_a)
Participant;80.14;84.07;eh about six months six months ago
Ellie;84.784;86.404;compares_LA (how does it compare to l_a)
Participant;87.7;88.52;nicer pace
Ellie;90.285;91.305;why_LA (why did you move to l_a)
Participant;92.36;94.27;uh photography job
Ellie;96.156;97.156;happy_didthat (are you happy you did that)
Participant;98.33;99.12;it's a good move
Ellie;101.054;102.414;good_hear (that's so good to hear)
Participant;102.575;102.835;mm
Ellie;102.998;105.468;adapted_LA (how easy was it for you to get used to living in l_a)
Participant;106.945;109.475;uh i love the weather
Ellie;111.834;115.649;yeah3 (yeah) like_about_LA (what are some things you really like about l_a)
Participant;117.35;121.95;cool people relax easy to talk to
Ellie;119.84;120.35;mhm (mhm)
Participant;123.7;125.98;uh nice environment
Ellie;127.984;132.539;okay_confirm (okay) dont_like_LA (what are some things you don't really like about l_a)
Participant;134.18;139.195;mm crime when you go through some sections
Ellie;141.066;142.096;see_mean (i see what you mean)
Participant;142.065;142.385;yeah
Ellie;144.0;150.197;travel_shoes (i'm sure you can tell by my shoes i'm not much of a world explorer do you travel a lot)
Participant;150.71;151.47;i've done my share
Ellie;153.006;154.526;travel_changed (what do you enjoy about traveling)
Participant;156.395;165.89;uh the ability to <sigh> capture events be a part of it be a part of exciting things like
Ellie;163.441;163.981;like_what (like what)
Participant;167.235;175.66;um olympics games festivals uh special shows
Ellie;176.693;177.103;cool3 (cool)
Participant;177.03;177.32;yeah
Ellie;178.029;179.709;travel_trips (i'd love to hear about one of your trips)
Participant;178.2;184.2;meet new people yeah which one
Ellie;185.625;186.825;mind (whatever comes to your mind)
Participant;187.96;188.86;mm canada
Ellie;190.577;191.737;tell_about_that (can you tell me about that)
Participant;192.89;205.93;uh it was nice uh very refreshing mm clean environment uh the people seemed very very lighthearted but you're able to do serious work
Ellie;207.517;208.027;mhm (mhm)
Participant;208.15;209.27;i love the landscape
Ellie;208.696;211.056;memorableB (what's one of your most memorable experiences)
Participant;211.855;215.135;uh i think it was riding onboard an amtrak train
Ellie;217.192;217.922;nice (nice)
Participant;217.79;218.16;yeah
Ellie;220.292;221.832;describe_felt (how did you feel in that moment)
Participant;222.825;224.335;uh liberated
Ellie;226.233;229.613;thats_great (that's great) study (what did you study at school)
Participant;230.715;231.315;photography
Ellie;233.177;234.377;dream_job (what's your dream job)
Participant;235.89;237.45;uh i think i'm doing it you know
Ellie;239.148;240.088;difficult (how hard is that)
Participant;239.175;253.722;i really <re> i i really believe i'm doing it um not very difficult you know uh um not at least not for me because i think i have some natural inclination for it uh and um i connect well with people
Ellie;252.091;264.463;mhm (mhm) thats_good (that's good) shyoutgoing (do you consider yourself more shy or outgoing)
Participant;264.29;290.125;i'm more shy but i'm forced to be outgoing because i you know you can't really get anything done being shy but given a choice i'd rather be um you know a little more pulled back <laughter> uh until i you know i i i feel like just the closest a safe path to go so that kinda curtails with my spirit of adventure sometimes i think
Ellie;290.18;293.7;understand (i understand) give_example (can you give me an example of that)
Participant;294.89;302.815;an example hmm well an example of what exactly you mean what aspect
Ellie;304.422;304.892;yeah3 (yeah)
Participant;307.965;348.157;okay well example like uh traveling sometimes you wanna go to a particular place and it's uh something great happening there even though it's a great place but it's not such a cool place to go like take for instance like boston i used to go there a lot um now you know everybody i talk to is like a little bit nervous whether they should go there <laughter> you know to do you know uh um xxx you know have a great time you know i think it's because of all the disturbance that just happened kinda you know throws you off track a bit make you rethink um is that a good getaway spot still right now something like that you know
Ellie;347.228;349.342;yeah_downer (yeah) isee_downer (i see)
Participant;349.517;350.007;mhm
Ellie;351.413;363.207;relax_fishtank (sometimes when i'm feeling tense i turn on the fish tank screensaver hey i know it's not hawaii but it's the best i've got what do you do to relax)
Participant;354.597;372.112;mm uh me i huh i take walks i call up a friend we have tea or something you know
Ellie;373.359;375.419;control_temper (how are you at controlling your temper)
Participant;376.524;378.904;uh i think i pretty much gotten that under control
Ellie;380.368;383.418;last_argument (when was the last time you argued with someone and what was it about)
Participant;380.73;397.527;mm eh uh it was probably something silly in a work situation that last about five minutes and oh pretty much haven't fought again i don't really dwell on negative things too much
Ellie;398.728;399.198;mm (mm)
Participant;399.68;400.08;uh
Ellie;401.722;403.885;feelguilty (what's something you feel guilty about)
Participant;405.175;408.775;um i don't have any regrets right now mm
Ellie;410.377;414.161;situation_handled (tell me about a situation that you wish you had handled differently)
Participant;416.234;418.404;i really can't think of anything right off the top
Ellie;419.939;425.065;okay_confirm (okay) hard_decisionB (tell me about the hardest decision you've ever had to make)
Participant;426.671;441.158;the hardest decision i've ever had to make was uh not hiring a good friend uh for a job that you know they weren't qualified for that's hard
Ellie;442.171;443.331;tell_about_that (can you tell me about that)
Participant;444.404;450.134;uh because you have to explain to them that it's not the friendship you're hiring it's their competence
Ellie;451.732;458.26;yeah_downer (yeah) influence_positive (who's someone that's been a positive influence in your life)
Participant;458.695;459.235;my father
Ellie;461.287;462.447;tell_about_that (can you tell me about that)
Participant;463.696;488.174;uh he just uh taught me how to you know uh overcome uh difficulties when i was growing up and how important it was to not give up uh and be able to see the bright side of any situation you face because it goes away you know if you hold in there long enough and i i found that to be true so
Ellie;489.547;490.017;yeah3 (yeah)
Participant;490.274;490.944;mhm
Ellie;491.366;494.076;family_relationship (tell me about your relationship with your family)
Participant;494.959;505.287;um it's okay except <exce> except for some of my uh my distant siblings you know i don't see as often as i can mm yeah
Ellie;506.0;506.57;why2 (why)
Participant;507.731;516.589;uh just you know when you when you travel quite a bit you just don't see people 'cause <laughter> they're not always there you know uh it's nothing like mhm yeah
Ellie;515.303;516.243;makes_sense (that makes sense)
Participant;517.434;517.844;mhm
Ellie;521.005;523.445;easy_sleep (how easy is it for you to get a good night's sleep)
Participant;524.296;538.726;uh well you know i'm i'm i get pretty excited if i'm working on something or developing something so i tend to overlook the time sometime but other than that you know when i when i'm out i'm out that's it
Ellie;540.292;543.387;mhm (mhm) sleep_affects (what are you like when you don't sleep well)
Participant;545.319;562.154;well uh i guess i'll be a little bit uh uh try and figure out how i'm gonna get sleep you know as soon as i can to make up xxx but um uh i i try not to be uh grumpy or anything i just probably feel a little bit tired mm
Ellie;562.865;566.267;okay_confirm (okay) feel_lately (how have you been feeling lately)
Participant;567.259;568.219;i feel okay now
Ellie;570.045;573.215;behavior_changes (have you noticed any changes in your behavior or thoughts lately)
Participant;574.374;578.758;uh changes like what
Ellie;580.395;581.595;mind (whatever comes to your mind)
Participant;583.71;595.178;mm well i i i see a more hopeful future you know and i see uh i see a lot of new things unfolding i mean from that perspective yes
Ellie;596.214;600.498;thats_good (that's good) ptsd_diagnosed (have you ever been diagnosed with p_t_s_d)
Participant;601.132;601.432;no
Ellie;602.137;603.947;depression_diagnosed (have you been diagnosed with depression)
Participant;605.167;605.597;never
Ellie;606.993;609.54;happy_lasttime (tell me about the last time you felt really happy)
Participant;611.091;612.321;uh i feel okay now
Ellie;614.283;617.533;Ellie17Dec2012_10 (tell me about something you did recently that you really enjoyed)
Participant;618.201;623.45;uh i went to a great party last week that was really cool
Ellie;623.982;624.712;nice (nice)
Participant;624.93;625.33;yeah
Ellie;626.205;627.295;more (tell me more about that)
Participant;628.865;655.443;well it was like on a rooftop uh and a a lot to really uh nice people who are basically in the same kind of uh mindset uh pursuing the same type of uh uh goals and it was uh quite inspiring actually and i got a lot of information and a lot of good connections were made
Ellie;656.332;661.16;thats_great (that's great) BF_describe (how would your best friend describe you)
Participant;662.936;666.696;mm awesome guy awesome absolutely awesome
Ellie;670.018;672.219;ideal_weekendC (tell me how you spend your ideal weekend)
Participant;673.421;692.75;my ideal weekend is uh cooking my own food relaxing you know and if i'm in the mood for company you know i have friends and uh you know uh family members join me
Ellie;693.48;699.448;uh_huh (uh huh) self_change (what are some things you wish you could change about yourself)
Participant;701.399;710.36;well i'd kinda like to put on more weight sometime but that doesn't seem to work i eat like crazy and nothing happen
Ellie;712.315;719.443;wild_laughter3 ((laughter)) feelbadly (tell me about a time when someone made you feel really badly about yourself)
Participant;720.329;770.414;mm well you know i i think people in general sometime uh uh misread <mis> misread you you know if you kinda like uh if you look different or you're in <i> in a different type of a if a different set of things make you uh excited or you're into a different way of thinking um people tend to misjudge you you know and that used to make make me really be upset sometime but um yeah i'm i've kinda figured it out and i'm pretty much over that you know so i see it as their loss and not mine you know if they didn't get to know me you know that's hey maybe they don't need to and it doesn't really bother me i've kinda worked those things out in time you know
Ellie;770.871;771.311;yeah_downer (yeah)
Participant;771.586;772.036;yeah
Ellie;773.759;776.699;Ellie17Dec2012_07 (what would you say are some of your best qualities)
Participant;777.38;792.55;uh my best qualities probably um uh listening i think <mumbling> and uh maybe just uh talking uh you know on a conversational level
Ellie;793.909;794.419;mhm (mhm)
Participant;794.56;794.81;uh
Ellie;795.768;796.838;regret (is there anything you regret)
Participant;799.1;814.435;yeah sometime people tend to burden me with everything they got because of that but uh you know i guess is that's probably one of the things that come with the turf so when i <clears throat> when i see too much of that i just uh pull back
Ellie;816.377;819.327;advice_back (what advice would you give to yourself ten or twenty years ago)
Participant;823.905;840.345;uh uh go for your dream believe in what you're doing don't let anyone discourage you and you'll be okay and that's the way i feel now that it's uh kind of evolved itself
Ellie;842.527;847.05;mm (mm) Ellie17Dec2012_08 (what are you most proud of in your life)
Participant;848.925;893.88;most proud of um i think my um my my my kinda spiritual relationship you know and my my my settleness about not being too too anxious about about <bout> things that go on around me and being able to see that you know there are no mistakes that really happen and you shouldn't really uh never allow yourself to be defeated i'm i'm proud to be able to have arrived at that point in my my my thinking my framework uh that i think that saved me a lot of uh problems that could've been uh differently
Ellie;895.569;899.736;yeah3 (yeah) asked_everything (okay i think i have asked everything i need to)
Participant;897.4;901.15;<mumbles> very good questions
Ellie;900.483;901.923;appreciate_open (thanks for sharing your thoughts with me)
Participant;902.82;903.39;uh i
Ellie;903.866;904.476;bye (goodbye)
Participant;904.88;905.27;bye bye
