speaker;start_time;stop_time;text
Participant;12.42;13.29;<synch>
Ellie;27.85;49.39;IntroV4Confirmation (hi i'm ellie thanks for coming in today i was created to talk to people in a safe and secure environment i'm not a therapist but i'm here to learn about people and would love to learn about you i'll ask a few questions to get us started and please feel free to tell me anything your answers are totally confidential are you ok with this)
Participant;49.47;49.99;yes
Ellie;51.212;55.079;okay_confirm (okay) how_doingV (so how are you doing today)
Participant;55.12;55.91;i'm doing fine
Ellie;56.571;59.408;thats_good (that's good) where_originally (where are you from originally)
Participant;59.9;66.2;i was born in texas and i moved to california when i was three and grew up here in california yeah
Ellie;64.871;68.585;really (really) very_young (you were very young weren't you)
Participant;68.95;70.08;i was yes
Ellie;70.592;72.492;often_backB (how often do you go back to your hometown)
Participant;73.2;74.54;uh i've never been back there
Ellie;75.328;75.898;why2 (why)
Participant;76.85;81.33;um don't have any relatives there don't have a reason to go back there
Ellie;82.067;86.063;okay_confirm (okay) like_about_LA (what are some things you really like about l_a)
Participant;86.95;93.84;um <makes sound with mouth> <laughter> well my my family's here
Ellie;95.57;96.08;mhm (mhm)
Participant;96.36;103.06;that's one uh the weather's great uh the beaches and mountains are here all those things are very good
Ellie;103.668;107.325;yeah3 (yeah) dont_like_LA (what are some things you don't really like about l_a)
Participant;107.68;116.83;uh the traffic which is probably <probab> probably most people say um it's expensive to live here those are probably the top two
Ellie;118.16;126.642;see_mean (i see what you mean) travel_shoes (i'm sure you can tell by my shoes i'm not much of a world explorer do you travel a lot)
Participant;126.83;128.47;uh recently i've traveled
Ellie;130.202;131.722;travel_changed (what do you enjoy about traveling)
Participant;133.04;144.79;um well you get to see new places and and new people you get to learn more about other cultures and uh different ways people think
Ellie;146.076;147.756;travel_trips (i'd love to hear about one of your trips)
Participant;148.51;151.58;oh uh at the end of march i went to ecuador for a week
Ellie;152.897;156.821;nice (nice) memorableB (what's one of your most memorable experiences)
Participant;154.58;172.5;uh um i spent most of most of one day with with an ecuadorian who only speaks spanish and i speak very little spanish so we got um it was it was challenging for me trying to communicate with him i felt like a a little kid
Ellie;171.655;172.125;yeah3 (yeah)
Participant;173.17;187.09;trying to you know say you know what's this what's this uh it was very humbling um you know just just seeing that you know when you don't when you're not able to communicate then that that can be very difficult
Ellie;188.441;196.366;mhm (mhm) shyoutgoing (do you consider yourself more shy or outgoing)
Participant;196.23;198.19;i'm probably more of a shy person
Ellie;199.04;199.61;why2 (why)
Participant;201.45;202.72;genetics i don't know why
Ellie;205.12;206.26;study (what did you study at school)
Participant;207.08;213.76;um i'm an electrician so i studied electrical construction i've also studied uh computer networking
Ellie;214.827;217.525;cool3 (cool) hard_decision (how did you decide to do that)
Participant;218.92;239.2;um it was i guess just uh kinda circumstances i needed the the the work i was doing wasn't providing for the family and i knew someone who could get me a job doing electrical work and so so i pursued that because of the the financial gain
Ellie;240.262;241.262;happy_didthat (are you happy you did that)
Participant;240.56;248.67;mm uh it's given me a lot of opportunity but uh i don't think it's what i what i wanna do for the rest of my life
Ellie;250.006;251.206;dream_job (what's your dream job)
Participant;252.47;270.67;well i'm actually uh pursuing becoming a missionary uh my wife and i are looking at moving down to ecuador in the fall uh for four years and last year we we trained in north carolina for one year um and that was like theology and bible training
Ellie;273.032;274.462;change_directions (what made you decide to do that)
Participant;275.85;294.55;um basically god put a um a desire in my heart to get beyond get beyond myself and and do something for other people to to go and and learn about another people their culture and to share the gospel with them
Ellie;296.044;302.16;thats_great (that's great) family_relationship (tell me about your relationship with your family)
Participant;303.24;322.62;well in my immediate family um i'm i'm married i've been married for ten years this june and we have four daughters and then um but i i have one older brother uh no sisters um so what what do you wanna know about my family
Ellie;322.892;324.592;family_roleB (how close are you to your family)
Participant;325.23;349.38;um i'm really close with my wife and my daughters uh with my brother i'm not not real close partly because he's uh he's mentally handicapped um he has the mental capacity of a seven year old even though he's he's five years older than me so just kinda because of that dynamic it it's hard to have a a close relationship with him but i am pretty close with my parents my brother lives with my parents
Ellie;346.047;352.595;isee_downer (i see) influence_positive (who's someone that's been a positive influence in your life)
Participant;353.83;362.15;um i'd say my my youth pastor in high school he was a real real positive influence in me
Ellie;363.846;365.006;tell_about_that (can you tell me about that)
Participant;365.76;385.5;um just he has a he has a drive and a zeal for for pursuing the truth um and just uh studying the bible and and because of his influence that kinda put me on a path to wanting to study the bible
Ellie;387.173;391.236;okay_confirm (okay) control_temper (how are you at controlling your temper)
Participant;392.34;434.62;um i think i've gotten better at it there have been times when you know i'll i'll get angry and uh you know it can just kinda really rule over me just the frustration and i'm the type of person that it takes me um usually it it takes some time for me to get angry and and some time to to calm down again but i've i've learned um over time that really getting angry um and keeping that anger in doesn't it doesn't attack the other person or the thing that i'm angry at it just kinda attacks me and so really it it's not a it's not a good behavior to
Ellie;431.808;432.198;right2 (right)
Participant;435.49;454.59;to keep so when <whe> when things anger me i try to uh like talk to the other person say you know this <th> this situation is making me upset i try to kinda talk through it and and resolve it and come to a resolution um even more than just compromising but trying to really resolve the root the problem
Ellie;455.306;458.356;last_argument (when was the last time you argued with someone and what was it about)
Participant;458.97;515.64;um <sigh> well a a couple weeks ago or maybe it was maybe even a month ago um my wife and i were going on a trip with with her parents and her parents had already left um eh we were just driving down to orange country area for this trip and my wife wanted um wanted she had she had expectation of certain things to be done before the trip or certain things be packed and but hadn't really in <i> in my eyes hadn't expressed that clearly but in her eyes she had and so when i was trying to meet those expectations she um you know i i didn't meet 'em according to to what she wanted and and and she became angry and so from my perspective i was doing what she wanted um and kinda getting attacked for it so so then i i i started yelling at her and
Ellie;515.358;515.888;yeah2 (yeah)
Participant;516.37;526.6;and we you know we had that conflict but then you know with <wi> within an hour or so we had kinda talked through and we we had figured out what the the cause of that conflict was
Ellie;528.104;529.644;describe_felt (how did you feel in that moment)
Participant;531.12;535.46;um are you asking the moment of during the conflict
Ellie;535.901;536.371;yeah3 (yeah)
Participant;536.85;553.59;uh very you know just mm very angry you know you can feel it in your body um part partly i the i guess the anger was probably the secondary response but my initial response was that um i felt <f> was feeling attacked and that came out as anger
Ellie;552.702;553.172;mm (mm)
Participant;554.27;560.22;so i would think um yeah so initially i felt attacked and then that resulted in the anger
Ellie;561.132;566.721;downer (okay) hard_decisionB (tell me about the hardest decision you've ever had to make)
Participant;567.31;647.06;mm hmm hmm hmm i guess it was um deciding to go um to go to our training last year um i i felt that god had put on my heart that that this was something i was supposed to pursue um my wife didn't feel that way and i i i just felt very strongly that that was something that we should pursue and but at the same time i knew that if if my wife wasn't supportive of it that it it would it would kinda fall apart so i kinda relinquished <r> relinquished it um and i and i said to her you know i'm not gonna make you go um you know if if you wanna go then <th> then we'll go but if not then we'll we'll do something else we'll we'll look at at doing something else and not going uh and so that that was difficult for me 'cause uh you know again that that that kinda felt like a loss 'cause i felt deeply that that's what i was supposed to do um but then after i kinda gave that up then um then she came to a point where she said no i have a peace about about doing this and then we went ahead and pursued it so um so just kinda giving it up was <wa> was <wa> was difficult for me
Ellie;647.114;653.257;yeah_downer (yeah) memory_erase (tell me about an event or something that you wish you could erase from your memory)
Participant;655.58;658.85;tell you about something bad or something that i can erase from my memory
Ellie;659.249;659.759;mhm (mhm)
Participant;660.38;696.96;um oh let me see i'm not sure um i don't know i i can't really think of anything very traumatic um that i would wanna erase but i i think you know good things and positive <posi> eh good things and bad things they all kinda shape who we are and so i i i can't think of anything that i would want to erase
Ellie;697.364;701.381;okay_confirm (okay) easy_sleep (how easy is it for you to get a good night's sleep)
Participant;702.26;713.59;um usually usually it's not too bad um are are you referring to on the the questionnaire where i said that i had trouble <trou> some trouble sleeping
Ellie;714.761;715.231;yeah3 (yeah)
Participant;715.82;737.75;um the the job i work the the um kinda the the scheduling has shifted so i so lately i've been working some nighttime shifts or graveyard shifts so um coming home in the morning you know when it's light then it's been hard for me to sleep but it was it was mostly 'cause i was staying up so late because of work
Ellie;738.377;743.023;understand (i understand) easy_sleep (how easy is it for you to get a good night's sleep)
Participant;743.31;744.61;uh it pretty easy
Ellie;744.968;746.748;sleep_affects (what are you like when you don't sleep well)
Participant;747.35;751.25;um when i when i don't sleep then i do get cranky
Ellie;752.482;753.862;feel_lately (how have you been feeling lately)
Participant;752.59;756.06;uh i i've been feeling good lately
Ellie;757.072;762.037;thats_good (that's good) behavior_changes (have you noticed any changes in your behavior or thoughts lately)
Participant;764.11;765.6;no not really
Ellie;766.965;770.6;okay_confirm (okay) ptsd_diagnosed (have you ever been diagnosed with p_t_s_d)
Participant;771.01;771.29;no
Ellie;771.813;773.623;depression_diagnosed (have you been diagnosed with depression)
Participant;773.94;774.23;no
Ellie;775.243;777.79;happy_lasttime (tell me about the last time you felt really happy)
Participant;779.95;822.73;um hmm i don't know um can't think of anything that was kinda out of the ordinary but um yesterday we my wife and i took took our three <th> our our three younger girls we took them to the park the oldest one um stayed with her grandma but we uh we took 'em to the park and they played and yeah so those <th> those are always happy times when we take the kids to the park
Ellie;823.912;828.265;good_hear (that's so good to hear) BF_describe (how would your best friend describe you)
Participant;830.02;862.03;um i i think he'd say i'm a a family man that um i'm uh dependable that he can he can count on me um usually my my friend i end up doing um different work around the house for him 'cause i'm kind of a handyman so so in that way i i i think he'd say i'm kinda dependable or someone he could go to for advice
Ellie;862.344;867.746;mhm (mhm) self_change (what are some things you wish you could change about yourself)
Participant;868.16;906.83;um i guess i would um i guess i would like to be able to um start conversations with people easier uh sometimes i have i have trouble just talking to people especially if they're in a group if <i> if people are one on one then it's it's usually easier for me to talk to them but kinda talking to people in a group uh i wish i was a little better at that
Ellie;907.864;908.334;uh_huh (uh huh)
Participant;909.26;909.99;now if it's
Ellie;909.957;912.907;advice_back (what advice would you give to yourself ten or twenty years ago)
Participant;913.4;946.9;okay what what i was gonna say right before that was that um uh if if i'm giving a speech or something to a large group i don't really have a problem with that but if it's more interaction type thing then that's kinda difficult uh advice i would've given to myself ten or twenty years ago um probably would've been to to go to college right away instead of going to school later in life um that's about it
Ellie;947.787;948.247;okay_confirm (okay)
Participant;948.34;951.9;think that would made that would've made the biggest difference in my life i think
Ellie;954.086;956.386;Ellie17Dec2012_08 (what are you most proud of in your life)
Participant;958.15;988.69;um well i have i have four kids and i hope i'm raising 'em right i hope that that um you know the mistakes that i've made i can kinda guide them through their their journey in life and i hope that they end up a little better for it than than me um yeah i just hope hope kinda through them that i can you know leave <lea> leave something worthwhile
Ellie;990.487;995.348;asked_everything (okay i think i have asked everything i need to) appreciate_open (thanks for sharing your thoughts with me)
Participant;995.48;996.18;you're welcome
Ellie;996.556;997.166;bye (goodbye)
Participant;997.44;997.82;goodbye
