speaker;start_time;stop_time;text
Participant;19.02;19.86;<synch>
Ellie;31.552;53.092;IntroV4Confirmation (hi i'm ellie thanks for coming in today i was created to talk to people in a safe and secure environment i'm not a therapist but i'm here to learn about people and would love to learn about you i'll ask a few questions to get us started and please feel free to tell me anything your answers are totally confidential are you ok with this)
Participant;53.72;54.31;uh yeah sure
Ellie;55.133;59.061;okay_confirm (okay) how_doingV (so how are you doing today)
Participant;59.21;63.805;<laughter> i'm alright uh i'm in a weird test study right now
Ellie;64.789;68.616;wild_laughter3 ((laughter)) where_originally (where are you from originally)
Participant;69.02;70.26;uh i'm from los angeles
Ellie;70.899;71.489;really (really)
Participant;72.17;72.44;mhm
Ellie;72.759;74.869;like_about_LA (what are some things you really like about l_a)
Participant;76.375;79.055;<ss> all kinds of different things to do in this city
Ellie;80.395;80.935;like_what (like what)
Participant;81.75;88.12;uh well i don't know each each area is a little different and it's hard to get boring around here
Ellie;89.085;92.328;mhm (mhm) dont_like_LA (what are some things you don't really like about l_a)
Participant;93.4;96.44;oh you know the traffic and the smog and all that
Ellie;97.239;105.955;see_mean (i see what you mean) travel_shoes (i'm sure you can tell by my shoes i'm not much of a world explorer do you travel a lot)
Participant;106.13;107.48;not as much as i'd like to
Ellie;108.532;109.102;why2 (why)
Participant;110.51;113.41;mm money mainly lack of money
Ellie;113.123;116.884;understand (i understand) travel_changed (what do you enjoy about traveling)
Participant;117.77;121.53;i like seeing the world and seeing all the different places
Ellie;122.798;124.478;travel_trips (i'd love to hear about one of your trips)
Participant;125.34;128.82;went to uh went to russia three years ago
Ellie;130.128;133.902;nice (nice) memorableB (what's one of your most memorable experiences)
Participant;131.73;139.59;yeah i like to go into the churches we did a huge trip of all the churches in the area
Ellie;141.167;146.014;thats_great (that's great) study (what did you study at school)
Participant;146.79;149.55;uh music for the most part
Ellie;150.596;154.163;sounds_interesting (that sounds interesting) hard_decision (how did you decide to do that)
Participant;154.3;156.31;uh i been playing music for a long time
Ellie;158.797;160.057;still_working_on_X (are you still working in that)
Participant;160.62;160.87;yeah
Ellie;162.125;163.325;dream_job (what's your dream job)
Participant;164.91;167.94;xxx musician touring performing musician
Ellie;169.015;169.955;difficult (how hard is that)
Participant;170.26;171.68;really really really hard
Ellie;172.447;173.017;why2 (why)
Participant;173.76;176.81;<ss> a lot of competition and luck involved
Ellie;177.926;178.766;that_sucks (that sucks)
Participant;179.3;179.79;i agree
Ellie;182.555;186.91;shyoutgoing (do you consider yourself more shy or outgoing)
Participant;187.15;188.44;little of both i suppose
Ellie;189.901;201.66;relax_fishtank (sometimes when i'm feeling tense i turn on the fish tank screensaver hey i know it's not hawaii but it's the best i've got what do you do to relax)
Participant;199.1;207.44;<laughter> again probably just i i play a lot of music sit down with a guitar for a little while
Ellie;208.695;213.835;thats_good (that's good) control_temper (how are you at controlling your temper)
Participant;215.01;217.1;i would say good i think i'm a calm person
Ellie;218.03;222.217;mhm (mhm) last_argument (when was the last time you argued with someone and what was it about)
Participant;225.01;230.725;i'm having difficulty even remembering <laughter> uh nothing big in a long time
Ellie;232.038;237.49;okay_confirm (okay) situation_handled (tell me about a situation that you wish you had handled differently)
Participant;240.65;249.2;mm i'm having difficulty thinking of one on the spot right now
Ellie;250.458;256.382;okay_confirm (okay) hard_decisionB (tell me about the hardest decision you've ever had to make)
Participant;258.41;277.55;the hardest decision i've ever had to make <laughter> uh i i'm not sure i i can't think of anything
Ellie;278.808;283.727;hmmB (hmm) feelguilty (what's something you feel guilty about)
Participant;285.16;296.535;guilty um <laughter> <laughter> when i was a boy i stole a little golden bicycle from an old lady i'm not proud of it <laughter>
Ellie;297.982;298.442;okay_confirm (okay)
Participant;298.96;299.96;<laughter>
Ellie;300.038;302.739;family_relationship (tell me about your relationship with your family)
Participant;303.42;314.08;um it's <ts> not ideal i live with my parents i'm twenty three years old and that's becoming more and more awkward
Ellie;315.791;320.335;understand (i understand) tell_about_that (can you tell me about that)
Participant;319.2;331.34;i think i don't know i think things are improving i need to move out i need to get my own apartment and uh then we can come back around and be friends i'm sure with my parents
Ellie;332.47;336.364;yeah3 (yeah) influence_positive (who's someone that's been a positive influence in your life)
Participant;337.935;346.945;just uh there's a lot of positive <laughter> influences in my life i've got a good group of friends you know my family i love them nonetheless but
Ellie;350.233;354.352;okay_confirm (okay) easy_sleep (how easy is it for you to get a good night's sleep)
Participant;355.48;356.79;easy i would say
Ellie;357.715;358.355;thats_good (that's good)
Participant;358.88;359.19;mhm
Ellie;359.217;360.997;sleep_affects (what are you like when you don't sleep well)
Participant;362.05;368.48;um just uh not uh not as groggy as some people get i don't know i
Ellie;371.075;374.543;uh_huh (uh huh) feel_lately (how have you been feeling lately)
Participant;376.46;381.865;just in general uh well i'd say things are alright
Ellie;383.177;386.347;behavior_changes (have you noticed any changes in your behavior or thoughts lately)
Participant;387.58;390.17;um no nothing huge
Ellie;391.593;393.633;ptsd_diagnosed (have you ever been diagnosed with p_t_s_d)
Participant;393.805;394.095;no
Ellie;394.852;396.662;depression_diagnosed (have you been diagnosed with depression)
Participant;396.99;397.34;mm mm
Ellie;398.71;401.257;happy_lasttime (tell me about the last time you felt really happy)
Participant;401.97;407.72;last time i i had a really good band practice last night with all the friends i felt really good about that
Ellie;409.512;410.232;awesome (awesome)
Participant;410.74;411.0;mhm
Ellie;412.563;414.253;BF_describe (how would your best friend describe you)
Participant;416.25;419.52;think generally funny and good to be around
Ellie;422.538;425.434;self_change (what are some things you wish you could change about yourself)
Participant;428.11;430.93;uh work ethic i think is a big one
Ellie;432.658;433.818;tell_about_that (can you tell me about that)
Participant;434.57;443.67;sure uh you know i i have a lot of projects i've planned for myself in my life and i have difficulty completing them
Ellie;445.221;445.791;why2 (why)
Participant;448.33;456.585;i like to use space as an excuse that's my go-to one uh i don't have a good studio to record music or
Ellie;458.714;465.481;isee_downer (i see) feelbadly (tell me about a time when someone made you feel really badly about yourself)
Participant;465.76;489.03;um well okay this uh this current band that i'm working with um i was told i'm a part time member in this band and i was told that uh you know i wasn't officially in the core group and stuff i felt pretty bad about that for a few days
Ellie;489.719;490.459;im_sorry (i'm sorry)
Participant;490.835;491.725;it's alright <laughter>
Ellie;493.138;494.208;regret (is there anything you regret)
Participant;496.205;498.92;uh in life
Ellie;499.939;500.449;mhm (mhm)
Participant;503.745;510.14;maybe going maybe finishing college that might be something not
Ellie;509.998;511.428;change_directions (what made you decide to do that)
Participant;512.56;524.23;um i don't know i just never i i never came to pass that i would transfer to a four year university and get a bachelor's degree
Ellie;527.467;533.01;okay_confirm (okay) Ellie17Dec2012_07 (what would you say are some of your best qualities)
Participant;534.425;540.84;best qualities i think generally that easygoingness and good sense of humor
Ellie;541.773;547.14;uh_huh (uh huh) Ellie17Dec2012_10 (tell me about something you did recently that you really enjoyed)
Participant;548.045;556.29;i did recently that i really enjoyed last weekend i went camping on a beach with a bunch of friends that was nice
Ellie;557.143;557.873;nice (nice)
Participant;558.09;558.39;yeah
Ellie;560.537;562.837;Ellie17Dec2012_08 (what are you most proud of in your life)
Participant;564.115;573.21;most proud of um i guess you know musical accomplishments i've put a lot of work into that and i'm finding success in my way
Ellie;575.019;577.459;asked_everything (okay i think i have asked everything i need to)
Participant;576.99;578.325;<laughter> thank you
Ellie;579.62;581.06;appreciate_open (thanks for sharing your thoughts with me)
Participant;581.32;582.48;thank you that was interesting
Ellie;581.861;582.471;bye (goodbye)
Participant;582.655;583.005;goodbye
