speaker;start_time;stop_time;text
Participant;9.91;10.95;<sync>
Ellie;25.782;47.322;IntroV4Confirmation (hi i'm ellie thanks for coming in today i was created to talk to people in a safe and secure environment i'm not a therapist but i'm here to learn about people and would love to learn about you i'll ask a few questions to get us started and please feel free to tell me anything your answers are totally confidential are you ok with this)
Participant;50.54;51.19;yes
Ellie;51.61;55.831;okay_confirm (okay) how_doingV (so how are you doing today)
Participant;58.48;59.45;doing good
Ellie;60.195;63.112;thats_good (that's good) where_originally (where are you from originally)
Participant;64.85;66.38;new york city
Ellie;66.842;70.251;really (really) when_LA (when did you move to l_a)
Participant;72.3;91.7;well uh originally i was born here but uh spent some time back east and um moved back here and um basically sort of raised here so been here a while and i'm enjoying it
Ellie;92.546;95.981;cool3 (cool) like_about_LA (what are some things you really like about l_a)
Participant;97.45;111.78;there's great weather and um uh amusement parks a lot of scenery a lot of people uh a lot of energy and excitement there's so many things to really like about l_a
Ellie;112.737;116.221;yeah3 (yeah) dont_like_LA (what are some things you don't really like about l_a)
Participant;117.71;122.87;see uh a lot of congestion and pollution
Ellie;124.054;134.037;mm (mm) see_mean (i see what you mean) travel_shoes (i'm sure you can tell by my shoes i'm not much of a world explorer do you travel a lot)
Participant;135.59;138.36;i i try to but no i don't
Ellie;139.591;141.111;travel_changed (what do you enjoy about traveling)
Participant;143.09;153.65;uh it's nice to be on the open road with uh mm potentially <potelingly>  time to think about my own life
Ellie;154.519;162.918;uh_huh (uh huh) shyoutgoing (do you consider yourself more shy or outgoing)
Participant;163.15;163.88;shy
Ellie;164.626;165.196;why2 (why)
Participant;167.09;170.58;sometimes i find it hard to express my own thoughts
Ellie;173.027;185.103;relax_fishtank (sometimes when i'm feeling tense i turn on the fish tank screensaver hey i know it's not hawaii but it's the best i've got what do you do to relax)
Participant;186.87;211.83;well you mentioned a fish tank and uh i view spent some time in a many waiting rooms where there's been fishtanks and uh uh so staring at fishtanks could be one of them uh but i also enjoy walking or uh lifting weights reading going to movies just to say a few things
Ellie;212.301;215.866;thats_good (that's good) control_temper (how are you at controlling your temper)
Participant;218.02;224.95;uh good moderate uh good um in control
Ellie;225.744;228.794;last_argument (when was the last time you argued with someone and what was it about)
Participant;230.76;258.36;argued about today okay last argument was today just before i got here and it was about um having about how do i say this about taking them to a bus stop about uh how uh making an arrangement
Ellie;262.699;267.855;okay_confirm (okay) feelguilty (what's something you feel guilty about)
Participant;269.77;280.38;feel guilty about not taking better care of my pet
Ellie;281.773;282.933;tell_about_that (can you tell me about that)
Participant;285.06;317.88;sure i i like birds so one of my pets was a bird uh as of recently and i let my bird out into the wild and sort of wish i had planned for better um future for the for the bird uh only because now i sort of wish the bird was uh closer to me
Ellie;319.164;325.467;isee_downer (i see) situation_handled (tell me about a situation that you wish you had handled differently)
Participant;328.48;362.2;hm i would say i get into arguments with people close to me friends and sometimes i i don't handle them well i am more reactive so i wish uh i'd like to see myself improve on that
Ellie;363.166;364.646;landed_trouble (has that gotten you in trouble)
Participant;366.61;381.7;uh no um at least not you know in any sort of legal trouble but uh i think it's you know it's kind of not the way that i would like to have handled it
Ellie;382.527;388.442;okay_confirm (okay) hard_decisionB (tell me about the hardest decision you've ever had to make)
Participant;397.65;434.49;guess the hardest decision was about to of how to proceed with moving forward eh on a job opportunity
Ellie;436.528;439.702;Ellie17Dec2012_02 (uh huh) tell_me_about (tell me about that)
Participant;447.53;475.07;i had to decide whether if i would suffer more emotional pain by leaving my family and whether the financial gain and uh knowledge of that experience would over outweigh the benefit
Ellie;476.508;481.144;been_hard (that sounds really hard) happy_didthat (are you happy you did that)
Participant;483.64;486.54;uh yes yes i am
Ellie;487.159;491.962;thats_good (that's good) family_relationship (tell me about your relationship with your family)
Participant;494.47;533.99;well i it's a small family but um have a mother and a uh sister and a brother and uh two younger nieces older they're they're grown adults uh it's a it's a good relationship and uh things could be better um sometimes it's sort of difficult pain staking uh relationship at times
Ellie;534.439;535.009;why2 (why)
Participant;538.25;574.29;there's uh some days i'm i need time for myself and i would rather give the time to other people rather than to take time for myself which has been my experience uh and so that has caused me a lot me a lot of emotional pain uh a little bit of spiritual uh anxiety about my future if i continue to do that sort of thing
Ellie;575.021;582.451;yeah_downer (yeah) memory_erase (tell me about an event or something that you wish you could erase from your memory)
Participant;584.24;617.21;wow there's so many things <laughter> what about you i don't know anything about you i would say uh well there's there's a few um but of recent i um well things are going pretty good i'm can't really say there's anything as of yet that i would really want to change or or have anything to regret on that i can remember
Ellie;618.043;622.683;okay_confirm (okay) easy_sleep (how easy is it for you to get a good night's sleep)
Participant;627.29;637.99;it's been pretty good and uh it's uh i'd say it's okay uh i'm handling my sleep pretty well
Ellie;638.76;640.54;sleep_affects (what are you like when you don't sleep well)
Participant;642.63;667.71;when i don't sleep well sometimes i can be irritable um sometimes it's okay uh and uh would say if there's also times where i'm unhappy so i try to get as much sleep as i need
Ellie;669.476;672.999;okay_confirm (okay) military (have you ever served in the military)
Participant;674.08;674.79;yes
Ellie;675.695;677.445;old (how old were you when you joined the military)
Participant;678.5;688.91;i believe i was uh nineteen and uh i'm glad i did it
Ellie;690.088;691.788;very_young (you were very young weren't you)
Participant;693.34;698.36;yes uh sort of but uh yes
Ellie;699.725;700.845;combat (did you ever see combat)
Participant;702.11;702.69;no
Ellie;704.306;706.266;effectB (how did serving in the military change you)
Participant;709.05;734.73;um well uh i guess i suppose it made me a more confident person and more um in tune with uh uh the country that i'm living in and people uh to be more noticeable more watchful of where i live
Ellie;735.779;740.409;mhm (mhm) memorableB (what's one of your most memorable experiences)
Participant;742.94;761.38;um hanging out with some friends uh on a really nice weekend and uh on a boat uh or on a skiff a really small boat and um trying to fish in
Ellie;762.351;765.989;nice (nice) describe_felt (how did you feel in that moment)
Participant;769.05;781.49;i felt uh free or alive um happy um uninhibited uh strong confident uh mature
Ellie;783.048;786.508;mhm (mhm) after (what did you do after the military)
Participant;787.94;811.03;after the military uh after military took some time to evaluate my my thoughts and uh my future and um just sort of took uh the necessary steps uh to move ahead
Ellie;812.445;813.385;difficult (how hard is that)
Participant;816.05;820.2;uh it's sort of hard it is um
Ellie;821.315;824.035;civilian_life (how easy was it for you to go back to civilian life)
Participant;825.5;839.41;uh it wasn't easy uh a lot of family uh help and um and community and uh so it took some adjusting but it wasn't easy
Ellie;841.085;844.903;understand (i understand) ptsd_diagnosed (have you ever been diagnosed with p_t_s_d)
Participant;846.28;847.14;uh no
Ellie;847.578;849.388;depression_diagnosed (have you been diagnosed with depression)
Participant;850.45;850.82;no
Ellie;853.715;857.437;happy_lasttime (tell me about the last time you felt really happy)
Participant;860.72;883.59;uh you know this week um partially today happy's uh happy sort of often not too happy but content happy
Ellie;882.974;883.444;uh_huh (uh huh)
Participant;884.63;895.58;happy i don't know uh not usually too happy try to stay on the center line
Ellie;897.581;902.781;okay_confirm (okay) ideal_weekendC (tell me how you spend your ideal weekend)
Participant;906.66;936.64;do a weekend um up early um get out enjoy the day um hook up with some friends and uh doing a little bit of socializing and uh maybe get some form of uh view some form of artistic expression
Ellie;937.203;939.455;mhm (mhm) like_what (like what)
Participant;940.79;964.9;there's a maybe a like a museum or uh stare at some art or uh maybe something in the local community maybe street art and uh or perhaps something with music or uh something something of that nature
Ellie;965.384;971.051;okay_confirm (okay) self_change (what are some things you wish you could change about yourself)
Participant;973.58;1005.82;i wish perhaps uh some things that i could change about myself um make more decisive about decisions and uh something else um that i had the same ability for a knack for uh for meeting more people i suppose
Ellie;1006.52;1010.812;mhm (mhm) BF_describe (how would your best friend describe you)
Participant;1013.38;1026.65;as best friends describe me i don't know um nice friendly uh trustworthy sociable
Ellie;1028.476;1031.426;advice_back (what advice would you give to yourself ten or twenty years ago)
Participant;1036.04;1041.41;uh the same advice i'd give myself <laughter> today
Ellie;1043.722;1048.539;okay_confirm (okay) Ellie17Dec2012_10 (tell me about something you did recently that you really enjoyed)
Participant;1051.51;1070.61;something wow uh i really enjoy spending time with my girlfriend and her two children and that was yesterday and i'm glad i did that it was a good time for everybody
Ellie;1071.731;1078.727;thats_great (that's great) Ellie17Dec2012_08 (what are you most proud of in your life)
Participant;1080.38;1089.16;uh i'm proud i went into the military and um i'm glad i did that it was a good experience
Ellie;1090.921;1097.566;asked_everything (okay i think i have asked everything i need to) appreciate_open (thanks for sharing your thoughts with me) bye (goodbye)
Participant;1098.69;1100.46;bye thank you
