speaker;start_time;stop_time;text
Participant;14.36;15.31;<sync.
Ellie;34.517;56.057;IntroV4Confirmation (hi i'm ellie thanks for coming in today i was created to talk to people in a safe and secure environment i'm not a therapist but i'm here to learn about people and would love to learn about you i'll ask a few questions to get us started and please feel free to tell me anything your answers are totally confidential are you ok with this)
Participant;56.24;56.72;yes
Ellie;57.156;60.992;okay_confirm (okay) how_doingV (so how are you doing today)
Participant;61.44;61.91;i'm alright
Ellie;62.924;66.308;thats_good (that's good) where_originally (where are you from originally)
Participant;66.98;67.63;south l_a
Ellie;68.33;72.485;really (really) like_about_LA (what are some things you really like about l_a)
Participant;73.55;79.16;um the weather the women the opportunities
Ellie;79.803;80.313;mhm (mhm)
Participant;80.75;81.24;that's about it
Ellie;81.058;83.408;dont_like_LA (what are some things you don't really like about l_a)
Participant;84.32;88.1;racism police brutality injustice
Ellie;89.295;89.735;yeah_downer (yeah)
Participant;91.66;92.0;that's it
Ellie;91.775;97.962;travel_shoes (i'm sure you can tell by my shoes i'm not much of a world explorer do you travel a lot)
Participant;98.22;99.15;mm no
Ellie;100.202;100.772;why2 (why)
Participant;102.48;104.99;not much of a exploring type of person
Ellie;106.009;108.819;okay_confirm (okay) study (what did you study at school)
Participant;109.97;111.27;um psychology
Ellie;112.962;113.372;cool3 (cool)
Participant;114.08;114.5;mhm
Ellie;114.655;116.065;hard_decision (how did you decide to do that)
Participant;117.1;124.2;um it was one of the classes i excelled in the most so i decided to change it from business to psychology
Ellie;125.135;126.135;happy_didthat (are you happy you did that)
Participant;127.29;128.25;yeah yes
Ellie;129.213;130.473;still_working_on_X (are you still working in that)
Participant;130.92;131.18;no
Ellie;132.398;133.598;dream_job (what's your dream job)
Participant;134.29;135.31;to own my own record label
Ellie;137.241;139.733;nice (nice) difficult (how hard is that)
Participant;141.17;148.8;um it it's moderately hard but you know take it one day at a time just i guess you know stay focused
Ellie;149.706;156.294;yeah3 (yeah) shyoutgoing (do you consider yourself more shy or outgoing)
Participant;155.99;156.68;a little bit of both
Ellie;158.164;158.734;why2 (why)
Participant;159.92;169.1;um i tend to be shy in um situations i'm not comfortable with or i'm new to and i'm outgoing in places i'm more comfortable with
Ellie;169.642;170.112;uh_huh (uh huh)
Participant;170.45;170.63;yeah
Ellie;171.803;183.587;relax_fishtank (sometimes when i'm feeling tense i turn on the fish tank screensaver hey i know it's not hawaii but it's the best i've got what do you do to relax)
Participant;181.14;189.79;<laughter> um turn the lights down low and listen to soft music
Ellie;192.163;192.803;thats_good (that's good)
Participant;193.25;193.61;mhm
Ellie;193.652;195.712;control_temper (how are you at controlling your temper)
Participant;197.32;204.09;i'm getting better over the years um i think i'm pretty decent now compared to how i used to be
Ellie;205.339;206.819;landed_trouble (has that gotten you in trouble)
Participant;206.86;207.35;yes ma'am
Ellie;209.969;211.129;tell_about_that (can you tell me about that)
Participant;212.14;223.96;um due to the lack of i guess you could say controlling my emotions i have uh gotten incarcerated sent to prison yeah
Ellie;227.125;232.943;okay_confirm (okay) hard_decisionB (tell me about the hardest decision you've ever had to make)
Participant;235.18;244.64;mm i'm not sure uh i don't really have a recollection of my hardest decision i've made in my life
Ellie;245.233;249.701;mm (mm) last_argument (when was the last time you argued with someone and what was it about)
Participant;251.14;261.94;um it was probably a few days ago with the girl i was talking to and i was arguing about her lack of communication and attentiveness yeah
Ellie;262.629;264.169;describe_felt (how did you feel in that moment)
Participant;265.15;286.62;uh frustrated because um you know uh you you put in a certain amount of effort and you expect you know the same effort by the other person when you're in a relationship and at the same time when you when you have expectations sometimes you kinda set yourself up for failure so you know i guess i'm just learning
Ellie;287.436;293.88;yeah3 (yeah) situation_handled (tell me about a situation that you wish you had handled differently)
Participant;294.49;327.55;there's a lot of situations i would've handled differently um probably the most recent was uh i had gotten into a physical <phy> a physical altercation with an inmate when i was incarcerated and that made me that's what sent me to prison and and i had to do a lot more time and um if i handled it differently i probably would've never went to prison i probably would've been home a lot sooner than i originally happen yeah
Ellie;331.049;335.155;memory_erase (tell me about an event or something that you wish you could erase from your memory)
Participant;335.41;390.61;mm there are several events i wish i could erase from my memory um probably uh my first girlfriend um she did something really uh extreme it wasn't necessary in my eyes and it and it cost <co> it could've cost me my life i think that that that's a recurring thought that i i wish i could completely erase from my memory along with the good memories as well um a few you few fights uh i guess you could say shoot outs um getting jumped getting robbed you know those things i think those inhibit me i guess to to explore certain areas of life that i'm not comfortable with so those are the feww things that it'd be nice if i could erase it completely
Ellie;391.076;393.772;yeah_downer (yeah) been_hard (that sounds really hard)
Participant;394.63;395.02;yeah
Ellie;397.956;399.956;feelguilty (what's something you feel guilty about)
Participant;401.93;422.85;<sigh> hurting people that didn't need to be hurt emotionally especially um a few women in my life or in my past um probably putting my mother through certain things that she didn't have to go through along with my close friends and family as well
Ellie;424.694;430.143;downer (okay) family_relationship (tell me about your relationship with your family)
Participant;430.57;443.79;um used to be rocky growing up but as i got older and matured and the certain experiences that i've been through kind of brought me closer to my family so now it's it it's pretty decent it's it's pretty decent
Ellie;444.623;448.743;Ellie17Dec2012_04 (that's great) Ellie17Dec2012_04 (that's great) influence_positive (who's someone that's been a positive influence in your life)
Participant;449.98;455.85;mm i would say my mother um yeah my mother
Ellie;456.757;457.917;tell_about_that (can you tell me about that)
Participant;459.35;502.09;um well she she uh she had her share of experiences negative and positive um i admire her the struggles she's been through um she she she uh experienced difficult economic hardships growing up but that didn't stop her um from raising a son at a young age finishing school getting her master's and just just overall being a a good person and she also battled mental health issues as well and um probably not the best of family that she could've been raised with so she so she's kinda of like a a inspiration to to me and other people as well so i would say my mother
Ellie;502.699;506.815;yeah3 (yeah) easy_sleep (how easy is it for you to get a good night's sleep)
Participant;508.49;513.46;mm it's not easy so yeah it's not easy
Ellie;514.045;514.615;why2 (why)
Participant;515.68;530.85;i couldn't tell you i i i've always had sleeping issues um i usually just take uh like over the counter sleep medication or nyquil but it makes you drowsy the next morning so it's like it's a negative effect really
Ellie;531.335;531.845;mhm (mhm)
Participant;532.05;532.3;yeah
Ellie;532.399;533.779;trigger (are they triggered by something)
Participant;535.8;541.01;the medication <medi> i don't know shit i don't know but i just stopped taking it 'cause i didn't like feeling drowsy
Ellie;542.074;543.454;feel_lately (how have you been feeling lately)
Participant;544.67;545.48;not good at all
Ellie;547.811;548.971;tell_about_that (can you tell me about that)
Participant;550.25;577.16;um yeah i mean i recently got released from prison not too long ago uh i'm older now and a lot more responsibilities and i feel like my life is not where it's supposed to be i feel like i could've made a lot more better decisions in my life you know sometimes feeling sorry for myself and just things that i've been through and the whole nine yards so yeah
Ellie;578.36;579.1;im_sorry (i'm sorry)
Participant;579.86;580.36;it's all good
Ellie;581.485;583.585;trade_offs (there are always trade-offs in life aren't there)
Participant;583.84;585.17;yeah so true
Ellie;587.003;589.043;ptsd_diagnosed (have you ever been diagnosed with p_t_s_d)
Participant;589.03;589.47;yes
Ellie;590.657;592.577;when_diagnosed (how long ago were you diagnosed)
Participant;592.67;595.53;<sniffle> about two and a half three years ago
Ellie;597.243;598.593;why_seek_help (what got you to seek help)
Participant;599.99;620.96;<deep breath> <sigh> myself i um i was i was just tired of not i don't know i guess school kind of made me seek help because i started to understand myself how my brain works um you know so i decided to seek help maybe to better my life yeah you could say that
Ellie;622.181;623.181;happy_didthat (are you happy you did that)
Participant;623.49;624.26;yes i am
Ellie;625.324;626.764;therapy_going (do you still go to therapy now)
Participant;626.81;627.14;yes
Ellie;629.539;630.989;therapy_useful (do you feel like therapy is useful)
Participant;631.8;633.65;yes i do actually i do
Ellie;634.92;637.77;therapy_changes (what sort of changes have you noticed since you've been going to therapy)
Participant;639.33;653.17;mm better decision making um better tools to reflect on choices um how to control uh certain situations better yeah
Ellie;654.803;656.133;give_example (can you give me an example of that)
Participant;657.1;682.91;um <sniffle> well instead of just always reacting on emotion no matter what kind of emotion it is i step back and and and i assess the situation you know to see what's what's the best way to to react towards the situation and by doing that it has made me more mature emotionally more mature and just has a positive outcome
Ellie;684.041;689.63;mhm (mhm) happy_lasttime (tell me about the last time you felt really happy)
Participant;690.73;702.34;<laughter> um i was lying next to a beautiful woman who who cared about me and the feeling was mutual so that was probably the most happy
Ellie;704.698;706.388;BF_describe (how would your best friend describe you)
Participant;707.27;721.11;oh my goodness spontaneous um outgoing sometimes a little crazy um fun that's about it
Ellie;723.424;726.312;self_change (what are some things you wish you could change about yourself)
Participant;727.54;727.9;nothing
Ellie;730.008;731.078;regret (is there anything you regret)
Participant;734.21;744.85;um like i said earlier just you know hurting the the few women that were in my life my past and my friends and family that's about it
Ellie;745.85;748.8;advice_back (what advice would you give to yourself ten or twenty years ago)
Participant;749.69;765.57;oh shit uh school is really important um how i carry myself the people who i surround myself with and what i choose to do in my free time those are the few things i would tell myself
Ellie;768.067;770.837;Ellie17Dec2012_09 (what are some things that usually put you in a good mood)
Participant;772.19;781.77;good music um a good game of basketball um sex um
Ellie;781.492;784.742;Ellie17Dec2012_10 (tell me about something you did recently that you really enjoyed)
Participant;787.63;795.82;i like going out i like going to parties um social gatherings where everyone's friendly and and there's no drama that's what i like
Ellie;796.319;796.789;uh_huh (uh huh)
Participant;797.52;801.73;dancing beautiful women a couple drinks that's about it
Ellie;803.391;805.691;Ellie17Dec2012_08 (what are you most proud of in your life)
Participant;806.67;822.22;um i guess not not necessarily giving up and and um just just i don't know just keep going just just not giving up really yeah
Ellie;822.064;827.821;mhm (mhm) asked_everything (okay i think i have asked everything i need to) appreciate_open (thanks for sharing your thoughts with me)
Participant;827.95;828.36;mhm
Ellie;828.959;829.569;bye (goodbye)
Participant;829.67;829.93;bye bye
