speaker;start_time;stop_time;text
Participant;17.04;17.9;<synch>
Ellie;31.167;52.707;IntroV4Confirmation (hi i'm ellie thanks for coming in today i was created to talk to people in a safe and secure environment i'm not a therapist but i'm here to learn about people and would love to learn about you i'll ask a few questions to get us started and please feel free to tell me anything your answers are totally confidential are you ok with this)
Participant;52.95;53.55;yes
Ellie;54.211;58.359;okay_confirm (okay) how_doingV (so how are you doing today)
Participant;58.78;65.3;oh um fine a little tired but uh i found out my thyroid is i think acting up so <laughter>
Ellie;65.989;69.496;uh_oh (uh oh) where_originally (where are you from originally)
Participant;69.8;71.17;i was born in canada
Ellie;72.064;72.654;really (really)
Participant;72.11;80.9;and but i've lived in california most of my life so and it's grey today too so the grey weather makes you kinda um you know sluggish
Ellie;76.535;77.615;when_LA (when did you move to l_a)
Participant;81.44;82.18;the <laughter>
Ellie;82.612;84.987;yeah3 (yeah) when_LA (when did you move to l_a)
Participant;85.66;87.64;oh my gosh years and years ago
Ellie;89.42;91.32;often_backB (how often do you go back to your hometown)
Participant;91.35;96.17;uh not at all i don't think i've gone back there <laughter> for a long time
Ellie;95.599;96.169;why2 (why)
Participant;96.87;107.75;well the airfares have gone up quite a bit in the last few years gas prices have gone up so travel as much as it's a fun thing to do it's cost prohibitive so
Ellie;109.637;110.107;yeah3 (yeah)
Participant;110.56;111.01;uh huh
Ellie;111.763;113.383;compares_LA (how does it compare to l_a)
Participant;114.63;138.54;oh let's see everything has plus and minuses um cold weather <laughter> not as much sun so i think i'd prefer getting more sun and having the warm weather so but other than that it's um it's very pretty back there natural scenery and but uh i like it here and you know the traffic's kind of heavy but that's a small thing to deal with so
Ellie;138.567;139.597;see_mean (i see what you mean)
Participant;140.88;141.15;mhm
Ellie;141.198;142.218;why_LA (why did you move to l_a)
Participant;143.23;155.08;why did i move to l_a because my family came here and started uh my dad got a job here and this became our home base and uh that's why
Ellie;154.6;157.07;adapted_LA (how easy was it for you to get used to living in l_a)
Participant;157.86;159.84;easy very easy so
Ellie;161.131;161.771;thats_good (that's good)
Participant;161.88;162.19;uh huh
Ellie;163.114;164.254;study (what did you study at school)
Participant;165.3;183.66;uh well in high school you generally study general ed yeah it's they have designated courses and then after that went to college and i was a business major let's see i was a veterinary major <laughter> and uh i graduated with a degree in liberal arts so
Ellie;184.219;185.649;change_directions (what made you decide to do that)
Participant;186.37;190.59;um i don't know can't really pinpoint why <laughter>
Ellie;191.648;192.108;okay_confirm (okay)
Participant;191.93;192.18;so
Ellie;193.52;194.78;still_working_on_X (are you still working in that)
Participant;195.81;205.09;i was working in social services but i've also worked in sales and most recently i'm doing real estate i'm a leasing consultant part time
Ellie;206.266;207.266;happy_didthat (are you happy you did that)
Participant;208.78;215.43;i mean everything has plus and minuses it's it's okay it's not i don't really see too many negatives
Ellie;216.873;218.073;dream_job (what's your dream job)
Participant;218.56;225.86;oh probably to work as a uh gossip columnist at t_m_z or one of those networks <laughter>
Ellie;225.811;226.611;wild_laughter3 ((laughter))
Participant;226.43;237.38;but as you know everything in the entertainment business is very competitive it's who you know so but that would be my dream job or probably working with uh cats you know animals
Ellie;237.738;238.178;yeah_downer (yeah)
Participant;238.29;238.77;so
Ellie;242.317;246.719;shyoutgoing (do you consider yourself more shy or outgoing)
Participant;245.6;258.65;i'm very outgoing in fact i think i'm so outgoing i scare people sometimes there's a lot of quiet you know reserved people out there so i'm kinda east coast very you know i go up to people and talk to them very social
Ellie;260.689;272.448;relax_fishtank (sometimes when i'm feeling tense i turn on the fish tank screensaver hey i know it's not hawaii but it's the best i've got what do you do to relax)
Participant;265.33;286.48;<laughter> <laughter> <laughter> oh my gosh there's i could do hundreds of things i could read i could watch a show turn on the music music is great um take a walk uh call my friends million things <laughter> so
Ellie;287.456;289.516;control_temper (how are you at controlling your temper)
Participant;289.81;304.96;i'm pretty good i'm very good i mean you know of course when you're driving in l_a and somebody cuts in front of you sometimes that can be irritating but i'm i'm actually pretty i'm not the type of person that will fight or get i don't like to have confrontations so
Ellie;298.526;309.88;mhm (mhm) thats_good (that's good) last_argument (when was the last time you argued with someone and what was it about)
Participant;307.23;320.12;mhm mm i can't really remember so as i said there's not very many arguments usually i avoid arguments at any cost <sigh> so
Ellie;320.549;325.693;okay_confirm (okay) feelguilty (what's something you feel guilty about)
Participant;326.93;330.99;i don't really feel guilty about anything <laughter> right now or that i can think of
Ellie;331.876;335.662;situation_handled (tell me about a situation that you wish you had handled differently)
Participant;335.35;339.12;mm i can't think of anything right now
Ellie;340.642;347.131;hmmB (hmm) hard_decisionB (tell me about the hardest decision you've ever had to make)
Participant;349.41;374.98;i really can't think i of any decisions that were really hard i mean most it's pretty easy for make me to make a decision so i don't have a family so if i have to you know i had to move san <s>  to san francisco for a job once but since i'm single it's i don't really have to consider other people and children and that type of thing so it kinda makes certain things easier when you don't have a family to consider
Ellie;375.573;376.513;makes_sense (that makes sense)
Participant;376.11;377.22;mm yeah
Ellie;377.507;381.628;memory_erase (tell me about an event or something that you wish you could erase from your memory)
Participant;382.27;405.15;an event hmm well obviously you don't you know the passing of a family member you know you wish everybody could be around forever so i know when my father died you know i mean i wish i would've had him for a lot longer i mean he died at the age of seventy seven and you know would've been nice to have him around a little bit more
Ellie;406.136;406.576;yeah_downer (yeah)
Participant;406.41;414.29;but you know can't control those things life has it's own way of dealing with that so
Ellie;414.931;417.031;trade_offs (there are always trade-offs in life aren't there)
Participant;415.78;427.16;mhm yes there are <laughter> yin and yang that's ancient uh philosophy and it really applies there's pluses an minuses and negatives and positives
Ellie;427.666;428.176;mhm (mhm)
Participant;427.71;428.18;so
Ellie;429.516;432.219;family_relationship (tell me about your relationship with your family)
Participant;432.57;453.22;well as i said my dad's no longer here and my mother and i you know we have our differences i think mothers and daughters always do um my brother and i get along great i see him a lot i see <s> my sister works a lot i see her and you know we talk and she's kinda got her own life and her children i get along great with them so
Ellie;453.745;454.385;thats_good (that's good)
Participant;455.3;456.9;mhm we have a small family
Ellie;456.052;457.932;todays_kids (what do you think of today's kids)
Participant;458.68;482.81;uh <laughter> once again it's like that's a hard question to answer there's so many types of kids out there i think majority of them seem to be pretty well-behaved i mean you know there's always gonna be children that are kinda out of control but um i don't know the ones that i've seen recently they're very well-behaved so can't say much else about that
Ellie;485.29;487.73;easy_sleep (how easy is it for you to get a good night's sleep)
Participant;488.29;520.42;well <laughter> i live in an apartment <laughter> and i don't know if you've ever lived in apartment but um uh there's someone that lives above me i'm on the first floor and there's somebody on the second floor and they're pretty quiet but they have a habit of <laughter> i guess they have lots of energy um they usually will take their showers around midnight and sometimes they'll start washing laundry at midnight and of course the pipes run through the bedroom wall <laughter> so <laughter> so it sounds like niagara falls in there and uh so i don't
Ellie;519.799;520.679;oh_no (oh no)
Participant;520.66;556.88;yeah and i need eight hours of sleep and i've only been getting ooh i'd say like maybe six hours and then i usually wake up once at night too 'cause sometimes they'll kind of around two or three in the morning they'll either walk around or i'll hear something so i'm not getting a straight eight hours of sleep and it's definitely <laughter> but there's not like i said there's things you can't control when you live in an apartment you know i mean the the lady's uh very quiet it's just that she has a habit of you know taking later showers <laughter> washing clothes at night that's i can't say anything to her about that
Ellie;557.307;558.147;that_sucks (that sucks)
Participant;557.56;578.63;so yeah but you know there's people that are in worse situations so i don't make a lot out of it you know and i just it's not like every night but it's you know at least twice a week so i you know i have to consider maybe sleeping <laughter> in another room but for now you know that's i'll deal with it so
Ellie;579.095;580.875;sleep_affects (what are you like when you don't sleep well)
Participant;581.85;607.51;tired <laughter> very tired and hard to focus hard to concentrate it just takes me longer to get things done 'cause i don't have my energy also i haven't been exercising i normally try to walk about half an hour a day but the weather's been kinda colder and kinda drearier so you know i'm not as motivated when the weather's kinda blah so it's a combination of both not getting my exercise and not getting eight hours sleep
Ellie;607.894;608.364;uh_huh (uh huh)
Participant;608.44;608.7;mhm
Ellie;610.529;611.909;feel_lately (how have you been feeling lately)
Participant;613.09;630.68;uh as i said before um tired <laughter> i'm i it's a combination of the weather you know and here in los angeles right now we're have been having very grey days i live very close to the ocean so the sun doesn't come out that much so i'm not getting my serotonin <laughter> i need that
Ellie;630.113;630.503;right2 (right)
Participant;631.09;651.16;i um i'm not getting my eight hours of sleep because you know whatever and i think my thyroid is acting up too so that's kind of creating you know i have some vitamin deficiencies and you know once the sun comes out i'm kinda more energetic it just gives you that more energy so
Ellie;651.6;655.46;okay_confirm (okay) ptsd_diagnosed (have you ever been diagnosed with p_t_s_d)
Participant;655.83;656.8;no mm mm
Ellie;657.175;658.985;depression_diagnosed (have you been diagnosed with depression)
Participant;659.06;659.51;no
Ellie;661.563;665.308;happy_lasttime (tell me about the last time you felt really happy)
Participant;665.46;675.62;i am i'm happy most of the time i'm a pretty happy person and i like to be around other people i mean of course i like my private time but i do like being around people quite a bit so
Ellie;676.551;679.801;Ellie17Dec2012_10 (tell me about something you did recently that you really enjoyed)
Participant;680.6;693.86;hmm <laughter> can't think of anything right now i mean i usually enjoy everything i do there's nothing that stands out more than anything else so
Ellie;695.854;698.548;okay_confirm (okay) regret (is there anything you regret)
Participant;699.44;701.41;no i never regret anything
Ellie;702.595;705.545;advice_back (what advice would you give to yourself ten or twenty years ago)
Participant;702.99;734.56;uh huh what advice would i have given well i guess yeah i could probably change things around i think it everybody could um i probably would've had a different college major um you know seems like <laughter> uh what else um i probably wouldn't have dated certain men <laughter>um wasted time with certain people um i don't know those are the things that come to mind
Ellie;735.261;735.731;uh_huh (uh huh)
Participant;736.86;740.96;maybe started saving money earlier you know those types of things
Ellie;742.259;742.719;okay_confirm (okay)
Participant;742.26;743.81;but mm
Ellie;744.53;746.22;BF_describe (how would your best friend describe you)
Participant;747.65;761.45;outgoing lots of fun to be with um uh just a good friend to have people like having me for a friend i'm loyal trusting and uh i listen i'm a good listener i'm very patient <laughter> as well so
Ellie;762.099;762.739;thats_good (that's good)
Participant;763.07;763.39;mhm
Ellie;764.865;767.732;self_change (what are some things you wish you could change about yourself)
Participant;768.1;791.38;well <laughter> number one would be to lose weight but i think that's a worldwide problem i mean there's a lot of food around and temptations and um especially here in america a lot of us are couch potatoes we sit in front of our computers we you know it's just easy to relax <rel> it's so easy to relax you know it's hard to get up and move around you have to talk yourself into it so
Ellie;791.732;792.172;yeah_downer (yeah)
Participant;791.9;800.43;that's the weight you know has gives you more energy too if you lose weight so that's a big thing as well but that's probably the thing just the weight thing yeah
Ellie;801.272;802.222;understand (i understand)
Participant;802.19;802.48;mhm
Ellie;804.678;806.368;BF_describe (how would your best friend describe you)
Participant;807.27;810.16;i think you might've asked me that question before <laughter>
Ellie;810.005;810.625;yes (yes)
Participant;811.89;814.67;but uh if you want i'll repeat it so
Ellie;817.49;820.43;Ellie17Dec2012_07 (what would you say are some of your best qualities)
Participant;820.9;845.5;um i'm very uh like i said i'm very loyal uh when i tell people i'm gonna do something i do it very reliable uh i i'm warm i'm very friendly i'm um great listener and i you know i've heard so many people tell me they just like being with me so like i said i'm very i'm pretty upbeat you know i'm don't <d> i don't let things get me down too much so
Ellie;845.848;850.103;mhm (mhm) Ellie17Dec2012_08 (what are you most proud of in your life)
Participant;850.67;861.95;hmm that's a hard question <laughter> the can't think i mean i'm can't think of to answer that one <laughter> so <laughter>
Ellie;865.524;867.184;do_fun (what are some things you like to do for fun)
Participant;867.71;891.19;for fun well i love movies i could see every movie that they make um i love going out with my friends shopping swapmeets um my gosh and traveling is great road trips um that's kind of you know part of it yeah that i mentioned so
Ellie;891.375;892.895;travel_changed (what do you enjoy about traveling)
Participant;893.47;910.14;traveling getting to see different places the history aspect of it um the foods enjoying foods in diffferent countries uh the architecture it's just kinda neat to get away and see a completely different place
Ellie;910.897;911.367;yeah3 (yeah)
Participant;911.67;912.07;mhm
Ellie;912.601;914.281;travel_trips (i'd love to hear about one of your trips)
Participant;915.01;957.8;okay well <laughter> i've um been to a lot of places in europe i love paris uh it's such a walking city you can whoever designed that city i'll tell ya i mean it's you can get from one point to another the subways are great um each area has its own distinctive kind of there's the latin quarter where the students are there's another area where let's say the fashion designers are um kinda like our rodeo drive here in beverly hills there's an area that is more african <af> african and they have swapmeets on the weekends that are wonderful for international
Ellie;948.159;948.629;mm (mm)
Participant;958.81;973.27;and then like i said once you get out of paris there's just so much history you can go see versailles then there's other palaces you can go to the south of france you know it's but that's probably my favorite country i've been to italy as well so
Ellie;974.378;974.948;wow (wow)
Participant;975.05;975.24;uh
Ellie;976.991;978.871;great_situation (that sounds like a great situation)
Participant;979.33;1004.68;yeah well after college people usually i mean people that go to college or either before or after college that's a great time to go to europe because you're young and you're not tied down you don't have a family and um you kinda have a more adventuresome spirit  you got more energy so carrying you know backpack or suitcases is not <laughter> not a big deal um so yeah that's mhm
Ellie;1005.479;1005.869;right2 (right)
Participant;1006.26;1006.37;yeah
Ellie;1006.506;1008.946;asked_everything (okay i think i have asked everything i need to)
Participant;1007.48;1007.8;<laughter>
Ellie;1009.599;1011.039;appreciate_open (thanks for sharing your thoughts with me)
Participant;1009.6;1012.93;mhm thank you
Ellie;1012.706;1013.316;bye (goodbye)
Participant;1013.59;1014.02;goodbye
