speaker;start_time;stop_time;text
Participant;18.89;19.78;<synch>
Ellie;36.123;57.663;IntroV4Confirmation (hi i'm ellie thanks for coming in today i was created to talk to people in a safe and secure environment i'm not a therapist but i'm here to learn about people and would love to learn about you i'll ask a few questions to get us started and please feel free to tell me anything your answers are totally confidential are you ok with this)
Participant;57.93;58.48;yes
Ellie;59.1;63.257;okay_confirm (okay) how_doingV (so how are you doing today)
Participant;64.81;68.93;um pretty good kind of
Ellie;68.645;69.285;thats_good (that's good)
Participant;69.38;72.98;<laughter> yeah <laughter>
Ellie;72.534;73.854;where_originally (where are you from originally)
Participant;74.44;75.94;about los angeles
Ellie;76.536;77.126;really (really)
Participant;77.51;77.88;yes
Ellie;78.513;80.623;like_about_LA (what are some things you really like about l_a)
Participant;81.55;83.29;the thing i like about l_a the weather
Ellie;87.88;90.23;dont_like_LA (what are some things you don't really like about l_a)
Participant;91.93;93.5;it's not easy to meet people
Ellie;96.43;97.59;tell_about_that (can you tell me about that)
Participant;99.61;111.7;well it just feels like people aren't out very much they're like that movie in crash where people are just sit in their cars all the time um it feels like that
Ellie;113.169;124.518;yeah3 (yeah) see_mean (i see what you mean) travel_shoes (i'm sure you can tell by my shoes i'm not much of a world explorer do you travel a lot)
Participant;124.62;127.49;no not too much
Ellie;129.195;131.976;okay_confirm (okay) study (what did you study at school)
Participant;133.41;134.44;child development
Ellie;136.302;137.712;hard_decision (how did you decide to do that)
Participant;139.24;151.25;well i have a son and i wanted to know how to be a a good mom and so i wanted to know about the stages uh that he would be going through
Ellie;151.92;152.43;mhm (mhm)
Participant;152.05;154.33;eh and be able to relate better to him
Ellie;155.577;156.477;thats_great (that's great)
Participant;156.62;156.95;mhm
Ellie;158.101;159.101;happy_didthat (are you happy you did that)
Participant;160.21;160.87;i am
Ellie;162.513;163.543;still_doing_X (are you still doing that)
Participant;165.31;168.56;kind of i'm trying to get it started again in the fall
Ellie;169.687;175.811;job_virtually (i love my job you could almost say it's virtually made for me what's your dream job)
Participant;177.99;178.86;i'd like to write
Ellie;181.602;185.898;nice (nice) tell_me_about (tell me about that)
Participant;187.98;207.05;well um i've written some children's books and i've just been doing research looking into getting my books published it's only like two that i've written so far but they're pretty good i've gotten some good feedback on them from my critique groups
Ellie;207.893;208.713;argument_about (what was it about)
Participant;209.65;227.29;<laughter> it's about a little boy that's surrounded by people that are jerks and he tries to not become a jerk with them and <laughter> it puts him in like a really
Ellie;223.731;224.411;aw (aw)
Participant;228.73;236.61;scrubbed_entry he goes through a lot of moods dealing with the people in his life
Ellie;238.668;239.388;awesome (awesome)
Participant;239.79;240.17;mhm
Ellie;244.143;246.093;easy_parent (do you find it easy to be a parent)
Participant;249.39;269.16;um no i've had some issues some nervous breakdowns actually and right now my son is staying with his dad so <laughter> um no i'm a single mom it was the hardest thing i think in the world <laughter> is being a single mom <laughter>
Ellie;269.453;269.893;yeah_downer (yeah)
Participant;270.16;270.5;so
Ellie;272.698;273.808;symptoms_cope (how do you cope with them)
Participant;275.25;278.81;how do i cope <deep breath>
Ellie;277.844;278.314;yeah3 (yeah)
Participant;279.09;297.58;um <sigh> well right now um i didn't have very many good <goo> coping skills or mechanisms so that was the problem
Ellie;299.284;302.81;mm (mm) parent_best (what's the best thing about being a parent)
Participant;305.66;317.47;it's so spontaneous like the stuff that comes outta kids' mouths sometimes and the stuff that they do and just brings a smile to your face
Ellie;320.697;322.027;give_example (can you give me an example of that)
Participant;324.55;351.69;um well when my son was younger once we were just sitting around the house and he comes and he starts doing my hair and he says to me mom i want you to put on some lipstick and high heels and ponytails so you can go out and get married and find a boyfriend <laughter> so
Ellie;349.628;350.428;wild_laughter3 ((laughter))
Participant;352.85;360.84;yeah it's pretty spontaneous things like that happen that my kid's telling me i need to not be single anymore <laughter>
Ellie;362.813;367.163;okay_confirm (okay) parent_hardest (what's the hardest thing about being a parent)
Participant;368.23;398.57;the hardest thing <sigh> not wanting to screw it up i feel a lot of stress and pressure that every little thing is gonna make <ma> make a difference and matter in what kind of person my kid turns out to be and so it's a lot of stress on yourself <laughter>
Ellie;399.483;400.833;been_hard (that sounds really hard)
Participant;401.1;401.53;yeah
Ellie;403.153;405.443;too_hard (do you think that maybe you're being a little hard on yourself)
Participant;406.7;410.3;yeah <laughter> definitely
Ellie;412.928;416.767;parent_differences (what are some ways that you're different as a parent than your parents)
Participant;420.98;461.66;um hmm i think i'm different from my mom because i'm a little bit more tolerant of that spontaneous interaction i welcome it you know i welcome getting to know who my child is right now and not try to mold them into somebody that i want them to be but just see them become the best child that they can be the best adult that they can be without molding them in that direction necessarily
Ellie;462.306;462.836;yeah2 (yeah)
Participant;462.48;464.53;into a different person <laughter>
Ellie;465.681;466.151;uh_huh (uh huh)
Participant;467.1;467.4;so
Ellie;468.325;470.655;influence_positive (who's someone that's been a positive influence in your life)
Participant;472.37;472.88;say it again
Ellie;473.992;476.322;influence_positive (who's someone that's been a positive influence in your life)
Participant;476.71;478.76;who's someone that's a positive influence
Ellie;479.762;480.232;yeah3 (yeah)
Participant;480.58;493.83;um <sigh> mm i don't really have anybody like that
Ellie;496.908;497.368;okay_confirm (okay)
Participant;498.28;498.59;okay
Ellie;499.774;511.541;relax_fishtank (sometimes when i'm feeling tense i turn on the fish tank screensaver hey i know it's not hawaii but it's the best i've got what do you do to relax)
Participant;522.08;544.65;well i've tried to meditate sometimes but i don't really stick with it often enough um i've tried to like go for walks but i don't always do that and i don't always stick with it <laughter> so
Ellie;548.059;548.529;uh_huh (uh huh)
Participant;549.4;550.71;yeah that's about it
Ellie;551.498;553.558;control_temper (how are you at controlling your temper)
Participant;555.99;568.96;<sigh> i'd say i'm a little below average meaning that i get angry more than most people do i think
Ellie;570.639;573.689;last_argument (when was the last time you argued with someone and what was it about)
Participant;576.12;649.04;hmm last night <laughter> but it was on the telephone i was arguing with my husband um we have my sister lives with us and she lives with us in a very small room with a small apartment i should say and she's got four people living in in one room so um it's kind of stressful it's really crowded and my husband is stressed out about it and you know i'm just saying to him that i told you so i told you if my sister moved in here then there was gonna be a mess in the house and she's gonna be asking for things you don't really wanna do that's just how my sister is <laughter> so the house is messy and it's crowded and every day they're asking for rides and my husband he's avoiding coming home because all these people are home and he doesn't wanna be there anymore and i'm just saying that he's gonna have to find a way to deal with it because he asked for it in my opinion <laughter> so <laughter> hmm
Ellie;649.109;649.949;that_sucks (that sucks)
Participant;650.13;651.28;it does <laughter>
Ellie;652.512;656.293;situation_handled (tell me about a situation that you wish you had handled differently)
Participant;658.15;705.7;oh i've got tons of 'em but right now what's on my mind is um losing custody of my son um right now like i've been arguing with my stepmom and my stepsister for a long time about my son and how they treat him and how i want him to be treated like they don't have any boundaries and i believe that boundaries are important establishing who's the adult who's the child they let my child boss 'em around and stuff anyways because of this they're gonna be testifying against me in the custody trial saying that
Ellie;705.219;706.099;oh_no (oh no)
Participant;706.88;768.73;yeah they're gonna be saying that i'm not a good mom because i believe in having boundaries and we have very different ideas about child raising she's my stepmom she's my dad's fifth wife and she's she really doesn't she's really far removed from how i was raised and i wanna raise my child more similar to how i was raised where you're we had some independence and we had some boundaries and we knew what the rules were and what was expected of us and with my stepmom she xxx no rules she has no expectation she just wants him to run wild and have everything that he wants and that's fine when you're a grandparent but the problem is that i live with them sometimes and when i'm in the same house with them they should be following my rules and not trying to go and break all of my rules <sigh> anyway <laughter>
Ellie;767.782;770.636;right2 (right) makes_sense (that makes sense)
Participant;771.06;771.57;yeah
Ellie;773.057;774.597;describe_felt (how did you feel in that moment)
Participant;776.78;845.63;um in that moment <sigh> just really frustrated because they don't listen to me i feel disrespected i feel like invisible i feel just angry that they're taking away my right to parent and it's something that i worked really hard to do i went to school and i studied child development i've read all the magazines and i've read the books and i'm really <laughter> i know what i'm talking about i feel confident in my parenting skills and my parenting abilities and to have these people that haven't done the same thing and worked as hard as i have to be a good parent try and tell me that i'm a bad parent it's really uh hard to believe so i feel very disrespected um unacknowledged angry frustrated all those things <laughter>
Ellie;845.893;852.91;yeah_downer (yeah) im_sorry (i'm sorry) easy_sleep (how easy is it for you to get a good night's sleep)
Participant;855.34;892.04;um i take i take benadryl to help me sleep and i'm so <laughter> my doctor gave me that <laughter> uh she gave me benadryl told me that i could take it to help me sleep and last night i was crying before i went to sleep so sometimes these thoughts start running through your head at night when you're in bed but i tried to push them out and then i got up and i took my benadryl so i could go to sleep more easily <laughter>
Ellie;893.015;895.813;hmm_downer (hmm) trigger (are they triggered by something)
Participant;896.96;919.55;yeah i'm always thinking about my son how i wish he was with me and how unfair everything is that's happening <sniffle> and like i don't deserve to have my son taken from me because i'm a really good mom you know <sobbing>
Ellie;920.32;920.76;yeah_downer (yeah)
Participant;921.6;961.09;and i'm too hard on myself so but i am a good mom and i feel confident that i'm a good mom i just i don't really have the money to take care of my son like my dad the son's dad does he has more money than me and right now i'm trying to be okay with it because i know he can do more for him financially than i could but that doesn't mean i'm not a good mom <laughter> hmm
Ellie;960.857;964.703;yeah_downer (yeah) feel_lately (how have you been feeling lately)
Participant;967.15;990.63;i'm pretty depressed i'm on anti-depressants um i take wellbutrin i been on them for a couple weeks now i think they're working i don't know i'm not as down as i was i mean i got here today i got dressed <laughter> i made it out and i'm here today so not that bad
Ellie;993.498;994.848;why_seek_help (what got you to seek help)
Participant;997.61;1045.55;um <sigh> hmm my husband complains a lot he says i'm not the same person that i was when he married me he said i was fun and i was positive and i was all these other optimistic things that's another thing he was on the phone telling me last night and <sniffle> and i'm not those things anymore <laughter> which is true i mean we got married a year ago and then my son was taken shortly after and it was just such a shock and um i've just been trying to get back from it but it's been hard
Ellie;1047.784;1052.302;understand (i understand) suspect_problem (did you think you had a problem before you found out)
Participant;1056.58;1061.86;did i think i had a problem before i found out found out what
Ellie;1061.574;1062.724;symptoms_what (what were your symptoms)
Participant;1063.35;1128.7;oh um yeah like crying a lot something like i cry all the time <sobbing and laughing> it doesn't take much for me to cry i'm just crying thinking about crying but like um my family would invite me to family events and i would go and just just cry because my son wasn't there <sniffle> or um i don't know it's just all the crying i think and like i said my husband letting me know that i'm not the same person so he's disappointed and i feel bad even that <crying and laughing> i'm not the same person that he he knew <crying and laughing> i feel bad about that too another thing i'm feeling bad about you know <crying>
Ellie;1144.056;1145.496;therapy_going (do you still go to therapy now)
Participant;1146.71;1148.62;yes i do i try
Ellie;1151.27;1152.72;therapy_useful (do you feel like therapy is useful)
Participant;1154.68;1180.15;do i feel like the therapy's useful um yeah it's nice to talk about your problems i go in there and i cry every week so at least i have a set time every week where i can go in and cry <laughter> um that's i mean it's a release to be able to cry sometimes i feel better afterwards um
Ellie;1180.099;1180.959;Ellie17Dec2012_03 (that's good)
Participant;1181.4;1190.02;yeah and she helps me make decisions you know help me to be more proactive in my life
Ellie;1190.87;1192.869;mhm (mhm) like_what (like what)
Participant;1193.71;1247.75;um well i'm looking for jobs and things like that and she gives me ideas of why don't you work here or why don't you work there or have you thought about this or that you know and then she said something about why don't you go back to school and so i went and applied to go back to school you know i'm not doing much with my life and sitting around all day isn't helping my depression any either so i'm trying to find a work and i applied for college in the fall i got accepted to dominguez hills so i may be going back to school in the fall right now i'm still looking for work but she helps me with that kinda stuff just giving me ideas that life isn't over <laughter> that there's still more you know i could be doing
Ellie;1244.62;1248.925;thats_good (that's good) right2 (right)
Participant;1249.05;1250.36;with life life yeah
Ellie;1251.947;1255.676;happy_lasttime (tell me about the last time you felt really happy)
Participant;1258.83;1287.22;everything's always bittersweet um i don't know last time i was really happy i don't know <laughter>
Ellie;1288.038;1290.24;ideal_weekendC (tell me how you spend your ideal weekend)
Participant;1290.88;1318.37;my ideal weekend oh i don't have a lot of money 'cause i'm not working right now so really my weekends are just spent reading maybe but i can't really i i can't pay much attention when i'm reading so <laughter> i have a short attention span i can only read a couple chapters <deep breath> um
Ellie;1317.239;1317.709;uh_huh (uh huh)
Participant;1319.72;1322.19;but lately i say that's what i've been doing is reading
Ellie;1324.246;1327.496;Ellie17Dec2012_10 (tell me about something you did recently that you really enjoyed)
Participant;1329.24;1333.51;something i've read xxx
Ellie;1334.37;1335.57;mind (whatever comes to your mind)
Participant;1336.82;1364.11;okay i like to go to u_s_c they have these nights where they have things like book signings or poetry and art it's called visions and voices so i like to go out to <t> to their events and i usually enjoy those
Ellie;1365.538;1369.491;awesome (awesome) bouts_symptoms (when was the last time that happened)
Participant;1370.25;1387.72;um about two weeks ago um deborah harkness was there doing a book signing for a discovery of witches and so like i said i'm trying to be a writer so i try to go especially to the book signings
Ellie;1382.707;1383.277;wow (wow)
Participant;1389.9;1396.1;and see what it's like to be an author who's talking to a crowd and signing books <laughter>
Ellie;1396.707;1402.899;mhm (mhm) Ellie17Dec2012_08 (what are you most proud of in your life)
Participant;1405.26;1408.09;my son <laughter>
Ellie;1411.565;1413.255;BF_describe (how would your best friend describe you)
Participant;1415.24;1416.41;i don't have any friends
Ellie;1418.858;1421.798;Ellie17Dec2012_07 (what would you say are some of your best qualities)
Participant;1422.38;1469.18;my best qualities um <sigh> i'm smart i'm good-looking um i'm really um and like a hard worker i i'm dedicated to like self-improvement um that's all i can think of right now <laughter> okay
Ellie;1469.202;1473.986;asked_everything (okay i think i have asked everything i need to) appreciate_open (thanks for sharing your thoughts with me)
Participant;1474.44;1474.71;okay
Ellie;1475.487;1476.097;bye (goodbye)
Participant;1476.55;1484.11;goodbye press the buzzer now
Ellie;1486.319;1486.939;yes (yes)
