speaker;start_time;stop_time;text
Ellie;28.37;49.84;hi i'm ellie thanks for coming in today i was created to talk to people in a safe and secure environment i'm not a therapist but i'm here to learn about people and would love to learn about you i'll ask a few questions to get us started and please feel free to tell me anything your answers are totally confidential are you okay with this
Participant;50.24;50.58;yes
Ellie;51.14;54.07;okay so how are you doing today
Participant;51.49;55.08;<clears throat> okay
Ellie;55.69;57.89;that's good where are you from originally
Participant;58.5;59.88;um new york
Ellie;60.59;62.71;really why'd you move to l_a
Participant;63.07;67.22;um to pursue um music industry a job in the music industry
Ellie;66.63;69.46;cool are you still working in that
Participant;70.13;70.73;uh yes
Ellie;72.06;72.9;what do you do now
Participant;73.1;74.35;i'm self-employed
Ellie;76.52;77.58;what's your dream job
Participant;78.45;80.3;um to become a music producer
Ellie;81.49;83.78;awesome how hard is that
Participant;84.22;86.76;um it's pretty hard there's a lot of competition <laughter>
Ellie;87.96;92.99;aw i see what you mean why'd you move to l_a
Participant;93.95;95.98;um to pursue a job
Ellie;97.28;98.13;when'd you move to l_a
Participant;98.37;102.22;uh when um about a year ago last february
Ellie;103.25;105.47;how easy was it for you to get used to living in l_a
Participant;106.0;109.66;it was pretty difficult east coast is a lot different than the west coast
Ellie;112.33;115.5;yeah how often do you go back to your hometown
Participant;116.69;119.31;um i think i've been there twice in the past year
Ellie;120.61;123.52;that's good do you travel a lot
Participant;124.84;127.14;no i'm more of a creature of habit
Ellie;129.05;132.01;okay do you consider yourself an introvert
Participant;133.38;134.53;um yes
Ellie;135.6;135.96;why
Participant;137.18;149.28;uh sometimes i feel like i don't fit into the crowd so um it's better just sometimes to be more quiet and view everything instead of uh you know going in and actively pursue things
Ellie;150.14;152.79;mhm what do you do to relax
Participant;153.23;162.07;um <laughter> probably uh listen to music um and spend time with my dogs
Ellie;163.86;167.24;cool what are some things that make you really mad
Participant;167.9;185.56;um <clears throat> probably um people being insensitive <insen> um not very um very nice to me or um seeing injustices or um i think that's about it <laughter>
Ellie;186.75;190.05;yeah how are you at controlling your temper
Participant;190.41;192.93;um pretty good you know sometimes <so>
Ellie;192.65;195.59;when was the last time you argued with someone and what was it about
Participant;195.91;208.01;um probably couple of days ago um one of my friends was saying that um mm uh they were making a comment about how i am and i got kind of upset about that
Ellie;209.43;210.31;that sucks
Participant;210.56;211.97;yeah it does <laughter>
Ellie;213.18;214.17;how close are you to them
Participant;214.97;215.62;pretty close
Ellie;216.99;217.69;how do you know them
Participant;218.25;223.34;um my best friend so i um oh just one of my friends
Ellie;224.71;227.37;okay what do you do when you're annoyed
Participant;228.71;238.13;um i kind of am quiet about it and when a person pushes me to a certain point that's when i overreact usually
Ellie;240.52;241.43;how hard is that
Participant;241.98;256.2;um it's pretty hard um i rather the person notice that i'm kinda getting withdrawn and actively engage in me instead of getting it to the point where it's like um it it comes to a point where it blows out of proportion
Ellie;257.47;263.24;yeah i understand what's one of your most memorable experiences
Participant;263.38;270.09;um um probably spending time with my family in new york
Ellie;269.95;271.58;how close are you to your family
Participant;271.79;272.53;very close
Ellie;273.96;278.46;that's good who's someone that's been a positive influence in your life
Participant;278.8;282.82;um my sister and my brother
Ellie;284.62;285.57;tell me more about that
Participant;286.06;297.74;um i don't know they're just great people and i love them a lot and they're a lot like me so i feel like i have people that understand me
Ellie;299.21;303.05;that's good how would your best friend describe you
Participant;303.72;319.93;um probably um i guess loyal um sensitive um <laughter> i don't know it's kind of hard <laughter> it's a hard question <laughter>
Ellie;320.28;323.24;okay have you ever served in the military
Participant;323.45;323.76;no
Ellie;325.0;326.84;have you ever been diagnosed with p_t_s_d
Participant;327.15;328.31;no <clears throat>
Ellie;328.2;329.88;have you been diagnosed with depression
Participant;330.07;330.61;yes
Ellie;331.44;333.18;how long ago were you diagnosed
Participant;333.65;339.42;gosh um i think probably nineteen ninety seven so a long time ago
Ellie;341.37;342.6;what got you to seek help
Participant;343.91;360.49;um i'm just uh during that time i was just going through a lot of issues and i was feeling unsafe to myself so i ended up going um to the doctor to kinda get meds and have therapy and stuff
Ellie;362.35;363.61;do you still go to therapy now
Participant;363.9;367.38;um not currently i i did about like six months ago
Ellie;368.34;369.09;why did you stop
Participant;369.83;383.91;um i just felt the therapist wasn't really helping me um i felt we kept on talking about the same things over and over and xxx she wasn't really challenging me and i've been in therapy for a really long time so i just knew it was a change
Ellie;384.6;386.33;yeah i'm sorry to hear that
Participant;386.72;387.75;it's okay <laughter>
Ellie;387.97;389.3;do you feel like therapy is useful
Participant;390.1;405.16;um yes i do actually um when i feel connected to a therapist um and when i feel like it's a really great way for me to talk about what i'm going through um so yes i do
Ellie;405.28;408.06;what sort of changes have you noticed since you've been going to therapy
Participant;408.79;442.06;um i'm better at describing my emotions and feelings i think the biggest thing is um when i'm in situations eh i can see myself reacting one way and i take a step back and see how i can react normally almost in a way um also i tend to take a lot of my emotions and feelings and kind of bury them and make them feel like really bad about myself so it's nice to talk to someone that's not judging that doesn't really tell me like you know um they tell me it's o okay basically <clears throat>
Ellie;443.27;446.67;that's good what were your symptoms
Participant;447.27;466.87;um feeling hopeless all the time not having you know enough energy to do things i used to like i had a little bit of concentration issues um having weird disturbing thoughts sometimes just pop into my mind and just overall just feeling kinda crummy about life
Ellie;468.1;469.35;are they triggered by something
Participant;469.66;485.18;um sometimes they are at  like random moments that if there's like a problem with like my interpersonal life or something like that or if i sometimes even seeing something on television um like sometimes that affects me
Ellie;486.88;487.72;how do you cope with them
Participant;488.33;499.33;um listening to music or trying to distract myself um trying like my therapist told me for the longest time to journal to record things
Ellie;500.12;500.62;mhm
Participant;501.17;501.44;<clears throat>
Ellie;501.4;502.73;how have you been feeling lately
Participant;503.15;513.89;um it's been a tough transition to come here so uh well being <be> being here um so um kinda half and half okay and not okay <laguhter>
Ellie;515.24;518.15;have you noticed any changes in your behavior or thoughts lately
Participant;518.4;525.48;um i feel like i've been a little bit with more withdrawn lately um but that's about it
Ellie;526.62;529.85;okay how easy is it for you to get a good night's sleep
Participant;530.84;538.05;um <clears throat> some days it's great some days it's not um more recently it's been a little bit more difficult
Ellie;539.4;539.7;why
Participant;540.45;550.22;um i don't know why i have like a lot of thoughts on my mind at night <clears throat> so i tend not to sleep very well and i wake up quite frequently during the night <clears throat>
Ellie;551.41;552.86;what are you like when you don't sleep well
Participant;553.25;568.87;um <clears throat> very groggy in the morning and um that's about it like during the day i tend to yawn a lot and my friends always are like oh why are you yawning so much are you disinterested <disisinterested> in what we're doing and then trying to tell them it's not that at all <laughter>
Ellie;570.33;574.19;okay when was the last time you felt really happy
Participant;574.66;578.24;um probably christmas time when i was with my family
Ellie;579.25;582.94;how did you feel in that moment how did you feel in that moment
Participant;583.18;596.53;um just really happy and um feeling like everything was alright in my life having a good sense of like where i was at that moment being present with myself
Ellie;597.73;603.79;uh huh that's good what would you say are some of your best qualities
Participant;604.99;634.06;um probably you know um let's see that's a hard question i think probably i can tend to read people kinda well sometimes and um uh i like to say uh i'm good at like being a good friend to people being a good family member um i'm a hard worker when i do have a job so <laughter>
Ellie;634.57;635.04;mhm
Participant;637.05;637.81;um
Ellie;637.5;638.51;is there anything you regret
Participant;639.56;653.75;um sure i mean it's life so of course there's regrets um one that comes to mind is um the wish that i don't eat as much so i can be a lot more healthy <laughter>
Ellie;655.07;657.76;what advice would you give yourself ten or twenty years ago
Participant;657.83;668.75;um don't take things so seriously <laughter> um enjoy being youthful and um i think that's it <laughter>
Ellie;670.05;675.22;okay what are you most proud of in your life
Participant;675.54;700.2;um i don't know that's a good question probably um my previous job and my employment i worked really well with kids um so i did a great job at that i was um a researcher um at a hospital and i helped a lot of kids out for about six years so seven years
Ellie;701.66;703.56;wow that sounds interesting
Participant;703.69;704.84;yeah it was awesome
Ellie;706.55;707.88;how did you decide to do that
Participant;708.46;733.56;um i was really kind of like um reading people and so i decided to major in psychology <clears throat> so uh and then i went a worked in a um mental health facility and did research um with them with um with drugs and depression and things like that so it found like a good niche for me
Ellie;736.3;740.72;that's great okay i think i've asked everything i need to
Participant;740.87;741.45;<laughter> okay
Ellie;741.8;743.19;thanks for sharing your thoughts with me
Participant;743.65;744.72;no problem <laughter>
Ellie;744.64;745.09;goodbye
Participant;745.07;746.12;goodbye <laughter>
