speaker;start_time;stop_time;text
Participant;36.4;37.39;<synch>
Ellie;51.948;73.488;IntroV4Confirmation (hi i'm ellie thanks for coming in today i was created to talk to people in a safe and secure environment i'm not a therapist but i'm here to learn about people and would love to learn about you i'll ask a few questions to get us started and please feel free to tell me anything your answers are totally confidential are you ok with this)
Participant;73.872;74.263;sure
Ellie;74.958;79.307;okay_confirm (okay) how_doingV (so how are you doing today)
Participant;80.2;80.881;i'm doing alright
Ellie;81.905;84.802;thats_good (that's good) where_originally (where are you from originally)
Participant;86.175;86.795;new jersey
Ellie;87.745;88.335;really (really)
Participant;89.817;90.307;yes
Ellie;90.954;92.034;when_LA (when did you move to l_a)
Participant;93.509;94.281;three months ago
Ellie;95.983;97.883;often_backB (how often do you go back to your hometown)
Participant;99.145;100.0;not very often
Ellie;102.661;104.281;compares_LA (how does it compare to l_a)
Participant;106.545;114.336;uh it's much different uh i don't know it's just <laughter> it's a lot more crowded here
Ellie;117.085;118.105;why_LA (why did you move to l_a)
Participant;119.89;121.354;to start a new life for myself
Ellie;124.68;127.15;adapted_LA (how easy was it for you to get used to living in l_a)
Participant;129.79;139.945;it wasn't very easy at all <sigh> uh it was uh it was quite rough at first but you know i'm still trying to get used to life here
Ellie;141.423;143.533;like_about_LA (what are some things you really like about l_a)
Participant;146.363;156.509;i've met some good friends here um you know i love the hollywood area um and just you know the mountains are beautiful that's kinda things i love
Ellie;158.16;162.978;uh_huh (uh huh) dont_like_LA (what are some things you don't really like about l_a)
Participant;164.581;167.1;hmm the traffic
Ellie;169.583;179.335;understand (i understand) travel_shoes (i'm sure you can tell by my shoes i'm not much of a world explorer do you travel a lot)
Participant;180.672;181.709;not really no i don't
Ellie;183.014;183.584;why2 (why)
Participant;187.025;189.705;just haven't had the time or the finances to
Ellie;191.548;194.311;okay_confirm (okay) study (what did you study at school)
Participant;195.69;196.445;digital media
Ellie;198.016;201.585;sounds_interesting (that sounds interesting) hard_decision (how did you decide to do that)
Participant;204.009;211.918;well i've always loved you know <deep breath> computers and you know designing things and uh i don't know i just kinda fell into it
Ellie;212.971;215.545;cool3 (cool) still_doing_X (are you still doing that)
Participant;216.427;219.927;no i dropped out
Ellie;219.579;225.701;job_virtually (i love my job you could almost say it's virtually made for me what's your dream job)
Participant;226.618;250.627;well i i guess my dream job would be working <deep breath> in something that uh i went to school for you know i i never really completed my education um but i guess it'd be great if i went you know back to school and you know finished you know my degree in digital media and uh you know finished and uh started working you know doing something in that field
Ellie;251.532;259.325;mhm (mhm) shyoutgoing (do you consider yourself more shy or outgoing)
Participant;259.572;274.633;a little bit of both you know i i can be shy at times but i like to push myself to be outgoing you know it's kind of a a struggle for me but i i don't wanna be you know in a shell so i kinda force myself to be outgoing
Ellie;276.031;289.711;yeah3 (yeah) relax_fishtank (sometimes when i'm feeling tense i turn on the fish tank screensaver hey i know it's not hawaii but it's the best i've got what do you do to relax)
Participant;290.275;296.545;listen to music i uh sometimes just drive and um you know play music in my car and that helps me relax
Ellie;297.234;297.964;nice (nice)
Participant;299.27;300.14;or i smoke a cigarette
Ellie;299.676;300.216;like_what (like what)
Participant;301.724;307.122;oh like what ooh um <laughter> just heavy metal that's all i listen to is metal
Ellie;308.58;313.728;awesome (awesome) control_temper (how are you at controlling your temper)
Participant;317.488;330.845;well <sigh> it depends on how high my stress level is and how angry i am but i i do my best to not get so pissed off <laughter>
Ellie;332.386;335.436;last_argument (when was the last time you argued with someone and what was it about)
Participant;337.8;365.654;scrubbed_entry and i don't know she um she wanted me to to come and pick her up uh she was a little drunk and uh we just kinda fought over the phone all over some other things and i just ended not picking her up because of her attitude on the phone with me
Ellie;367.052;367.892;that_sucks (that sucks)
Participant;369.145;371.583;<laughter> yeah it does
Ellie;374.619;376.632;feelguilty (what's something you feel guilty about)
Participant;380.209;399.403;something i feel guilty about is uh not talking to my kids uh often or as often as i should i've just been so busy with trying to get myself all situated here that i i don't really have time to you know talk to my kids as much as i'd like to
Ellie;402.1;404.608;yeah3 (yeah) been_hard (that sounds really hard)
Participant;406.792;407.692;you have no idea
Ellie;406.961;408.911;easy_parent (do you find it easy to be a parent)
Participant;411.324;442.583;um it's it comes natural but it's no way easy and uh it's it's the hardest job that i love to do but right now it's extremely difficult for me because they live so far away and i i made this choice to come out here to l_a and i feel bad that i don't see them you know but the reason i came out here was to better myself so i can provide for them
Ellie;443.887;447.937;yeah_downer (yeah) parent_hardest (what's the hardest thing about being a parent)
Participant;450.161;487.879;fear you know fear <f> just fear will you know you <y> you fear what's gonna happen to your kids you fear that something awful is gonna happen and not seeing them it brings about that fear a lot more you know and i can't i can't always be there with them i can't see them you know it it wasn't as bad when i was living in florida um and i i at least i used to see them it wasn't very often but i used to used to see them now i don't see them at all and
Ellie;487.754;488.264;mhm (mhm)
Participant;488.391;506.608;that's the that's the hardest thing i've had to do as a parent is to step away from my kids if only temporarily i don't know how long i'm gonna be here for i don't know what my future holds but the hardest thing is being so far away from them
Ellie;508.071;515.194;yeah_downer (yeah) sorry_hear (i'm sorry to hear that) parent_best (what's the best thing about being a parent)
Participant;517.058;548.374;just the the joy that they bring to me i mean i could be having a bad day and they just cheer me right up i mean i eh it sucks being away from them for for so long and they're so far away and just not seeing their faces that's it's it's the worst thing ever you know but i i love to just see their faces they they just bring a smile to my face and um
Ellie;548.06;548.53;mm (mm)
Participant;549.999;550.558;i don't know
Ellie;553.492;557.353;parent_differences (what are some ways that you're different as a parent than your parents)
Participant;559.366;591.733;well um i think the fact that i can get down to their level um i'm i'm a bit goofier <laughter> as a father than my dad was with me my dad was you know strict all the time sure he used to you know laugh and play with us but you know he was always very reserved you know and he kinda held back a lot he a lot of his emotions just because you know he was a he was a strong very tough guy
Ellie;592.302;592.832;yeah2 (yeah)
Participant;592.743;612.821;um but with me i i i'm very goofy and silly with my kids and i'm strict when i have to be but i always love to you know play around with them as much as possible you know not i don't want them to grow up too fast and that that may have been
Ellie;612.24;613.27;see_mean (i see what you mean)
Participant;613.324;613.633;yeah
Ellie;615.79;619.582;situation_handled (tell me about a situation that you wish you had handled differently)
Participant;622.166;669.491;well <sigh> a situation that i wish i would've handled differently there's so many <laughter> uh i guess when i was still with my ex-wife in florida i wish i wouldn't have gotten so angry or i wish i wouldn't have let her get the best of my emotions she had a tendency to get underneath my skin and uh you know keep picking at me until i exploded and i allowed her to do that you know i i should've just walked away when i could and um you know not let my temper get the best of me
Ellie;672.216;676.557;okay_confirm (okay) military (have you ever served in the military)
Participant;677.074;677.358;no
Ellie;678.723;680.763;ptsd_diagnosed (have you ever been diagnosed with p_t_s_d)
Participant;681.23;681.53;no
Ellie;682.523;684.333;depression_diagnosed (have you been diagnosed with depression)
Participant;684.962;685.282;no
Ellie;686.174;688.614;easy_sleep (how easy is it for you to get a good night's sleep)
Participant;691.003;728.737;uh sometimes it's hard um sometimes i just lay awake in bed <sigh> you know thinking all the things that are going through my head all the you know all the stress that i'm going through with work and you know making sure you know wondering if i'm gonna if i'm gonna be able to make you know rent you know wondering what my kids are going through you know when i'll see them again if they even care about me anymore if they even know they have a father you know those are some of the things that run through my head and and that keeps me up at night sometimes
Ellie;730.191;732.481;too_hard (do you think that maybe you're being a little hard on yourself)
Participant;736.762;755.725;a little <sigh> but <sigh> you know i put myself in this situation so you know i i gotta bear with it you know i gotta you know you reap what you sow so i <sigh> i gotta deal with it in my own way
Ellie;757.783;760.953;behavior_changes (have you noticed any changes in your behavior or thoughts lately)
Participant;764.84;793.89;lately um i've been trying to not think so much about you know all that's going into my life uh i try to distract myself and that kind of gets me in a better mood you know if i'm hanging out with friends or just watch a little t_v something to get my mind off you know all the stresses in my life um
Ellie;793.793;800.552;Ellie17Dec2012_03 (that's good) happy_lasttime (tell me about the last time you felt really happy)
Participant;801.11;832.945;the last time i felt really happy uh was actually a couple of nights ago i went out drinking with um with a couple of my friends from work and um i don't know we just got pretty drunk and just <laughter> that kinda helped me to forget all the crap that was previously going through my head so if if i can distract myself if i can forget about all that other stuff then i'm happy <sigh>
Ellie;833.477;840.006;uh_huh (uh huh) Ellie17Dec2012_07 (what would you say are some of your best qualities)
Participant;841.87;878.435;some of my best qualities i guess that i'm convincing <laughter> um uh i'm kind of like a i guess you would say a counselor to some people you know some of my close friends you know i may talk people into doing things that they may regret or i may i mean i'm sorry take talk people out of things that they you know may end up regretting or i may um you know just listen to people so you know eh i could say that you know i definitely you know listen to my friends and help them out in their time of need when they're going through something troubling times like like i'm going through
Ellie;879.896;881.226;give_example (can you give me an example of that)
Participant;883.56;939.757;scrubbed_entry uh who lives in florida you know i talk to him every now and then and he's been having troubles with his girlfriend and you know i just kind of talk to him about his problems and listen i mostly <mo> i mainly listen because you know i don't think he has anybody else to listen to you know when i was living in florida i was uh very close with him so you know he he'd always relied on me and now that i'm here in l_a i don't wanna lose that you know connection with him because i mean i've always been there for him so he um he relies on me to listen to his problems and give him some advice you know about what i think you know he should do um so i think <th> i think he appreciates that and i and i'm glad that he you know relies on me for that uh he trusts me enough to tell me all that stuff
Ellie;937.743;948.014;yeah_downer (yeah) Ellie17Dec2012_04 (that's great) self_change (what are some things you wish you could change about yourself)
Participant;948.347;979.122;<laughter> i don't know <sigh> um sometimes i wish i wasn't so kind or generous it seems bad but sometimes i i don't know people may take advantage of me and i may not realize it and um i don't like saying no to people i like to always please people so if i can change that maybe i wish i wasn't such a people pleaser
Ellie;980.433;981.913;landed_trouble (has that gotten you in trouble)
Participant;985.295;1007.215;sometimes financially in trouble <laughter> <deep breath> sometimes i you know it you know help others and not you know that may make me broke sometimes yeah i may not have enough to pay bills but i feel better helping people i don't know
Ellie;1009.483;1014.325;yeah_downer (yeah) regret (is there anything you regret)
Participant;1019.295;1028.465;i regret not breaking up with my ex-wife sooner i regret <re> i regret <re>
Ellie;1027.965;1028.535;why2 (why)
Participant;1029.96;1076.425;because she put me through so much crap in my life and um i was always trying to be a people pleaser i was trying to please her you know trying to please my kids as much as i can by not breaking up you know the family but you know there's only so much one person can take and i i think probably if i would've left sooner i may have been happier and things may not have gotten so out of control out of hand like they did you know during all those years with her so maybe if i would've got out sooner i don't know i would've been happier i guess
Ellie;1077.216;1081.823;isee_downer (i see) advice_back (what advice would you give to yourself ten or twenty years ago)
Participant;1086.2;1147.29;um it's okay to be selfish it's okay to you know think about yourself sometimes you know if you keep putting everyone ahead of you then you're not thinking about yourself you're not thinking about what makes you happy and even though pleasing people may make you happy uh you have to think about yourself sometimes too and about your needs because you know you play an important role in the lives of your close family members and um in order to keep everything afloat you sometimes gotta xxx gotta worry about the one person that's you know juggling everything and holding everything up which is yourself so be a little selfish sometimes it's okay
Ellie;1147.943;1153.669;right2 (right) ideal_weekendC (tell me how you spend your ideal weekend)
Participant;1155.3;1196.345;<laughter> i don't even know what a weekend is anymore my ideal weekend would be locked away alone in my room watching movies listening to music just with my cell phone off and not you know being with anybody or it could be out at a bar you know or you know watching a a metal show so i like to be alone but at times i i do wanna be out with uh with others i like you know being around people
Ellie;1197.786;1202.366;uh_huh (uh huh) BF_describe (how would your best friend describe you)
Participant;1207.04;1243.015;crazy <laughter> he thinks i'm uh i'm crazy for coming out here but i guess he would say that i'm dedicated and that i'm strong-minded and that you know whatever i set my mind to i can do it you know no matter how hard it is i'm not gonna wimp out so i mean i i really respect him for giving me his insight but uh i guess yeah i guess he would say that i'm crazy but strong-minded <laughter>
Ellie;1245.074;1247.374;Ellie17Dec2012_08 (what are you most proud of in your life)
Participant;1248.725;1290.515;my kids <sigh> you know that's the one thing that brings joy to me you know like real real joy are my kids and you know just having them in my life is is the proudest thing i can ever accomplish is just you know having them in my life and although i don't get to see them as much even <e> even when i think about them just thinking about you know how far they've gone you know what what they've accomplished in their you know in in their short time i mean eh yeah it makes me happy and i can't wait to see them again
Ellie;1291.472;1293.832;memorableB (what's one of your most memorable experiences)
Participant;1296.005;1334.967;one of my most memorable experiences i guess that would be scrubbed_entry in florida you know going to see our uh you know our favorite band skeleton witch it was it was a great night overall you know one of the night's i'll never forget just because we'd been looking forward to it for you know so many months and you know when it finally happened it was surreal um it was it was a great night after all and overall
Ellie;1336.183;1342.548;nice (nice) asked_everything (okay i think i have asked everything i need to) appreciate_open (thanks for sharing your thoughts with me)
Participant;1343.382;1344.142;sure you're welcome
Ellie;1344.485;1345.095;bye (goodbye)
Participant;1345.592;1345.892;bye
