speaker;start_time;stop_time;text
Participant;16.23;17.16;<sync>
Ellie;36.14;57.68;IntroV4Confirmation (hi i'm ellie thanks for coming in today i was created to talk to people in a safe and secure environment i'm not a therapist but i'm here to learn about people and would love to learn about you i'll ask a few questions to get us started and please feel free to tell me anything your answers are totally confidential are you ok with this)
Participant;57.87;59.47;yeah cool
Ellie;59.896;63.223;okay_confirm (okay) how_doingV (so how are you doing today)
Participant;63.71;66.91;i'm hanging out you know being on an adventure chilling
Ellie;68.393;71.481;thats_good (that's good) where_originally (where are you from originally)
Participant;71.89;73.42;culver city california
Ellie;74.106;74.696;really (really)
Participant;74.98;75.62;yeah yeah
Ellie;76.339;78.449;like_about_LA (what are some things you really like about l_a)
Participant;79.34;87.59;all the different microcosms and different places and peoples and scenes and stuff you know it's very big very vast it's crazy
Ellie;86.825;91.031;cool3 (cool) dont_like_LA (what are some things you don't really like about l_a)
Participant;92.06;104.84;i don't know i can't i mean of course there's a bunch of things i could say but uh i i i don't know i mean i i like l_a i like even the bad you know it's just all a part of the experience in general you know
Ellie;105.93;114.509;see_mean (i see what you mean) travel_shoes (i'm sure you can tell by my shoes i'm not much of a world explorer do you travel a lot)
Participant;112.16;116.46;<laughter> yeah i've been around the country a bunch
Ellie;117.799;119.319;travel_changed (what do you enjoy about traveling)
Participant;119.94;138.26;uh again it's like going into another world it's like quantum leap i get to transport to a whole another <nother> realm of people and uh you know learn about them and stuff and hang out and drink beers and smoke weed and write and rap and do drugs and hang out more and all sorts of shit man it's crazy
Ellie;138.932;139.652;awesome (awesome)
Participant;139.62;140.02;<laughter>
Ellie;141.697;143.377;travel_trips (i'd love to hear about one of your trips)
Participant;144.04;146.86;oh really oh
Ellie;146.608;147.078;yeah3 (yeah)
Participant;147.24;185.32;oh oh oh okay um yo i went to san francisco recently and i was there for like eight days i rapped at this house party in san jose real quick then i went to davis did the same thing i took the train chilled in san francisco hung out with some of my middle school friends for hella long then uh yeah it was crazy i was just walking usually i ride bikes everywhere but i was just like walking this this whole time and it was cool i was mad exploring i got um i got back home eventually then after that i went directly to texas and did some shows on the way going to texas and stayed out there for eight days
Ellie;185.906;186.476;wow (wow)
Participant;186.33;193.23;and that was <wa> it was it was gnarly it was crazy i don't even know man it was it's so much happened it was you know i had fun
Ellie;194.783;198.907;thats_good (that's good) memorableB (what's one of your most memorable experiences)
Participant;199.95;216.37;um i went to this place called the salton sea and me a bunch of my bicycle friends we um <sniffle> we got into cars and went way out into the desert and we um yeah it was tight we were burning stuff we burned a car we drove the car it was like a road warrior type of car
Ellie;216.041;216.911;wild_laughter5 ((laughter))
Participant;216.88;240.94;and um it it it it was crazy man like it was like fifteen niggers on one car it was like gnarly we got naked went into a stream i did hella shrooms did hella molly smoked a ridiculous amounts of weed got retarded drunk somebody tried to give me some mescaline i didn't wanna do that but this was like in march before i went on the other trip this was like the precursor to my other trip it was the salton sea trip
Ellie;239.915;241.725;wild_laughter7BIG ((laughter))
Participant;241.69;242.93;but yeah it was tight
Ellie;243.951;244.681;nice (nice)
Participant;245.3;247.96;i saw a lot of nakedness that trip
Ellie;248.818;249.408;really (really)
Participant;249.49;250.41;yeah really
Ellie;253.809;258.197;shyoutgoing (do you consider yourself more shy or outgoing)
Participant;257.26;260.09;i'm hella outgoing outgoing for sure
Ellie;261.792;273.566;relax_fishtank (sometimes when i'm feeling tense i turn on the fish tank screensaver hey i know it's not hawaii but it's the best i've got what do you do to relax)
Participant;273.74;274.75;smoke weed
Ellie;277.575;278.035;okay_confirm (okay)
Participant;278.66;279.91;<laughter>
Ellie;279.633;280.773;study (what did you study at school)
Participant;281.42;282.27;what did i study
Ellie;283.705;284.175;yeah3 (yeah)
Participant;284.2;294.05;uh um oh i i was studying <laughter> um photography and photojournalism and uh
Ellie;293.672;294.802;sounds_interesting (that sounds interesting)
Participant;294.71;310.9;yeah yeah that's about it got to use the computer for free got to get use baller ass cameras for free and i would just do a little uh i would do man on the street type shit with students not man on the street but the ones where you take their picture and it's like i forgot what it was called it was long ago
Ellie;311.61;313.874;mm (mm) still_working_on_X (are you still working in that)
Participant;314.45;316.31;nah nah nah not anymore
Ellie;317.84;319.04;dream_job (what's your dream job)
Participant;320.44;343.52;this being me and just <j> hanging out i rap that's what i do i do little shows around the country and stuff i got a little fan base and i'm just always you know just doing that just doing art i draw too my my dream job is not working a job and being me that's the dream job getting paid for being me so that's yeah
Ellie;345.742;347.802;control_temper (how are you at controlling your temper)
Participant;348.56;349.51;i'm pretty good
Ellie;350.798;353.848;last_argument (when was the last time you argued with someone and what was it about)
Participant;353.8;371.29;like two weeks ago i was at this after hours one i was already like super drunk and two it was after hours three it was after hours so like man i had a bunch of pens these dudes took my pens away <clears throat> pens in my like fanny pack i had like a fanny pack so i had pens in there 'cause i do art
Ellie;370.454;370.964;mhm (mhm)
Participant;372.12;410.79;he's like nah dog you can't take this in and i'm like okay for sure let me just leave 'em right here and i'll get 'em when i come out and he was like okay i come out and they're gone accidentally knock a beer over and he gets mad at me he's like you gotta go now and i'm like that wasn't my fault that was your fault but then but then while that happened my homie was getting like ambushed by these three big old security guards and then you know when i saw them put hands on my friend that's when i really lost it and i and he and i was like better let go of my friend right now he's like what you gonna do ese <spanish> and i'm like what you gonna do and then like he threw me to the ground then i and and no no he had his arm over me i put my arm over him and threw him to the ground and then it got broken up but that was the last time
Ellie;411.95;412.52;wow (wow)
Participant;412.39;413.21;i got angry
Ellie;414.819;416.169;been_hard (that sounds really hard)
Participant;416.89;419.75;it was cool it was fun life
Ellie;419.352;420.152;wild_laughter3 ((laughter))
Participant;420.29;420.75;you know
Ellie;422.335;426.125;situation_handled (tell me about a situation that you wish you had handled differently)
Participant;427.3;462.85;huh i made <gibberish> maybe that maybe that situation could've been handled differently it could've been handled differently if they would've been handling things differently then i wouldn't have to react it's not like i was mad i was acting off of reaction i had to react like that because like justice like i couldn't it was unjust it was like i'm not a mean person at all but when i saw one of my loved ones get attacked i had to like come and like you know like react to that and they were the hot
Ellie;462.225;463.255;see_mean (i see what you mean)
Participant;463.22;472.62;you know what i mean i was like yo ya niggas is tripping like yo chill out this is a tiny little white dude you're a humongous ass mexican nigga it's like you need to fall back you know what i mean it was crazy
Ellie;473.343;473.813;yeah3 (yeah)
Participant;475.93;476.73;<laughter>
Ellie;477.518;479.539;feelguilty (what's something you feel guilty about)
Participant;479.88;503.97;guilty uh i don't know i steal shit sometime from stores when i'm hungry if i got no money i guess i'm not really guilty 'cause i don't know actually yeah i don't feel guilty about that food should be free know what i mean but um yeah i don't know i lie i guess i lie <l> everybody lies sometime i lie sometimes maybe like little like idle here and there exaggerations
Ellie;501.552;502.022;mm (mm)
Participant;504.82;505.11;okay <ok>
Ellie;504.859;506.339;landed_trouble (has that gotten you in trouble)
Participant;506.61;508.0;nah nah never
Ellie;509.295;515.368;thats_good (that's good) hard_decisionB (tell me about the hardest decision you've ever had to make)
Participant;516.34;517.22;the hardest
Ellie;519.264;519.774;mhm (mhm)
Participant;520.68;552.19;i guess i don't really know what the hardest decision was but i get faced with hard decisions and those would be like i got so many friends sometimes i can't really hang out with everybody in one weekend so it's like i gotta make decisions like if i go over this sector of the town i'm gonna hang out with x y z niggas if i go over here x y z niggas so it's like heavy you know those are hard decisions 'cause i never like to let anybody down so uh yeah stuff like that deciding between friends to hang out with
Ellie;552.659;553.609;understand (i understand)
Participant;554.4;555.06;ouch
Ellie;555.3;557.974;family_relationship (tell me about your relationship with your family)
Participant;558.4;559.58;it's cool i live with my mom
Ellie;561.459;563.159;family_roleB (how close are you to your family)
Participant;563.34;568.12;i come home like every three to four days so i'm i
Ellie;567.811;570.141;influence_positive (who's someone that's been a positive influence in your life)
Participant;570.52;573.72;who what could you repeat the question
Ellie;574.128;576.458;influence_positive (who's someone that's been a positive influence in your life)
Participant;576.79;580.17;um my aunty
Ellie;581.826;582.986;tell_about_that (can you tell me about that)
Participant;583.5;589.26;oh she's just really nice she's like a little sweet little blind old lady who cooks really good
Ellie;588.687;589.367;aw (aw)
Participant;589.76;591.28;and it's tight i don't know
Ellie;593.36;599.446;okay_confirm (okay) memory_erase (tell me about an event or something that you wish you could erase from your memory)
Participant;601.12;609.0;something i could erase from my memory i wouldn't wanna erase anything from my memory 'cause that'll be like
Ellie;608.582;609.152;why2 (why)
Participant;609.79;643.8;because like the experiences you go through make you who you're who you are i think weak people like to wanna erase things or block things out like i don't that doesn't exist i mean there's shit that's been hard but i would never say i would not want that to happen 'cause you know you must you gotta learn from experience you know i mean to be the better you all that shit is like a is like test you know that bad experience is just a test you gotta overcome and be stronger and not just like curl up and be like oh my god life's hard oh you know that shit's for weak people
Ellie;642.614;643.084;uh_huh (uh huh)
Participant;644.13;651.65;i don't believe in that i have compassion for people who do get a who do wanna do stuff like that but i still like i don't see the logic in it
Ellie;652.677;653.147;mm (mm)
Participant;653.49;653.94;mm
Ellie;654.124;656.564;easy_sleep (how easy is it for you to get a good night's sleep)
Participant;657.17;668.84;i mean i stay up pretty late and do all sorts of reckless ass shit so uh but when i am home and it's pretty easy i could just go to sleep you know when i get tired i get tired yeah
Ellie;669.462;670.842;feel_lately (how have you been feeling lately)
Participant;671.89;706.82;lately i've been on this like i've been partying hella tough lately like oh my god for at least six days like today coming to do this talk to you was the first time i've been able to come back to culver city since like friday 'cause i've been downtown and then it was like cinco de mayo and it was like you know random ass parties i went to with homies smoking ridiculous amounts of cigarettes drinking beers fucking did some molly fucking did some coke fucking shit was crazy yo it was just like uh it was a rockstar weekend or a week
Ellie;706.394;706.964;wow (wow)
Participant;707.24;708.82;or type of stuff
Ellie;710.397;712.437;ptsd_diagnosed (have you ever been diagnosed with p_t_s_d)
Participant;714.0;715.8;that's post traumatic stress syndrome
Ellie;716.0;716.47;yeah3 (yeah)
Participant;716.68;717.62;no i have not
Ellie;718.297;720.107;depression_diagnosed (have you been diagnosed with depression)
Participant;720.86;722.32;i have not but i get
Ellie;721.93;724.477;happy_lasttime (tell me about the last time you felt really happy)
Participant;724.98;756.16;oh i mean shoot saturday i was hella happy <laughter> it was great but i was under the influence so but it was still great you know i was mad empathic like mad like a flirty mm i was freestyling like a g i was like kicking hella rhymes <sniffle> uh it was dope you know analyzing my life realized some stuff that i'm gonna change about my life and uh yeah it was i had a ball it was great it was awesome i <xxx>
Ellie;755.569;757.449;great_situation (that sounds like a great situation)
Participant;757.99;759.13;oh yeah it was
Ellie;760.648;762.048;feel_down (do you feel down)
Participant;762.77;778.15;no i didn't even have a crazy comedown i'm i'm like i'm chilling i definitely gained a couple pounds from last week i've been drinking a lot of beers i'm feeling a little extraneous but besides that i'm i'm ready
Ellie;779.207;779.667;okay_confirm (okay)
Participant;781.72;782.55;hmm okay
Ellie;782.414;784.104;BF_describe (how would your best friend describe you)
Participant;784.87;802.29;i don't know as a lovable dude people be loving me man they don't like me they love me and that shit's crazy i just you know i just try to be happy i try to make people happy and just you know <sniffle> be real posi-core as they've said like this is hella positive <p> positive you know
Ellie;800.649;807.375;mhm (mhm) self_change (what are some things you wish you could change about yourself)
Participant;808.29;839.8;man i really don't wish i could i mean i'd lose weight i guess that's about it but besides that i that's i mean i ride bikes every day like my legs are pretty strong maybe i'd just get more buff in the arm but that's about the only thing i would change and i don't really <r> i'm not really in a hurry to change that like if that happens just through me living and me biking more then yeah cool but i don't not <n> i'm not you know abrupt change i don't need i mean gradual change sure but i'm not i don't know yeah i wouldn't change anything but if i would it would be that but really nothing 'cause i'm chilling right now
Ellie;835.101;847.423;mm (mm) feelbadly (tell me about a time when someone made you feel really badly about yourself)
Participant;847.34;870.89;uh i don't know i got broken up with like in august that made me feel bad about myself i guess and yeah it was just somebody i was going out with but they just broke up with me and like that shit sucked but that was probably the last time like i felt really bad about myself <cough>
Ellie;871.091;872.251;tell_about_that (can you tell me about that)
Participant;873.19;875.32;um what exactly do you wanna know about that
Ellie;876.761;877.961;mind (whatever comes to your mind)
Participant;878.29;894.92;oh like um i don't know we were just going out and then she was just hella jealous and was going through my phone sometimes and accusing me of shit but then she ended up breaking up with me just 'cause she wanted to like mess around with other people and that was the relationship in a nutshell
Ellie;896.436;897.276;that_sucks (that sucks)
Participant;897.77;902.69;uh life sucks you gotta adapt and change man know what i mean
Ellie;903.925;904.395;yeah3 (yeah)
Participant;905.85;907.75;don't walk from it run to what'd you say
Ellie;906.084;909.928;regret (is there anything you regret) regret (is there anything you regret)
Participant;912.46;918.0;yeah that bitch gave me s_t_ds that shit sucks fucking a that's the only thing i regret
Ellie;917.304;918.374;sorry_hear (i'm sorry to hear that)
Participant;918.35;933.75;yeah man it's a cold game but i i got the shot it was cool i'm like boom clean but that's about it i don't know she's a cool person we still hang out you know she keep losing i'm just gonna keep winning know what i mean don't run from it run to it know what i mean
Ellie;934.224;934.694;yeah3 (yeah)
Participant;934.99;943.19;<laughter> wait wait ten <t> ten or twenty years ago
Ellie;944.593;945.063;uh_huh (uh huh)
Participant;945.8;954.27;i i was only seven years old you what do i tell my seven year old self he wouldn't be able to comprehend the advice i would give what <w> what'd you say
Ellie;952.339;956.439;yes (yes) yeah3 (yeah)
Participant;956.58;968.31;oh oh oh yeah he wouldn't um be able to comprehend the advice i'd give him i'd be like just um fucking read a little more books or something dude like
Ellie;968.553;969.353;wild_laughter3 ((laughter))
Participant;968.76;977.79;uh i don't know man fucking it's gonna be okay you're you you you're great just keep doing <ts> cool shit and have a ball
Ellie;977.071;977.871;wild_laughter3 ((laughter))
Participant;979.05;1014.92;i don't know i wouldn't know i wouldn't wanna alter young me actually and this is why i say this because if i would to tell my young self to do something differently i would not have grown into the person i am right now to even be able to tell my young self something if if <i> if the laws of quantum physics and all that shit is real and time travel you know anything i do in the past would this life would be now be a variable so me going back there telling him to do something differently will alter the course of history and then the time stream that i'm in may not may cease to exist
Ellie;1010.103;1015.863;right2 (right) yeah3 (yeah)
Participant;1015.45;1029.09;you know what i'm saying so i really wouldn't wanna do that i'll just be like do fuck up fuck up more even but yeah make more mistakes 'cause the only way to to be a better person is to make hella mistakes you know at least that
Ellie;1028.546;1029.576;see_mean (i see what you mean)
Participant;1029.65;1045.73;at least that's like my my reckless like mindstate like yo if you're gonna fuck up fuck up hard 'cause you'll learn more from it you know they say what do they say um experience is the best professor you know what i'm saying that's basically what that that's how i jive you know what i mean
Ellie;1042.599;1043.069;yeah3 (yeah)
Participant;1046.19;1046.67;<sniffle>
Ellie;1048.273;1050.573;Ellie17Dec2012_08 (what are you most proud of in your life)
Participant;1050.49;1094.18;i'm proud of this life that i'm here doing stuff like this <laughter> like i'm like so stoked i've been around the country i've been on people's albums i write i do voiceover works from time to time and yeah i people know me i rap i ride bikes i've infiltrated multiple subculturals i mean subcultures and types of people in the city scrubbed_entry and um yeah man i don't know i guess it's like i live my life like i'm running for mayor but i'm not really running for mayor i'm just running to be the best me i can be so i'm kissing hands and shaking babies along the way and it it's been a rad fantastic time and it could only get bigger and better
Ellie;1095.325;1096.225;thats_great (that's great)
Participant;1097.52;1097.88;<sniffle>
Ellie;1097.58;1100.02;asked_everything (okay i think i have asked everything i need to)
Participant;1100.01;1100.7;are you sure
Ellie;1101.969;1102.479;mhm (mhm)
Participant;1102.77;1103.71;woah
Ellie;1103.339;1104.779;appreciate_open (thanks for sharing your thoughts with me)
Participant;1104.79;1106.27;totally that's crazy
Ellie;1105.876;1106.486;bye (goodbye)
Participant;1106.73;1109.11;bye i love you
Ellie;1111.133;1111.563;me_too (me too)
Participant;1111.74;1114.53;<laughter> you love you too
Ellie;1115.705;1116.175;yeah3 (yeah)
Participant;1116.24;1118.21;that's tight should i press the button now or what
Ellie;1119.565;1120.035;uh_huh (uh huh)
Participant;1120.28;1130.52;oh okay okay well can you wave do you do that do you wave oh you don't wave okay for sure bye
