speaker;start_time;stop_time;text
Participant;15.9;16.68;<synch>
Ellie;32.271;53.811;IntroV4Confirmation (hi i'm ellie thanks for coming in today i was created to talk to people in a safe and secure environment i'm not a therapist but i'm here to learn about people and would love to learn about you i'll ask a few questions to get us started and please feel free to tell me anything your answers are totally confidential are you ok with this)
Participant;53.92;54.48;yes i am
Ellie;55.518;59.43;okay_confirm (okay) how_doingV (so how are you doing today)
Participant;59.34;61.0;i'm doing very good today
Ellie;62.159;65.024;thats_good (that's good) where_originally (where are you from originally)
Participant;65.12;69.05;i'm originally from chicago illinois moved out here when i was three
Ellie;68.807;69.397;really (really)
Participant;70.985;71.315;yes
Ellie;72.136;74.036;often_backB (how often do you go back to your hometown)
Participant;74.355;75.065;i never go back
Ellie;76.265;76.835;why2 (why)
Participant;78.02;78.98;family issues
Ellie;80.614;84.442;see_mean (i see what you mean) compares_LA (how does it compare to l_a)
Participant;86.22;103.78;it depends on what you're into if you're into um the fast life and hollywood it doesn't compare at all um if you're into the cold weather then you would rather be out there i i like the sun
Ellie;104.897;105.407;mhm (mhm)
Participant;106.93;107.12;i'll
Ellie;107.038;108.058;why_LA (why did you move to l_a)
Participant;109.19;110.73;my mom and my dad split up
Ellie;113.209;113.949;im_sorry (i'm sorry)
Participant;114.255;114.99;<laughter> it's okay
Ellie;116.163;118.633;adapted_LA (how easy was it for you to get used to living in l_a)
Participant;120.45;123.26;i have no idea i was only three when i moved out here
Ellie;124.779;128.468;okay_confirm (okay) like_about_LA (what are some things you really like about l_a)
Participant;129.29;146.48;i like the sunshine i like the weather i like the balance of the weather we have in the spring winter fall and and and the summer i like the beaches i like hollywood i like that the lakers are here and and
Ellie;146.278;147.078;wild_laughter3 ((laughter))
Participant;146.96;165.58;<laughter> i love um the people is it's a different variety i think l_a is a microcosm of the united states people from all over the world come to the united states and people from all over the country and all over the world they come to l_a for a better opportunity so that's what i like about l_a
Ellie;156.059;168.669;yeah3 (yeah) dont_like_LA (what are some things you don't really like about l_a)
Participant;168.34;169.67;oh gang violence
Ellie;172.904;181.493;understand (i understand) travel_shoes (i'm sure you can tell by my shoes i'm not much of a world explorer do you travel a lot)
Participant;179.6;195.52;<laughter> no not really i've traveled one time to arizona and one time to stockton california and another time to barstow california but i don't do much traveling right now mainly because of finances
Ellie;197.281;199.724;yeah3 (yeah) study (what did you study at school)
Participant;199.67;201.32;i studied alcohol and drug counseling
Ellie;202.732;206.476;cool3 (cool) hard_decision (how did you decide to do that)
Participant;208.16;240.4;i just felt it in my i just felt it in my heart that that's what i was supposed to be doing with my life is helping people overcome their addictions so um that was a kinda easy choice i got some advice from people and i just went into it to do it just just to see what it was and i finished school and did a intership and got hired and so i believe that's what i'm supposed to be doing with my life
Ellie;241.384;242.644;still_working_on_X (are you still working in that)
Participant;243.02;267.095;i'm not working right now i actually moved away and i had to <deep breath> i was married and we had to move away we moved away because rent was cheaper so i actually had to give up that job um in order to make that move but since i came back down i've been filling out applications and sending resumes and trying to get interviews so i can get back into counseling
Ellie;268.221;269.161;difficult (how hard is that)
Participant;269.73;321.59;well it can be it can be very difficult at times because um i have a felony uh and and so i can't work with the youth and i can't work with the elderly and but the regular dopes i can and then you have to be certified and i'm not certified yet you have to work a certain amount of hours in order to be certified before they even allow you to take the test you have to work a certain amount of hours so right now i'm just trying to get into um interns you know try to intern and show people what i can do as a counselor because everything about me is not seen on my resume and um yeah they just want people to be certified um not being certified um the experience and the fact that i have a felony makes it hard
Ellie;322.724;325.552;mm (mm) dream_job (what's your dream job)
Participant;326.84;335.115;<laughter> my dream job is to open my own facility um or or as an author
Ellie;338.484;345.544;cool3 (cool) shyoutgoing (do you consider yourself more shy or outgoing)
Participant;345.695;369.59;you know that depends <de> that depends on on on people mainly i mainly adapt my personality to the people that i'm around if people are perky then i'm gonna be perky if they're standoffish then i may seem shy but i'm not shy i'm just giving 'em their space and allowing them to decide when they wanna open up but if people open up right away then i open up right away
Ellie;366.344;385.424;uh_huh (uh huh) okay_confirm (okay) relax_fishtank (sometimes when i'm feeling tense i turn on the fish tank screensaver hey i know it's not hawaii but it's the best i've got what do you do to relax)
Participant;381.025;404.82;<laughter> i i mainly listen to music or i watch youtube write poetry um or i just close my eyes and just lay down and pretend like i can sing which i can't so <laughter> that's
Ellie;402.892;403.692;wild_laughter3 ((laughter))
Participant;407.25;412.58;and another thing i do is i eat ice cream <laughter>
Ellie;413.609;417.752;nice (nice) control_temper (how are you at controlling your temper)
Participant;418.055;472.315;controlling my temper i'm very very good at it it depends on what it is i have to say that last time i lost my temper it was because i felt like somebody was um scaring my mother so i lost my temper but ninety nine times out of hundred i don't lose my temper don't like to raise my voice and i just like to be calm and cool and i like everybody to be comfortable i don't want anybody to be frightened or anything there's no reason for anybody to be frightened and for us to be angry and you know taking out our past frustrations out on people who had nothing to do with it i just believe that and and i believe um angry outbursts to be a link to um heart problems and high blood pressure so i definitely don't want that
Ellie;473.16;478.469;yeah3 (yeah) situation_handled (tell me about a situation that you wish you had handled differently)
Participant;480.28;556.27;well i was just telling you about um it was it was my mother's husband and to tell you the truth um i could've handled that differently but when i seen the look in my mama's eyes of fear i just lost it and i snapped you know i told my mother uh like um i don't like this uh you need you need to take care of this because i'm don't know how long i can keep my composure as far as this 'cause i've been seeing this guy mistreat my mother mistreat my mother but that's her husband and so i kept my distance in their relationship but when i saw her having fear in her eyes that triggered a part of me um that i don't like very much because i know if i get angry i usually stay angry for a long time so i should've just left i should've just left and then went home and rested and got up in the next morning went to church but um yeah it we had a big time explosion and that created and that created a lot of damage for about six to nine months so yeah those six nine months i can't get back
Ellie;554.369;559.032;hmm_downer (hmm) been_hard (that sounds really hard)
Participant;558.775;559.405;yes
Ellie;560.932;563.617;family_relationship (tell me about your relationship with your family)
Participant;563.875;610.6;well my brother's in prison um i haven't seem him in twenty years he's been there twenty years my sister moved to chicago thirteen years ago i haven't seen her since then so i'm only close to my mother and um my son i haven't seen him in five years and i'm still looking for him and waiting for the day i see him again and how that's gonna turn out for me i've just you know i have small family and i have family in chicago but i don't mess around with that side of the family just just because um of what i seen and heard so i just don't want it to happen to me at all so i just keep my distance
Ellie;609.86;614.907;mm (mm) influence_positive (who's someone that's been a positive influence in your life)
Participant;614.97;680.46;someone who's been a positive influence <inf> influence in my life i would say scrubbed_entry taught me how to get my temper under control and how to express my emotions without me <m>  me expressing my emotions being threatening to someone else and taught taught me how how to like monitor my emotions and monitor my thoughts and how strong my thoughts are and when they're really strong that's when i just need to be quiet until that intense fizzling subsides and then i can speak rationally and not just emotionally um and of course um he's he was the one that encouraged <enc> told me that i should look into being a drug and alcohol counselor um he got twenty seven years clean and sober right now he used to live on skid row and he <h> the way he changed his life around and you know the way he approached me as a father was just something that i'll never forget
Ellie;682.067;687.958;good_hear (that's so good to hear) feelguilty (what's something you feel guilty about)
Participant;688.375;739.33;feel guilty about my grandfather um passed away in two thousand four and at that time i was just getting out of prison um two thousand two i was just getting out of prison and he came to see me and he told me in so many words that he wasn't gonna be around for that much longer but i didn't get it 'cause i had a lot of drugs and alcohol in my life at the time and my life was crowded with things that i considered to be more important than that plus the fact i didn't understand him what he was saying but when he died i figured out that he was telling me that i should probably spend more time with him before it's time for him to go but i couldn't see it then and
Ellie;738.983;739.423;yeah_downer (yeah)
Participant;740.725;744.29;i feel i think about it all the time
Ellie;747.241;753.261;okay_confirm (okay) memory_erase (tell me about an event or something that you wish you could erase from your memory)
Participant;753.83;784.49;something i can erase from my memory huh would be the day my brother hit my mom i always replay that over and over and over and over in my mind and it's like that's one memory i just i can just go without replaying in my mind over and over and over and over and over again so yeah that day that memory right there
Ellie;785.41;786.95;describe_felt (how did you feel in that moment)
Participant;790.12;795.5;i felt conflicting feelings because on one hand
Ellie;795.514;796.054;like_what (like what)
Participant;796.68;809.69;on one hand my brother was protecting me from getting beat and on the other hand he was hitting my mom so was kinda in the middle
Ellie;811.447;815.518;yeah_downer (yeah) easy_sleep (how easy is it for you to get a good night's sleep)
Participant;815.805;827.63;uh most nights i don't i go to sleep maybe three in the morning and i'm probably <prob> i'm more than likely up at seven in the morning so i don't get much sleep
Ellie;830.025;831.805;sleep_affects (what are you like when you don't sleep well)
Participant;833.07;858.4;it it depends it depends on the environment i'm in um if i don't sleep well i'm going eventually i'm gonna be irritable but it doesn't happen right away it depends on my environment and who's around me if there are difficult people that's gonna be a challenge for me and um if people are easygoing no one will even know that i didn't get much sleep
Ellie;860.299;864.19;see_mean (i see what you mean) feel_lately (how have you been feeling lately)
Participant;864.9;931.27;how i been feeling lately i just been feeling like that things are about to start going better for me um making some better decisions um taking advantage of the opportunities that come to me taking advantage of my talents taking advantage of meeting the right people that can um open the right doors for me so i'm very enthusiastic about that even if it doesn't happen i'll send out a million resumes i don't care if i get five interviews i'm i will never stop because i know know that being a counselor is my life mission and and um i'm also destined to be a writer and it's just a matter of time before my book is out there and people um know about me because i've had a lot of time to study human behavior and things like that and i have a lot to offer humanity so it's just a matter of time before um the that the public is exposed to what um i've been gathering
Ellie;932.215;938.005;thats_good (that's good) behavior_changes (have you noticed any changes in your behavior or thoughts lately)
Participant;937.96;1006.895;my behavior i'm more mellow um i laugh more more humorous i let a lot of things go that i used to just let tick me off and anger me and things that i can't control like trying to control people or or or trying to make sure people don't betray me and mm you <y> you just can't control that i think i matured mentally and psychologically eh and the um acquisition of a sense of humor was a major major breakthrough for me so i know my thoughts have changed and with my thoughts changing my behavior has changed i still have to monitor it um my thoughts and my behavior i still have to monitor them but overall i'm you know um back then i just tolerated myself now i um actually like myself and um it will behoove <beh> behoove you to feel the same way
Ellie;1008.297;1012.317;okay_confirm (okay) ptsd_diagnosed (have you ever been diagnosed with p_t_s_d)
Participant;1012.64;1013.83;no no i haven't
Ellie;1014.652;1016.462;depression_diagnosed (have you been diagnosed with depression)
Participant;1016.54;1016.83;no
Ellie;1018.245;1020.792;happy_lasttime (tell me about the last time you felt really happy)
Participant;1021.29;1025.39;last time i felt happy was last night 'cause the lakers won the basketball game
Ellie;1026.906;1027.626;awesome (awesome)
Participant;1027.115;1029.38;<laughter> yeah
Ellie;1029.216;1030.906;BF_describe (how would your best friend describe you)
Participant;1030.92;1034.87;my best friend would describe me um he calls me the truth
Ellie;1037.073;1037.643;why2 (why)
Participant;1037.42;1076.37;because i always tell the truth and people try to hide stuff and i always reveal it they can't hide it from me um i have a statement that says i see through you like a clear glass with nothing in it and i see stuff days and months before they start happening i i know human behavior when i see it and i sniff it out real well and it's just a gift that was given to me so he calls me the truth um because of how i interact with people and how people um have to come clean with me because when they look at me they know that i see through them like i said like a clear glass with nothing in it and
Ellie;1076.486;1077.056;wow (wow)
Participant;1076.97;1080.78;yes that's why he calls me the truth <laughter>
Ellie;1082.413;1085.304;self_change (what are some things you wish you could change about yourself)
Participant;1085.42;1162.85;um i wish i would've never well obviously i wish i would've never went to prison um i wish that i could change well um my economic status my employment status and um my teeth that's like a problem area for me i did a lot of stupid things years ago and they caught up with me and i didn't take care of my teeth and now that i need to be um confident about myself as i can be you know it always comes up every now and then you know the thought like i wonder if they looking at my teeth i wonder if they're looking at my teeth i never get the sign <si> i never get the impression that they are but in the back of my mind there's these thoughts that says are they looking at my teeth so i would really change that and i would change my physical um size i think i would like to be at least thirty five pounds heavier but i'm working on it
Ellie;1163.998;1169.335;okay_confirm (okay) advice_back (what advice would you give to yourself ten or twenty years ago)
Participant;1169.16;1200.52;twenty years ago which would make me eighteen i would've at that time i was a big time um high school basketball player for fremont high school and i had colleges coming to see me and i would've given myself the opportunity was to stay away from the troublemakers because i didn't and i blew my opportunity to play college basketball for duke blue devils and who knows i could've been playing for the lakers last night but hey
Ellie;1202.344;1207.135;yeah3 (yeah) Ellie17Dec2012_08 (what are you most proud of in your life)
Participant;1206.5;1275.29;i'm most proud of the fact that you know what i'm most proud of my mom really really um she graduated from school she had a full-time job she had a full-time job um she would wake up at five in the morning go to work get off her job at three thirty go straight to the college leave the college at nine o'clock at night she does this five days a week and still had the strength to maintain um she was on the dean's list and the president's list so doing all of this you know when they say xxx that older people can't do things i i just think that dispels that rumor um and she recently got her um license as a evangelist in the church so i'm just real proud of that and um her life has been affecting people in a in a positive way so yeah my mom
Ellie;1276.087;1283.5;thats_great (that's great) asked_everything (okay i think i have asked everything i need to) appreciate_open (thanks for sharing your thoughts with me)
Participant;1283.07;1284.33;<laughter> okay thank you
Ellie;1285.299;1285.909;bye (goodbye)
Participant;1285.68;1286.18;goodbye
