speaker;start_time;stop_time;text
Participant;10.77;11.65;<synch>
Ellie;32.152;53.692;IntroV4Confirmation (hi i'm ellie thanks for coming in today i was created to talk to people in a safe and secure environment i'm not a therapist but i'm here to learn about people and would love to learn about you i'll ask a few questions to get us started and please feel free to tell me anything your answers are totally confidential are you ok with this)
Participant;53.54;54.06;yes
Ellie;55.422;59.115;okay_confirm (okay) how_doingV (so how are you doing today)
Participant;58.91;60.17;doing pretty good thank you
Ellie;61.417;64.782;thats_good (that's good) where_originally (where are you from originally)
Participant;64.77;65.42;maryland
Ellie;66.583;67.173;really (really)
Participant;66.96;67.49;yes
Ellie;68.703;69.783;when_LA (when did you move to l_a)
Participant;70.14;72.96;eighty five yeah
Ellie;73.361;74.661;long_time (that's a long time)
Participant;73.95;75.27;yeah it is a long time
Ellie;76.458;78.358;often_backB (how often do you go back to your hometown)
Participant;78.42;80.38;um not as often as i'd like
Ellie;81.652;82.222;why2 (why)
Participant;82.26;85.96;um out of work so you know the money issue
Ellie;87.529;88.479;understand (i understand)
Participant;88.07;88.43;yeah
Ellie;89.642;91.262;compares_LA (how does it compare to l_a)
Participant;91.76;116.99;um maryland uh is different it and so the comparison is the only comparison is that um they're both cities but uh maryland has its flavor and l_a has its own flavor so they have unique you know characteristics about themselves
Ellie;113.811;119.29;mhm (mhm) why_LA (why did you move to l_a)
Participant;119.83;146.89;i moved to l_a uh because i was living in hawaii and um i was out of money and i just had enough for a plane ticket uh and come and stay um uh here in a hotel until i found a job which i did really quickly but anyway so that's why i came here i didn't wanna go home um i decided to come here and just start over
Ellie;148.311;149.311;happy_didthat (are you happy you did that)
Participant;148.84;150.15;i am i am
Ellie;151.505;152.405;thats_great (that's great)
Participant;151.7;151.9;yeah
Ellie;153.508;155.978;adapted_LA (how easy was it for you to get used to living in l_a)
Participant;155.68;160.25;um it was real easy just did it
Ellie;161.969;164.079;like_about_LA (what are some things you really like about l_a)
Participant;164.88;184.45;i like i like l_a's weather i like uh the different areas in uh los angeles county uh west l_a east l_a um uh i like southern california you know period so uh you know i like the people but um
Ellie;182.029;182.499;uh_huh (uh huh)
Participant;185.14;192.34;yeah so i like the um the attitude you know the l_a attitude so yeah
Ellie;193.814;196.164;dont_like_LA (what are some things you don't really like about l_a)
Participant;196.71;217.88;um i don't like um i don't like some of the uh policies with regard to um uh the smoking you know i really wish that the uh government would crack down on smoking on the streets make it like u_s_c
Ellie;217.822;218.852;see_mean (i see what you mean)
Participant;218.27;218.58;yeah
Ellie;221.611;228.054;travel_shoes (i'm sure you can tell by my shoes i'm not much of a world explorer do you travel a lot)
Participant;226.94;232.51;no not outside of uh uh getting on the bus and things like that
Ellie;234.794;237.581;okay_confirm (okay) study (what did you study at school)
Participant;237.99;239.61;i was studying to be a nurse
Ellie;241.578;242.708;sounds_interesting (that sounds interesting)
Participant;242.18;242.69;yeah
Ellie;243.512;244.922;hard_decision (how did you decide to do that)
Participant;245.36;260.11;i wanted to uh have a job that pays well but uh afforded me um the opportunity to use my um service gift so yeah
Ellie;259.867;263.33;uh_huh (uh huh) still_working_on_X (are you still working in that)
Participant;263.29;274.62;no i had to put that uh put that on the side and uh i want to get a business degree now yeah
Ellie;274.572;274.982;cool3 (cool)
Participant;274.95;275.29;<laughter>
Ellie;275.713;276.913;dream_job (what's your dream job)
Participant;277.2;285.98;my dream job is um is to create new technology
Ellie;288.736;289.896;tell_about_that (can you tell me about that)
Participant;291.33;300.11;mm other than to say i would like to uh create something that would change the world like steve jobs with his iphone
Ellie;302.776;303.416;thats_good (that's good)
Participant;302.88;303.28;yeah
Ellie;306.522;310.941;shyoutgoing (do you consider yourself more shy or outgoing)
Participant;309.08;318.6;i am it depends on the situation but i'm more outgoing i do tend towards a little shyness from time to time
Ellie;321.363;333.125;relax_fishtank (sometimes when i'm feeling tense i turn on the fish tank screensaver hey i know it's not hawaii but it's the best i've got what do you do to relax)
Participant;323.08;336.67;mhm mm mm <laughter> um what i do is i'll go to the movies
Ellie;339.453;340.993;bouts_symptoms (when was the last time that happened)
Participant;340.94;347.8;um i went to the movies probably like uh maybe five weeks ago yeah
Ellie;349.0;353.751;okay_confirm (okay) last_argument (when was the last time you argued with someone and what was it about)
Participant;354.87;420.97;um well i had a argument recently not really a argument but a disagreement with a woman at my church who um is over this particular department that i'm in and it's a volunteer position uh i use my uh administrative assistant um more executive assistant skills to uh to uh i do minutes for meetings that i cover and um and so then i have to um produce the minutes and send them to everybody and things like that and uh this person um is micromanaging me uh but not micromanaging the other uh admin assistant who did not get her block of people into this particular meeting so the meeting should've been comprised of a hundred people but we had like maybe thirty no wasn't even thirty twenty yes <laughter> so um
Ellie;418.406;418.976;wow (wow)
Participant;421.33;436.01;now she doesn't know that i realize you know that part of it so um there was a little bit of a argument and uh but again not a argument but a disagreement and when we talk again i will
Ellie;434.073;434.513;yeah_downer (yeah)
Participant;436.61;454.73;point out to um the person that's over both of us that there is a disconnect and um the the energy she <sh> she's investing uh in me is uh unprofitable for what we're trying to achieve don't that doesn't that sound good <laughter>
Ellie;452.872;453.902;see_mean (i see what you mean)
Participant;455.86;456.31;yeah
Ellie;455.972;459.022;yeah_downer (yeah) describe_felt (how did you feel in that moment)
Participant;459.45;464.71;well a little attacked you know so
Ellie;466.886;471.334;okay_confirm (okay) control_temper (how are you at controlling your temper)
Participant;472.2;492.3;it depends on i'm very good at controlling my temper it's uh you know there are places where you can allow your temper to come out even though it might not be appropriate and then there are other places where if it comes out then you shot yourself in the foot so uh i'm pretty good at controlling my temper
Ellie;493.787;494.427;thats_good (that's good)
Participant;493.82;494.26;yeah
Ellie;495.54;499.322;situation_handled (tell me about a situation that you wish you had handled differently)
Participant;500.38;526.01;um i don't have any situation recent that i can think of um probably say um just dealing with a neighbor uh instead of uh uh responding to the neighbor just ignore the neighbor altogether so i wish i had done that differently
Ellie;527.149;527.659;mhm (mhm)
Participant;527.24;527.53;yeah
Ellie;528.722;532.322;hard_decisionB (tell me about the hardest decision you've ever had to make)
Participant;532.47;540.71;hmm thankfully i've not had to make that type of decision in my life as yet
Ellie;543.73;544.19;okay_confirm (okay)
Participant;543.74;544.19;mhm
Ellie;546.893;551.014;memory_erase (tell me about an event or something that you wish you could erase from your memory)
Participant;551.66;613.51;hmm um mm i have um what i do in my life and and you know in my going forward you know um everything that i've done and everything that has happened i accept it as something that has to be to get me to go forward uh i am a born again christian and so i know that that god is sovereign over my life uh and also that according to his word the bible says that every day of our life is written in his book so events and circumstances um i feel that i feel they are ordained by god now obviously i'm not going to um jump into a burning fire or do anything ridiculous but um
Ellie;612.575;612.965;right2 (right)
Participant;615.46;632.9;i feel that things that had happened <hap> that have happened even if i've dealt with them the wrong way uh it's god's sovereignty <s> his total sovereignty has control over that and it will work for my good so that's how i feel
Ellie;634.131;639.923;mm (mm) family_relationship (tell me about your relationship with your family)
Participant;640.15;649.94;um i have all brothers and so i'm not really that close with my brothers and my mother
Ellie;649.92;652.25;influence_positive (who's someone that's been a positive influence in your life)
Participant;652.33;653.04;say that again
Ellie;654.367;656.697;influence_positive (who's someone that's been a positive influence in your life)
Participant;656.73;677.56;um people that i've grown up with um neighbors from when i've uh when i was younger uh that i was close to um uh different friends uh that i've had along the way uh friends who are more like family so yeah
Ellie;677.675;678.185;mhm (mhm)
Participant;678.71;680.13;they've had positive influence
Ellie;682.106;684.546;easy_sleep (how easy is it for you to get a good night's sleep)
Participant;684.76;692.8;that's i get i sleep too well <laughter> so i sleep well every night so
Ellie;693.45;694.83;feel_lately (how have you been feeling lately)
Participant;695.95;699.88;normal but i my normal i've been feeling my normal
Ellie;702.251;705.421;behavior_changes (have you noticed any changes in your behavior or thoughts lately)
Participant;705.33;705.75;no
Ellie;708.664;710.704;ptsd_diagnosed (have you ever been diagnosed with p_t_s_d)
Participant;710.45;710.8;no
Ellie;712.174;713.984;depression_diagnosed (have you been diagnosed with depression)
Participant;714.05;714.62;no
Ellie;716.399;718.946;happy_lasttime (tell me about the last time you felt really happy)
Participant;720.2;755.63;um that was recent something happened um i was um able to participate um with um my church on sunday with <wi> i was a pentecost it was pentecost sunday meaning it was fifty days after the resurrection of jesus christ and so i was able to participate uh in our prayer session that we had at my church and uh that was really made me very happy so
Ellie;755.849;757.209;good_hear (that's so good to hear)
Participant;756.76;757.17;mhm
Ellie;758.582;760.272;BF_describe (how would your best friend describe you)
Participant;761.27;777.05;that uh i'm smart they would say that i'm smart that uh that i handle difficulties very well um and that i dress well <laughter>
Ellie;778.523;779.323;wild_laughter3 ((laughter))
Participant;778.56;779.0;<laughter>
Ellie;782.281;785.172;self_change (what are some things you wish you could change about yourself)
Participant;785.82;818.54;um i don't wanna change anything i do want to just be a better me so be a better person uh so um i am working on uh listening better uh communicating better uh and and uh accepting my uh weaknesses better as well as my strengths
Ellie;820.594;823.686;okay_confirm (okay) regret (is there anything you regret)
Participant;823.99;824.29;no
Ellie;826.521;829.471;advice_back (what advice would you give to yourself ten or twenty years ago)
Participant;831.26;865.45;mm that's a good question i would have uh i would've told myself to to uh do what i know to do to do what i know uh that which is right and um ooh xxx uh to do what i know is right and uh let everything else let the other chips fall where they may but to do what i know to do is right
Ellie;864.469;864.979;mhm (mhm)
Participant;865.97;866.86;and to go forward
Ellie;868.584;873.066;mm (mm) Ellie17Dec2012_08 (what are you most proud of in your life)
Participant;873.67;882.36;um i am very proud of the fact that uh i don't give up
Ellie;886.374;892.368;asked_everything (okay i think i have asked everything i need to) appreciate_open (thanks for sharing your thoughts with me) bye (goodbye)
Participant;891.8;894.68;bye and thank you see ya'll <laughter>
