speaker;start_time;stop_time;text
Ellie;53.403;67.746;hi i'm ellie thanks for coming in today i was created to talk to people in a safe and secure environment i'm not a therapist but i'm here to learn about people and would love to learn about you i'll ask a few questions to get us started
Participant;67.623;70.843;<laughter>
Ellie;68.385;74.8;and please feel free to tell me anything your answers are totally confidential are you okay with this
Participant;74.83;76.181;<laughter> yeah <laughter>
Ellie;76.573;80.22;okay so how are you doing today
Participant;80.03;81.43;<laughter> i'm doing good
Ellie;82.145;82.625;that's good
Participant;82.17;84.5;<laughter>
Ellie;84.215;85.475;where are you from originally
Participant;85.75;87.5;uh arizona
Ellie;88.236;90.551;really why'd you move to l_a
Participant;91.595;96.245;uh because of acting and other stuff like that entertain <entertai> enterainment industry
Ellie;97.005;100.497;mhm are you still working in that
Participant;101.155;104.66;no not at the moment at least
Ellie;103.972;104.754;what do you do now
Participant;107.58;109.72;um currently <curr> uh currently a student
Ellie;111.436;117.026;okay what are some things you like to do for fun
Participant;118.07;126.618;uh i produce hip hop uh well i rap and produce hip hop i play video games and then hang out with people
Ellie;127.463;131.426;awesome do you consider yourself an introvert
Participant;133.295;133.795;no
Ellie;135.77;140.218;okay how are you at controlling your temper
Participant;140.945;142.335;not very good i break things
Ellie;144.608;147.609;when was the last time you argued with someone and what was it about
Participant;148.615;151.215;uh on the way over here my mom and how to get here
Ellie;153.199;161.408;i'm sorry what are some things you really like about l_a
Participant;162.46;162.99;the beach
Ellie;166.363;167.335;that makes sense
Participant;167.117;169.635;<laughter> it's a fucking computer dude
Ellie;169.959;170.829;do you travel a lot
Participant;171.92;181.552;uh no the last place i went was los cabos <cabo> no not los cabos uh fuck where'd i go somewhere in mexico
Ellie;182.632;188.485;cool have you ever served in the military
Participant;188.76;189.12;no
Ellie;189.828;191.758;have you ever been diagnosed with p_t_s_d
Participant;191.925;192.365;no
Ellie;193.335;195.081;have you been diagnosed with depression
Participant;195.368;195.768;yes
Ellie;197.081;198.835;how long ago were you diagnosed
Participant;199.387;201.849;uh like four years ago
Ellie;204.618;207.006;okay do you feel down
Participant;207.962;208.732;right now no
Ellie;210.444;214.558;mhm how easy is it for you to get a good night's sleep
Participant;215.843;217.113;lately not very easy
Ellie;219.804;220.924;do you feel that way often
Participant;223.871;224.701;no just lately
Ellie;227.101;228.481;could you say a little more about that
Participant;231.225;241.128;uh well my wife left like three weeks ago and after that i haven't been able to sleep
Ellie;242.41;250.448;i'm sorry to hear that how do you cope with them
Participant;252.507;262.786;uh i don't know i just bury me head in stuff i don't know i just do stuff i try to keep my mind off of it like do yoga and other things to keep my mind off of everything
Ellie;263.794;269.071;okay do you still go to therapy now
Participant;269.764;271.384;i don't have i never went to therapy
Ellie;274.703;275.073;why
Participant;275.666;276.916;wait no i did go to therapy
Ellie;279.009;280.573;when was the last time that happened
Participant;283.91;302.217;like three four years ago 'cause i went to a separate therapist but then i went to a a thing where i they they did a bunch of uh cognitive tests <te> tests and memory tests and then she diagnosed me with a type of depression that lasts for a long time like i get depressed and it last for months on end
Ellie;302.816;303.236;mhm
Participant;303.646;304.656;yeah uh
Ellie;308.875;310.035;do you feel like therapy's useful
Participant;312.054;322.138;to be honest i don't know i think it's more about like you focusing on yourself and like i don't know i don't know how to explain that it's like you have to figure out things within yourself you don't need someone else to talk to
Ellie;323.116;326.705;i see what you mean what got you to seek help
Participant;329.071;333.731;well originally when i went to a therapist i was court ordered now i wanna go to therapy for my anger management though
Ellie;336.058;338.617;okay what were your symptoms
Participant;341.872;342.952;i don't know what the fuck
Ellie;346.251;351.141;let's come back to that later have you noticed any changes in your behavior or thoughts lately
Participant;348.497;361.515;<laughter> i mean my wife left like three weeks ago so yes <laughter>
Ellie;366.707;367.68;how hard is that
Participant;371.275;373.635;uh it's probably the hardest thing i've ever done so yeah
Ellie;376.862;386.246;i understand what advice would you give yourself ten or twenty years ago
Participant;392.1;403.016;well considering i'm only nineteen if i could go back nineteen years i would say not to fuck up and let myself get depressed about certain things that would've drove away my wife and not to be angry
Ellie;406.205;408.601;hmm is there anything you regret
Participant;410.524;413.964;yeah driving away my wife <laughter>
Ellie;415.007;416.747;could you have done anything to avoid it
Participant;417.709;419.739;yes many many things every day <d> every day
Ellie;423.481;424.251;tell me about that
Participant;427.614;432.348;well i could've not broken stuff and i could've uh
Ellie;431.171;431.561;mhm
Participant;434.267;450.054;stopped uh like i was basically blocking out the external universe and i was putting everything into myself and like focusing on other things so that i don't focus on the real life i was basically escaping and so in that sense i wasn't paying attention to her and that's basically why she left
Ellie;446.288;446.758;uh huh
Participant;450.729;456.356;i mean that and being angry 'cause like both contributed their own proportion
Ellie;457.764;458.154;okay
Participant;458.196;458.936;their own portion
Ellie;462.307;464.697;when was the last time you felt really happy
Participant;470.968;471.698;earlier today
Ellie;473.704;474.514;tell me about that
Participant;478.966;501.853;uh i mean i feel really happy all the time and then it just like goes away it's like back and forth like one day i'll one second i'll be really happy and then another second i'll be really sad 'cause i'll think about something again and it's like i gotta keep my mind off of things and like move forward and like think and i don't really know how to explain it it's just something you feel
Ellie;503.578;504.928;has that gotten you in trouble
Participant;505.502;510.215;no <laughter> you need better programming <laughter>
Ellie;510.239;511.679;how would your best friend describe you
Participant;511.699;516.46;<laughter> uh silly
Ellie;523.45;525.63;what would you say are some of your best qualities
Participant;526.447;542.404;uh i'm creative uh uh potential of intelligence i'm charming i'm loving at some points i'm all of those things some points i'm not
Ellie;545.319;547.789;what are some things that usually put you in a good mood
Participant;548.706;552.066;doing yoga and playing video games and having my wife around
Ellie;555.498;557.118;what are you most proud of in your life
Participant;558.346;558.956;my hip hop
Ellie;562.416;571.009;that sounds interesting who's someone that's been a positive influence in your life
Participant;579.776;580.976;i mean kid travelier
Ellie;586.247;594.309;okay what do you enjoy about traveling
Participant;601.115;606.022;you need better programming <laughter> kid travelier is my friend
Ellie;610.56;614.419;hmm what's your dream job
Participant;616.071;617.131;to be a hip hop artist
Ellie;620.793;622.203;what made you decide to do that
Participant;624.055;625.195;i don't know i just thought it one day
Ellie;630.548;631.478;how hard is that
Participant;633.938;639.108;not hard anymore i mean it was hard while i was practicing when i was younger when i was like eleven or twelve now it's just easy
Ellie;640.122;653.434;really what'd you study at school
Participant;654.158;655.038;i'm still in school
Ellie;661.564;668.399;okay thanks for sharing your thoughts with me
Participant;668.996;669.646;no problem
Ellie;673.561;675.561;thanks it was great chatting with you
Participant;675.837;676.617;yeah have a nice day
Ellie;675.85;676.4;goodbye
Participant;677.132;677.542;bye bye
