speaker;start_time;stop_time;text
Ellie;29.428;35.888;hi i'm ellie thanks for coming in today i was created to talk to people in a safe and secure environment
Participant;32.738;33.068;thank you
Ellie;36.598;40.948;think of me as a friend i don't judge i can't i'm a computer
Participant;42.088;42.518;mmm k
Ellie;42.358;53.868;i'm here to learn about people and would love to learn about you i'll ask a few questions to get us started and please feel free to tell me anything your answers are totally confidential how are you doing today
Participant;54.328;55.758;i'm doing good thank you
Ellie;55.938;59.518;that's good where are you from originally
Participant;59.858;60.948;i'm from los angeles
Ellie;61.718;63.048;really me too
Participant;63.538;64.108;oh great
Ellie;66.308;67.028;where do you live
Participant;67.388;69.858;i live in west los angeles the west side
Ellie;70.828;74.168;nice how do you like your living situation
Participant;74.678;76.708;it's alright i xxx
Ellie;76.578;77.738;do you have roommates
Participant;78.218;79.588;no i live alone so
Ellie;81.208;84.878;that's great how do you like l_a
Participant;85.398;89.468;i love it i'm from here so i grew up here it's natural
Ellie;90.778;94.528;yeah what are some things you really like about l_a
Participant;95.388;107.748;the weather um well the weather it's always good it's never it's never bad uh um there's always something to do it's rarely a dull moment
Ellie;100.458;111.858;<laughter> mhm what are some things you don't really like about l_a
Participant;112.268;113.068;the traffic
Ellie;115.248;116.128;i see what you mean
Participant;116.188;122.918;the traffic is horrible well probably traffic is horrible in almost any major city but i hate the traffic
Ellie;122.438;126.068;yeah do you travel a lot
Participant;126.698;135.338;not really i mean i have enough things going on here so if i travel it's usually somewhere that's within driving distance
Ellie;136.468;141.248;aw okay what'd you study at school
Participant;142.168;145.518;i studied uh business i did
Ellie;145.358;146.308;are you still doing that
Participant;146.708;154.488;no i've i've been done for a few years so i haven't gone to school for a while one of these days i'll go back to graduate school but
Ellie;157.378;160.278;awesome what's your dream job
Participant;161.458;181.178;my dream job would be to just work for myself and making lots of money um i don't know i don't really have a dream job just something that i can i can work under my own terms and get paid decently and and be in a creative creative environment
Ellie;182.638;184.658;mhm how hard is that
Participant;185.978;206.318;um i don't know i think it's just a matter of finding the right situation so right now eh it's been people are a little conservative about what they want so and how they want it so it's a little tougher than it seems <se> it should be but i don't know i think when the situation's right i don't think it's too difficult
Ellie;207.678;210.898;yeah it can be tough to find a good job these days
Participant;211.108;211.438;yep
Ellie;212.028;212.888;what do you do now
Participant;213.688;222.118;i work as an assistant <as> administrative assistant through a temp agency so it's just basically i get sent out to do uh
Ellie;219.898;220.228;cool
Participant;223.118;224.508;to do desk jobs
Ellie;225.468;226.448;are you happy you did that
Participant;227.338;236.968;um yes and no i mean i feel like i feel like i could do more but you know it works so you know yeah
Ellie;236.568;241.418;okay how close are you to your family
Participant;242.008;244.708;i'm pretty close i mean they're around so
Ellie;249.738;256.058;hmm what are some things that make you really mad
Participant;257.418;278.598;um god really mad stupid people just basically doing just doing anything to annoy me um that's basically <ba> that's the big thing just just irritating stupid people <laughter> who just do things just to provoke provoke me for no reason at all
Ellie;279.408;281.438;mhm can you give me an example of that
Participant;283.018;312.268;um what's a good example just random people who who think it's funny to just sit there and get a rise out of me just it doesn't have to be one any specific situation it's just people who just think it's funny to i think they're just generally sadistic and they just think it's it's funny to to just prod you like it's like poking a stick at an angry dog knowing that they know how to they just wanna push your buttons for no reason so
Ellie;313.018;315.698;right when was the last time that happened
Participant;317.728;334.408;uh god i don't remember i with those situations i usually try not to remember <laughter> when when it happens i just i just let it go and just like the past is the past i just tend not to look back
Ellie;335.078;338.478;i understand do you consider yourself an introvert
Participant;339.648;340.278;what do you mean
Ellie;344.478;345.838;let's come back to that later
Participant;345.848;346.248;okay
Ellie;347.078;348.408;what do you do to relax
Participant;349.438;373.528;god what do i do to relax i like to run i like to go to the gym listen to music i have a lot of musician friends so i just so i'm usually around musicians so anything of that sort i like i like everything from punk rock art to tattoos to just anything that's that's generally art and creative
Ellie;374.458;379.838;awesome who's someone that's been a positive influence in your life
Participant;381.198;402.478;who's been a positive <pos> i think it's just friends in general who who seem to who seem to do well and i think they they're very inspiring and which is sometimes a a bit tough in in a town like los angeles where i think everybody's on the go trying to accomplish their own goals so they don't
Ellie;402.718;403.098;mhm
Participant;403.148;416.708;it's sometimes hard to find someone who's gonna be uplifting or try to be inspiring so i don't really have anybody in particular but people have kind of brought up things here and there
Ellie;418.748;419.318;like what
Participant;420.078;443.208;you know just like hey instead of instead of doing this how about doing that or hey you're good at this why aren't you doing that or something like that just you know i'm always looking for new opportunities so they always point out things that maybe i might i could do differently instead of just being negative saying hey don't do that that's no that's why are you doing that it's a waste of time
Ellie;444.388;450.428;mmm that's good how are you at controlling your temper
Participant;451.948;455.628;um i guess it depends on who you talk to
Ellie;457.468;458.208;<laughter>
Participant;457.888;469.728;i'm i'm okay at it i could probably work at that um i don't know i mean i can i i think i can do better at it
Ellie;470.858;472.138;can you give me an example of that
Participant;473.298;495.248;well back to the point about people provoking me so i mean i try not to blow steam and let them get under my skin so i just usually try not to let it get to me but i don't know i guess with temper i guess it depends on how i handle my stress lately i've been better at it just because i think my situation's been a little bit better
Ellie;497.098;503.618;that's good have you been diagnosed with depression
Participant;504.238;504.628;no
Ellie;505.798;507.738;have you ever been diagnosed with p_t_s_d
Participant;508.218;508.618;no
Ellie;509.498;511.028;have you ever served in the military
Participant;511.298;511.628;no
Ellie;512.738;516.408;okay is there anything you regret
Participant;518.208;559.818;um nothing major i mean maybe when i was younger i could've traveled more or i could've worked towards something that paid better job-wise but i mean those are all things that i think at any point in life you always think like well i coulda shoulda would've done but you know but then again i think that's natural for anybody i mean i could i could've become a banker or i could've become a lawyer or a doctor and made about ten times the money that i make now but but then again i don't like the law and i don't like medicine so so i'm it wasn't meant to be so
Ellie;560.518;563.778;right there are always trade offs in life aren't there
Participant;563.948;564.398;yeah
Ellie;565.188;566.548;what made you decide to do that
Participant;565.218;598.648;so um i think i think my in my life i knew that i there's a lot of things i have <ha> there's more dislikes <laughter> than likes so i kinda narrowed it down to what am i good at and what am i not good at and what am i gonna work well or who who am i gonna work well with and who will i not work well with so i kind of i kinda sorted out and then the list kind of mmm kind of answered itself so
Ellie;599.658;600.998;that sounds really hard
Participant;602.078;631.878;no it i don't think it was hard but it was just but i think it was a real reality check and i think it it's kind of a good thing 'cause sometimes trying to conform to doing things that doesn't really fit you doesn't make sense it's like trying to shove a a round peg into a square a square hole and it's like it just no matter how you try to shove it in it's not gonna go in so sometimes it's just might as well go down a path that seems to work better for you
Ellie;633.018;640.838;right that makes sense what's one of your most memorable experiences
Participant;642.398;690.498;memorable experiences um hmm i think it's just i don't really have like any one in particular i think i think every day is almost like a memorable experience whether it's positive or negative i think it's just everything from getting it just just the fact that i got a job and i can i can take care of myself is already almost like a memorable experience maybe for the average person it it sounds stupid but you know i think just the fact that i'm able i'm able to get this far in life without like completely self-destructing is already an accomplishment so i feel like i've gotten somewhere
Ellie;691.578;692.328;that's great
Participant;691.628;700.358;maybe not to not maybe not to the point to the average person they might think like well why aren't you a millionaire but you know what not everybody can be a millionaire
Ellie;701.508;704.628;yeah i see what you mean
Participant;704.798;705.218;yeah
Ellie;709.968;712.398;when was the last time you felt really happy
Participant;714.098;753.888;um when was the last time i really felt happy um i don't know i'm not really someone who's like i don't have any real high highs or low lows i mean i haven't hit any lows so i mean i i don't know i'm usually pretty i feel like i'm a level person and i'm pretty happy <ha> every day i feel like if i accomplish one thing then i'm pretty happy so i guess to answer the question probably mmm probably yesterday i just feel like if i if i'm able to accomplish something then then hey i'm happy
Ellie;755.188;759.348;that's great how would your best friend describe you
Participant;760.978;790.018;i don't know i don't really have a best friend but i mean i well to answer the question generally friends i think they would say that i'm very <ver> pretty outgoing i'm pretty determined i'm trying you know i try to you know i try to interact as much as possible i'm always out networking as much as possible so i don't know i guess that's basically what i think they would describe me as
Ellie;791.338;797.868;okay okay i think i've asked everything i need to
Participant;797.918;798.338;okay
Ellie;799.208;800.658;thanks for sharing your thoughts with me
Participant;800.678;801.278;no problem
Ellie;801.828;802.358;goodbye
Participant;802.388;803.828;alright bye
