speaker;start_time;stop_time;text
Participant;11.835;12.655;<synch>
Ellie;26.081;47.621;IntroV4Confirmation (hi i'm ellie thanks for coming in today i was created to talk to people in a safe and secure environment i'm not a therapist but i'm here to learn about people and would love to learn about you i'll ask a few questions to get us started and please feel free to tell me anything your answers are totally confidential are you ok with this)
Participant;47.73;48.33;yes
Ellie;50.782;54.639;okay_confirm (okay) how_doingV (so how are you doing today)
Participant;55.075;56.595;i'm wonderful how are you
Ellie;57.628;61.827;great_thanks (i'm great thanks) where_originally (where are you from originally)
Participant;62.65;63.34;california
Ellie;63.965;64.555;really (really)
Participant;64.51;65.85;mhm yes
Ellie;66.457;68.567;like_about_LA (what are some things you really like about l_a)
Participant;69.38;77.385;the weather is one of 'em uh the food um and the way uh everything is centrally located
Ellie;78.155;78.665;mhm (mhm)
Participant;78.8;79.22;mhm
Ellie;79.726;82.076;dont_like_LA (what are some things you don't really like about l_a)
Participant;82.55;91.04;the traffic the smog and um it's just gotten really really overcrowded
Ellie;92.067;101.171;see_mean (i see what you mean) travel_shoes (i'm sure you can tell by my shoes i'm not much of a world explorer do you travel a lot)
Participant;101.81;112.48;um i wouldn't say a lot but i do try to um travel um at least once once or twice every two years
Ellie;113.526;115.046;travel_changed (what do you enjoy about traveling)
Participant;116.185;144.3;um just exploring different things and being able to um have different experiences um things of that nature and you know learning new things and um just different cultures uh i like to um learn about different cultures and when you travel um you get a sense of um you know feedback from different cultures and different areas so i like that
Ellie;144.112;145.792;travel_trips (i'd love to hear about one of your trips)
Participant;147.04;177.954;um well i just came from miami uh last year i went to miami for a week and a half and it was really nice the weather was great it was my first time going um and um the weather was wonderful the people are really nice and um it was really a great experience i went out there for um a particular event um they have um something every year um where everyone comes out from all over and uh you just kinda party and hang out and meet new people it was really fun
Ellie;178.596;182.336;cool3 (cool) memorableB (what's one of your most memorable experiences)
Participant;183.69;198.108;um well from that trip i would say um swimming in the beautiful beautiful beautiful um miami beach waters was wonderful
Ellie;199.362;201.242;great_situation (that sounds like a great situation)
Participant;201.54;202.52;yeah it was
Ellie;204.214;205.354;study (what did you study at school)
Participant;206.536;208.045;um child development
Ellie;210.307;211.437;sounds_interesting (that sounds interesting)
Participant;211.28;211.75;mhm
Ellie;212.382;213.792;hard_decision (how did you decide to do that)
Participant;215.108;246.708;well um i've always been interested in children um since i was younger um i babysat a lot so i had a lot of um experience with kids at a young age and as i grew older um i realized that it was something that i liked to do um so uh that's when i um looked into child development courses and i thought that it was something um like that i would enjoy <en> enjoy doing so um i started taking classes and um the rest is history
Ellie;247.809;249.069;still_working_on_X (are you still working in that)
Participant;249.508;253.297;i am yes it's been um fifteen years in august
Ellie;254.324;254.894;wow (wow)
Participant;254.881;255.281;yeah
Ellie;257.328;258.528;dream_job (what's your dream job)
Participant;259.715;267.754;my dream job i would say um to become a principal
Ellie;269.768;270.338;why2 (why)
Participant;271.63;291.602;well it's something that um i've thought about doing for a while now and um i've actually just began the steps to try to get that going so um i'm gonna be back in school and i'm gonna be taking courses um so that i can make that happen because it is a dream of mine yeah thank you
Ellie;289.34;294.312;thats_great (that's great) difficult (how hard is that)
Participant;295.227;313.315;um it's gonna be pretty difficult um there is uh several years of schooling that i have ahead of me and um you know it's definitely gonna be a challenge but it's something that i'm up for because it is a dream job of mine so it's something that i'm willing to i'm willing to do
Ellie;313.977;321.215;understand (i understand) shyoutgoing (do you consider yourself more shy or outgoing)
Participant;321.798;336.062;um a little bit of both i think a little bit of both i can be shy at times um and and outgoing as well um but i think a little bit of both i would say
Ellie;336.968;350.36;okay_confirm (okay) relax_fishtank (sometimes when i'm feeling tense i turn on the fish tank screensaver hey i know it's not hawaii but it's the best i've got what do you do to relax)
Participant;346.97;363.89;<laughter> uh i meditate i i'm i'm a big big meditator so i love meditating i love just um reading and just having nice quiet peaceful time
Ellie;364.776;369.306;uh_huh (uh huh) control_temper (how are you at controlling your temper)
Participant;370.508;406.289;oh wow i'm very very good at that very good at controlling my temper i um again um a series of meditation that i do um it involves deep breathing and um just really centering yourself to where you can feel your heart beat and you can um really feel everything in your body and it really really allows you to de-stress and to control anxiety and anger and things of that nature yeah that helps me a lot
Ellie;404.23;412.519;mhm (mhm) thats_good (that's good) last_argument (when was the last time you argued with someone and what was it about)
Participant;413.136;451.712;oh wow it was just recently um actually unfortunately it was last week and it was with my husband and um it was about um just the way he responds sometimes to me uh it can be a little aggressive um and we're just trying to work with that because i don't respond well to aggression i totally tune out and um that's actually what happened so yeah that was it
Ellie;452.812;454.352;describe_felt (how did you feel in that moment)
Participant;455.328;471.281;i felt very frustrated um and i actually felt angered too um but more frustrated and i felt saddened too because i don't like arguing so it was a little bit of all those emotions at one time
Ellie;471.951;477.103;yeah_downer (yeah) situation_handled (tell me about a situation that you wish you had handled differently)
Participant;479.835;508.745;uh <sigh> a situation which i wish i would've handled differently honestly i haven't had a situation like that in in years i've pretty much kind of um you know kind of mastered my responses um to certain um stimuli i've kinda got that down
Ellie;509.852;515.248;okay_confirm (okay) hard_decisionB (tell me about the hardest decision you've ever had to make)
Participant;516.283;566.455;the hardest decision i've ever had to make well it was when i was sixteen years old and i became a teenage um mother i was pregnant at sixteen and um i had um a lot of pressure from family to um give my child up for adoption or to um abort and i chose life so that was that was one of the hardest decisions if not the hardest decisions to make as a sixteen year old teenage um teenager just whether i wanted to continue to be a kid and a teenager or whether i wanted to embark on raising a life um when i was just a child myself so that i think was the hardest decision i had to make
Ellie;567.53;568.64;symptoms_cope (how do you cope with them)
Participant;569.663;599.863;um well i mean um my son is almost nineteen now so it's nineteen years later and um i actually um am so glad it was one of the best things that i ever did by not choosing to abort him and choosing <choo> being pro-life pro-choice pro-life and um eh i i have not regretted the decision um that's my only child and i love him he is just a blessing he's just a blessing and i feel very special to be his mom
Ellie;600.533;601.213;aw (aw)
Participant;602.472;603.208;i do yeah
Ellie;603.816;605.766;easy_parent (do you find it easy to be a parent)
Participant;606.277;633.671;um no it's it's not easy uh it definitely um has it's difficulties um just as anything um but at the end of the day it is really rewarding um and you just get to see the life that you brought into the world and that you've raised become a productive citizen and go out into society and just start making their way and it's really rewarding it really is
Ellie;635.58;639.402;parent_differences (what are some ways that you're different as a parent than your parents)
Participant;639.508;703.412;oh wow so many ways um the first way <wa> uh the first way is i actually listen to my son and i um accept his feedback even if i don't like it and i um allow him to express his self fortunately unfortunately when i was little um there was not a lot of um conversation from parent to child um it was more like we were just told you know what to do and we did it um and with my son i give him options i allow him to express his self i allow him to give me feedback um negative or positive because i feel that it's really important for a child to develop their voice at a young age and um as parents you have to be supportive and that and kind of um make sure that you nurture that um because that's kind of um the way that they develop you know and it's really really important so
Ellie;701.719;702.249;yeah2 (yeah)
Participant;704.025;707.345;i'm different in um in a lot of ways in that rite
Ellie;709.283;710.223;makes_sense (that makes sense)
Participant;710.661;711.331;thank you
Ellie;711.241;713.681;easy_sleep (how easy is it for you to get a good night's sleep)
Participant;714.11;744.071;um <sigh> well it depends um sometimes it it really depends it depends on the time that i go to sleep it depends on the time that i woke up so it's a lot of factors um i can't just give you one answer um i would say that it varies sometimes i can go to sleep um and fall asleep right away and other times i can go to sleep and it might take awhile to actually fall asleep so it varies
Ellie;745.28;746.66;feel_lately (how have you been feeling lately)
Participant;747.685;761.699;i've been feeling great lately i i really have been um i can't um say that like i said the last week didn't affect me um you know the argument with my husband but other than that i i've been feeling really good
Ellie;762.615;766.569;okay_confirm (okay) ptsd_diagnosed (have you ever been diagnosed with p_t_s_d)
Participant;766.88;767.608;no i haven't
Ellie;768.354;770.164;depression_diagnosed (have you been diagnosed with depression)
Participant;770.387;771.087;no i have not
Ellie;772.331;774.878;happy_lasttime (tell me about the last time you felt really happy)
Participant;777.179;813.56;you know what honestly i feel happy every day you know every day i wake up i'm happy because that is a chance for me to take advantage carpe diem seize the day so um i feel blessed every morning i wake up it's a blessing you know because i realize that some people did not wake up some people are homeless some people are going through so many situations that are really disheartening and that's not me so i feel really really blessed every day
Ellie;814.078;814.978;thats_great (that's great)
Participant;816.294;816.804;thank you
Ellie;816.615;818.305;BF_describe (how would your best friend describe you)
Participant;820.189;831.289;um as um nurturing patient loving friendly um kind of reserved
Ellie;834.481;837.365;self_change (what are some things you wish you could change about yourself)
Participant;837.989;865.226;um well i wish that i had um already completed college and had my master's degree and sometimes i wish i was a little bit more knowledgeable in certain subjects and um i can change if i can change anything i would change that those two things and also i would be um a little bit more outgoing and less of an introvert
Ellie;867.149;868.219;regret (is there anything you regret)
Participant;869.73;885.055;you know what no regrets no regrets um you live and learn um nothing is perfect um everything that i've gone through has made me the person that i am today so i wouldn't change anything because i'm happy with the person that i am today
Ellie;885.601;890.112;mhm (mhm) advice_back (what advice would you give to yourself ten or twenty years ago)
Participant;891.18;911.355;oh <sigh> man to stay in school to stay in school and to get your education and put that first and foremost before a relationship even before your career um i really really uh would would've told myself um to stay focused and to get a great education
Ellie;913.382;915.682;Ellie17Dec2012_08 (what are you most proud of in your life)
Participant;916.53;962.52;i'm most proud of um where i've come from um as a teenage mother um being a statistic and actually changing that being on my same i've had my uh same job for fifteen years now i'm really proud of that i've been married for thirteen years i'm really proud of that happily married um to my best friend and my soulmate nothing's perfect but um he's my best friend and i love him and i'm also proud of my son um being the mother that i am and the son that i've raised i'm proud of the job that i've done and i'm um i really um applaud myself for that
Ellie;964.588;969.222;asked_everything (okay i think i have asked everything i need to) appreciate_open (thanks for sharing your thoughts with me)
Participant;969.84;972.01;you're welcome you were wonderful thank you
Ellie;973.018;973.628;bye (goodbye)
Participant;973.9;974.47;buh bye
