speaker;start_time;stop_time;text
Ellie;51.57;72.95;hi i'm ellie thanks for coming in today i was created to talk to people in a safe and secure environment i'm not a therapist but i'm here to learn about people and would love to learn about you i'll ask a few questions to get us started and please feel free to tell me anything your answers are totally confidential are you okay with this
Participant;73.33;73.66;sure
Ellie;74.51;77.64;okay so how are you doing today
Participant;77.93;78.29;good
Ellie;79.11;81.94;that's good where are you from originally
Participant;82.53;83.08;chicago
Ellie;83.87;86.25;really why'd you move to l_a
Participant;86.94;88.05;it's cold in chicago
Ellie;89.52;90.22;<laughter>
Participant;90.5;90.8;hmm
Ellie;90.71;93.69;i see what you mean when'd you move to l_a
Participant;94.19;98.47;oh i think in ninety nineteen eighty nine actually
Ellie;99.54;104.36;that's a long time how easy was it for you to get used to living in l_a
Participant;104.43;105.96;oh very simple very easy
Ellie;106.88;110.45;that's good what are some things you really like about l_a
Participant;111.37;121.88;oh weather of course and i'm so easily located to san diego palm springs las vegas san francisco and things i like to do
Ellie;123.84;125.95;what are some things you don't really like about l_a
Participant;127.06;135.82;smog of course is bad crime rate's higher than it should be um and financial economic problems here
Ellie;136.51;140.3;uh huh uh huh how often do you go back to your hometown
Participant;140.82;142.2;every year thanksgiving
Ellie;143.55;146.9;that's great how close are you to your family
Participant;147.45;149.4;very very much so we're a very big family
Ellie;150.27;154.25;that's so good to hear do you travel a lot
Participant;154.59;156.63;yes i do very much in fact
Ellie;156.21;157.65;what do you enjoy about traveling
Participant;159.03;165.61;i love flying on airplanes i love visiting new places i even like visiting different airports everyone's different
Ellie;167.32;170.01;okay what'd you study at school
Participant;171.04;179.11;ooh let's see i started off in pre-med haha i ended up in uh physics
Ellie;182.86;186.1;cool are you still doing that
Participant;186.36;190.98;yes i am i teach <tea> i teach physics and math and higher level math
Ellie;189.65;193.33;wow how did you decide to do that
Participant;194.28;204.59;well i enjoy working with kids i enjoy teaching my mother was a teacher uh my dad was a truant officer and uh i've enjoyed it
Ellie;206.05;206.68;nice
Participant;206.69;207.37;keeps you young
Ellie;209.58;212.02;yes what's your dream job
Participant;212.54;216.75;my dream job my dream job would be to be a judge
Ellie;218.24;218.63;really
Participant;218.64;228.27;yes in in the uh youth court that would be fantastic but i should've thought of that sooner than now so i'm not gonna be able to do that
Ellie;229.92;233.91;aw do you consider yourself an introvert
Participant;236.41;238.71;no <laughter> not at all
Ellie;238.37;239.52;why why
Participant;240.34;251.35;um i enjoy people being around people i'm very talkative at times uh i like to do a lot of things and i'm very social when i do them
Ellie;252.8;255.99;okay what do you do to relax
Participant;256.9;262.83;uh believe it or not i play bridge i play chess and i watch a good old old movie
Ellie;265.09;269.5;awesome what are some things that make you really mad
Participant;271.0;278.9;ooh bad drivers uh bad laws politics often
Ellie;280.5;281.93;what do you do when you're annoyed
Participant;282.49;293.82;when i'm annoyed you know i really don't get annoyed that much i just let it go it's not worth the pain and problems they could cause if i can't straighten out a problem let it go
Ellie;291.87;292.39;that's good
Participant;295.17;296.14;go somewhere else
Ellie;297.39;300.31;when was the last time you argued with someone and what was it about
Participant;303.07;315.45;ooh always my bridge partner but that's different uh as far as anything else i don't really argue with people i i don't argue i don't like confrontation
Ellie;313.5;322.45;okay i see what you mean who's someone that's been a positive influence in your life
Participant;323.06;328.98;my parents of course very very much so um i had great parents
Ellie;330.22;331.25;can you tell me about that
Participant;332.2;359.56;uh my mother uh my parents met at tuskegee which is a black college and they always want me to go to a black college but of course i didn't wanna do that <laughter> uh i went to illinois so they're a very positive role model for me there's certain things that i don't do today because of them i don't drink i don't curse i don't look down on people who do but i don't have as much respect for people who do a lot of either one of those things um
Ellie;359.06;359.52;mhm
Participant;360.46;384.67;i love to drive i love to travel and my dad used to always take us some place every weekend he was off we'd go somewhere 'cause we were in chicago indiana michigan some place in the area we'd go up to michigan and pick fruit or we got all our dogs from uh puppy farms in indiana that kinda thing uh i had an uncle who lived in uh wisconsin who was a dairy farmer so my dad used to love to drive and i love to drive also
Ellie;385.82;390.57;that's so good to hear what's one of your most memorable experiences
Participant;391.43;437.5;mm that's a hard one i've had a lot of great experiences uh i think the best one was uh we went for my anniversary we went to europe we went to paris and uh we rode the orient express we went from we didn't go all the way to istanbul we went from london to venice and then flew back to paris uh that was probably the best experience i've ever had in my life i i've never really cared for europe because there's so much here in the united stated to do and so much in america and i had been to alaska and hawaii but we said we'd do something different and we'd always wanted to go on the orient express and we did that expensive but phenomenal trip gotta do it once it's a once trip not once in a lifetime just once
Ellie;438.77;443.59;awesome is there anything you regret
Participant;445.47;466.04;not traveling more sooner we did a lot when the kids were younger but um there are a lot of things we should've probably done we didn't do i wish i had gone to chicago <chica> we would always go to chicago on thanksgiving but i think we should've gone more than just on thanksgiving my parents come here at around christmas time but i think we should've uh
Ellie;462.12;462.53;mhm
Participant;466.69;468.49;done a lot more when it comes to that
Ellie;469.45;471.17;could you have done anything to avoid it
Participant;473.09;486.85;yes that's that's that's why it's a regret because it could've been avoided there's things we could've done and we were spending our time working and more concerned about getting ahead than actually family and what's closest to us i think that people <peop> most people
Ellie;486.33;488.25;there are always trade offs in life aren't there
Participant;488.68;489.88;oh yes very definitely
Ellie;492.42;495.25;what advice would you give yourself ten or twenty years ago
Participant;496.91;516.14;ooh that's a good question ten or twenty years ago i would've said um don't take things too seriously but don't be too relaxed over 'em either sometimes you can uh take things for granted never take anything for granted nothing's promised
Ellie;516.97;520.55;yeah have you ever served in the military
Participant;520.57;524.0;oh heaven forbid <laughter> no i have not <laughter>
Ellie;524.27;527.83;<laughter> have you ever been diagnosed with p_t_s_d
Participant;530.1;531.07;no no
Ellie;531.99;533.77;have you been diagnosed with depression
Participant;533.97;534.34;no
Ellie;535.44;537.7;how easy is it for you to get a good night's sleep
Participant;538.39;561.87;very very easy i really have no problem with that once in awhile if i uh am anxious about something or have things coming up due or projects due then i get kind of uh anxious a little bit i don't like to be late uh i don't like to make mistakes so therefore i i do have some anxiety issues which will cause me to stay up all night to get things done just to make sure that i have everything right
Ellie;561.6;565.32;mhm what are you like when you don't sleep well
Participant;567.6;575.26;tired i don't get irritable i think i just uh lethargic maybe a little <litt> just a just a little bit
Ellie;577.05;579.94;okay how have you been feeling lately
Participant;580.85;591.58;very good i was up late last night so i'm kinda tired now but i i usually have no problems sleeping uh and i get a good night's sleep
Ellie;592.26;592.83;that's good
Participant;592.98;593.27;mhm
Ellie;593.75;596.99;have you noticed any changes in your behavior or thoughts lately
Participant;597.73;606.58;no i have not um no not at all i just came back off a christmas break <laughter> so i'm should be very relaxed now
Ellie;607.84;613.89;that's so good to hear what are you most proud of in your life
Participant;615.17;629.69;ooh i have great kids i have a son at u_s_c and i have a son at u_c_l_a and my daughter just got married so i'm i'm proud of my i'm really proud of my kids
Ellie;628.04;628.63;aw
Participant;631.06;632.41;they're they're going to have a good life
Ellie;633.52;635.15;do you find it easy to be a parent
Participant;635.35;643.34;oh yes um i enjoyed it i still enjoy it being a parent is forever <laughter> so
Ellie;644.15;645.87;what's the best thing about being a parent
Participant;648.59;660.8;uh <sigh> let's see taking care of someone else and getting started off to have a good life i think that that's rewarding
Ellie;659.82;661.75;what's the hardest thing about being a parent
Participant;664.37;682.24;making sure everything is covered that needs to be covered with you kids whether it's their eating their sleeping their clothes they dress make sure they're content make sure they have no problems at school or home or uh that that they're safe physically mentally spiritually everything
Ellie;684.9;688.32;that makes sense how would your best friend describe you
Participant;690.0;704.27;hmm my best friend would say she has not changed since high school <laughter> uh level-headed but uh great sense of humor relaxed i don't take things too seriously
Ellie;705.71;710.08;that's great when was the last time you felt really happy
Participant;711.09;741.25;ooh i love the holidays i love christmas i love everything about it i love preparing the house for it i love baking cooking especially baking i love experimenting with new recipes and so the last couple of weeks because the holiday season was just here i felt fantastic everything is is quiet i'm not at work i'm not stressed out in any way at all i have no projects due that i have to think about anyway so uh christmas time holiday time
Ellie;743.42;748.94;that's great tell me about something you did recently that you really enjoyed
Participant;751.22;773.16;really enjoyed recently well christmas of course we went to las vegas um the twenty seventh of december that was fantastic <fantas> we only stayed for two days we had a really good time uh we saw a great show we had some great food we drove there we don't usually drive i don't like to drive a lot but we drove there and just took our time
Ellie;774.07;774.51;wow
Participant;774.37;774.64;so
Ellie;776.56;778.23;that sounds like a great situation
Participant;779.15;780.86;it was good it was nice
Ellie;781.9;786.41;okay i think i've asked everything i need to thanks for sharing your thoughts with me
Participant;786.95;787.41;okay
Ellie;788.1;789.39;goodbye goodbye
Participant;789.41;792.02;goodbye thanks for listening how's that one okay
