speaker;start_time;stop_time;text
Participant;16.2;17.06;<synch>
Ellie;33.516;59.733;okay_cheery (okay) IntroV4Confirmation (hi i'm ellie thanks for coming in today i was created to talk to people in a safe and secure environment i'm not a therapist but i'm here to learn about people and would love to learn about you i'll ask a few questions to get us started and please feel free to tell me anything your answers are totally confidential are you ok with this)
Participant;60.19;60.8;yes
Ellie;61.476;65.329;okay_confirm (okay) how_doingV (so how are you doing today)
Participant;66.02;67.09;i'm good how are you
Ellie;68.101;71.997;great_thanks (i'm great thanks) where_originally (where are you from originally)
Participant;72.86;75.68;uh i was born in hawaii but i grew up in colorado
Ellie;76.309;76.899;really (really)
Participant;78.325;79.33;yeah yeah
Ellie;79.477;80.557;when_LA (when did you move to l_a)
Participant;80.85;83.63;about seven <s> uh seven to eight years ago
Ellie;84.317;86.217;often_backB (how often do you go back to your hometown)
Participant;86.82;89.39;um i try to go back once a year <ye> once or twice a year
Ellie;90.658;91.168;mhm (mhm)
Participant;91.85;92.18;yeah
Ellie;91.899;93.519;compares_LA (how does it compare to l_a)
Participant;94.3;108.23;um it's how does it compare to l_a um it's it's different it's not as busy there's more uh things to do out outdoors in the mountains uh my family <fam>
Ellie;107.949;108.969;why_LA (why did you move to l_a)
Participant;109.36;109.88;for work
Ellie;111.69;112.69;happy_didthat (are you happy you did that)
Participant;112.82;114.52;yeah i am i love it here
Ellie;115.59;119.601;thats_good (that's good) adapted_LA (how easy was it for you to get used to living in l_a)
Participant;120.26;128.84;um it took about a year before i really felt comfortable but um once that got through that kinda hard year it was pretty good out here i've had a good time
Ellie;130.364;132.474;like_about_LA (what are some things you really like about l_a)
Participant;133.42;145.42;um i love that i can go to the beach uh i love that it's warm most of the time uh i love that i've met a lot of people that love the arts as much as i do
Ellie;146.491;150.079;yeah3 (yeah) dont_like_LA (what are some things you don't really like about l_a)
Participant;150.31;153.61;the traffic just like everyone else um
Ellie;153.289;154.319;see_mean (i see what you mean)
Participant;154.555;161.22;yeah yeah the traffic and it's pretty much just traffic earthquakes
Ellie;160.822;171.326;okay_confirm (okay) yeah3 (yeah) travel_shoes (i'm sure you can tell by my shoes i'm not much of a world explorer do you travel a lot)
Participant;171.16;172.37;not as much as i'd like
Ellie;173.766;175.286;travel_changed (what do you enjoy about traveling)
Participant;175.845;179.69;um it's just nice to go some place new experience something different
Ellie;181.482;183.162;travel_trips (i'd love to hear about one of your trips)
Participant;184.6;203.53;um xxx i went to alaska a couple years ago and that was really awesome i got to go fishing in the ocean and i got seasick that wasn't awesome but uh it was cool i saw a bear in real life a bear walked through a yard um it was really different than l_a it was really cool
Ellie;204.255;204.985;nice (nice)
Participant;205.13;205.38;<laughter>
Ellie;206.407;207.547;study (what did you study at school)
Participant;208.15;209.65;english creative writing
Ellie;210.961;212.371;hard_decision (how did you decide to do that)
Participant;213.19;220.14;well i always wanted to tell stories so it just made sense to work on writing in somehow some aspect
Ellie;221.206;222.466;still_working_on_X (are you still working in that)
Participant;223.81;224.81;yeah i am
Ellie;225.868;227.068;dream_job (what's your dream job)
Participant;227.67;234.82;to have my own t_v show where i write it and everyone watches it every week and it's awesome
Ellie;235.942;238.324;cool3 (cool) difficult (how hard is that)
Participant;238.675;239.475;really hard
Ellie;240.486;241.056;why2 (why)
Participant;241.67;245.98;'cause there's a lot of people that have the same dream so yeah
Ellie;247.424;254.75;makes_sense (that makes sense) shyoutgoing (do you consider yourself more shy or outgoing)
Participant;253.77;255.09;more outgoing than shy
Ellie;256.395;256.965;why2 (why)
Participant;257.92;261.18;uh i like talking to people i enjoy other people
Ellie;262.493;275.919;okay_confirm (okay) relax_fishtank (sometimes when i'm feeling tense i turn on the fish tank screensaver hey i know it's not hawaii but it's the best i've got what do you do to relax)
Participant;275.82;280.98;mm um go to the movies or turn on music dance
Ellie;283.196;286.959;okay_confirm (okay) control_temper (how are you at controlling your temper)
Participant;287.515;288.065;pretty good
Ellie;289.714;294.308;thats_good (that's good) last_argument (when was the last time you argued with someone and what was it about)
Participant;295.325;312.31;um <sigh> it was at work couple about a month ago <ag> about a month ago um i got mad at someone because i didn't think they were they were giving me clear instructions and so um when i tried to have a conversation about it they got mad and then i got mad and we got mad
Ellie;313.945;315.485;describe_felt (how did you feel in that moment)
Participant;316.29;328.06;um i felt like i wasn't being heard or listened to and i felt like we weren't able to have a real dialogue so um because we couldn't have a dialogue i felt like no one was listening to me
Ellie;329.605;331.704;yeah_downer (yeah) that_sucks (that sucks)
Participant;332.42;332.89;totally
Ellie;332.76;336.543;situation_handled (tell me about a situation that you wish you had handled differently)
Participant;338.5;420.29;um <makes sound with mouth> i uh i i um no regrets no <laughter> um <laughter> i guess hmm i don't know if there is one i mean i'm sure there is but uh one time i was driving behind someone and they well they cut me off and i think it'd just been one of those days this was like a year ago or two years ago um it was just one of those days where i just didn't want or i just it had been a frustrating day and when this person cut me off and i almost got in an accident with them i just followed them to their parking spot and actually i had honked at them and they they flipped me off and so it just really really got under my skin that someone would cut me off and almost cause an accident and then uh and then flip me off so i i followed them to the spot and i asked i said miss why did you flip me off when you cut me off and and she said oh you know i'm i've had a rough day i don't need your attitude and her daughter was with her and i told her well you're not really setting a very good example for your daughter and you know i didn't need to be petty like that but i just i wanted to be i guess
Ellie;421.76;428.156;yeah_downer (yeah) hard_decisionB (tell me about the hardest decision you've ever had to make)
Participant;429.4;459.27;ooh <sigh> mm look at you going deep <laughter> um oh i guess the hardest decision was coming out to my mom uh telling her i was gay i mean it wasn't hard 'cause it was the right one but it was hard to do because my mom was very conservative and she she had trouble accepting it and it it took awhile but once she did you know everything was better and i knew it would be but it was just hard in the moment to you know tell her something she didn't wanna hear
Ellie;460.723;461.183;okay_confirm (okay)
Participant;462.685;463.065;okay
Ellie;462.843;466.975;memory_erase (tell me about an event or something that you wish you could erase from your memory)
Participant;468.63;514.75;um when i was a little kid my um my grandfather found our dog run over on the on the road and he uh scrubbed_entry and brought it in and i think i remember as a kid just uh like seeing death like that really just threw me off and uh frightened me and uh it was just one of those moments that i i guess i wish i hadn't been there for because my grandmother was destroyed she was just so sad and uh it was just one of those moments i guess you need as a kid but i didn't really wanna experience like loss like that in your face
Ellie;515.619;516.059;yeah_downer (yeah)
Participant;517.19;517.47;yeah
Ellie;518.972;521.687;family_relationship (tell me about your relationship with your family)
Participant;522.47;537.05;my relationship with my family is pretty good um we're probably not as close as most but uh we you know we always we don't talk often but we talk with love and we always love each other when we see each other
Ellie;537.998;542.222;good_hear (that's so good to hear) influence_positive (who's someone that's been a positive influence in your life)
Participant;543.12;555.85;um my grandmother was very positive she was always very encouraging and told me to uh you know pursue my dreams and not to let the little things get me down so i'm glad i had her
Ellie;556.55;561.26;uh_huh (uh huh) easy_sleep (how easy is it for you to get a good night's sleep)
Participant;561.67;564.65;usually it's easy um sometimes it's not
Ellie;567.109;568.269;tell_about_that (can you tell me about that)
Participant;569.21;605.58;um well i've been between jobs recently i start a new job uh next week but while i've been off uh while i haven't been working um i tend to like my body wants to stay up later and later and later and i'm trying not to like fall into the pattern of going to sleep at like two or three and getting up at like eleven so i keep trying to make myself go to sleep by like midnight or twelve thirty and i just end up laying in bed for like an hour or an hour and a half when i should be i should <sh> i should be able to just go to sleep and get up at like nine but still wanna stay up i guess
Ellie;605.16;606.94;sleep_affects (what are you like when you don't sleep well)
Participant;607.99;619.96;uh a little scatterbrained like today i'm a little scatterbrained 'cause uh i i tried to go to sleep early again and i ended up tossing and turning and so <sigh> scatterbrained <laughter>
Ellie;619.881;622.601;mm (mm) feel_lately (how have you been feeling lately)
Participant;623.69;639.26;um well since i've had a lot of time on my hands like i don't usually have this much time on my hands so sometimes it can be frustrating because um you don't know what to do with it when you're not working i guess um but yeah i think that answers the question
Ellie;640.316;645.57;okay_confirm (okay) behavior_changes (have you noticed any changes in your behavior or thoughts lately)
Participant;646.99;653.28;um i just that maybe a little more absent-minded than usual just lately with uh the not working thing
Ellie;656.117;659.754;okay_confirm (okay) ptsd_diagnosed (have you ever been diagnosed with p_t_s_d)
Participant;660.17;660.75;no
Ellie;661.534;663.344;depression_diagnosed (have you been diagnosed with depression)
Participant;663.39;663.89;mm mm
Ellie;664.845;667.392;happy_lasttime (tell me about the last time you felt really happy)
Participant;668.93;672.56;um a couple days ago when i got my new job <laughter> when i got hired
Ellie;673.55;677.621;thats_great (that's great) BF_describe (how would your best friend describe you)
Participant;678.41;689.0;um outgoing listening uh attentive um fun loyal
Ellie;689.862;690.332;uh_huh (uh huh)
Participant;691.04;693.24;i think i hope
Ellie;694.195;696.99;self_change (what are some things you wish you could change about yourself)
Participant;698.32;724.31;um i wish that i uh i probably wish that i looked better i wish i had more hair up here mm losing it a little bit uh probably wish i was a little skinnier this this girdle's pretty tight <laughter> and um you know sometimes i wish i had more money but nothing too drastic i'm okay
Ellie;724.064;724.524;okay_confirm (okay)
Participant;725.74;726.0;yeah
Ellie;726.66;731.98;feelbadly (tell me about a time when someone made you feel really badly about yourself)
Participant;732.815;797.35;oh um mm hmm when i was a little kid i was uh i was the fat <f> i was the fat kid and um gosh i remember i was like i was going into high school and it was like the second day and i remember this guy came up to me and was um like he was like pretty nice to me i thought and i didn't realize he'd like this is like out of a movie right like he had put bandaids on my back that said like i'm a fat cow and said like uh like yeah like just a bunch of mean stuff and i didn't know and i walked around with it for like half an hour i heard people laughing and i didn't get it and then finally this girl just came up to me and was like hey there's like bandaids on your back that say all these mean things and then she just walked away she didn't like help me take 'em off and i remember like i couldn't get 'em i was trying to find 'em and then um i just remember like putting my head in my locker and like i didn't want anyone to see me cry so i just like put my head in my locker and like pretended like i was looking at stuff in my backpack but really i was you know the crying fat kid who couldn't get the mean stickers off his back
Ellie;798.795;799.865;sorry_hear (i'm sorry to hear that)
Participant;799.525;800.095;mm yeah
Ellie;801.763;802.833;regret (is there anything you regret)
Participant;804.51;805.04;anything
Ellie;806.555;807.065;mhm (mhm)
Participant;808.31;811.95;um probably yeah
Ellie;813.919;816.869;advice_back (what advice would you give to yourself ten or twenty years ago)
Participant;816.47;840.91;<sharp inhale> um you know i would xxx i would try to keep i would try to let myself know to to look at things positively and to not like worry what other people think about you i think i spent too much time as like a adolescent worrying what people thought of me and as i got older i didn't care as much and i started enjoying life a lot more so
Ellie;842.87;848.885;yeah_downer (yeah) Ellie17Dec2012_10 (tell me about something you did recently that you really enjoyed)
Participant;849.545;864.355;uh i went to coachella it's a music festival it was three days with all of my friends and my boyfriend and we uh we danced and we went swimming and we barbecued and we laughed and had a great time
Ellie;865.095;865.815;awesome (awesome)
Participant;865.65;865.9;yeah
Ellie;868.451;870.751;Ellie17Dec2012_08 (what are you most proud of in your life)
Participant;872.01;892.99;oh <sigh> um i guess my my career humble as it may be uh i really stuck in l_a um a long time when it was uh when like it was hard i stayed <stay> i stuck around i didn't quit so you know i'm proud that i've managed to like follow my dreams and really stay out here and try to make it in hollywood
Ellie;893.734;900.875;thats_great (that's great) asked_everything (okay i think i have asked everything i need to) appreciate_open (thanks for sharing your thoughts with me)
Participant;901.34;902.07;my pleasure
Ellie;902.497;903.107;bye (goodbye)
Participant;903.96;913.26;bye bye bye
