speaker;start_time;stop_time;text
Participant;16.445;35.48;<sync> <ellie starts>
Ellie;35.077;56.617;IntroV4Confirmation (hi i'm ellie thanks for coming in today i was created to talk to people in a safe and secure environment i'm not a therapist but i'm here to learn about people and would love to learn about you i'll ask a few questions to get us started and please feel free to tell me anything your answers are totally confidential are you ok with this)
Participant;56.87;58.235;sure yeah
Ellie;58.776;63.278;okay_confirm (okay) how_doingV (so how are you doing today)
Participant;63.54;69.278;i'm doing great thank you for asking um you know how about yourself <laughter>
Ellie;69.044;70.554;great_thanks (i'm great thanks)
Participant;70.723;71.768;oh awesome
Ellie;72.182;73.502;where_originally (where are you from originally)
Participant;74.085;82.11;uh i'm from guatemala my parents here migrated here to the united states when i was like three years old so yeah
Ellie;82.262;82.852;really (really)
Participant;82.998;86.641;mhm yeah it's pretty cool you know
Ellie;87.494;89.394;often_backB (how often do you go back to your hometown)
Participant;89.75;95.21;uh i haven't been there actually i haven't been back to my hometown since forever
Ellie;94.124;94.694;why2 (why)
Participant;95.853;113.923;uh just you know i have all my family here my mom my dad my cousins aunts uncle so practically i i have my my life here so i probably i mean it would be nice to visit but you know it just does my curiousity hasn't you know gone there i guess
Ellie;114.441;116.615;yeah3 (yeah) see_mean (i see what you mean)
Participant;117.75;118.55;oh okay
Ellie;118.113;120.223;like_about_LA (what are some things you really like about l_a)
Participant;121.02;138.06;um i love the people everyone's nice i love the diversity you know there's different types of people and you know the imaginations out there everything is just great you know everyone's different you know no one's like the same at at least to some aspects
Ellie;136.175;136.685;mhm (mhm)
Participant;138.325;153.265;um and i love the scenery i love the you know mountains they're beautiful you know great for hikes you know taking out you know the dog the family you know it's nice it's pretty active yeah
Ellie;150.405;156.1;yeah2 (yeah) dont_like_LA (what are some things you don't really like about l_a)
Participant;156.4;176.455;uh the smog <laughter> uh i don't like the smog it's just you know if you go out um further out you know you could tell by the air you know or you know everything's clearer the sky is bluer <laughter> um but other than that like you know and traffic <laughter> nobody likes traffic i think
Ellie;176.667;177.467;wild_laughter3 ((laughter))
Participant;176.83;185.65;yeah yeah but um yeah that's you know pretty much l_a is pretty nice you know it's i like it
Ellie;186.885;190.023;thats_good (that's good) study (what did you study at school)
Participant;191.27;212.33;um well i was studying just basic you know um i'm not sure exactly what i wanna be so it's just kind of you know here and there just jumping through hoops and stuff so not really set yet it's just i'm still trying to find my interests i suppose so
Ellie;211.805;213.005;dream_job (what's your dream job)
Participant;214.055;243.39;um my dream job hm that's a good one um i love working with children so i would say probably a child psychologist just 'cause you know it's great you know to learn what's going on in the young minds and you know how we could help children develop a better way you know make children you know or help you know help them you know grow up in a positive way i supposed instead of like going the wrong track
Ellie;243.667;244.177;mhm (mhm)
Participant;244.575;248.71;yeah i just you know help children
Ellie;247.847;252.275;shyoutgoing (do you consider yourself more shy or outgoing)
Participant;251.64;277.13;uh it depends it depends on the situation i'm in sometimes you know i could be like super outgoing and just like you know and sometimes like it just i could be all quiet or whatnot and just paying attention you know if i'm like in class or whatever i don't really like and there's everyone talking i just i'd prefer just to stay away from that you know 'cause i need something else to concentrate on something else you know there's like a moment and time for everything i suppose
Ellie;277.464;277.934;uh_huh (uh huh)
Participant;278.08;278.57;yeah
Ellie;280.728;292.499;relax_fishtank (sometimes when i'm feeling tense i turn on the fish tank screensaver hey i know it's not hawaii but it's the best i've got what do you do to relax)
Participant;292.67;313.45;um i like to kick my feet up on the couch and like read a good book you know just get my mind going to another you know galaxy or universe or situation you know it's pretty fun you know just you know reading and then just having just yourself relaxed and you know feeling good
Ellie;313.727;314.627;thats_great (that's great)
Participant;315.26;317.98;yeah it is it's just fun i love reading
Ellie;318.815;320.875;control_temper (how are you at controlling your temper)
Participant;321.26;336.15;um i'm okay with it i'm not like the best you know temper controlling person there is out there you know i try my best and i guess that's all i could do until i keep doing better eventually but i'm not like the best
Ellie;334.647;335.157;mhm (mhm)
Participant;336.42;345.42;i mean i sometimes i do have my outbursts you know um but you know i guess that's everyone i'm not sure haha you know
Ellie;343.092;348.261;yeah3 (yeah) last_argument (when was the last time you argued with someone and what was it about)
Participant;349.13;387.75;uh huh that's a good question um hm i don't remember <laughter> uh let's see uh honestly i can't recall maybe uh my goodness i i don't know <laughter> i've i've uh sometimes i'm very passive that i'll just like let things go 'cause i mean what's the point of making a big deal out of things you know so um huh i don't know i'm not i i i can't honestly i can't tell you that <laughter> at this moment
Ellie;387.43;391.41;okay_confirm (okay) talk_later (why don't we talk about that later)
Participant;391.65;394.56;sure yeah probably come back to it
Ellie;393.558;395.592;feelguilty (what's something you feel guilty about)
Participant;396.29;422.37;um huh well i guess when i was younger i you know uh could've been better older sister and i i wasn't and that makes me feel guilty for sure you know i could've been a better sister better role model <laughter> you know but i'm trying my best now so i'm trying to make things better and it's working <laughter>
Ellie;421.582;422.442;Ellie17Dec2012_03 (that's good)
Participant;422.85;423.43;yeah
Ellie;425.074;429.206;memory_erase (tell me about an event or something that you wish you could erase from your memory)
Participant;431.08;467.3;woo um i guess huh hm i don't know i mean i'm the person that i am because of the events that have happened in my life so if i erase something then it just there's something of me in my present self or you know that would change and i don't know i'm pretty okay with the person that i am now i mean you know i don't think i would change an event you know i'm i'm okay with what you know ups and downs and good and bad that has happened
Ellie;467.808;468.268;okay_confirm (okay)
Participant;467.82;470.87;so yeah
Ellie;470.403;476.58;travel_shoes (i'm sure you can tell by my shoes i'm not much of a world explorer do you travel a lot)
Participant;477.36;518.33;uh i can't see your shoes but um i don't travel a lot um but i am kind of like an explorer i guess i love to explore like even the smallest things like if i go hiking i go off trail and you know just find my way up to the top you know somehow some way and just make it you know um traveling uh i would love to do that but i don't know just you know always circumstances in my life that doesn't you know always something you know i'm getting married children you know and all this so it's kind of like you know it would be nice i guess you know it would be nice
Ellie;517.617;518.087;yeah3 (yeah)
Participant;518.95;526.32;you know i love camping that's kind of like you know it's taking a few days trips out there camping and you know fishing <laughter> yeah
Ellie;524.896;528.203;nice (nice) bouts_symptoms (when was the last time that happened)
Participant;528.77;547.19;um hm it was this summer you know me and my husband went camping and it was really nice it was just me and him you know and it was like no one and it was like beautiful because it was just in the middle of the woods with a beautiful lake and you know it was it was really nice it just yeah
Ellie;545.758;549.808;aw (aw) great_situation (that sounds like a great situation)
Participant;548.02;566.23;yeah yeah yeah it was it was it was really fun  it was like i would love to do it again you know right now it would be great you know just going out there it's just i love the adventure of things and the nature and just life and you know overall
Ellie;566.353;566.823;uh_huh (uh huh)
Participant;568.01;568.51;yeah
Ellie;569.412;571.852;easy_sleep (how easy is it for you to get a good night's sleep)
Participant;572.35;607.04;uh it's it's easy but lately i haven't been able to sleep like at night right away because i don't know just you know just i'm laying there and i'm just like trying to go to sleep and i'm just like ugh but eventually i do <laughter> you know i just i probably like need to position myself on a different side of the bed like sometimes i'm i'm in the headboard and i'm like ah i gotta go to the other side and once i position myself then i just like go to sleep you know but it just i gotta find the position <pos> the right position for me yeah
Ellie;607.591;609.371;sleep_affects (what are you like when you don't sleep well)
Participant;610.19;636.43;um i'm tired <laughter> i get tired throughout throughout the day you know but i kind of try to shake it off you know and just kind of like feel like it's a new day you know and just try to make the day that i have as great as possible you know and then try to like make it up by sleeping at night the day of <laughter> you know so yeah yeah yeah it's just
Ellie;633.951;634.421;uh_huh (uh huh)
Participant;636.88;646.08;you know it's okay i try to make it the best i guess if not then i just go to sleep throughout the day which sucks but yeah
Ellie;646.717;650.933;okay_confirm (okay) depression_diagnosed (have you been diagnosed with depression)
Participant;651.65;653.46;uh no <laughter>
Ellie;652.962;655.002;ptsd_diagnosed (have you ever been diagnosed with p_t_s_d)
Participant;655.16;655.78;no
Ellie;656.342;657.722;feel_lately (how have you been feeling lately)
Participant;658.22;673.14;uh been feeling good yeah i've been feeling really good um you know a lot of things in my life have you know it i'm having a really good year so far so i'm very happy with that you know everything's you know going good you know
Ellie;672.741;673.641;thats_great (that's great)
Participant;674.46;684.12;yeah it is it is except that i i just got out of a cold and it was horrible but that's just nature <laughter> my immune system has to work harder <laughter>
Ellie;684.242;689.814;right2 (right) happy_lasttime (tell me about the last time you felt really happy)
Participant;686.23;722.36;yeah um super happy was uh when the doctor told me i was pregnant you know i was really really happy about that and i was just like ah you know <laughter> that was really really good you know very excited and just reading about what's going on with my body and what's going on with the baby and oh that's very overwhelming and it's scary at the same time <laughter> i've never really like uh you know but yeah i've yeah very happy
Ellie;720.321;720.791;yeah3 (yeah)
Participant;725.03;725.69;uh
Ellie;725.308;728.248;Ellie17Dec2012_07 (what would you say are some of your best qualities)
Participant;728.67;759.91;um i don't know um i guess just me myself i uh you know like you know i could you know just be myself and that's it you know just i can't really you know say i have specific thing i guess i mean it depends on the person that meets me to tell me i can't really tell myself like oh i'm this i'm that just you know just try to be my best and try to portray something good for other people to tell me or you know compliment me or what not
Ellie;760.124;760.634;mhm (mhm)
Participant;761.05;761.61;yeah
Ellie;762.864;765.75;self_change (what are some things you wish you could change about yourself)
Participant;766.32;795.89;um <laughter> nothing i think <laughter> um like i said i'm i'm happy with the person i am right now and you know my flaws or whatever you know i might have whatever flaw people see in me and it'ts okay you know i'm okay with it whatever it just i'm not gonna i'm i can't change myself for the likings of other people <laughter> i have only one body and one life so yeah
Ellie;795.72;796.19;uh_huh (uh huh)
Participant;797.94;798.78;yeah that's it
Ellie;799.338;800.408;regret (is there anything you regret)
Participant;801.59;821.1;uh just my childhood with my sisters and my family but you know it's you know i you learn from that you learn from the past and you kind of feel like hey you know maybe i should be a better role model you know for my children and so my children could be better role models so the world could just improve
Ellie;822.071;825.021;advice_back (what advice would you give to yourself ten or twenty years ago)
Participant;825.69;854.3;um just smile and be happy you know and whatever hard things happen you know you're gonna get through them eventually you know the only thing you can't um i don't know you can't you know go back on is death you know you could you know the heartbreak or it's whatever but you know as long as i'm alive i'm just i still gotta keep going yeah <laughter>
Ellie;852.926;858.885;yeah3 (yeah) Ellie17Dec2012_08 (what are you most proud of in your life)
Participant;859.8;893.49;um i don't know um that's pretty huh most proud of i guess that i'm trying my best to be the best i could be and that's pretty powerful you know i i'm you know i try to be you know a better person each day and try to like you know improve myself every day as much as i can you know that would probably be something i could be super proud of you know as much as i can
Ellie;892.666;893.606;difficult (how hard is that)
Participant;894.26;923.17;very hard <laughter> i'm not gonna lie um it is really hard you know 'cause i can't say you know it's easy to be bad but it's hard to be good you know and you know it's it's always challenges and everything that goes you know in your life but you know it's just it's it's sometimes you know hard you know and sometimes it comes easy you know after a while you get a lot of practice and everything's just like you have a great day and you didn't even try <laughter> you know
Ellie;923.275;923.785;mhm (mhm)
Participant;924.64;925.27;so yeah
Ellie;925.07;926.76;BF_describe (how would your best friend describe you)
Participant;927.49;957.14;um you know loving friendly um outgoing you know adventurous i guess i don't know i guess that's what they say <laughter> i i just you know that's them like you know but that's what at least what i try to be you know at least i try to give a the best foot forward always as much as possible you know even sometimes even if i'm having a rough day i'm just like uh you know you know i just i don't wanna take it out on anyone or anything you know
Ellie;957.156;957.626;yeah3 (yeah)
Participant;958.73;959.27;yeah
Ellie;959.288;961.487;ideal_weekendC (tell me how you spend your ideal weekend)
Participant;962.25;999.08;um <laughter> my ideal weekend usually i i like going to the park i like sitting down in like a tree under a tree actually under a tree where there's shade and just kind of like put my blanket out there have my dog and like read a book and you know sometimes if i don't have my dog like there's little squirrels running around and they like me to feed them so that's pretty neat you know just sitting there and just enjoying the air and the noise <n> noise i guess 'cause there's not silence you know the wind and the cars and you know it's just it's really neat
Ellie;999.7;1001.06;good_hear (that's so good to hear)
Participant;1001.64;1002.2;yeah
Ellie;1001.782;1004.222;asked_everything (okay i think i have asked everything i need to)
Participant;1004.79;1005.28;awesome
Ellie;1004.796;1006.236;appreciate_open (thanks for sharing your thoughts with me)
Participant;1006.86;1008.87;thank you you're welcome <laughter>
Ellie;1008.407;1009.017;bye (goodbye)
Participant;1009.35;1009.62;bye
