speaker;start_time;stop_time;text
Participant;46.71;47.54;<synch>
Ellie;64.234;85.774;IntroV4Confirmation (hi i'm ellie thanks for coming in today i was created to talk to people in a safe and secure environment i'm not a therapist but i'm here to learn about people and would love to learn about you i'll ask a few questions to get us started and please feel free to tell me anything your answers are totally confidential are you ok with this)
Participant;86.58;87.09;yeah sure
Ellie;87.861;92.031;okay_confirm (okay) how_doingV (so how are you doing today)
Participant;92.38;93.44;i'm fine thank you
Ellie;94.072;97.081;thats_good (that's good) where_originally (where are you from originally)
Participant;97.64;98.71;i am from los angeles
Ellie;99.286;103.75;really (really) like_about_LA (what are some things you really like about l_a)
Participant;104.765;111.76;well you can't beat the weather um and i just think the familiarity of home just uh makes me feel comfortable here
Ellie;112.292;116.104;mhm (mhm) dont_like_LA (what are some things you don't really like about l_a)
Participant;116.66;127.04;smog uh rudeness although it doesn't compare to new york it's um <laughter> people can be unbearable when they're rude
Ellie;127.805;136.706;see_mean (i see what you mean) travel_shoes (i'm sure you can tell by my shoes i'm not much of a world explorer do you travel a lot)
Participant;136.63;142.02;um not as much as i'd like lately i traveled more in the past but uh not lately no
Ellie;143.176;144.696;travel_changed (what do you enjoy about traveling)
Participant;145.75;153.54;i just think seeing different places it's um learning new things uh finding things that are fascinating that peak my interest
Ellie;154.127;157.02;mhm (mhm) travel_trips (i'd love to hear about one of your trips)
Participant;157.73;192.83;um let's see i think <laughter> spoke of new york earlier i think the first time i went to new york i was quite amazed i know it's uh still <st> still only in america but i just think um being from l_a i didn't think anything or any city could be bigger and more uh how do you say uh ostentatious than new york but uh it was it was quite an experience and uh i didn't think any place was uh i didn't <di> i didn't think any place was dirtier than downtown l_a <laughter> but i think times <time> i think <laughter> times square's got us beat
Ellie;189.976;196.976;wild_laughter3 ((laughter)) memorableB (what's one of your most memorable experiences)
Participant;199.565;202.565;too many to mention i i don't even know where to start
Ellie;204.503;211.539;okay_confirm (okay) shyoutgoing (do you consider yourself more shy or outgoing)
Participant;211.48;212.97;suppose it depends on the situation
Ellie;215.23;227.302;relax_fishtank (sometimes when i'm feeling tense i turn on the fish tank screensaver hey i know it's not hawaii but it's the best i've got what do you do to relax)
Participant;227.55;248.48;um i like to walk i like to uh i like to play with my dogs uh reading uh anything where i guess i suppose i could just sit still let and let my mind go blank i know reading requires some concentration but uh you know just uh things that uh i don't have to um exert myself too much uh helps me relax
Ellie;249.166;252.963;okay_confirm (okay) control_temper (how are you at controlling your temper)
Participant;253.84;259.62;<sigh> in the past i've had problems but i'm getting better <laughter> let's just say that <laughter>
Ellie;260.237;263.287;last_argument (when was the last time you argued with someone and what was it about)
Participant;264.575;273.4;ah probably argued with my roommate <psh> couple days ago but uh that happens we're friends uh it's a loving argument <laughter> if if you will
Ellie;274.728;275.878;how_know (how do you know them)
Participant;276.915;285.28;uh i met this roommate about six seven years ago we just uh kind of um kinda moved around the same social circles and just got along
Ellie;286.942;290.291;thats_good (that's good) living_situation (how do you like your living situation)
Participant;290.39;300.95;it's cool i mean guess you know like we do argue uh we have our differences sometimes but there's not one person i'd rather have i'd rather live with than than her she's she's cool
Ellie;301.985;308.27;good_hear (that's so good to hear) situation_handled (tell me about a situation that you wish you had handled differently)
Participant;311.225;322.695;hmm how much time do we have uh <laughter> it's just too numerous to mention um i i i wouldn't know how to answer that
Ellie;324.631;328.231;hard_decisionB (tell me about the hardest decision you've ever had to make)
Participant;330.83;342.665;i think breaking up with a girlfriend that i truly cared about but knowing knowing that it just wasn't going to work um that was very difficult
Ellie;344.11;345.54;change_directions (what made you decide to do that)
Participant;348.57;365.23;just weighed pros and cons and just thought it just wasn't going to work um no matter how much love or care i brought to the relationship there was something missing and i think i invested enough time she invested enough time and just knew it was over
Ellie;366.132;368.811;yeah_downer (yeah) happy_didthat (are you happy you did that)
Participant;369.17;369.35;no
Ellie;374.017;378.15;memory_erase (tell me about an event or something that you wish you could erase from your memory)
Participant;383.17;394.1;so many <laughter> i don't have too many regrets but things you erase from your memory oh there's a lot uh too numerous to mention i don't know how to answer that
Ellie;396.835;398.878;feelguilty (what's something you feel guilty about)
Participant;401.4;431.805;the same girl that i broke up with she was the she was a girlfriend <laughter> of uh a a best friend of mine uh they were separated for for several years and we always had a chemistry always a friendship and it turned into something to something which you know turned into a relationship and uh it hurt him uh and currently we do not speak i wish uh my regret is i wish i i would've handled that better
Ellie;433.644;434.104;okay_confirm (okay)
Participant;436.04;436.37;<scoff>
Ellie;436.312;439.017;family_relationship (tell me about your relationship with your family)
Participant;439.52;455.45;um it's it's funny see as i as i get older i'm not as close but i still care for 'em and i still love them and i think they love me i my mother and my father are both alive mm don't interact a whole lot i'm very close to my older sister
Ellie;456.69;459.02;influence_positive (who's someone that's been a positive influence in your life)
Participant;459.015;459.845;my older sister
Ellie;461.138;462.298;tell_about_that (can you tell me about that)
Participant;462.85;481.82;um she's just strong no nonsense uh she's short yet a firecracker and i've always liked that about her she uh uh she always felt makes me feel makes me feel comfortable i'm like uh another son to her <laughter> in a way
Ellie;483.629;488.643;thats_great (that's great) easy_sleep (how easy is it for you to get a good night's sleep)
Participant;489.71;507.825;uh suppose it depends on my stress level um when i have a lot on my mind i have difficult sleeping and uh other times it just if i really need to get to sleep it just requires me listen to the radio listen <lis> uh watching t_v reading and eventually i'll get tired fall asleep
Ellie;508.42;511.579;mm (mm) sleep_affects (what are you like when you don't sleep well)
Participant;514.03;525.03;crabby uh i suppose like anybody else um tired listless you know all the normal things i suppose happen when somebody doesn't sleep well
Ellie;525.683;528.289;yeah3 (yeah) feel_lately (how have you been feeling lately)
Participant;528.97;529.41;i feel good
Ellie;531.436;534.606;behavior_changes (have you noticed any changes in your behavior or thoughts lately)
Participant;535.81;543.1;mm no not really um no no i i wouldn't say i have
Ellie;542.935;546.786;okay_confirm (okay) ptsd_diagnosed (have you ever been diagnosed with p_t_s_d)
Participant;547.07;547.83;no i have not
Ellie;548.59;550.4;depression_diagnosed (have you been diagnosed with depression)
Participant;550.55;551.16;yes i have
Ellie;551.952;553.872;when_diagnosed (how long ago were you diagnosed)
Participant;554.07;558.26;i was diagnosed probably about about five years ago
Ellie;559.638;560.988;why_seek_help (what got you to seek help)
Participant;562.74;581.15;i think uh i always knew there was a problem i always knew there was some i i i think i always knew before i got treatment that there was some issue emotionally and hmm and lot of things that are very hard to explain and i just was tired of feeling that way so i sought help
Ellie;582.447;583.597;symptoms_what (what were your symptoms)
Participant;584.905;609.0;think just uh lethargy uh uh no desire to do anything uh motivation just was wasn't there um think normal depression type things uh um social <socia> i became socially awkward which was a little bit different for me 'cause uh growing up i was you know quite talkative <laughter>
Ellie;609.619;612.631;hmm_downer (hmm) therapy_going (do you still go to therapy now)
Participant;612.93;613.3;i do
Ellie;614.781;616.231;therapy_useful (do you feel like therapy is useful)
Participant;617.54;618.45;i'm sorry say again
Ellie;619.7;621.33;therapist_useful (is going to a therapist helping you)
Participant;622.41;624.45;gotcha um it does i think it does
Ellie;625.758;628.608;therapy_changes (what sort of changes have you noticed since you've been going to therapy)
Participant;629.05;654.225;well um <sigh> i think the number one thing and this is what i'm amazed about is the temper i think i've uh it's allowed me to to step back from certain situations and not take them so seriously and not get so tense or angry and then react i think it's it it's calmed me down for the most part
Ellie;655.765;656.705;difficult (how hard is that)
Participant;660.42;666.1;now it's becoming it it it's becoming routine uh initially it was very difficult
Ellie;668.058;670.605;happy_lasttime (tell me about the last time you felt really happy)
Participant;673.27;676.98;when i was five years old <laughter>
Ellie;676.993;678.153;tell_about_that (can you tell me about that)
Participant;678.715;686.54;oh no when <wh> when you're a kid there's nothing really to um there's nothing to be sad about you're a kid
Ellie;689.548;693.88;understand (i understand) BF_describe (how would your best friend describe you)
Participant;695.16;705.48;my best friend um a jerk i don't yeah uh i have a dry i have a dry sense of humor so uh you know
Ellie;702.463;703.263;wild_laughter3 ((laughter))
Participant;706.3;715.89;my best friend would probably uh i think the the banter back and forth is you know usually an insult but you know it's all in love
Ellie;718.643;721.521;self_change (what are some things you wish you could change about yourself)
Participant;721.93;733.55;um i wish i could be taller i wish i could be more inclined to play basketball so i then become go to the n_b_a and be a millionaire i know that's all unrealistic but just answering honestly
Ellie;735.043;736.113;regret (is there anything you regret)
Participant;738.925;744.88;hmm anything i regret haven't we asked asked this before i mean so many don't know where to start
Ellie;745.703;750.671;okay_confirm (okay) advice_back (what advice would you give to yourself ten or twenty years ago)
Participant;753.365;778.35;mm that's a good one wow um wow i don't know i you know that's a good one i'd have <ha> i'd have to think about that i don't i wouldn't wanna answer that uh that's a good one usually you're asked um what you'd what you know how you feel ten twenty years from now looking back i don't know what advice i'd give myself
Ellie;780.242;785.606;okay_confirm (okay) Ellie17Dec2012_10 (tell me about something you did recently that you really enjoyed)
Participant;786.53;815.46;something i really enjoyed um hmm i love um there are several things i like to do um uh you know i uh i enjoy playing basketball i i i love watching it i love watching all sports for that matter what brings me real joy the past few years was um become a hobby of mine is is uh rescuing dogs fostering dogs and finding them them homes uh it's <laughter>
Ellie;815.589;816.269;aw (aw)
Participant;816.06;834.81;i guess it's become quite a a hobby of mine and uh sometimes i find lost dogs and i'm able to find their owner and sometimes i'm not so when i'll tell you what there's nothing <noth> to find the owner and i just found an owner last week for a small dog i found eh there is not greater feeling 'cause the man told me <laughter> the man told me how his um
Ellie;832.722;833.292;wow (wow)
Participant;836.29;843.46;how his <hi> how his daughter or was just crying when she left so to be able to give her give him back that was that was cool
Ellie;844.391;850.279;great_situation (that sounds like a great situation) Ellie17Dec2012_08 (what are you most proud of in your life)
Participant;851.13;863.1;i think for somebody that um didn't finish high school going on to college and graduating that's something that i uh i take pride in though i don't show it or speak about it often
Ellie;865.421;869.14;yeah3 (yeah) asked_everything (okay i think i have asked everything i need to)
Participant;868.8;872.31;<laughter> yeah
Ellie;870.071;873.197;appreciate_open (thanks for sharing your thoughts with me) bye (goodbye)
Participant;872.64;875.3;you look you look like my friend rachel it's funny
Ellie;875.895;876.765;wild_laughter5 ((laughter))
Participant;876.74;876.84;<laughter>
