speaker;start_time;stop_time;text
Participant;17.16;17.97;<synch>
Ellie;33.263;54.803;IntroV4Confirmation (hi i'm ellie thanks for coming in today i was created to talk to people in a safe and secure environment i'm not a therapist but i'm here to learn about people and would love to learn about you i'll ask a few questions to get us started and please feel free to tell me anything your answers are totally confidential are you ok with this)
Participant;54.98;55.37;yes
Ellie;56.137;60.104;okay_confirm (okay) how_doingV (so how are you doing today)
Participant;60.23;61.06;i'm doing fine
Ellie;61.647;64.467;thats_good (that's good) where_originally (where are you from originally)
Participant;64.82;67.56;i'm from los angeles and born in los angeles
Ellie;68.062;68.652;really (really)
Participant;69.325;69.745;yes
Ellie;70.138;72.248;like_about_LA (what are some things you really like about l_a)
Participant;73.04;79.14;uh you have a lot of places to go a lot of people to see a lot of things to do
Ellie;79.771;83.257;mhm (mhm) dont_like_LA (what are some things you don't really like about l_a)
Participant;83.52;94.06;smog uh the environmental has changed over the years uh xxx i've been around since nineteen fifty two and
Ellie;94.024;94.594;wow (wow)
Participant;94.56;104.935;i was born here in los angeles and i see such changes as far as environmental with the smog and mm basically that's about it
Ellie;105.856;114.803;see_mean (i see what you mean) travel_shoes (i'm sure you can tell by my shoes i'm not much of a world explorer do you travel a lot)
Participant;114.25;117.41;i've been to several <s> uh several places in the united states yes
Ellie;118.009;119.529;travel_changed (what do you enjoy about traveling)
Participant;120.02;133.63;uh trying different type of cuisines uh i like to go to museum like the historical i'm a historical buff i um just uh going somewhere different than uh where i've been here all my life
Ellie;134.283;135.963;travel_trips (i'd love to hear about one of your trips)
Participant;136.15;205.98;uh let me start with uh well try boston i had never been to boston before and when i went um i was able to look at the historical uh the buildings and i went to um uh i saw um um eh the lake charles and the and the boats and stuff and it it was just it was a good experience and um there's another place i went to i took a ferry and it and i my mind went on blank on it um god i can't even think of it right now um but other than that uh new orleans i've been to new orleans i didn't go to the mardi gras it's just i don't like to go and it uh to mardi gras when they have a lot of people um i just went on a off season uh i enjoyed that and i've been to atlanta georgia and i have taken a cruise uh i've went to the caribbeans and i took the mexico cruise uh i my next cruise i'd like to go to is alaska because i want to be able to see uh certain areas that we haven't destroyed yet as far as the environmental
Ellie;207.017;214.762;thats_great (that's great) shyoutgoing (do you consider yourself more shy or outgoing)
Participant;213.375;229.54;um i'm outgoing as far as uh going places i don't have a problem um eating alone um i don't have a problem meeting people um i'm only shy in conversing back and forth to a stranger <laughter>
Ellie;231.199;242.965;relax_fishtank (sometimes when i'm feeling tense i turn on the fish tank screensaver hey i know it's not hawaii but it's the best i've got what do you do to relax)
Participant;243.53;276.945;oh i have a favorite thing uh i like to go on the internet and i like to do sweepstakes i'm a a person that loves to try to enter in a lot of contests and i've been very successful since i was a kid i've won a lot of sweepstakes and uh in the evening time uh i find like a hour of time and i just go online and just eh i'm so good at it i know just about exactly the right time to even enter 'em i usually try to enter 'em before midnight when everybody else is sleep so it's been successful for me
Ellie;277.49;279.85;memorableB (what's one of your most memorable experiences)
Participant;280.18;285.845;um getting married and having my children <laughter>
Ellie;286.114;286.794;aw (aw)
Participant;287.595;287.745;mm
Ellie;288.185;289.295;kids_elaborate (tell me about your kids)
Participant;289.43;318.59;i have a twenty-seven-year-old son and i have a thirty-one-year-old son um both of 'em uh well one of 'em's married the other one's not and i just not too long ago became a grandmother so i have one grandson and uh my uh son he uh works for the county of los angeles as a conveyance <co> a property conveyance conveyance examiner and the other one is a computer engineer so and i've been married for thirty three years
Ellie;315.494;316.004;mhm (mhm)
Participant;319.18;323.86;and um basically uh marriage pretty strong
Ellie;325.86;330.152;good_hear (that's so good to hear) easy_parent (do you find it easy to be a parent)
Participant;331.88;389.74;you know what if you build a foundation with your children and have a good relationship with them and talk to 'em and find out what's going on and tell 'em that you love them uh my son i've taught them all the time when they went out the door i love you and even today when they'll call me and hang up they say mom i love you you always have to give them that that um good feeling when they leave the door that you care and uh i i've never had to go to <t> to <t> eh to any jail to get 'em out um they've been pretty obedient i mean boys will be boys but um i never had any problem as far as uh them getting into any serious trouble and i'm very proud of that especially with boys i don't know how it would've been with a girls maybe a little different but <laughter> with boys i have to say they were pretty obedient and they respect the law
Ellie;377.781;392.651;yeah3 (yeah) wild_laughter3 ((laughter)) parent_best (what's the best thing about being a parent)
Participant;393.58;431.76;uh the best thing is watching them grow and become parents themselves and see what they learn basically from you and um i've watched my son like i said i just a recent grandmother and i watch him how he handles his son and it's it seems like he's learned a lot from his foundation that he learned at home on how to handle his son to be responsible to go to work every day and he knows that hey i got a wife i have a son and it's my job to make sure that i keep a roof over their heads so it pays off
Ellie;430.28;431.18;thats_great (that's great)
Participant;432.83;434.96;and i i basically he treats her well
Ellie;434.293;438.11;parent_differences (what are some ways that you're different as a parent than your parents)
Participant;438.74;503.09;um my mother was more stricter on me <laughter> uh my my my parents um for some unknown reason i i guess because i my sister and i we're the girls they they weren't strict on the boys but they were more strict on the girls so they didn't let us go to a lot of places and then my parents also they weren't type that liked to travel and i used to look at them and say no i'm not gonna be like them i'm gonna travel i'm not gonna just stay home i i mean i mean <me> there's nothing wrong with 'em because they found love at home <laughter> and did things at home but they never really traveled anywhere and my mom used she was afraid of planes for one and i used to try to talk her into get on a plane and go somewhere and she said oh i'm gonna go here i'm going to go there but she never did she died she never did do <d> do any travel so i've made up for her and uh i i want to do something different and that's to to travel more than and be more out there i was more of a social butterfly my mother was a not a social butterfly so i made up for it
Ellie;503.898;507.657;okay_confirm (okay) control_temper (how are you at controlling your temper)
Participant;508.67;533.2;i think before i speak and then i am the type of person also to um i take on other people's feelings before i um blurt out the wrong thing i try to uh analyze the situation first before <bef> because sometimes you can put your <yo> open your mouth too soon and you can put yourself in something that you may not be able to get out of
Ellie;533.596;539.501;yeah2 (yeah) last_argument (when was the last time you argued with someone and what was it about)
Participant;540.64;616.99;um <laughter> it's probably something about my husband did <laughter> oh he <h> i know what it was it's about uh well probably over some construction <cons> new construction that my husband is working on on our house uh we had a disagreement on that um men have their own way of doing things and um i had told him not to use a certain uh eh person to work on our house but because of the personal relationship he has with this person he went on ahead and now he sees all the downfalls and he didn't listen and so i didn't say i told you so but i guess he can tell by my facial expression that uh he he'd have done wrong and i told him i said look you're losing money and it became one problem after another so now all the construction thing is up in the air right now 'cause he knows he has done wrong and uh but he doesn't wanna face the fact that well he knows it but he doesn't wanna really face the fact so he says look it's my project no it's our project so uh eh that that's one of the biggest arguments what we're having right now um that i can think of that's recent
Ellie;617.637;619.177;describe_felt (how did you feel in that moment)
Participant;620.31;663.19;i felt that he <h> he <h> he didn't really listen to me and he more so looked at uh a cheaper economical way that he can get this done without going through the proper ways 'cause i told him that um you need to do your research i'm the type of person i do my research before i jump into something i i i try to dot my i's and cross my t's but my husband he's not like that he's like oh i can get this person can do this project for x amount of money and he's a good friend of mine so i don't care i mean is he licensed he doesn't look at all that stuff he's he just jumps into it <laughter>
Ellie;660.656;661.046;right2 (right)
Participant;663.64;674.66;which cost him some extra money unnecessary money that he spent when and then i mean it was a lot of money and so i was really very upset yesterday and i was very upset about it because
Ellie;671.054;671.894;that_sucks (that sucks)
Participant;675.15;680.7;it was just wasted money that we could've saved 'cause we wind up doing the same thing all over again
Ellie;681.595;682.035;yeah_downer (yeah)
Participant;681.735;683.255;and it didn't make any sense
Ellie;685.315;689.094;situation_handled (tell me about a situation that you wish you had handled differently)
Participant;690.63;780.45;um i retired early um i was very fortunate to retire at age fifty i retired in two thousand and two i was working for the state of california um as a disability analyst and what happened was i was able the reason why i was able to retire so early because i'd been working since i was eighteen and i had like thirty one and a half years of service and what was so nice about it that only needed <n> needed to vest in like ten years in my health insurance so i was able to get full health insurance but the only thing about it when you retire i was with calpirg and i don't know if you're familiar with calpirg but um we we have a excellent retirement system and since i had been working with them so long um i didn't get the full percentage i should've stayed 'til i was fifty five but i got out at fifty and i didn't get the full amount but that's okay um eh i i found myself going back doing a little part-time job because of the economical reason and then i have wantitis <laughter> so um i think that was the kind of mistake i did i should've kinda waited 'til i was fifty five than fifty but i look at it now as far as the health insurance i really benefited because of the rising cost of the health insurance have went up and i don't i pay very little money so i think that over uh negates the uh uh uh the money that i receive
Ellie;780.991;786.739;yeah3 (yeah) hard_decisionB (tell me about the hardest decision you've ever had to make)
Participant;787.74;870.505;um let me see the hardest it's probably when my mom died 'cause uh i'm not used to anybody dying and my mother um died in ninety nine of uh non-hodgkin lymphoma and i i xxx putting her funeral together um my brother and sister we never we would never face anybody dying or putting a funeral together and all the responsibility <responsi> because i am the eldest it was put in me and i'm like oh my god what do i do xxx and so um i was kinda like left out there trying to find her insurance policy 'cause i had asked her to make sure she put everything in order and she never got to it so the hardest thing was going through her house and trying to get all the stuff together and finding things you know i myself i keep my things organized but um for some unknown reason she didn't have hers organized and i think that was the hardest and knowing how much i had to pay 'cause i had to come out of pocket on some of my stuff and unfortunately my mom <laughter> this is interesting she had one little small barrel insurance but she had million dollar of accident insurance and she didn't die of course with with accident she had a medical condition so that was something so we had to pay for the whole just about everything
Ellie;871.383;872.733;been_hard (that sounds really hard)
Participant;872.5;925.99;yeah it was it was but and now i can handle i i i um <laughter> this will sound weird but um since that i've learned from that so i have made it available for my children that my husband and i we got together and we wind up getting our insurance uh uh uh uh policy xxx not insurance policy but um what do you call the um barrel insurance we had that and it just we've had it for mm many many years so it's almost paid but xxx ten years it'll pay for everything um the plot and everything and uh another thing that i did i've even written my own obituary i know that sounds weird so my son make one phone call that's it i don't want them to go through what i went through and my husband agreed that's the one thing we did agree on
Ellie;923.361;924.301;makes_sense (that makes sense)
Participant;926.53;939.73;and um he said he don't want anybody to to have any problem uh people coming in and telling 'em what to do it's already written we did a living trust i mean it's nothing they can do but make one phone call
Ellie;940.407;940.917;mhm (mhm)
Participant;940.56;941.26;and that's it
Ellie;943.059;945.499;easy_sleep (how easy is it for you to get a good night's sleep)
Participant;945.855;950.49;i have no problem sleeping i sleep very <laughter> well pretty good
Ellie;950.209;951.589;feel_lately (how have you been feeling lately)
Participant;952.11;965.555;um i've been a little tired but that's only because of physical condition um i have i found i have vitamin b deficiency and vitamin d xxx deficiency so it's more physical but not in the mental
Ellie;966.467;967.577;symptoms_cope (how do you cope with them)
Participant;969.37;973.48;um exercise walk walking more so
Ellie;975.26;978.43;behavior_changes (have you noticed any changes in your behavior or thoughts lately)
Participant;978.38;979.63;no not really
Ellie;980.438;982.478;ptsd_diagnosed (have you ever been diagnosed with p_t_s_d)
Participant;982.4;982.72;no
Ellie;983.273;985.083;depression_diagnosed (have you been diagnosed with depression)
Participant;985.25;985.7;no
Ellie;987.27;989.817;happy_lasttime (tell me about the last time you felt really happy)
Participant;990.58;1016.505;i'm basically happily all the time i'm mm more so i'm making other people happy i get more phone calls of people want inspiration about things uh uh when they have projects they working on and i try to encourage them uh and it makes me feel good when they hang up and say you know hey i really appreciate your input um thanks and then they i'll i'll follow up on 'em and see how they're doing
Ellie;1017.292;1022.442;good_hear (that's so good to hear) BF_describe (how would your best friend describe you)
Participant;1023.27;1092.23;oh uh resource person i've been um described as a resource person from my supervisor to from my friends because i'm the type of person i research everything i get into just about i just don't  xxx dive into any situation i try to look up information uh some i know we have the technology here uh that you can get everything on the internet but also go back to the old school like like even finding this place i mean i did the map google but also i love the thomas brother i'm never gonna give up my thomas brothers map yellow pages you'd be surprised i don't give up my yellow pages so there's certain little things that i don't really let go i know we have technology but sometimes you know you'd be surprised that you can go around and find a whole lot of stuff that even though technology gives <gi> you have it right at your finger but you can find things and and they say i'm more of a resource person and most people come to me just to to look up things and i get that that that spunk about it because i like to look for stuff and find it
Ellie;1087.222;1087.692;uh_huh (uh huh)
Participant;1093.95;1095.38;and that gives me satisfaction
Ellie;1094.707;1097.614;self_change (what are some things you wish you could change about yourself)
Participant;1098.14;1143.35;uh i wish i can uh um stop going up and down on my weight <laughter> i'll lose weight i'll go on this big diet before the summertime and and then by christmas time i'm i have a what they call a yo-yo weight problem and if i can stop binging and making food my friend um i think that's just a nervous disorder i just <ju> i like to eat and um but also i don't like to be overweight either 'cause i have plenty of beautiful clothes at home and i can't get 'em xxx on right now so i know i say if i'm gonna go on this binge and try to lose weight for the summertime so i can get into those some nice clothes so it's mm mostly uh not happy with my weight that's it yeah
Ellie;1142.315;1145.039;mhm (mhm) regret (is there anything you regret)
Participant;1145.64;1146.6;i'm sorry didn't hear you
Ellie;1147.054;1148.124;regret (is there anything you regret)
Participant;1149.695;1165.65;um no not really i regret <laughter> that i can't stay skinny <laughter> i can't lose i mean i can lose the weight but i i regret not being able to keep it i i fall back on putting the weight back on
Ellie;1166.766;1169.716;advice_back (what advice would you give to yourself ten or twenty years ago)
Participant;1171.06;1198.87;um let's see xxx ten or twenty years ago mm i would've saved a little bit more money before i retired <laughter> and uh xxx uh basically um putting away more money before i retire instead of retiring too early
Ellie;1198.062;1200.362;Ellie17Dec2012_08 (what are you most proud of in your life)
Participant;1200.65;1252.655;most proudest is of my life um meeting a lot of people that came in my life uh i got good friends i still have fifteen of the best friends that i went to elementary school and in very rare you could find anybody can walk around and say they have the same fifteen group of friends we were in a sorority together went to college together lived in the same neighborhood and matter of fact we just had um well all of us had our sixty year birthday and our our high school group we put together a sixty year birthday reunion and here all fifteen of us with exception of one we're all alive and healthy and we keep in contact so i think uh it's basically keeping the same friends i think eh we're gonna probably outlive each other <laughter>
Ellie;1253.876;1256.316;asked_everything (okay i think i have asked everything i need to)
Participant;1256.34;1256.86;okay
Ellie;1257.291;1258.731;appreciate_open (thanks for sharing your thoughts with me)
Participant;1258.72;1259.55;you're welcome
Ellie;1260.095;1260.705;bye (goodbye)
Participant;1260.61;1261.19;bye bye
