speaker;start_time;stop_time;text
Ellie;32.613;58.063;hi i'm ellie thanks for coming in today i was created to talk to people in a safe and secure environment think of me as a friend i don't judge i can't i'm a computer i'm here to learn about people and would love to learn about you i'll ask a few questions to get us started and please feel free to tell me anything your answers are totally confidential how are you doing today
Participant;58.723;59.833;fine
Ellie;60.263;63.713;that's good where are you from originally
Participant;63.703;64.643;uh colorado
Ellie;65.033;65.663;really
Participant;65.693;66.433;mhm
Ellie;66.893;68.103;why'd you move to l_a
Participant;68.113;72.123;uh career career possibilities
Ellie;72.533;74.923;hm what do you do now
Participant;75.033;76.243;uh paralegal
Ellie;78.173;81.283;awesome when did you move to l_a
Participant;82.013;87.223;uh for further education for the weather for a friend [laughter]
Ellie;87.343;90.813;mhm how often do you go back to your home town
Participant;90.973;93.903;not often at all now every few years
Ellie;94.363;98.373;aww what are some things you really like about l_a
Participant;98.723;111.683;oh the weather uh the beach sunsets at the beach uh the thought of uh career possibilities um an educated group of people sophisticated market
Ellie;112.333;116.893;uh huh how easy was it for you to get used to living in l_a
Participant;117.153;135.583;it is an adjustment uh to to come here a lot of people misjudge it a little bit it's a laid back appearing town but it's actually very um uh sensitive to you know uh success and commericalization and that kind of thing so you have to keep up the pace
Ellie;134.083;139.003;yeah yeah how hard is that
Participant;139.263;150.073;uh that is a little bit harder i think when you first make the adjustment and pretty soon it becomes obvious that it's another market that you just have to work hard in like you you do in others
Ellie;150.113;154.883;mhm that makes sense what's your dream job
Participant;155.773;159.113;oh be an attorney [laughter] mhm
Ellie;158.863;160.863;really why
Participant;161.363;172.273;oh just because you have the uh the power you can use uh you know skills to be able to affect people live people's lives in a more dramatic way than just being uh an assistant in that field
Ellie;173.183;177.583;cool how close are you to your family
Participant;177.663;185.093;oh uh a lot of it is not around anymore just have brothers and sisters out of state so not particularly close right now
Ellie;185.273;191.593;i'm sorry what are some things that make you really mad
Participant;192.093;200.373;uh mm dishonesty unkindness lack of sympathy uh insensitivity you know
Ellie;201.123;205.393;yeah how are you at controlling your temper
Participant;205.633;212.373;uh very good if anything i'm i'm uh regressive that way [laughter]
Ellie;212.633;214.883;[laughter] that's good
Participant;214.353;215.053;mhm
Ellie;216.243;219.383;when was the last time you argued with someone and what was it about
Participant;219.373;233.143;oh wow uh oh just a friend a friend who is who is right now a has a fabulous job is uh spending too much money that he needs to save
Ellie;233.313;235.893;uh oh how do you know them
Participant;236.373;242.933;uh through uh a work situation just a a work connection mutual friends mhm
Ellie;240.983;242.493;how close are you to them
Participant;243.123;247.693;uh close close now we spend time we have uh we go out and have fun sometimes
Ellie;248.283;252.913;that's good what are some things you like to do for fun
Participant;253.323;260.743;uh walk walk on the beach uh you know uh shop in beach areas is kind of fun rodeo drive occasionally
Ellie;260.913;261.683;mhm
Participant;261.193;265.383;and uh and see films art art galleries
Ellie;266.113;271.103;okay who's someone that's been a positive influence in your life
Participant;271.903;274.213;oh uh my daughter
Ellie;276.343;279.593;aww tell me about your kids
Participant;279.613;290.403;i just have one daughter who graduated u_c_l_a law school and uh i raised her totally alone without any help so it seemed like an accomplishment that was was worth it the the two jobs and the work
Ellie;288.663;294.913;wow yeah do you find it easy to be a parent
Participant;295.053;305.473;uh i think it's difficult i think it's a difficult job that takes a lot more work than most people give it credit for if you wanna do it right you know it's always second guessing your behavior and that kind of thing
Ellie;302.863;308.753;mhm what's the hardest thing about being a parent
Participant;308.813;316.033;uh just uh i'd say peer pressure it can totally alter [al] alter anything a parent has tried to put into a child that's good
Ellie;316.883;321.063;yeah can you give me an example of that
Participant;321.723;341.183;scrubbed_entry so that was a really bad time for us
Ellie;341.473;348.403;that sounds really hard what do you think of today's kids
Participant;348.433;378.383;um i think it depends on which neighborhood or state you're in or the the uh i i think they're a little misguided i think a little uninspired [unin] uninspired right now i think they're being weighed down by the concerns of the wars and um and things like that and i think they can probably use a uh a common goal a common you know now a team uh as as oppposed to just being more separated group than a family [fam] once they were i think you know kind of uninspired right now
Ellie;378.853;384.923;yeah i see what you mean how easy is it for you to get a good night's sleep
Participant;385.013;390.243;um i worry sometimes about you know work issues but it's pretty pretty easy
Ellie;390.763;392.173;do you feel that way often
Participant;392.373;398.823;um no i i don't feel like i'm not sleeping i i just you know will occasionally worry about something at work
Ellie;399.173;400.713;when was the last time that happened
Participant;400.763;403.003;oh gosh about a couple weeks ago
Ellie;404.883;406.733;how did you feel in that moment
Participant;406.723;420.293;oh just uh you know unfortunately we have to worry you know i'm fortunate this isn't easier it's just cooperation between people uh it solves most everything you know so you always wanna have that around you
Ellie;420.863;423.793;mhm what are you like when you don't sleep well
Participant;424.243;429.063;um just stressed yeah stressed more stressed
Ellie;429.673;431.583;that sounds really hard
Participant;431.423;431.823;mhm
Ellie;433.993;435.303;do you feel down
Participant;435.823;446.923;um yeah fatigue has uh a lot of uh you know a lot of implications for just not feeling like yourself or misjudging things that you might judge differently if you were more well rested
Ellie;447.683;451.783;yeah have you been diagnosed with depression
Participant;451.823;453.533;uh not depression
Ellie;454.423;456.673;have you ever been diagnosed with p_t_s_d
Participant;456.673;487.503;um probably yeah i was that was considered a possibility i had an employment lawsuit several years ago and and uh actually litigated it and won the settlement um something about whistleblower thing implications [im] implications of that and um and i was kind of harrassed about it and so i found when i got out of it i couldn't find work right away in my own field so i had to go into a different field go back to u_c_l_a and get a new uh professional direction and i found myself fearful sometimes that it's gonna happen again you know and you think that would never happen again you know
Ellie;485.773;493.283;mhm i'm sorry to hear that what got you to seek help
Participant;493.813;522.673;um just that i was noticing that i was noticing i was feeling very uh in my paralegal class i had a a section about employment law and there was a a very complicated filing i had done with great a deal of work and study for my case but once faced with it again in that class setting i just i just couldn't get it done it was a late paper from me and i realized i was traumatized by having to go through that again um that you know yeah post traumatic stress sometimes comes later after the adrenaline dies down
Ellie;518.333;518.893;yeah
Participant;523.023;533.023;from what i understand and um so i think it was just uh it was just hitting me later you know that i was having to face that paper again and wow you know no adrenaline just wow there is a xxxx
Ellie;532.533;532.983;hmm
Participant;533.963;534.823;back back
Ellie;534.333;535.663;what were your symptoms
Participant;535.783;553.553;just uh just extreme uh you know avoidance of getting something done that should've been easy for me and uh and thinking about it as thoroughly as i should've or studying it or putting it off uh putting the feeling of going through that paper that type of paper even if it's just a class assignment again you know
Ellie;553.043;558.393;yeah have you noticed any changes in your behavior or thoughts lately
Participant;558.563;574.683;well um not lately um you know back then for sure when that happened which was about ten years ago now it was settled in court about seven years ago now and uh yeah it was it was effective you know it was effective in the way you view most everything and in your confidence and that kinda thing
Ellie;575.743;577.393;do you feel like therapy is useful
Participant;578.753;580.813;i'm sorry [laughter] repeat the question
Ellie;581.323;582.933;do you feel like therapy is useful
Participant;583.813;598.383;uh peaceful do i feel peaceful well yeah i was peaceful that it that it's settled uh but but angry that it ever happened so it's hard to i'll probably not ever feel peaceful about that issue ever it always the mention of it always makes me angry that i had to go through that yeah
Ellie;599.143;602.053;yeah could you have done anything to avoid it
Participant;602.403;621.303;i don't think so i tried everything to avoid it [laughter] you know and so uh uh i think that's that was aggravating for me too because i'm a patient person realistic and um and i tried everything to avoid uh confrontation in the matter but it was just required to try to you know help me cover the damage to our lives my daughter's life
Ellie;622.963;627.593;yeah do you consider yourself an introvert
Participant;628.083;649.933;i uh not now maybe one time in my life not now you if you can't communicate uh you know if you could communicate you could overcome people's perceptions or their judgments of you if you can effectively explain something and and uh it will help you overcome other perceptions of yourself that others might normally have judgments for age or anything like that
Ellie;650.433;655.813;yeah what's one of your most memorable experiences
Participant;655.923;671.183;um well just raising a daughter extendedly you know or or uh you know just um the experience of thinking thinking that that was a after all the years that was a success her graduating from law school yeah
Ellie;671.513;675.193;yeah how did you feel in that moment
Participant;675.583;690.093;uh just like a lot of work had a good ending uh  you know happy glad that it was fulfilled wishes or or dreams for this child were fulfilled you know that and she was able to make that success
Ellie;690.603;698.973;that's great when was the last time you felt really happy
Participant;699.953;719.983;wow um [laughter] i i i tend to be kind of happy with life 'cause the alternative is gonna harm harm your you know your ability to succeed so i try to force happiness i guess in in most every situation in my life route i find something about it uh when i lost some weight recently that made me really happy
Ellie;720.383;724.523;wow that's great do you travel a lot
Participant;724.543;730.863;i travel a little bit locally i traveled more when i was younger i really enjoyed that but just been too busy in the last few years
Ellie;731.693;734.243;yeah what do you enjoy about traveling
Participant;734.393;745.943;just new places um ability to take the worries we have every day work or concerns and kind of put them away for a while and see something new you know kind of the way
Ellie;745.323;746.923;i'd love to hear about one of your trips
Participant;747.103;761.983;i'm going back to uh colorado san riosco went through vale  and uh and spent the night there and um and it was just during spring when there aren't many skiiers and it was just beautiful and very quiet a lot of restaurants with the decks and open in the mountains and it was beautiful
Ellie;763.333;765.313;that sounds like a great situation
Participant;768.493;769.133;yeah
Ellie;768.573;770.403;how would your best friend describe you
Participant;770.703;779.313;wow uh just um ardent i'm hard working loyal uh um creative
Ellie;782.463;785.573;okay what's the best thing about being a parent
Participant;786.343;803.193;um just seeing something that you're creating you're trying to create uh becomes something you hoped the picture would be you know if if that's the case you know just hard work uh just fulfilled or or presented itself in a certain way that you know it makes you happy
Ellie;804.623;810.503;yeah how close are you to them
Participant;810.813;816.363;to my daughter um very [ver] pretty close she just had a baby she's in the bay area she send me pictures all the time
Ellie;817.063;828.013;aww that's great okay i think i've asked everything i need to thanks for sharing your thoughts with me
Participant;828.013;828.813;okay
Ellie;829.033;829.773;goodbye
Participant;829.773;830.273;bye
