speaker;start_time;stop_time;text
Participant;9.25;10.13;<synch>
Ellie;22.735;44.275;IntroV4Confirmation (hi i'm ellie thanks for coming in today i was created to talk to people in a safe and secure environment i'm not a therapist but i'm here to learn about people and would love to learn about you i'll ask a few questions to get us started and please feel free to tell me anything your answers are totally confidential are you ok with this)
Participant;44.43;44.66;yeah
Ellie;45.407;49.207;okay_confirm (okay) how_doingV (so how are you doing today)
Participant;49.71;50.62;i'm doing already how are you doing
Ellie;51.264;54.457;thats_good (that's good) where_originally (where are you from originally)
Participant;55.76;56.54;northern illinois
Ellie;57.606;60.826;really (really) when_LA (when did you move to l_a)
Participant;61.94;62.9;two and a half years ago
Ellie;64.125;66.025;often_backB (how often do you go back to your hometown)
Participant;66.66;68.81;haven't yet since i been here
Ellie;68.969;69.539;why2 (why)
Participant;70.88;73.36;haven't had a chance to gonna go back later this year
Ellie;74.547;77.688;cool3 (cool) compares_LA (how does it compare to l_a)
Participant;79.15;81.08;colder or warmer
Ellie;82.817;86.019;see_mean (i see what you mean) why_LA (why did you move to l_a)
Participant;86.36;86.75;work
Ellie;88.746;89.746;happy_didthat (are you happy you did that)
Participant;90.23;90.49;yeah
Ellie;92.059;94.529;adapted_LA (how easy was it for you to get used to living in l_a)
Participant;95.66;97.27;mm took a little while but i got used to it
Ellie;98.596;99.756;tell_about_that (can you tell me about that)
Participant;102.0;109.19;no weather xxx variations comparative um traffic sunlight
Ellie;110.309;118.58;mm (mm) travel_shoes (i'm sure you can tell by my shoes i'm not much of a world explorer do you travel a lot)
Participant;119.14;119.58;a little bit
Ellie;120.985;122.505;travel_changed (what do you enjoy about traveling)
Participant;123.34;124.37;seeing different things
Ellie;126.211;127.891;travel_trips (i'd love to hear about one of your trips)
Participant;129.89;134.11;been to europe a couple of times been around the country
Ellie;133.247;139.291;nice (nice) memorableB (what's one of your most memorable experiences)
Participant;144.62;150.32;<sigh> hmm visiting yosemite and sequoia parks were fun
Ellie;153.463;160.49;cool3 (cool) shyoutgoing (do you consider yourself more shy or outgoing)
Participant;160.58;165.35;depends on the circumstance most of the time i can fake outgoing or try to be outgoing
Ellie;166.936;170.303;mhm (mhm) what_do_when_annoyed (what do you do when you are annoyed)
Participant;173.6;176.26;try to relax and breathe through it and move on
Ellie;177.697;179.757;control_temper (how are you at controlling your temper)
Participant;181.19;182.26;depends on the context
Ellie;184.127;187.177;last_argument (when was the last time you argued with someone and what was it about)
Participant;189.34;193.27;probably yesterday and my children about them not doing what they were told to do
Ellie;196.459;200.239;situation_handled (tell me about a situation that you wish you had handled differently)
Participant;202.98;207.12;arguments with my wife where i should've probably been more patient and understanding
Ellie;208.195;209.525;give_example (can you give me an example of that)
Participant;212.43;226.71;hmm um sometimes when it's more of a hormonal period like this week i should just probably breathe through things and recognize that she's going through things and i should just be more patient
Ellie;227.834;233.638;okay_confirm (okay) hard_decisionB (tell me about the hardest decision you've ever had to make)
Participant;237.87;241.33;um what i was gonna do with my life
Ellie;244.976;246.386;hard_decision (how did you decide to do that)
Participant;248.92;256.37;it was easy when i was nineteen i could just decide to do strange difficult things and had the boldness to follow through with them
Ellie;258.353;259.493;study (what did you study at school)
Participant;260.45;262.41;hebrew and semitic studies and classics
Ellie;264.092;266.777;sounds_interesting (that sounds interesting) still_working_on_X (are you still working in that)
Participant;267.85;268.48;kind of
Ellie;270.149;271.349;dream_job (what's your dream job)
Participant;272.17;277.51;um i'm i'm in ministry and that's working out the way i kinda want it to be
Ellie;278.626;286.151;thats_good (that's good) memory_erase (tell me about an event or something that you wish you could erase from your memory)
Participant;290.08;301.37;hmm some embarrassing things when i was a teenager probably
Ellie;304.133;309.861;okay_confirm (okay) family_relationship (tell me about your relationship with your family)
Participant;311.24;311.85;it's pretty strong
Ellie;313.559;315.259;family_roleB (how close are you to your family)
Participant;316.52;326.81;i talk to my parents about once a day maybe once every other day and i'm constantly talking with my wife and children xxx
Ellie;327.219;328.329;kids_elaborate (tell me about your kids)
Participant;329.83;335.92;i've got four of them they keep me very busy um they're between nine and three
Ellie;338.262;340.212;easy_parent (do you find it easy to be a parent)
Participant;342.19;344.52;sometimes most of the time no
Ellie;346.048;348.028;parent_hardest (what's the hardest thing about being a parent)
Participant;352.62;359.2;character development recognizing that they need <n> need space to grow
Ellie;360.39;363.891;yeah3 (yeah) parent_best (what's the best thing about being a parent)
Participant;365.52;371.85;when when it works and you see character development and growth and and exploration
Ellie;374.565;378.233;parent_differences (what are some ways that you're different as a parent than your parents)
Participant;380.8;384.79;i have more standards willingness to enforce standards
Ellie;387.242;389.572;influence_positive (who's someone that's been a positive influence in your life)
Participant;393.54;396.63;mm <sigh> mm my wife
Ellie;398.255;399.415;tell_about_that (can you tell me about that)
Participant;402.21;414.0;um she's been there for me for fifteen years now and helped give me the self-confidence to be who i am
Ellie;415.482;420.499;good_hear (that's so good to hear) easy_sleep (how easy is it for you to get a good night's sleep)
Participant;422.11;424.9;better now that i'm not drinking as much pop at night
Ellie;426.631;428.411;sleep_affects (what are you like when you don't sleep well)
Participant;429.83;433.38;irritable shorter temper
Ellie;434.964;437.848;mhm (mhm) feel_lately (how have you been feeling lately)
Participant;439.38;448.07;mm pretty good pretty good i'm doing been making some better uh decisions with my uh diet it's doing better
Ellie;449.247;455.14;thats_great (that's great) behavior_changes (have you noticed any changes in your behavior or thoughts lately)
Participant;458.49;476.45;<sigh> mm feel a little bit more empowered not as defeatist as i was in a process where i wasn't eating very well wasn't exercising wasn't able to get doing those things i've been doing a little better at that recently past few weeks and that's been a little bit more encouraging
Ellie;477.292;481.55;uh_huh (uh huh) ptsd_diagnosed (have you ever been diagnosed with p_t_s_d)
Participant;482.41;482.65;no
Ellie;483.698;485.508;depression_diagnosed (have you been diagnosed with depression)
Participant;485.97;486.3;nope
Ellie;487.494;490.041;happy_lasttime (tell me about the last time you felt really happy)
Participant;494.54;501.45;really happy um probably a few weeks ago at the beach when everybody was having a good time
Ellie;504.184;505.874;BF_describe (how would your best friend describe you)
Participant;510.15;519.48;hmm confident loud intelligent
Ellie;522.914;523.374;okay_confirm (okay)
Participant;523.43;523.87;i guess
Ellie;525.741;528.636;self_change (what are some things you wish you could change about yourself)
Participant;532.04;547.3;hmm more patient more um more able to automatically engage with people as opposed to being hesitant at first
Ellie;548.308;555.29;mm (mm) feelbadly (tell me about a time when someone made you feel really badly about yourself)
Participant;558.91;571.1;oh middle school when i was always the low man on the totem pole socially <sniffle> being the constant butt of jokes
Ellie;573.916;576.866;advice_back (what advice would you give to yourself ten or twenty years ago)
Participant;580.43;583.92;don't fall in the trap of thinking that middle and high school is life
Ellie;586.675;592.01;mhm (mhm) ideal_weekendC (tell me how you spend your ideal weekend)
Participant;592.95;609.86;<laughter> um some time you know with children and family doing <d> doing some fun activity beach or museum or something some time with the wife some time just by myself to read and kinda refocus
Ellie;612.445;617.44;okay_confirm (okay) Ellie17Dec2012_10 (tell me about something you did recently that you really enjoyed)
Participant;622.93;630.92;hmm mm participate in some high level academic discussions
Ellie;635.515;640.043;cool3 (cool) Ellie17Dec2012_08 (what are you most proud of in your life)
Participant;646.41;662.29;hmm that i've been able to maintain the standard and quality of life for myself and my family that i've been able to do so far
Ellie;664.007;673.213;thats_great (that's great) asked_everything (okay i think i have asked everything i need to) appreciate_open (thanks for sharing your thoughts with me) bye (goodbye)
