speaker;start_time;stop_time;text
Ellie;20.67;42.18;hi i'm ellie thanks for coming in today i was created to talk to people in a safe and secure environment i'm not a therapist but i'm here to learn about people and would love to learn about you i'll ask a few questions to get us started and please feel free to tell me anything your answers are totally confidential are you okay with this
Participant;42.45;42.83;yes
Ellie;43.51;45.58;so how are you doing today
Participant;46.35;47.48;i'm doing great how about you
Ellie;49.1;50.44;where are you from originally
Participant;51.57;55.35;i'm born in the u_s i was born in uh orlando florida
Ellie;56.41;57.45;why'd you move to l_a
Participant;58.17;63.58;um my parents my dad had a lot of friends in los angeles so uh we decided to move here
Ellie;64.83;67.38;how easy was it for you to get used to living in l_a
Participant;68.2;89.74;um it was pretty different i mean uh the place i was before was very it was a very small town um you probably won't even notice it um on the map um so it was a big learning experience um 'cause you know the schools were a lot larger and different cultures and ethnicities um so it was a unique experience
Ellie;90.6;92.4;how often do you go back to your hometown
Participant;93.55;98.72;um last time i've been back was probably about five years ago
Ellie;100.2;101.73;how does it compare to l_a
Participant;102.85;118.47;um definitely different uh my aunt she lives in uh again she lives in a small town um so if you wanna go to a movie theater you have to drive out at least an hour or if you wanna go to a mall it's a it's an hour drive so um it's complete opposite of los angeles
Ellie;119.39;121.49;what are some things you really like about l_a
Participant;122.7;139.75;um the convenience everything uh everything i could possibly want is here um the weather is great um shopping um multiple <mult> a lot of lot of friends here sports um l_a is just kind of like the perfect area you know  you know i wanna live here kind of for the rest of my life actually
Ellie;140.9;142.95;what are some things you don't really like about l_a
Participant;143.74;157.16;um the big thing would probably be traffic i mean wherever you go there's gonna be traffic whether you're on the four o five or the one o one it's it's just traffic it it you know it can kill like two hours in your day which is huge
Ellie;158.25;159.31;do you travel a lot
Participant;160.12;171.67;um yeah quite a bit for personal and for uh for business i travel um you know usually overseas or um domestically um i travel so and i enjoy it a lot
Ellie;172.74;174.29;what do you enjoy about traveling
Participant;175.1;194.01;um seeing different places uh different areas meeting new people um eating different kinds of food um being able to sightsee and tour um if i have a day or two free um it's just experiencing um having new experiences just enriches my life
Ellie;194.99;196.27;what'd you study at school
Participant;197.1;202.08;um computers um and i also did english as well
Ellie;202.83;204.02;are you still working in that
Participant;205.18;205.96;yes i am
Ellie;206.74;207.68;what do you do now
Participant;208.01;212.21;um i work in i_t in an i_t department at a semiconductor company
Ellie;212.98;214.22;what's your dream job
Participant;215.3;224.17;dream job um probably working for apple <laughter> um since i pretty much own everything they have uh yeah it'd be great to work for apple
Ellie;225.42;226.93;do you consider yourself an introvert
Participant;228.89;235.82;um you know it depends um there are times when it's good to be alone but for the most part i consider myself uh an outgoing social person
Ellie;237.05;239.3;what are some things that make you really mad
Participant;241.25;254.47;um nothing too much i guess uh if you kind of uh make a promise and you and you break it several times and i might get a little bit might get a bit a little bit uh annoyed but i don't think i would get really mad
Ellie;255.14;256.61;what do you do when you're annoyed
Participant;259.63;276.94;um good question i'd probably say um i tend to eat a little bit more um just kinda keep my mind off of it a little bit um but usually doesn't last that long so i just keep kinda like tend <te> i tend to eat out a little bit more more of kinda like maybe junk food or something
Ellie;278.53;280.47;how are you at controlling your temper
Participant;281.54;296.45;um i think i'm pretty good i i rarely get mad um and if i do it doesn't really last that long um so i think i'm pretty good at um i guess controlling my temper um again i really don't get angry so um it's not really an issue for me
Ellie;297.16;300.08;when was the last time you argued with someone and what was it about
Participant;302.08;323.65;um i'd say during the elections um we were talking about uh president obama and mitt romney and you know who'd be the best fit uh for for the next presidency um that kind of got a little bit uh i guess a little bit heated but it was more for uh i guess more for fun sake than anything else but it was an interesting conversation
Ellie;324.76;326.14;what do you do to relax
Participant;327.38;350.39;um like to eat out a lot uh watch movies uh play video games um just go out shop uh play sports uh watch a laker game if i can in person it would probably be the best um bowling photography um like to doing a lot i like to do a lot of different things um and of course electronics
Ellie;351.59;353.27;how would your best friend describe you
Participant;354.44;362.83;um i'd say outgoing loyal um intelligent funny um and a great listener
Ellie;363.83;365.4;have you ever served in the military
Participant;366.03;367.01;uh no i have not
Ellie;367.63;369.62;have you ever been diagnosed with p_t_s_d
Participant;370.13;370.34;no
Ellie;370.89;372.49;have you been diagnosed with depression
Participant;373.09;373.38;no
Ellie;373.89;376.35;how easy is it for you to get a good night's sleep
Participant;377.18;386.01;um for most nights it's it's pretty easy um just have to avoid drinking coffee or tea before i sleep um other than that it's been pretty easy
Ellie;387.46;389.19;what are you like when you don't sleep well
Participant;391.01;408.47;um i'd say a little bit sluggish tired um kind of reaction time is a little bit slower um aside from that um i think nothing too much <mu> like too glaring or anything um the usual just being sluggish and not moving as quickly as i should
Ellie;409.62;411.05;how have you been feeling lately
Participant;411.82;414.46;um pretty good have no complaints
Ellie;415.16;418.38;have you noticed any changes in your behavior or thoughts lately
Participant;419.04;420.39;no pretty much the same
Ellie;421.84;424.37;when was the last time you felt really happy
Participant;426.07;442.92;um i guess today i had my uh car maintenance today and it didn't cost me anything so that's great and i thought it was gonna cost me you know something extra on the side but you know the uh the service advisor waived it so i got everything free today so actually i'm in a really good mood
Ellie;444.75;445.72;is there anything you regret
Participant;446.98;448.19;hmm no nothing
Ellie;449.51;452.25;what advice would you give yourself ten or twenty years ago
Participant;453.37;466.29;uh probably um don't spend as much save more money um aside from that um nothing else just be um kind of more um wise with your money
Ellie;468.08;470.4;who's someone that's been a positive influence in your life
Participant;471.64;495.39;um i'd probably say my best friend he's kind of a you know helped me out and i helped him out as well so it's been uh kind of a great learning experience um you know developing our uh our friendship and he's bailed me out a couple of times i bailed him out as well so it's kind of it's a mutual thing we do um you know with each other um and it's you know it's like a great way to bond as well
Ellie;496.26;498.54;what's one of your most memorable experiences
Participant;499.68;533.72;hmm um i'd say probably going back uh back to korea um to visit my uh relatives um you know they they're a lot more different than uh i remember you know like fifteen years ago when i was a kid i was actually kind of afraid of some of them but um now that i see them you know recently they've actually mellowed a lot and they're actually pretty fun to talk to so um it was kind of a a learning experience for me because uh they're you know they did complete one eighty from when i was a when i was a kid
Ellie;535.97;537.89;what are you most proud of in your life
Participant;539.67;567.83;um i say um guess work would be part of it um buying my uh the car that i wanted it took a couple years to save up to buy the car but i i paid it all off so i don't have any more car payments so that's great too and you know being able to help my uh family out as well
Ellie;569.43;572.67;tell me about something you did recently that you really enjoyed
Participant;572.93;611.76;hmm um let's see a while recently <recen> um a couple weeks ago i went to uh las vegas for the uh for c_s um which is great if you into gadgets and electronics um you get to see all the uh the goodies coming out this year so that was uh pretty interesting to see and um some things that uh you know when you read on blogs they didn't talk about so you get to see it actually in person kind of experience it from a user standpoint so i thought it was great um and it's just fun it's kind of like being a kid in a candy store you get to play with different gadgets um so it was really fun for me
Ellie;613.29;619.05;okay i think i've asked everything i need to thanks for sharing your thoughts with me goodbye
Participant;619.9;620.21;yeah
