speaker;start_time;stop_time;text
Ellie;35.2;56.6;hi i'm ellie thanks for coming in today i was created to talk to people in a safe and secure environment i'm not a therapist but i'm here to learn about people and would love to learn about you i'll ask a few questions to get us started and please feel free to tell me anything your answers are totally confidential are you okay with this
Participant;57.115;57.515;yes
Ellie;58.315;61.995;okay so how are you doing today
Participant;63.325;63.705;okay
Ellie;65.45;68.465;that's good why'd you move to l_a
Participant;71.115;74.685;uh when'd i move to l_a um
Ellie;74.805;75.125;yes
Participant;76.315;79.185;moved here a long time ago to live to go to work
Ellie;80.35;82.985;mhm where are you from originally
Participant;84.595;88.08;um well arizona and colorado
Ellie;89.05;93.58;really how often do you go back to your home town
Participant;94.62;95.21;i don't
Ellie;97.375;97.725;why
Participant;98.345;100.545;uh money don't have the money for it
Ellie;101.995;106.335;i see what you mean how does it compare to l_a
Participant;107.43;108.59;l_a's much nicer
Ellie;111.0;114.465;yes what are some things you really like about l_a
Participant;116.62;130.83;um <sigh> the people the movies uh the ocean uh when you wake up in the morning there's seagulls instead of birds just you know regular birds
Ellie;132.11;135.69;hmm what are some things you don't really like about l_a
Participant;137.735;145.575;uh the roads <laughter> the roads really have a lot of potholes <laughter> <sniffle>
Ellie;145.765;146.145;<laughter>
Participant;146.725;147.595;yeah so
Ellie;149.125;151.555;how easy was it for you to get used to living in l_a
Participant;153.8;159.76;it it wasn't hard to get used i i didn't like arizona at all it's really nice in l_a
Ellie;160.815;165.415;that's good do you travel a lot
Participant;166.4;166.7;no
Ellie;170.13;170.89;what do you do now
Participant;171.955;179.465;what i do now um i sleep eat walk my dogs that's about it
Ellie;181.03;182.09;what's your dream job
Participant;183.51;192.255;what'd be my dream job um i don't know uh screenwriter i guess
Ellie;195.07;199.32;really how hard is that
Participant;201.732;204.102;um i understand it's pretty hard
Ellie;205.382;206.002;<laughter>
Participant;205.607;206.647;to write a good screenplay
Ellie;210.377;211.867;do you consider yourself an introvert
Participant;213.147;213.647;yes
Ellie;217.037;218.817;how are you at controlling your temper
Participant;221.137;222.057;uh very well
Ellie;224.172;228.802;that's good when was the last time you argued with someone and what was it about
Participant;229.092;237.387;<sharp inhale> um well i didn't argue with a real person
Ellie;239.892;241.242;could you say a little more about that
Participant;242.282;249.777;yes i have a person that i hear once in awhile and i talk to them and i had an argument about them listening on my phone
Ellie;250.917;255.322;okay what do you do when you're annoyed
Participant;258.015;262.485;uh avoidance whatever annoys me
Ellie;265.99;270.925;okay what's one of your most memorable experiences
Participant;274.08;275.68;um being homeless
Ellie;278.645;281.315;wow that sounds really hard
Participant;283.495;284.345;yes it was
Ellie;283.92;285.44;how did you feel in that moment
Participant;287.355;291.14;um well they don't particularly like homeless people in l_a
Ellie;294.93;295.2;uh huh
Participant;296.695;298.795;so it was <wa> it's really hard if you're homeless
Ellie;302.135;302.705;where do you live
Participant;303.72;305.17;oh right now i live in an apartment
Ellie;306.705;308.135;how do you like your living situation
Participant;309.435;311.625;uh i don't i don't like the neighbors
Ellie;312.865;318.065;i'm sorry to hear that what's it like for you living with them
Participant;320.465;327.545;um well they they harass you all the time so i don't come out of the apartment so
Ellie;328.075;328.865;that sucks
Participant;329.405;330.655;<laughter> <sigh>
Ellie;332.625;334.505;could you have done anything to avoid it
Participant;336.45;345.265;uh well i didn't know when i moved there that they were horrible people so and i've complained to management but they don't do anything about it they just tell me to move
Ellie;344.78;357.5;hmm i see what you mean have you ever been diagnosed with p_t_s_d
Participant;358.655;361.795;yes um back in the nineties
Ellie;365.36;366.6;what got you to seek help
Participant;368.115;369.355;uh crying all the time
Ellie;373.105;374.315;that sounds really hard
Participant;375.345;377.055;yeah yeah
Ellie;376.82;378.45;is going to a therapist helping you
Participant;380.03;390.07;uh yes yes i was in the hospital um uh two months ago for fifteen days
Ellie;394.235;395.065;tell me more about that
Participant;396.31;402.565;um i was in there for depression for arguing with uh a person that's not real
Ellie;405.54;411.785;really what sort of changes have you noticed since you've been going to therapy
Participant;413.49;417.475;i ignore the person when i hear them and
Ellie;417.105;417.955;how hard is that
Participant;419.1;423.23;uh it's not hard anymore it was before i was going to therapy
Ellie;424.935;430.72;that's so good to hear how has seeing a therapist affected you
Participant;432.905;440.15;oh it's helped me uh be more cheerful and uh ignore things that bother me
Ellie;442.015;443.035;what were your symptoms
Participant;444.31;454.815;uh sleeping all the time eating too much uh tie arguing screaming at this unreal person
Ellie;458.13;460.12;did you think you had a problem before you found out
Participant;463.365;468.74;um before i found out no
Ellie;471.765;473.045;how have you been feeling lately
Participant;474.56;477.47;uh lately i've still been pretty depressed
Ellie;478.96;483.565;i'm sorry to hear that do you feel that way often
Participant;486.07;486.6;yes
Ellie;488.675;490.735;how easy is it for you to get a good night's sleep
Participant;492.48;493.02;very hard
Ellie;500.155;501.355;are they triggered by something
Participant;503.6;517.32;well i wake up about every two hours to go to the bathroom and um or i uh something wakes <wa> some noise wakes me up so i don't sleep well and i'm tired all the time
Ellie;516.41;524.94;okay when was the last time you felt really happy
Participant;526.505;527.405;mm don't remember
Ellie;531.39;533.92;what are some things that usually put you in a good mood
Participant;536.29;543.425;um ah spending time with my dog or dogs i have two dogs
Ellie;542.745;543.315;aw
Participant;544.18;544.45;so
Ellie;547.325;550.335;tell me about something you did recently that you really enjoyed
Participant;552.755;555.535;mm can't think of anything
Ellie;558.385;560.555;what would you say are some of your best qualities
Participant;563.795;565.225;uh i try hard
Ellie;569.025;572.45;that's great how would your best friend describe you
Participant;574.67;579.53;uh i have no idea <laughter> i don't know yeah
Ellie;581.29;582.9;what are you most proud of in your life
Participant;584.345;590.46;uh my kids i have two kids a girl and a boy
Ellie;591.99;593.59;what's the best thing about being a parent
Participant;595.665;601.15;um the kids <laughter> they're great so
Ellie;602.122;604.032;what's the hardest thing about being a parent
Participant;605.072;607.112;uh trying to get them to do the right thing
Ellie;609.712;610.892;can you give me an example of that
Participant;611.842;614.272;uh trying to get them to stay in school
Ellie;617.202;620.797;i see what you mean do you find it easy to be a parent
Participant;622.162;622.452;no
Ellie;626.837;627.617;tell me more about that
Participant;628.387;634.852;um well you try to do the right thing and um it doesn't always work out
Ellie;637.317;639.157;there are always trade offs in life aren't there
Participant;639.432;639.892;yes
Ellie;641.657;643.207;how close are you to your family
Participant;645.877;649.277;oh well pretty close
Ellie;651.337;652.737;what do you think of today's kids
Participant;654.377;667.777;um what do i think about today's kids oh they're just like any other kids um kids are fine so
Ellie;668.797;671.112;okay is there anything you regret
Participant;673.442;679.517;yes moving to the apartment i'm living in <laughter> so like i said i know
Ellie;679.207;681.877;what advice would you give yourself ten or twenty years ago
Participant;683.467;694.607;what advice i'd give myself ten or twenty years ago um uh uh stay away from my ex-husband <laughter> so
Ellie;696.972;699.122;who's someone that's been a positive influence in your life
Participant;700.882;707.627;a positive influence well my daughter i think i think my daughter has she
Ellie;709.427;709.687;why
Participant;710.742;721.672;uh because she's going to graduate from college in may and so she's managed to stay in school and she has a child but she's trying to do the right things
Ellie;722.912;733.842;wow that's great hmm
Participant;737.427;742.197;do you wanna talk about anything else <sigh>
Ellie;742.552;743.982;thanks for sharing your thoughts with me
Participant;744.362;745.052;oh okay
Ellie;746.217;748.407;okay i think i've asked everything i need to
Participant;748.897;749.827;oh okay
Ellie;751.422;751.892;goodbye
Participant;752.187;753.197;goodbye <laughter>
