speaker;start_time;stop_time;text
Participant;9.74;10.58;<synch>
Ellie;26.123;47.663;IntroV4Confirmation (hi i'm ellie thanks for coming in today i was created to talk to people in a safe and secure environment i'm not a therapist but i'm here to learn about people and would love to learn about you i'll ask a few questions to get us started and please feel free to tell me anything your answers are totally confidential are you ok with this)
Participant;48.159;49.109;yes that's fine
Ellie;49.748;53.635;okay_confirm (okay) how_doingV (so how are you doing today)
Participant;54.66;57.46;i'm okay how are you <laughter>
Ellie;56.363;61.687;thats_good (that's good) great_thanks (i'm great thanks) where_originally (where are you from originally)
Participant;62.195;64.215;originally i'm from san francisco
Ellie;64.77;68.11;really (really) when_LA (when did you move to l_a)
Participant;68.82;83.575;um originally i moved here in gosh nineteen ninety five then i went to chicago then to san francisco and then back to los angeles probably about five years ago
Ellie;84.26;84.83;wow (wow)
Participant;86.11;87.56;a lotta moving <laughter>
Ellie;87.793;89.693;often_backB (how often do you go back to your hometown)
Participant;90.31;90.8;never
Ellie;91.995;92.565;why2 (why)
Participant;93.46;97.965;um there just isn't anything there for me anymore
Ellie;99.669;102.894;understand (i understand) compares_LA (how does it compare to l_a)
Participant;103.89;109.88;uh the weather is better in l_a but the people in san francisco are nicer
Ellie;111.281;113.904;yeah3 (yeah) why_LA (why did you move to l_a)
Participant;114.54;118.56;my husband prefers <pref> my ex-husband prefers it here that's why we moved
Ellie;120.165;124.511;okay_confirm (okay) study (what did you study at school)
Participant;125.6;131.21;i have an undergraduate degree in psychology and uh after that i went to law school
Ellie;132.503;135.718;sounds_interesting (that sounds interesting) hard_decision (how did you decide to do that)
Participant;136.495;144.89;uh when i was in college i worked at a law firm and decided that i really wanted to be a lawyer it was really interesting
Ellie;147.053;148.313;still_working_on_X (are you still working in that)
Participant;148.815;150.635;no now i'm a stay-at-home mom
Ellie;152.456;155.639;aw (aw) kids_elaborate (tell me about your kids)
Participant;155.95;163.6;scrubbed_entry
Ellie;163.673;167.898;wild_laughter5 ((laughter)) easy_parent (do you find it easy to be a parent)
Participant;168.06;182.88;no um i love it but it is it is difficult you have to manage a life to make sure that they become a good and successful person
Ellie;183.86;185.84;parent_hardest (what's the hardest thing about being a parent)
Participant;187.47;205.265;uh <sigh> i it's easy to kinda do the academics and stuff like that you know i'm good at that the hardest thing i think is to guide them emotionally to help him through things that he's having a hard time with um feeling like i don't have all the answers
Ellie;205.816;209.347;yeah_downer (yeah) parent_best (what's the best thing about being a parent)
Participant;210.02;220.715;um just seeing them grow and and experience new things and learn about life and the world it's just it's really really cool
Ellie;223.099;226.901;parent_differences (what are some ways that you're different as a parent than your parents)
Participant;226.77;243.47;uh completely different <laughter> um completely different i and i am not a perfect parent but i love my son i take care of him he's the first priority in my life and they weren't like that at all
Ellie;245.658;248.327;family_relationship (tell me about your relationship with your family)
Participant;248.62;261.395;um well my parents are dead i didn't speak to my dad at all before he died um i have a sister and a brother that actually i don't know where they are i don't speak to them either
Ellie;263.812;271.751;downer (okay) shyoutgoing (do you consider yourself more shy or outgoing)
Participant;271.36;277.615;um probably more shy because i consider myself more reserved
Ellie;278.871;291.946;mhm (mhm) relax_fishtank (sometimes when i'm feeling tense i turn on the fish tank screensaver hey i know it's not hawaii but it's the best i've got what do you do to relax)
Participant;287.37;294.245;<laughter> <laughter> um i like to listen to music
Ellie;295.944;296.484;like_what (like what)
Participant;297.05;306.66;i have i listen to all sorts of music but my favorite when i'm relaxing is uh eighties music <laughter> cheesy cheesy but true
Ellie;304.957;311.831;nice (nice) wild_laughter5 ((laughter)) control_temper (how are you at controlling your temper)
Participant;312.94;330.855;um it depends on who i'm with if i'm with my son i can control my temper um if i'm with my ex-husband or other adults mm yeah <ye> yeah i don't so-so
Ellie;332.052;335.102;last_argument (when was the last time you argued with someone and what was it about)
Participant;335.52;346.21;um yesterday and it was about my ex-husband dating the woman that he was cheating on when we were married
Ellie;348.77;349.93;tell_about_that (can you tell me about that)
Participant;351.95;363.895;um i found out he was cheating on me and i kicked him out and he told me yesterday that he's continuing to date her
Ellie;365.922;367.272;been_hard (that sounds really hard)
Participant;367.52;368.09;yeah
Ellie;369.069;370.609;describe_felt (how did you feel in that moment)
Participant;372.45;381.06;um really angry and just really hurt
Ellie;381.97;389.842;yeah_downer (yeah) im_sorry (i'm sorry) situation_handled (tell me about a situation that you wish you had handled differently)
Participant;390.19;399.86;um i wish that i had talked to my dad before he died i wish that i'd settled our differences before he had died
Ellie;401.932;405.597;hard_decisionB (tell me about the hardest decision you've ever had to make)
Participant;406.65;411.245;the hardest decision i've ever had to make was actually ending my marriage
Ellie;413.105;414.535;change_directions (what made you decide to do that)
Participant;414.865;416.545;because he was cheating on me
Ellie;419.643;423.78;memory_erase (tell me about an event or something that you wish you could erase from your memory)
Participant;424.88;445.235;um that would have to be well i don't know i mean i don't know if i'd want to erase anything from my memory because it makes me who i am today so i i can't really think of one event that i would want to erase
Ellie;446.273;451.253;see_mean (i see what you mean) easy_sleep (how easy is it for you to get a good night's sleep)
Participant;452.44;457.0;uh i don't get a good night's sleep it's not easy i wake up a lot in the night
Ellie;458.822;459.392;why2 (why)
Participant;460.4;468.535;i don't know i wish i knew <laughter> if i knew i i could change it i could try to do something about it but i i just don't i don't know
Ellie;469.771;471.551;sleep_affects (what are you like when you don't sleep well)
Participant;472.6;476.315;um grumpy irritable
Ellie;478.042;481.225;mhm (mhm) feel_lately (how have you been feeling lately)
Participant;482.33;490.07;uh grumpy irritable um down mixed with anger <sigh>
Ellie;491.925;493.085;tell_about_that (can you tell me about that)
Participant;495.005;504.43;it's just because of everything that i'm going through with my soon-to-be ex-husband yeah there's
Ellie;503.867;504.977;symptoms_cope (how do you cope with them)
Participant;505.36;520.19;um i just keep it inside i mean there's nothing else to really do except <exce> i mean it is what it is so i have to deal with it
Ellie;521.223;525.067;hmm_downer (hmm) ptsd_diagnosed (have you ever been diagnosed with p_t_s_d)
Participant;525.15;525.55;no
Ellie;526.3;528.11;depression_diagnosed (have you been diagnosed with depression)
Participant;527.95;528.55;yes
Ellie;529.233;531.153;when_diagnosed (how long ago were you diagnosed)
Participant;530.62;534.17;<deep breath> ten years ago after my son was born
Ellie;535.571;536.921;why_seek_help (what got you to seek help)
Participant;537.35;552.215;or nine years ago um i felt like i couldn't cope with life i was so down um i couldn't i felt like i couldn't do anything
Ellie;554.394;555.774;trigger (are they triggered by something)
Participant;558.14;558.63;no
Ellie;560.534;561.974;therapy_going (do you still go to therapy now)
Participant;562.21;567.85;i don't go to therapy i go to medication management but i don't <d> i don't do talk therapy
Ellie;570.011;571.641;therapist_useful (is going to a therapist helping you)
Participant;572.59;576.41;i have gone to therapists and no they don't help
Ellie;578.216;579.376;tell_about_that (can you tell me about that)
Participant;580.16;598.33;um well some just sit and stare at you and don't say anything um you know if i wanted to talk to myself i would others give advice that i think is just it just not not good and not on point
Ellie;599.377;605.041;yeah_downer (yeah) happy_lasttime (tell me about the last time you felt really happy)
Participant;605.42;612.35;um it was probably this morning i was playing with my son
Ellie;614.386;619.132;aw (aw) describe_felt (how did you feel in that moment)
Participant;620.76;632.545;just really happy i wasn't thinking about any of the other crap <sigh> um in my life i could just forget it so i was feeling really really happy
Ellie;633.209;637.373;uh_huh (uh huh) BF_describe (how would your best friend describe you)
Participant;637.76;663.705;ugh i think they would describe me completely different from the way i would describe me but um i think they would describe me as really sweet uh 'cause they have really sweet um confident uh outgoing because that's what i try to be to people so i think that's how they would describe me
Ellie;666.207;669.088;self_change (what are some things you wish you could change about yourself)
Participant;669.8;675.29;uh i wish i wasn't sad i wish i was more confident
Ellie;677.695;678.765;regret (is there anything you regret)
Participant;681.72;688.155;um yeah there are a lotta things i think
Ellie;689.636;692.586;advice_back (what advice would you give to yourself ten or twenty years ago)
Participant;693.35;708.535;uh it would be to not not give my life over to one particular person which is what i did with my husband
Ellie;710.059;715.532;hmm_downer (hmm) ideal_weekendC (tell me how you spend your ideal weekend)
Participant;716.94;727.205;i think i would spend my ideal weekend in a sunny place like palm springs with my son hanging around the pool having fun going out to dinner
Ellie;729.95;732.28;influence_positive (who's someone that's been a positive influence in your life)
Participant;732.73;742.115;uh one of my two of my friends two really good girlfriends i think have been really positive influences in my life
Ellie;743.63;744.79;tell_about_that (can you tell me about that)
Participant;745.55;768.785;um scrubbed_entry she <sh> her life is worse than mine and uh <laughter> but we can always commiserate together scrubbed_entry is just really positive i mean she's always happy always up always looking to the bright side so that has helped me a lot
Ellie;770.321;775.823;good_hear (that's so good to hear) Ellie17Dec2012_08 (what are you most proud of in your life)
Participant;776.18;776.91;my son
Ellie;779.932;783.182;Ellie17Dec2012_10 (tell me about something you did recently that you really enjoyed)
Participant;784.51;801.08;um i went over to a friend's house and we had movie night we watched a grown-up movie and had dinner and wine and the boys were in another room watching movies and playing video games and it was just a relaxed fun evening
Ellie;801.957;803.837;great_situation (that sounds like a great situation)
Participant;803.59;804.21;mhm
Ellie;805.36;810.071;asked_everything (okay i think i have asked everything i need to) appreciate_open (thanks for sharing your thoughts with me)
Participant;810.12;811.28;sure <laughter>
Ellie;811.299;811.909;bye (goodbye)
Participant;811.76;812.29;bye
