speaker;start_time;stop_time;text
Ellie;27.88;49.33;hi i'm ellie thanks for coming in today i was created to talk to people in a safe and secure environment i'm not a therapist but i'm here to learn about people and would love to learn about you i'll ask a few questions to get us started and please feel free to tell me anything your answers are totally confidential are you okay with this
Participant;49.48;49.88;yes
Ellie;50.9;53.91;okay so how are you doing today
Participant;54.84;55.25;okay
Ellie;56.53;60.82;that's good where are you from originally
Participant;61.36;61.88;connecticut
Ellie;63.27;65.88;really why'd you move to l_a
Participant;66.62;69.61;um to be an actor <laughter>
Ellie;70.98;72.34;how did you decide to do that
Participant;73.92;81.83;well i moved to san francisco in ninety four and then i moved to atlanta in ninety six and then i moved out here to be an actor and i became a realtor instead
Ellie;84.86;85.86;what's your dream job
Participant;87.37;89.7;um to be on a t_v show an actor
Ellie;91.38;92.28;how hard is that
Participant;93.02;100.48;it's pretty hard to get discovered and uh you have to be lucky and you have to know the right people and you have to be talented
Ellie;101.32;103.53;yeah that sucks
Participant;103.96;104.66;<laughter> yeah
Ellie;105.9;106.78;do you travel a lot
Participant;107.57;117.11;not really no i don't travel that much i used to move um every couple years to a different city and then i've been here for a while so i don't travel much
Ellie;117.33;120.62;okay what are some things you really like about l_a
Participant;121.71;130.82;the weather um there's always something to do and um that's pretty much it <laughter>
Ellie;130.85;134.05;okay what are some things you don't really like about l_a
Participant;135.08;143.2;um the people here tend to be a little more rude and um it's just always a fast pace
Ellie;144.61;150.04;yeah i see what you mean how easy was it for you to get used to living in l_a
Participant;151.54;168.34;well when i moved here i was twenty five so it was a lot more fun because when you're young in the city you can have a lot of fun and then i got into the real estate and did really well for a while and then the market crashed and so now i'm old and i'm not making any money so times are tough
Ellie;169.85;175.34;aw i'm sorry to hear that do you consider yourself an introvert
Participant;176.5;179.48;no no i'm much <mu> much of more <m> more of an extrovert
Ellie;181.67;186.58;okay what are some things that make you really mad
Participant;188.34;200.01;um when i don't get what i want <laughter> and um rude people and um just inconsiderate people
Ellie;201.14;205.39;okay how are you at controlling your temper
Participant;207.1;219.24;i'm pretty good um at controlling my temper when i'm not uh like if i if i drink alcohol it'll make my temper go worse but uh <ss noise> when i don't drink i'm pretty good at controlling my temper
Ellie;220.77;225.37;okay when was the last time you argued with someone and what was it about
Participant;226.32;232.03;uh the last time i argued with somebody was somebody that owed me money
Ellie;236.73;239.48;okay where do you live
Participant;240.42;242.18;uh i live uh in west hollywood
Ellie;243.46;245.76;cool do you have roommates
Participant;246.14;248.2;no no no i live alone i have a dog
Ellie;250.25;253.77;aw how do you like your living situation
Participant;255.15;267.04;it's good i mean i don't like my neighbors i hate my neighbors but the ones upstairs just moved out so that's good news hopefully the ones that move in are not that noisy and the ones below i just can't stand because they argue with me
Ellie;266.52;266.85;why
Participant;268.7;278.62;huh why because they 'cause my hardwood floors they say that eh i've been there for ten years and they still argue about the noise of me walking on my hardwood floors
Ellie;279.31;282.22;oh that sounds really hard
Participant;282.79;283.12;yeah
Ellie;284.79;287.08;who's someone that's been a positive influence in your life
Participant;288.17;288.97;what was the question
Ellie;290.41;292.71;who's someone that's been a positive influence in your life
Participant;293.09;301.86;my mother has been a very positive influence she's always kept me on track she lived with me for the last ten years until she recently moved to rhode island to live with my brother
Ellie;303.23;308.41;wow how close are you to your family
Participant;310.03;317.08;very close to my mother um not so close with my brother mm we're close but we're not like close close
Ellie;317.74;318.05;uh huh
Participant;318.0;323.23;um so i mean we love each other we just don't really understand each other all the time
Ellie;324.36;330.31;okay i understand how would your best friend describe you
Participant;332.57;343.21;outgoing um life of the party ambitious um and sometimes cut-throat
Ellie;348.03;349.71;what are you most proud of in your life
Participant;351.51;361.74;um <psh psh> what am i most proud of being always able to get through the things i need to get through to get to where i wanna be
Ellie;363.85;371.67;that's great what would you say are some of your best qualities
Participant;372.94;383.77;i'm generous i'm loyal uh i'm friendly i'm accommodating and um that's about it
Ellie;384.76;387.56;okay have you ever served in the military
Participant;387.9;388.19;no
Ellie;388.97;390.83;have you ever been diagnosed with p_t_s_d
Participant;391.33;391.83;yes
Ellie;393.0;394.68;how long ago were you diagnosed
Participant;395.21;397.75;uh about four years ago
Ellie;399.77;401.04;what got you to seek help
Participant;402.5;421.8;um i well i had <ha> i was beaten up and i had uh identity theft and uh you know i was just afraid to go out so i needed to get over that so after spending one year in in my home without leaving um and just depressed all the time i i said i have to get out and start talking to people and so i did
Ellie;422.46;424.32;yeah i'm sorry to hear that
Participant;424.74;425.2;thank you
Ellie;426.85;428.15;how have you been feeling lately
Participant;429.35;438.85;um okay i'm panicky about the job situation um you know 'cause my bills are pretty high and i don't really have a steady income right now
Ellie;439.4;439.78;uh huh
Participant;440.09;444.76;so uh that's what's worrying me the most is my uh financial situation
Ellie;446.93;448.2;that sounds really hard
Participant;449.03;449.33;yeah
Ellie;450.57;453.71;have you noticed any changes in your behavior or thoughts lately
Participant;455.15;467.71;um yeah i mean well basically it's like um i just recently quit drinking all together so i don't drink anymore so i'm noticing
Ellie;467.11;467.83;that's great
Participant;468.1;472.85;yeah i mean it's good 'cause of number one i don't have the money and number two i don't like the way i act when i drink
Ellie;473.65;474.03;mhm
Participant;473.84;488.08;um so so that's a positive thing but well the when i was drinking it helped me just forget and numb myself now i have to feel through the feelings which is pretty good 'cause i can talk my way through them so i guess i'm evolving
Ellie;489.71;493.98;that's good have you been diagnosed with depression
Participant;494.6;518.85;uh yeah a long time ago um you know i've taken many medications here and there and um they really some of 'em would numb me some of them would make me feel hyper so i've recently decided to <t> in the last six months three to six months just to not take anything so i don't take anything i barely even take an aspirin just to get my body to a to get my body to a normal state
Ellie;516.21;522.76;how hard is that yeah did you think you had a problem before you found out
Participant;525.31;526.38;um not really
Ellie;527.61;528.71;what were your symptoms
Participant;530.18;545.53;always worrying just a lot of worrying always worrying worrying worrying about everything oh what happens if i get in car accident what happens if i can't pay my mortgage what happens if i eh eh just so many things i worry about and that's what was making me depressed
Ellie;547.48;553.93;yeah do you feel like therapy's useful
Participant;555.25;568.3;i do at some point i've had some good therapists and i've had some bad therapists um i tend to like the ones that talk back to me and kinda give me some guidance as opposed to the ones that just listen
Ellie;568.89;569.27;mhm
Participant;569.32;577.87;and then they just say okay your time's up so and just prescribe me medication so i think i'd be better with a psychiatrist <psychia> psychologist as opposed to a psychiatrist
Ellie;578.35;583.93;yeah i see what you mean what sort of changes have you noticed since you've been going to therapy
Participant;584.81;605.87;um well i'm not going to therapy now but the therapy that i had before um was more like people trying to uh just come in and check in and give me medication um i have had other therapy where i was back and forth like okay well this is what i think about this and you think about this and that kind of therapy is better
Ellie;606.6;608.29;mm why did you stop
Participant;609.18;620.28;um i just i wasn't getting the right therapists recently so um and i knew the the root of my problem was the drinking 'cause it's a depressant so
Ellie;620.48;620.93;mhm
Participant;621.49;628.84;mm you know stopping the drinking is definitely made me have a much clearer mind and just to work through things myself you know
Ellie;630.47;638.56;yeah okay tell me about something you did recently that you really enjoyed
Participant;640.08;645.11;um i can't really think of anything right now
Ellie;647.01;651.17;okay when was the last time you felt really happy
Participant;653.18;659.47;um it's been a long time i can't really think about a time when i felt really happy
Ellie;661.99;663.04;i'm sorry to hear that
Participant;664.0;665.58;thank you <sniffle>
Ellie;666.52;668.7;what's one of your most memorable experiences
Participant;670.51;701.12;um okay when i was a kid um i had a a little dog and this big dog came and and attacked it and killed it so then a little while later my father came and he says to my brother and me we were kids go to the car there's two packages in the car so go get them so i was like yeah yeah yeah yeah 'cause i never listened to my parents so i was just like a spoiled brat but finally he said go to the car what's that
Ellie;699.59;702.88;<laughter> <laughter>
Participant;703.09;713.41;oh okay he said go to the car and get this out of the car so i finally went and when i opened the door there was a new dog and a bag of dog food so that's one of my memorable esperiences
Ellie;711.79;715.2;wow that's great
Participant;715.79;717.33;yeah 'cause i'm an animal lover so
Ellie;719.35;721.89;yeah is there anything you regret
Participant;723.79;740.15;um just the way that i've treated people before when i was hurting i was really mean or rude to people when i felt like you know i was hurting i had to hurt everybody around me so um but when <wh> ever since i stopped the drinking i don't do that anymore so
Ellie;735.79;736.2;mhm
Participant;741.43;751.37;so i think the problem is is the drinking and so now that i've let that go uh 'cause i was doing it for the wrong reasons you know i was doing it to not not feel i wasn't doing it to be sociable
Ellie;741.49;757.32;that's good yeah what advice would you give yourself ten or twenty years ago
Participant;759.01;784.47;get in a career that is really stable like uh eh you know like a a doctor or a nurse or an attorney something that you know or in advertising i should've gone into that a sales position is it could be very well and very good or very bad so you always have to be on it in sales you can make a ton of money in sales but when you make your money save your money don't go spend it on extravagant things
Ellie;785.11;791.08;yeah that makes sense what are some things that usually put you in a good mood
Participant;793.01;807.23;um when i have a job when i when i'm able to work uh when i'm helping other people uh when other people around me are happy and laughing when i can make people laugh that that puts me in a good mood
Ellie;808.17;812.93;that's great okay i think i've asked everything i need to
Participant;813.05;814.41;okay thank you
Ellie;813.99;815.47;thanks for sharing your thoughts with me
Participant;815.91;816.76;you're welcome thank you
Ellie;817.5;817.93;goodbye
Participant;818.11;818.51;bye
