speaker;start_time;stop_time;text
Participant;17.48;18.47;<sync>
Ellie;34.354;55.894;IntroV4Confirmation (hi i'm ellie thanks for coming in today i was created to talk to people in a safe and secure environment i'm not a therapist but i'm here to learn about people and would love to learn about you i'll ask a few questions to get us started and please feel free to tell me anything your answers are totally confidential are you ok with this)
Participant;56.2;56.6;yes
Ellie;57.184;61.122;okay_confirm (okay) how_doingV (so how are you doing today)
Participant;61.61;62.36;i'm doing okay
Ellie;62.984;65.905;thats_good (that's good) where_originally (where are you from originally)
Participant;66.3;67.81;i'm from greenwich connecticut
Ellie;68.655;69.245;really (really)
Participant;70.73;71.12;yes
Ellie;71.053;72.133;when_LA (when did you move to l_a)
Participant;72.93;76.51;um i moved here in two thousand eight so about five years ago
Ellie;77.47;79.37;often_backB (how often do you go back to your hometown)
Participant;80.02;85.6;um i try to go back at least once a year sometimes i go more sometimes less
Ellie;86.606;89.309;mhm (mhm) compares_LA (how does it compare to l_a)
Participant;90.44;95.51;um overall i think i like where i'm from better than l_a in general
Ellie;96.344;96.914;why2 (why)
Participant;97.67;111.94;um i think that other than it being somewhere i'm familiar with the type of people that are there are just more my type and what i'm used to and it's less superficial
Ellie;113.559;116.118;understand (i understand) why_LA (why did you move to l_a)
Participant;116.73;123.15;<tisk> um i moved out here for college after i graduated high school and my mom and sister live in california
Ellie;124.107;126.577;adapted_LA (how easy was it for you to get used to living in l_a)
Participant;127.54;147.8;um initially it was easy because i felt like it was a new experience so you kind of adapt and just are experiencing everything at once but then after the first few years when it really sets in how different it is and what life is out here it became more difficult than originally
Ellie;148.925;151.402;mm (mm) study (what did you study at school)
Participant;151.98;153.62;uh fine arts and photography
Ellie;154.861;158.211;sounds_interesting (that sounds interesting) hard_decision (how did you decide to do that)
Participant;159.22;170.88;um i was interested in photography since high school um i did a lot of programs and got awards and things like that and publishments so i decided to pursue art
Ellie;171.813;173.073;still_working_on_X (are you still working in that)
Participant;173.85;185.25;um yes i have a fine arts degree that i got last year and scrubbed_entry
Ellie;186.556;190.165;awesome (awesome) happy_didthat (are you happy you did that)
Participant;190.88;205.67;yeah i really enjoy working or interning in forensics um i like that better than initially what i wanted to do was freelance photography i feel like it's a more secure job and it's very interesting
Ellie;209.318;211.678;memorableB (what's one of your most memorable experiences)
Participant;214.22;223.19;um that's a interesting question i guess just my childhood in general growing up
Ellie;224.995;226.155;tell_about_that (can you tell me about that)
Participant;227.41;249.49;um well my family's very close um my extended family as well and they all live <li> most of them live within the area or in the east coast in general so we would always do large family uh parties and things for holidays and religious purposes and things like that
Ellie;251.813;253.693;great_situation (that sounds like a great situation)
Participant;255.01;265.27;yeah it is really fun and we try and all get together as much as possible which is more difficult now since everyone is spread out amongst different states and countries
Ellie;265.765;272.895;yeah_downer (yeah) shyoutgoing (do you consider yourself more shy or outgoing)
Participant;272.0;274.13;um i consider myself more shy
Ellie;275.75;287.577;relax_fishtank (sometimes when i'm feeling tense i turn on the fish tank screensaver hey i know it's not hawaii but it's the best i've got what do you do to relax)
Participant;288.6;296.12;um i watch reality television i think it's kind of funny and lighthearted
Ellie;297.918;298.458;like_what (like what)
Participant;299.34;307.22;um i watch like bravo t_v like the real housewives shows and just like funny things that you don't really need to pay attention to
Ellie;308.528;312.194;okay_confirm (okay) control_temper (how are you at controlling your temper)
Participant;313.41;324.84;um i'm good i guess i don't really have like a temper if i'm having if i'm more stressed out it it definitely shows in in my attitude it but i don't really have like anger
Ellie;326.685;332.938;uh_huh (uh huh) last_argument (when was the last time you argued with someone and what was it about)
Participant;333.93;349.11;um well me and my boyfriend like bicker all the time <laughter> just like about like insignificant things but other than that um i had an argument with my dad a few days ago
Ellie;350.9;352.06;tell_about_that (can you tell me about that)
Participant;353.14;403.95;um there's been like some tension going on since i went and visited over the holidays this past winter things about his girlfriend and he thinks that i should be the one to make some kind of effort to have a relationship with her although he doesn't for whatever reason think that it should go both ways so for like the thirtieth time he we were on the phone and he was <sigh> telling me how i need to call her and speak to her and i told him that i was going to do it over this past weekend 'cause of the jewish holidays and he kind of was just like very mature and telling me oh forget it she doesn't want to hear from you now and kind of just like i could care less because i i don't care about having a relationship with her so if she doesn't wanna hear from me you know it's easier for me
Ellie;404.487;406.933;yeah_downer (yeah) that_sucks (that sucks)
Participant;408.46;408.88;um
Ellie;408.711;412.491;situation_handled (tell me about a situation that you wish you had handled differently)
Participant;414.11;447.81;i mean every time <t> i mean it's been the same recurring argument a lot and i wish that i could sometimes i do but i wish that the times that it turns into an explosive fight that i could just bite my tongue but the thing is is that he says certain things that are untrue or things he knows that like will tick me off that are really nasty and that he shouldn't be saying to me so he so i kind of just like lose it and i can't really mm like not say anything
Ellie;448.591;455.921;yeah_downer (yeah) im_sorry (i'm sorry) hard_decisionB (tell me about the hardest decision you've ever had to make)
Participant;458.17;493.51;um well i guess the hardest decision i made which i it didn't i only realized that it's the hardest decision like looking back is once you decide where to after you graduate high school where to go to college because for me i basically changed my entire life and moved away and did all that on my own so it didn't seem like that hard of a decision at the time it felt like just like a progression of the next step but looking back now that's probably one of the hardest decisions i made
Ellie;494.558;500.693;okay_confirm (okay) memory_erase (tell me about an event or something that you wish you could erase from your memory)
Participant;504.06;531.99;um well i wish i could erase the event or seeing my grandmother's funeral which obviously it wouldn't change anything but it wasn't seeing her there was not something i'd wanna like have in my memory
Ellie;532.892;537.47;yeah_downer (yeah) influence_positive (who's someone that's been a positive influence in your life)
Participant;538.75;565.16;um she was she was a very positive influence and always was not judgmental um and now i mean my parents are great role models just in general i mean they're very successful people so whether or not we have like disagreements or that we're separate people they kind of are good role models in terms of what you wanna have when you are older
Ellie;565.561;569.668;mhm (mhm) easy_sleep (how easy is it for you to get a good night's sleep)
Participant;570.56;591.78;um usually it's easy the problem is staying alseep no matter how late i go to bed whether it's ten p_m or four a_m i will be up like clockwork by seven thirty or eight o'clock in the morning the latest every single day and i can't seem to figure out why i cannot stay asleep longer
Ellie;593.92;595.3;trigger (are they triggered by something)
Participant;596.27;610.82;no i just in the morning i guess i'm a lighter sleeper but i just wake up like i just cannot stay asleep anymore which never used to be a problem this consistent but now it's i cannot remember the last time i slept past eight thirty in the morning
Ellie;611.528;614.585;hmm_downer (hmm) sleep_affects (what are you like when you don't sleep well)
Participant;615.86;626.25;<tisk> i mean it just makes if i have to do stuff during the day it makes it a lot more tiring but it doesn't really i'm so used to it now it doesn't really change my mood it's just part of everyday
Ellie;627.607;630.596;okay_confirm (okay) feel_lately (how have you been feeling lately)
Participant;632.54;647.96;um i don't know i kind of just feel very mm like so so just no extreme highs no extreme lows it's kind of one note land
Ellie;650.637;653.807;behavior_changes (have you noticed any changes in your behavior or thoughts lately)
Participant;655.17;673.82;i mean nothing like lately um like recently it's just i would say over a period of years i've kind of progressively become more seclusive and just reserved and not very outgoing
Ellie;676.127;678.167;ptsd_diagnosed (have you ever been diagnosed with p_t_s_d)
Participant;678.77;679.2;no
Ellie;679.933;681.743;depression_diagnosed (have you been diagnosed with depression)
Participant;682.28;684.92;no i have been diagnosed with anxiety
Ellie;686.607;687.957;why_seek_help (what got you to seek help)
Participant;689.73;701.93;um i had some breathing problems for a day or two and i had to go to the hospital um 'cause i thought it was more serious 'cause i couldn't breathe but they said that it was a physical manifestation of my anxiety
Ellie;707.55;709.0;therapy_useful (do you feel like therapy is useful)
Participant;710.58;724.75;i think in the right setting and with the person who's doing it if they're open minded and the therapist is helpful and good at what they're doing then yeah
Ellie;725.963;727.403;therapy_going (do you still go to therapy now)
Participant;728.47;731.1;no i haven't been to therapy since i was a kid
Ellie;732.37;733.02;stop_going (why did you stop)
Participant;734.3;750.93;um i went because my parents thought it would be a good idea to like deal with whatever issues they were having with me but it was never i mean we just sat around and talked about my day it wasn't i didn't feel like i needed therapy at the time so i didn't really get much out of it
Ellie;752.185;758.133;see_mean (i see what you mean) happy_lasttime (tell me about the last time you felt really happy)
Participant;758.14;783.25;<sigh> well i was happy when i was back home at my boyfriend's house with his family over the new year's holiday when i'm there i can always just we save up our money so it's a complete vacation i don't have to worry about paying bills i don't have to worry about what i have to do tomorrow who i have to deal with i just every morning we wake up we hang out just enjoy the day
Ellie;784.746;789.292;thats_great (that's great) regret (is there anything you regret)
Participant;791.38;792.05;in general
Ellie;793.561;794.181;yes (yes)
Participant;797.26;837.74;um i regret the college i chose to go to i didn't being from the east coast the whole collegiate system is set up a lot differently and the universities out there are not the same as the tight knit california school system out here so when i was researching colleges i kind of thought that santa monica college was just a general college just like boston college back home or you know any other school with the name college at the end of it i didn't realize until you know the end of my first year even that it was more like a transfer school like you you can't i didn't even realize you couldn't get a bachelor's degree from there when i went
Ellie;837.464;837.904;yeah_downer (yeah)
Participant;838.5;841.25;so it kind of create created more problems for me
Ellie;843.871;846.821;advice_back (what advice would you give to yourself ten or twenty years ago)
Participant;846.67;866.08;<sigh> well considering i'm twenty two <sigh> i'd probably say ten years ago i would give myself the advice to probably stay closer to home and to have really pursued other options rather than just be completely invested in moving to california
Ellie;869.015;870.705;BF_describe (how would your best friend describe you)
Participant;873.77;910.34;um my best friend would describe me as a great charismatic funny outgoing socially enjoyable person which is different than how people who aren't my good friends would describe me which i mean i don't i mean it is what it is i am very outgoing and and have a great time when i'm with my friends in my element but around strangers and in like uncomfortable groups and things i just i am very shy and don't really speak much
Ellie;910.787;916.181;uh_huh (uh huh) Ellie17Dec2012_10 (tell me about something you did recently that you really enjoyed)
Participant;919.92;928.72;um recently my friend was visiting and we went to a clippers basketball game a few weeks ago and i really enjoyed that
Ellie;929.47;930.2;nice (nice)
Participant;930.71;931.04;yeah
Ellie;932.471;935.411;Ellie17Dec2012_07 (what would you say are some of your best qualities)
Participant;936.44;959.29;um i'm very caring i i'm a very good judge of character which i mean i guess i mean i consider it to be a quality <qu> quality for myself um i'm very affectionate <aff> i mean i'm not very affectionate i'm more i mean i guess i guess so
Ellie;963.169;969.513;asked_everything (okay i think i have asked everything i need to) appreciate_open (thanks for sharing your thoughts with me) bye (goodbye)
Participant;970.45;970.92;thanks
