speaker;start_time;stop_time;text
Participant;29.43;30.21;<synch>
Ellie;45.594;67.134;IntroV4Confirmation (hi i'm ellie thanks for coming in today i was created to talk to people in a safe and secure environment i'm not a therapist but i'm here to learn about people and would love to learn about you i'll ask a few questions to get us started and please feel free to tell me anything your answers are totally confidential are you ok with this)
Participant;68.55;68.97;yes
Ellie;69.623;73.602;okay_confirm (okay) how_doingV (so how are you doing today)
Participant;74.42;75.18;i'm doing good
Ellie;75.911;78.681;thats_good (that's good) where_originally (where are you from originally)
Participant;79.51;80.6;i was born in lynwood
Ellie;81.527;85.611;really (really) like_about_LA (what are some things you really like about l_a)
Participant;86.62;92.12;i like all the sightseeing and all the clothing and stores that they have
Ellie;92.623;96.169;mhm (mhm) dont_like_LA (what are some things you don't really like about l_a)
Participant;96.92;105.02;well some things all the graffiti um basically all the wrongdoing criminal activity and all that bad stuff
Ellie;105.894;114.394;see_mean (i see what you mean) travel_shoes (i'm sure you can tell by my shoes i'm not much of a world explorer do you travel a lot)
Participant;114.91;118.59;i've traveled in the past um i don't really go out of state
Ellie;121.32;121.89;why2 (why)
Participant;123.13;131.21;basically budget money money budget expenses doesn't limit me to go to another state
Ellie;131.985;134.873;understand (i understand) study (what did you study at school)
Participant;136.12;138.45;i studied automotive technology
Ellie;139.325;139.735;cool3 (cool)
Participant;139.38;139.99;and welding
Ellie;141.357;142.787;change_directions (what made you decide to do that)
Participant;143.65;154.33;just a passion for cars since i was little uh always basically just wanted to work on cars pretty
Ellie;154.104;155.104;happy_didthat (are you happy you did that)
Participant;155.84;157.39;yeah i really love working on cars
Ellie;158.497;161.978;good_hear (that's so good to hear) dream_job (what's your dream job)
Participant;162.88;178.21;my dream job would probably be probably to own my own automotive shop or to own a barber shop or to just basically be a probably a master welder
Ellie;180.114;187.537;okay_confirm (okay) shyoutgoing (do you consider yourself more shy or outgoing)
Participant;186.87;188.81;consider myself a little more outgoing
Ellie;190.715;191.285;why2 (why)
Participant;192.44;201.26;just because i like having fun being uh just having fun with my friends being able to do anything i please
Ellie;199.721;216.392;uh_huh (uh huh) okay_confirm (okay) relax_fishtank (sometimes when i'm feeling tense i turn on the fish tank screensaver hey i know it's not hawaii but it's the best i've got what do you do to relax)
Participant;217.935;224.38;basically just smoke on my free time sometimes or just lay down watch a movie listen to some music
Ellie;226.408;226.948;like_what (like what)
Participant;227.94;232.945;basically hip hop music or maybe a good comedy movie
Ellie;233.759;237.623;nice (nice) control_temper (how are you at controlling your temper)
Participant;238.87;246.075;uh fairly easy about it i don't really let go get let my bad side get to my emotions
Ellie;247.044;251.509;thats_good (that's good) last_argument (when was the last time you argued with someone and what was it about)
Participant;253.07;258.76;probably earlier today about with my girlfriend or wife basically about where we gonna go eat
Ellie;261.695;263.235;describe_felt (how did you feel in that moment)
Participant;264.805;272.91;felt desperate for an answer for her to tell me where she wanted to go eat since she wouldn't make up her mind kinda made me uneasy
Ellie;274.499;281.062;see_mean (i see what you mean) situation_handled (tell me about a situation that you wish you had handled differently)
Participant;282.74;288.655;probably just to relax and stay calm more than just to outburst and raise my voice
Ellie;291.304;293.325;feelguilty (what's something you feel guilty about)
Participant;296.23;302.55;wrongdoings in my past basically anything i could've changed mm to better myself
Ellie;303.756;305.086;give_example (can you give me an example of that)
Participant;306.73;315.455;basically uh doing something better at a job that or maybe uh not doing the job at my greatest
Ellie;317.18;322.406;okay_confirm (okay) hard_decisionB (tell me about the hardest decision you've ever had to make)
Participant;324.5;334.725;hardest decision would have to be uh to plan a family probably
Ellie;336.174;337.334;tell_about_that (can you tell me about that)
Participant;338.85;352.27;uh just basically making sure all the situations are where they're supposed to be and talking it out with my partner if we're really ready to begin a family <clears throat>
Ellie;352.091;353.521;change_directions (what made you decide to do that)
Participant;355.5;360.8;just basically the love and bond between me and my wife
Ellie;361.96;369.994;aw (aw) memory_erase (tell me about an event or something that you wish you could erase from your memory)
Participant;371.92;375.07;um basically might be like a crash accident
Ellie;377.302;378.462;tell_about_that (can you tell me about that)
Participant;380.34;396.79;uh basically pretty horrific scary experience when uh i almost crashed into the freeway barrier and the car spun out and it basically almost ended up off of a little hill
Ellie;399.486;402.022;Ellie17Dec2012_06 (wow) Ellie17Dec2012_06 (wow) been_hard (that sounds really hard)
Participant;404.14;414.64;it was a pretty scary experience as far as just uh being in a car by myself not being able to control the vehicle at all and just hoping that i was gonna be okay
Ellie;416.217;421.107;yeah_downer (yeah) easy_sleep (how easy is it for you to get a good night's sleep)
Participant;422.12;429.58;it's fairly easy except <exc> if as long as i've had a good dinner early on in my day fairly would go to sleep pretty good
Ellie;430.675;432.455;sleep_affects (what are you like when you don't sleep well)
Participant;433.62;441.28;just restless and just a little more stressed constant things more would be on my mind lack of energy maybe
Ellie;440.131;445.665;mhm (mhm) okay_confirm (okay) feel_lately (how have you been feeling lately)
Participant;446.75;449.04;xxx pretty relaxed calm
Ellie;450.698;455.648;thats_good (that's good) behavior_changes (have you noticed any changes in your behavior or thoughts lately)
Participant;456.98;466.41;not really just same old me day through day just try to stay happy and relaxed calm just try to stay positive energy
Ellie;467.731;471.422;okay_confirm (okay) ptsd_diagnosed (have you ever been diagnosed with p_t_s_d)
Participant;472.57;474.02;no i have not being diagnosed
Ellie;475.093;476.903;depression_diagnosed (have you been diagnosed with depression)
Participant;477.76;479.59;no i have not been diagnosed by depression
Ellie;480.32;482.867;happy_lasttime (tell me about the last time you felt really happy)
Participant;484.84;486.85;um earlier today when i had some food
Ellie;491.139;493.826;family_relationship (tell me about your relationship with your family)
Participant;494.57;502.935;um it's pretty close bonded it was good we talk about a lot of necessary stuff try to help each other out at all times
Ellie;504.077;508.728;thats_great (that's great) influence_positive (who's someone that's been a positive influence in your life)
Participant;509.3;513.18;uh my father my sister my mother
Ellie;514.556;515.716;tell_about_that (can you tell me about that)
Participant;517.24;539.96;well my father's been there for as long as my mother has been and she they've both helped me as much as possible from school to clothing to hmm uh takes me to my sister she's basically graduated from college so she's like a a mentor to me kind of look up to her as far as graduating school and everything try to keep going
Ellie;539.279;544.323;mhm (mhm) todays_kids (what do you think of today's kids)
Participant;545.5;560.995;mm they're pretty fun they're outbursting minds basically just smarter kinda seem more advanced thinking compared to what the kids were probably thinking back in the the old age
Ellie;561.827;562.297;mm (mm)
Participant;561.85;563.58;they learn things a little more quicker
Ellie;564.806;567.937;right2 (right) regret (is there anything you regret)
Participant;570.77;580.05;uh no not majorly just things that i could've thought i could've done better or or just a little differently
Ellie;582.061;582.601;like_what (like what)
Participant;584.57;601.1;uh like building my car differently um getting traffic violations basically just uh kinda wish i wouldn'ta sped through intersections or gotten all those tickets i've received on my record
Ellie;602.6;607.93;that_sucks (that sucks) advice_back (what advice would you give to yourself ten or twenty years ago)
Participant;605.15;618.36;yeah i would've basically just after you realize it the first time try not to do it again so the same mistake doesn't happen
Ellie;620.153;625.642;okay_confirm (okay) self_change (what are some things you wish you could change about yourself)
Participant;627.52;649.06;uh just my persona kind of as far as uh whenever i'm angry just to find a way to be more easygoing maybe try to not be so much of a negative thinker at times when when things get a little harder <clears throat>
Ellie;649.323;656.949;mhm (mhm) feelbadly (tell me about a time when someone made you feel really badly about yourself)
Participant;658.25;668.085;uh basically when somebody accuses you of wrongdoing that probably has hasn't been done
Ellie;670.074;671.404;give_example (can you give me an example of that)
Participant;674.22;683.45;um basically when a police officer tells you you've done wrong when you clearly know that you have not done anything wrong
Ellie;684.767;687.619;yeah_downer (yeah) bouts_symptoms (when was the last time that happened)
Participant;689.65;691.37;probably earlier this year
Ellie;693.604;694.764;tell_about_that (can you tell me about that)
Participant;696.925;717.76;basically a police officer pulled me over for thinking that i was a drunk driver made me feel really really dumb about myself or tried to accuse me of wrongdoing that i've been drinking and smoking when that was not the cause i was just very tired that night it was twelve a_m therefore i was trying i was i looked probably a little sleepy
Ellie;719.674;723.067;isee_downer (i see) BF_describe (how would your best friend describe you)
Participant;724.55;734.77;just uh fun cool easygoing good attitude um loyal <l> xxx loyal
Ellie;736.5;739.75;Ellie17Dec2012_10 (tell me about something you did recently that you really enjoyed)
Participant;742.23;749.775;um drifting drifting my two forty s_x um spending quality time with my my wife and kids
Ellie;751.562;757.504;thats_great (that's great) Ellie17Dec2012_08 (what are you most proud of in your life)
Participant;758.96;767.06;um basically everything i've done for myself from when i graduated high school up to now
Ellie;769.976;776.985;asked_everything (okay i think i have asked everything i need to) appreciate_open (thanks for sharing your thoughts with me) bye (goodbye)
Participant;776.385;777.535;thank you bye
