speaker;start_time;stop_time;text
Participant;13.87;14.85;<sync>
Ellie;30.865;52.405;IntroV4Confirmation (hi i'm ellie thanks for coming in today i was created to talk to people in a safe and secure environment i'm not a therapist but i'm here to learn about people and would love to learn about you i'll ask a few questions to get us started and please feel free to tell me anything your answers are totally confidential are you ok with this)
Participant;52.74;53.41;yes i'm fine
Ellie;54.221;57.991;okay_confirm (okay) how_doingV (so how are you doing today)
Participant;58.5;59.6;i'm doing very well today
Ellie;60.157;60.797;thats_good (that's good)
Participant;60.3;60.98;i feel good today
Ellie;62.312;63.632;where_originally (where are you from originally)
Participant;64.09;65.32;uh born in indiana
Ellie;65.819;66.409;really (really)
Participant;66.31;68.46;mhm grew up in bloomington
Ellie;68.03;69.11;when_LA (when did you move to l_a)
Participant;69.97;72.52;i moved to l_a for a job working with the c_d_c
Ellie;73.69;75.59;often_backB (how often do you go back to your hometown)
Participant;76.72;79.7;i've only been back twice in the past twenty years
Ellie;80.86;81.43;why2 (why)
Participant;82.53;87.24;um my family is not there anymore uh i went back for high school reunions
Ellie;89.125;92.809;cool3 (cool) compares_LA (how does it compare to l_a)
Participant;93.56;117.513;it's much greener it's very green uh very small um uh very um wooded areas that's where i played in the woods when i was a a kid we'd swim in the quarries um i rode my bicycle everywhere and here it's a little um more uh cement and traffic
Ellie;117.86;121.625;yeah_downer (yeah) adapted_LA (how easy was it for you to get used to living in l_a)
Participant;122.69;145.04;um it was <wa> it just seemed like cement at first but i love it now and i have friends and i i love being able to do so many different things um and i go to the beach a lot um i still go up to the mountains i go camping all the time um so i i love it i love it
Ellie;145.43;146.33;thats_great (that's great)
Participant;145.67;146.683;always opportunities
Ellie;147.791;153.971;travel_shoes (i'm sure you can tell by my shoes i'm not much of a world explorer do you travel a lot)
Participant;151.32;176.15;<laughter> um i have traveled quite a bit i was in the peace corps and i was um <tisk> in south america i was in paraguay for three years and i traveled all through south america brazil peru uh peru chile bolivia um i also spent a year in london traveled all through europe and i used to go to canada often uh i'd love to get to asia one of these days
Ellie;176.964;181.196;wow (wow) travel_changed (what do you enjoy about traveling)
Participant;182.35;199.023;uh meeting new people the food i love trying new food um and just getting a different perspective on the world and different people's um outlook on the world and because america tends to become isolated
Ellie;200.361;202.041;travel_trips (i'd love to hear about one of your trips)
Participant;203.15;237.063;um i hiked the inca trail when i was in um uh peru and that was a five day hike starting out of cusco um we hiked for um i think what four or five days um and woke up one the last morning at the sun gate of machu picchu and that was just an most amazing experience 'cause i would only i'd i'd seen about i'd seen it in national geographic you know all my life um so to be there and experience that was phenomenal
Ellie;238.108;242.242;awesome (awesome) study (what did you study at school)
Participant;242.74;247.07;philosophy i have my degree in philosophy i minored in art
Ellie;246.473;247.903;change_directions (what made you decide to do that)
Participant;247.81;284.67;<clears throat> well i started out in business and i got very disenchanted with it very quickly and so i decided to study what i wanted to study while i was in college and had the opportunity so that's what i wanted to do and everyone advised me against it because you can't get a job as a philosopher um but i had the idea of getting my philosophy degree then going to law school and being a professor of ethics um but that kind of fell apart and that's actually how i ended up joining the peace corps <laughter> so it all worked out
Ellie;285.609;286.609;happy_didthat (are you happy you did that)
Participant;287.26;287.73;i'm sorry
Ellie;288.954;289.954;happy_didthat (are you happy you did that)
Participant;290.48;291.27;yeah mhm
Ellie;293.094;294.294;dream_job (what's your dream job)
Participant;295.04;306.16;i'm i'm sorry my alarm's going off on my phone it'll die in a second okay i'm sorry it's still going sorry i turned off the phone but i forgot to turn off the alarm
Ellie;307.89;308.35;okay_confirm (okay)
Participant;308.19;313.34;that should go okay what i'm sorry what was your question
Ellie;314.088;315.288;dream_job (what's your dream job)
Participant;315.69;341.37;my dream job um <sigh > gosh um writing um i've done a few um uh scripts uh some screeenplays with a friend of mine um but i don't really wanna do the hollywood thing um <tisk> but writing and teaching and traveling if i could do that overseas
Ellie;342.908;343.348;yeah_downer (yeah)
Participant;344.94;345.22;so
Ellie;345.217;349.641;shyoutgoing (do you consider yourself more shy or outgoing)
Participant;348.18;357.98;outgoing should i turn off my alarm <laughter> it keeps going <laughter> here oh i can't move okay i can't get to my purse
Ellie;352.142;352.612;yeah3 (yeah)
Participant;358.83;382.79;okay i'm sorry yes i i turned off my phone but i didn't turn off the the alarm is like <laughter> it's like i forgot it's my alarm to go to yoga class i'm terribly sorry about that <laughter> okay <laughter> <laughter> sorry for the interruption
Ellie;383.996;397.667;okay_confirm (okay) relax_fishtank (sometimes when i'm feeling tense i turn on the fish tank screensaver hey i know it's not hawaii but it's the best i've got what do you do to relax)
Participant;397.77;423.87;um i have a actual fish tank um at my house and i i do the the same thing and i do that with my children when they get upset um the i sit them in front of the fish tank and it's very relaxing um i also try and meditate um i try and and just sit down and be quiet um and gather my thoughts um i like to read and um or sometimes i i walk or i'll take my dog for a walk
Ellie;424.5;426.56;control_temper (how are you at controlling your temper)
Participant;427.9;448.19;<sigh> i wish i could say i was good at it but usually i um i tend to have outbursts every once in a while um when things are getting too chaotic at my house um and i'm feeling very underappreciated i will have a burst of anger
Ellie;449.23;450.71;landed_trouble (has that gotten you in trouble)
Participant;451.53;478.7;yeah my husband doesn't appreciate that um and i i i've never done it at work or in a social situation but at home with my family i've done it and then instead of um recognizing that i'm upset about it my husband tends to get mad at me for being mad and then that escalates and uh sometimes i just end up walking out the door or going to my room
Ellie;477.942;479.052;symptoms_cope (how do you cope with them)
Participant;479.57;480.84;hmm i'm sorry
Ellie;481.103;482.213;symptoms_cope (how do you cope with them)
Participant;482.85;498.74;um i i usually after i have an outburst and i isolate myself for a little bit i can come back relaxed and deal with the situation in a more calm manner
Ellie;499.786;500.726;difficult (how hard is that)
Participant;501.53;515.71;um sometimes it's very hard but i i i've gotten to the point where i know just to stop and and get myself out of there and and go take some deep breaths um and then really try and figure out what i'm feeling
Ellie;516.212;516.722;mhm (mhm)
Participant;516.4;525.19;why i'm being angry why why am i being um so tense and then be able to verbalize that
Ellie;526.197;529.98;situation_handled (tell me about a situation that you wish you had handled differently)
Participant;531.98;590.77;um well i i it happens a few times when i start getting i've had a very tense day um and things haven't gone right um i tend to have outbursts in the kitchen while i'm  making dinner and the kids are all home and they're asking me questions about their homework or they're turning on the t_v or and my husband's uh uh bothering me about things that i just don't need to think about right then and one time i just said okay everyone out of the kitchen leave me alone get out just let me finish dinner and nobody would and i just it just had more pressure building up and building up and i actually took one of the pots and just banged it against the stove <laughter> really hard to just like get people to pay attention to what i was saying it actually made a dent in my stove <laughter> um which is still there
Ellie;590.15;590.95;wild_laughter3 ((laughter))
Participant;591.23;598.31;um so that that i i should have um walked out sooner and taken my deep breaths before i did that
Ellie;601.013;604.613;hard_decisionB (tell me about the hardest decision you've ever had to make)
Participant;608.42;682.33;um it was probably when i was pregnant with my first child um i wasn't married um <tisk> i had a very good friend um oh i was i was thirty two at the time so i was uh you know i wasn't young i think if i was younger i probably would have decided to have an abortion but at that point in my life i'm like okay i'm i'm going to have this um and i had um i i got pregnant by the man i actually married and still married to um but we'd only been dating like three months and i was living with a a good friend of mine who i had been in the peace corps with um and she and so i didn't know this guy very well um i didn't know if we could raise a child together i didn't know if i wanted to get married and raise a child with somebody else um and my friend suggested that we raise the child together um even suggested moving to costa rica to raise the child together
Ellie;682.38;683.06;aw (aw)
Participant;683.14;713.16;um and uh so it was a lot of um huge decisions that were gonna determine the rest of my life um and i made the decision based on more common sense and practicality um but i don't regret that decision i think i made a good decision
Ellie;713.657;714.297;thats_good (that's good)
Participant;714.12;717.36;to marry my husband and raise our child <laughter>
Ellie;717.636;720.352;yeah3 (yeah) kids_elaborate (tell me about your kids)
Participant;721.13;755.84;um they're older now my uh my eldest is seventeen he is um <tisk> at da vinci science uh school and he's very much into engineering he is getting his pilot's license uh which i'm very proud of him for um then my daughter is fifteen and she loves acting uh she um she has a boyfriend who um uh they see just once a week at church basically um and they text each other constantly um she's a very very typical fifteen year old
Ellie;753.597;754.397;wild_laughter3 ((laughter))
Participant;756.37;779.06;and then i have a twelve year old he is extremely active <laughter> and is in constant motion and is always making noises but i love him dearly um he is into rock climbing and there's a rock climbing gym near our house so he has a membership there so he goes over there and rock climbs almost on a daily basis
Ellie;779.854;783.694;nice (nice) easy_parent (do you find it easy to be a parent)
Participant;783.95;818.59;no i find it extremely difficult i don't i wasn't my mother had a very difficult <d> my dad died when i was young and um my mother kind of disconnected when that happened um so i didn't have a very warm or loving relationship with my mother or growing up and i basically raised myself i was um kind of on my own from a very young age um i mean she was at the house but really had no interaction with her so i really didn't have parenting skills
Ellie;819.121;819.651;yeah2 (yeah)
Participant;819.35;868.48;that you know most people are are raised with um i know what not to do but sometimes it's very difficult and um i i see my friends that have you know these very innate parenting skills these very warm and you know they're making cookies and everything's organic and they knit everything and you know their house is always perfect um and it's like i i'm just not that person so i i i try and be i'm i i think i am a very good mother but i'm not um a typical mother i think i'm more um i'm more creative a lot of times i and we do a lot of things um but it's not a warm fuzzy cozy kind of thing
Ellie;869.006;869.516;mhm (mhm)
Participant;869.98;889.29;actually when we go camping it's more i'm more homey when i go camping than i am at home i think i'm more tense when i'm at home but i'm trying to like through meditation and things of that sort i'm trying to become calmer and more patient i think my patience is what um i need to work on the most
Ellie;889.873;894.144;understand (i understand) easy_sleep (how easy is it for you to get a good night's sleep)
Participant;894.5;939.35;i'm a been an insomniac all my life i remember as a child laying in my bed watching the stars go across the my bedroom window and um i haven't slept well for a long time um but i realize that if i exercise and i do something with my brain intellectually during the day i have to be physically tired and intellectually tired to sleep well um and that's sometimes that's hard to do um and so a lot of times i stay <s> i stay awake reading i'll read 'til midnight um and then i'll try and go to sleep um and usually i won't get back up even if i i'll wake up at three again and things of that sort but i'll try to go back to sleep
Ellie;940.673;942.053;feel_lately (how have you been feeling lately)
Participant;943.02;953.31;yesterday i didn't feel so good i was um i think a lot of it has to depend on the weather  and it was all cloudy and grey yesterday um 'cause i planned on planned on working on my garden
Ellie;950.553;950.993;yeah_downer (yeah)
Participant;953.79;971.35;and then i'm i'm building <buil> i'm making a butterfly garden in my front yard um so i had some more planting to do and i just couldn't didn't kind of feel like doing it um so i just sort of puddled about and wasted a lot of time yesterday but  today i feel really good so i feel more positive i feel more energy
Ellie;969.327;974.899;thats_good (that's good) ptsd_diagnosed (have you ever been diagnosed with p_t_s_d)
Participant;972.86;975.29;so no
Ellie;975.7;977.51;depression_diagnosed (have you been diagnosed with depression)
Participant;977.73;978.1;no
Ellie;979.577;982.124;happy_lasttime (tell me about the last time you felt really happy)
Participant;983.28;1035.82;um i don't know i just got a new mattress actually that hasn't really helped me sleep but um it was really good because i needed one for a really long time and it i was just kind of excited about being delivered <deli> it delivered and and set up and and that sounds like sort of mundane um but it was you know just like i'm finally doing something positive 'cause it's it's something that i put off doing and put off doing and put off doing and it was like finally uh there and concrete and it's like okay i've done this task that i can check off my list um but also i took the kids camping over um spring break and uh we just had a fabulous time and we sat around telling stories and  um around the camp fire and making s'mores and things like that and those kind of times make me very happy
Ellie;1036.279;1040.834;thats_great (that's great) BF_describe (how would your best friend describe you)
Participant;1041.0;1077.66;<laughter> i don't know um i think she believes that i'm uh uh more intellectual and smarter than i think that i am at times so she comes to me with a lot of um issues uh she always she always solicits advice from me she thinks i give her good advice um and when she doesn't know what to do she'll she'll she'll ask me um and then sometimes she just calls me to run things by uh or just like to complain about because i'm sympathetic
Ellie;1078.08;1078.55;uh_huh (uh huh)
Participant;1078.49;1088.18;um or empathetic and uh i just i'm just there to listen and i don't need to give her any advice so i think a a good listener and good advice giver
Ellie;1088.683;1094.116;okay_confirm (okay) self_change (what are some things you wish you could change about yourself)
Participant;1094.89;1131.61;i procrastinate a lot um i start projects and i don't finish them uh so that's what i'm working on right now is finishing up a lot of projects that i've started over the past few months a lot of them are really creative projects and um i'm very enthusiastic about them when i when i start them and i'll get almost finished and then i don't know what happens i just completely lose interest um sometimes i think it's because i'm afraid to finish them which sounds a little strange but um i i'm working on that i'm trying to get those done
Ellie;1130.633;1133.771;okay_confirm (okay) regret (is there anything you regret)
Participant;1135.57;1191.65;oh gosh <laughter> um not following through on the opportunities i had when i got out of the peace <p> peace corps there was a lot of things that i could go into i could've gone to get my master's degree um with on a grant and things of that sort um but instead i got pregnant and got married and i had a wonderful job that i really liked and really enjoyed um but then when i got pregnant the second time it was right at a time where i had to fight for a directorship and i realized my limitations where i i couldn't be pregnant and have this child and and do everything i needed to do to get a directorship and so i really wish so i resigned um and i wish i had stuck with that um 'cause then i would have a have had a much more fulfilling and rewarding and solid career
Ellie;1192.152;1196.679;yeah_downer (yeah) advice_back (what advice would you give to yourself ten or twenty years ago)
Participant;1198.32;1235.28;um not base decisions on emotions sometimes i um and not i i've had some really bad bosses um the jobs were wonderful um but my ego got in the way and i would've told myself to let go of that aspect of the job let go of the the egotistical reactions that i had to the bosses and concentrate on the job and doing that really well
Ellie;1235.755;1240.081;mhm (mhm) Ellie17Dec2012_08 (what are you most proud of in your life)
Participant;1240.86;1281.89;um my children actually um and also uh my peace corps experience was just phenomenal um and uh people are actually really interested in that and they were like an awe that they actually know someone who actually did that um so that that's i'm yeah i always when i was a little girl my neighbor was one of the first people to go into the peace corps when it first started and i always said oh i wanna do that one day i wanna do that one day i wanna do that one day and then finally i got to the point where so i'd i either had to shut up or do it um so that's that was one of my prouder experiences
Ellie;1282.451;1289.386;good_hear (that's so good to hear) asked_everything (okay i think i have asked everything i need to) appreciate_open (thanks for sharing your thoughts with me)
Participant;1288.01;1290.23;okay thank you
Ellie;1291.246;1291.856;bye (goodbye)
Participant;1292.14;1292.35;bye
