speaker;start_time;stop_time;text
Participant;22.09;22.92;<synch>
Ellie;38.365;59.905;IntroV4Confirmation (hi i'm ellie thanks for coming in today i was created to talk to people in a safe and secure environment i'm not a therapist but i'm here to learn about people and would love to learn about you i'll ask a few questions to get us started and please feel free to tell me anything your answers are totally confidential are you ok with this)
Participant;59.82;60.64;mm yes
Ellie;61.441;65.242;okay_confirm (okay) how_doingV (so how are you doing today)
Participant;65.33;66.69;mm i'm doing pretty good
Ellie;67.553;70.229;thats_good (that's good) where_originally (where are you from originally)
Participant;70.38;72.74;uh i was born in los angeles
Ellie;73.429;74.019;really (really)
Participant;74.345;74.795;mhm
Ellie;75.5;77.61;like_about_LA (what are some things you really like about l_a)
Participant;78.405;87.555;um i like the diversity of the city all the attractions and things that you can see um the food restaurants
Ellie;88.535;89.045;mhm (mhm)
Participant;89.26;89.81;things like that
Ellie;90.425;92.775;dont_like_LA (what are some things you don't really like about l_a)
Participant;93.21;96.61;traffic freeways crime
Ellie;98.137;106.907;see_mean (i see what you mean) travel_shoes (i'm sure you can tell by my shoes i'm not much of a world explorer do you travel a lot)
Participant;100.45;107.11;mm uh yes i do
Ellie;108.733;111.486;cool3 (cool) travel_changed (what do you enjoy about traveling)
Participant;110.165;120.65;mhm um seeing new places or going back and seeing same places and just enjoying relaxing getting away from l_a
Ellie;121.555;123.235;travel_trips (i'd love to hear about one of your trips)
Participant;123.67;135.63;uh well let's see last trip i made was up to the central coast up in uh cambria and pismo beach area and um solvang santa ynez
Ellie;137.198;137.928;nice (nice)
Participant;138.3;139.89;uh huh yeah
Ellie;139.638;141.998;memorableB (what's one of your most memorable experiences)
Participant;142.78;149.76;probably uh when i got to study abroad in madrid spain when i was a student at u_c_l_a
Ellie;150.595;151.165;wow (wow)
Participant;152.505;153.755;uh huh in terms of travel
Ellie;153.09;154.25;tell_about_that (can you tell me about that)
Participant;154.5;176.68;uh yeah i was um i participated in the uh education abroad program at u_c_l_a where you go live in another country to learn the language and you live there for a year at the university <univers> and you study at the university and uh it it was just a memorable year something <someth> an experience that i would never <laughter> forget
Ellie;177.726;179.086;good_hear (that's so good to hear)
Participant;180.405;180.865;thanks
Ellie;181.547;185.957;shyoutgoing (do you consider yourself more shy or outgoing)
Participant;185.82;190.6;probably more shy but uh sometimes i could be outgoing
Ellie;192.173;192.713;like_what (like what)
Participant;193.34;209.81;um i'm more shy in terms of you know i it takes me it takes time <t> time for me to get to know people i mean i'm not a real party person i don't like to go to parties and meet people and things like that but if i if i'm among friends and things like that then i can be pretty outgoing
Ellie;206.364;211.452;mhm (mhm) okay_confirm (okay)
Participant;211.01;211.93;with people i know
Ellie;213.673;225.432;relax_fishtank (sometimes when i'm feeling tense i turn on the fish tank screensaver hey i know it's not hawaii but it's the best i've got what do you do to relax)
Participant;219.05;233.91;<laughter> <laughter> <laughter> um drink wine um yeah drink wine maybe listen to some uh nice music
Ellie;235.585;239.284;okay_confirm (okay) control_temper (how are you at controlling your temper)
Participant;241.01;244.31;pretty good i can i'm pretty good at controlling my emotions
Ellie;245.137;250.149;thats_good (that's good) last_argument (when was the last time you argued with someone and what was it about)
Participant;251.425;266.66;oh gosh um i wouldn't say it was a real argument it was more like a what just a discussion maybe about finances maybe money
Ellie;266.612;268.152;describe_felt (how did you feel in that moment)
Participant;268.79;278.33;um just oh just a little irritated <laughter> but um not really not really strong emotional
Ellie;279.652;285.224;mhm (mhm) situation_handled (tell me about a situation that you wish you had handled differently)
Participant;287.965;298.25;uh wow gosh i <laughter> i can't think of anything at the moment so uh let's uh skip that one
Ellie;299.492;304.163;okay_confirm (okay) feelguilty (what's something you feel guilty about)
Participant;306.27;317.37;um mm maybe uh eating eating more junk food than i admit to or
Ellie;317.128;320.728;hard_decisionB (tell me about the hardest decision you've ever had to make)
Participant;321.65;335.93;the hardest decision i ever had to make uh maybe uh buying a home <h> buying a home or remodeling the home spending money for
Ellie;335.272;336.702;change_directions (what made you decide to do that)
Participant;337.06;337.43;uh
Ellie;337.087;338.517;change_directions (what made you decide to do that)
Participant;338.91;350.41;i it was um i felt it was time to move on with my life and uh to uh buy a place for myself so i could be self-sufficient and independent
Ellie;352.545;353.545;happy_didthat (are you happy you did that)
Participant;352.95;355.62;xxx yes very happy
Ellie;356.817;357.717;thats_great (that's great)
Participant;359.82;360.21;thank you
Ellie;361.351;365.47;memory_erase (tell me about an event or something that you wish you could erase from your memory)
Participant;367.53;385.44;uh an event i could erase from my uh when i um yeah when i was a student <stud> when i was a student teaching for a year trying to get my teaching credential and discovered i never enjoyed it i wanna erase that whole year nineteen eighty three
Ellie;386.97;387.54;why2 (why)
Participant;388.47;401.22;uh it just brought back horrible <laughter> it just brings back <laughter> horrible memories of uh what i went through when i was student teaching and uh discovered that that teaching k twelve was not was <w> not for me
Ellie;403.836;407.18;okay_confirm (okay) study (what did you study at school)
Participant;407.7;410.93;i studied <stud> my major was spanish and linguistics
Ellie;413.94;415.37;change_directions (what made you decide to do that)
Participant;415.93;433.11;i was very good at foreign languages and i thought um i enjoyed taking them and i was just having a good time taking foreign language and uh i was getting good grades so i thought maybe this is what i should go into foreign languages
Ellie;433.863;435.123;still_working_on_X (are you still working in that)
Participant;435.52;447.17;uh i was teaching <teachi> i was an adult ed teacher teaching english as a second language for thirty years and i just recently uh decided to uh retire myself
Ellie;450.021;454.694;okay_confirm (okay) family_relationship (tell me about your relationship with your family)
Participant;454.81;470.59;um i have a pretty good relationship with my family with my mother and my sisters my father passed away in two thousand eight and um uh my relationship with my father wasn't as good as with my other family members
Ellie;471.48;471.99;mhm (mhm)
Participant;473.11;479.355;yeah but uh on the xxx on the whole um we have pretty good relation with the rest of my family now
Ellie;480.453;484.42;okay_confirm (okay) easy_sleep (how easy is it for you to get a good night's sleep)
Participant;484.8;487.46;um pretty easy i don't have any problems
Ellie;489.123;490.903;sleep_affects (what are you like when you don't sleep well)
Participant;491.97;503.61;um if i don't sleep well i'm i may be moving around in the bed and you know um messing up the sheets but that doesn't happen too often
Ellie;505.045;506.425;feel_lately (how have you been feeling lately)
Participant;507.18;512.64;oh pretty good i think i've been feeling pretty good no major health problems or anything
Ellie;514.353;517.523;behavior_changes (have you noticed any changes in your behavior or thoughts lately)
Participant;518.29;518.8;no
Ellie;520.218;522.258;ptsd_diagnosed (have you ever been diagnosed with p_t_s_d)
Participant;522.33;522.9;no
Ellie;523.668;525.478;depression_diagnosed (have you been diagnosed with depression)
Participant;525.44;526.29;no
Ellie;527.262;529.809;happy_lasttime (tell me about the last time you felt really happy)
Participant;530.96;544.69;uh last time i was really happy uh probably uh when spring break came around it was uh vacation time and it was time to uh <laughter> go on our trip
Ellie;547.335;548.495;tell_about_that (can you tell me about that)
Participant;548.85;575.77;uh yeah it was um it was a week trip up to central coast to uh cambria and pismo beach and santa ynez it was just a nice getaway relaxing on the uh <laughter> hotel lawn and garden drinking wine and uh enjoying different sights and eating good food and <laughter> and buying wine to replenish our dwindling supply at home
Ellie;575.842;578.937;wild_laughter3 ((laughter)) thats_great (that's great)
Participant;579.63;580.41;<laughter> thanks
Ellie;581.238;582.928;BF_describe (how would your best friend describe you)
Participant;583.52;595.85;uh i think she would describe me as um eh kind and sweet and um motivated and uh just a nice person
Ellie;599.93;602.84;self_change (what are some things you wish you could change about yourself)
Participant;603.93;616.8;oh i'd say sometimes i wouldn't mind being a little more outgoing i guess i tend to be more reserved so i wouldn't mind being more outgoing towards strangers and things but
Ellie;617.635;618.145;mhm (mhm)
Participant;618.58;619.31;mm
Ellie;619.186;624.499;feelbadly (tell me about a time when someone made you feel really badly about yourself)
Participant;624.85;645.13;uh really badly about myself uh let's see probably when i betrayed a confidence with some friends of mine when i uh taped them when i taped them singing christmas carols and i i played it to some other people and they found out and they really laid a guilt trip on me for doing that
Ellie;646.253;647.133;oh_no (oh no)
Participant;647.66;657.93;yeah but uh it all it all got resolved at the end we all <laughter> we became <beca> we were all <laughter> it was just a bad misunderstanding on my part but it worked out okay
Ellie;658.955;659.415;okay_confirm (okay)
Participant;660.96;661.69;yeah
Ellie;661.327;662.397;regret (is there anything you regret)
Participant;663.43;669.34;um probably having done what i did by <laughter> playing it to other people
Ellie;671.839;674.789;advice_back (what advice would you give to yourself ten or twenty years ago)
Participant;677.22;698.42;uh what advice would i give myself ten or twenty years ago um uh don't give up just uh keep uh <laughter> keep pursuing what you want and uh never never give up xxx see it as a and as a disappointment if nothing <noth> if it doesn't work out
Ellie;701.783;704.723;Ellie17Dec2012_07 (what would you say are some of your best qualities)
Participant;704.85;722.37;um i'm a i'm a good listener um i'm a i'm a motivated person i'm hardworking i'm conscientious i'm caring um i'm generally a pretty happy type person
Ellie;723.145;728.54;uh_huh (uh huh) Ellie17Dec2012_10 (tell me about something you did recently that you really enjoyed)
Participant;729.875;742.35;something recently what i really enjoyed uh going to the uh going to the festival of books at u_s_c this weekend
Ellie;742.935;746.129;nice (nice) tell_about_that (can you tell me about that)
Participant;746.31;777.835;uh yeah uh the festival of books is a it's a festival where they have all these uh book mm book authors <auth> authors and they have demonstrations <dem> food demostrations and seminars and all kinds of books available to look at and uh there's uh lots of food and um and a lot of uh authors signing books and things uh it's a great event for <laughter> just to <laughter> get out and and it was nice weather too so it was nice to be out there
Ellie;771.264;777.984;mhm (mhm) awesome (awesome)
Participant;778.04;782.2;mhm yeah i really enjoyed that especially the food
Ellie;783.566;784.926;good_hear (that's so good to hear)
Participant;786.07;786.6;thanks
Ellie;787.053;789.353;Ellie17Dec2012_08 (what are you most proud of in your life)
Participant;789.73;808.83;most proud of um most proud of uh probably uh being successful in my work uh in my life in my marriage and just um yeah just basically being happy with myself
Ellie;811.441;815.683;asked_everything (okay i think i have asked everything i need to) appreciate_open (thanks for sharing your thoughts with me)
Participant;816.05;817.12;oh you're welcome
Ellie;817.752;818.362;bye (goodbye)
Participant;818.77;819.25;bye
