speaker;start_time;stop_time;text
Ellie;48.28;62.83;hi i'm ellie thanks for coming in today i was created to talk to people in a safe and secure environment i'm not a therapist but i'm here to learn about people and would love to learn about you i'll ask a few questions to get us started
Participant;60.5;60.97;okay
Ellie;63.38;69.76;and please feel free to tell me anything your answers are totally confidential are you okay with this
Participant;70.16;70.58;yes
Ellie;71.15;74.22;okay so how are you doing today
Participant;74.93;76.03;pretty good a little tired
Ellie;77.45;81.45;that's good where are you from originally
Participant;81.98;83.07;seattle washington
Ellie;83.78;86.36;really why'd you move to l_a
Participant;87.26;99.18;uh when i was eighteen my mom and dad decided we wanted to move to california and uh so we moved down to pasadena uh actually monrovia first and i've been here ever since
Ellie;100.4;101.66;that's a long time
Participant;104.42;104.73;yeah
Ellie;104.63;106.44;how often do you go back to your home town
Participant;107.28;112.3;i did about two years ago i went up for work and a look around the area
Ellie;113.75;117.66;nice how easy was it for you to get used to living in l_a
Participant;119.16;121.93;pretty easy actually i do adapt
Ellie;122.97;126.73;that's good what are some things you really like about l_a
Participant;127.94;136.03;the warm weather not having rain nine months of the year um people mainly
Ellie;137.31;140.97;uh huh what are some things you don't really like about l_a
Participant;142.09;150.1;the uh the area how big it is the traffic when i first got here the smog that's better now
Ellie;151.96;156.66;yeah i see what you mean do you consider yourself an introvert
Participant;158.0;162.21;no when i was younger i was but i got outta that with work i did
Ellie;165.09;166.14;can you tell me about that
Participant;167.71;190.69;sure when i became when i my mom died and i needed work i went for a job that was called petitioning and uh you have to go in front of stores and talk to people about signing petitions and you do that after awhile you don't get shy about talking to anybody also when i was in school i took public speaking and i learned that really liked it more than i thought i would
Ellie;191.76;192.3;that's good
Participant;191.88;199.29;so i so i did the census job i actually got up in front of groups of people and talked to them and showed them how to take the test and i enjoyed it
Ellie;200.481;203.67;okay what do you do now
Participant;204.463;219.4;right now i'm working on getting all my licenses for selling insurance um and i'm gonna start work uh trying to get money from people to uh help kids in the uh in the world
Ellie;220.136;223.28;that's great how did you decide to do that
Participant;224.481;238.45;well the on the uh job helping kids was also a paid job i needed a paid job the uh one for insurance was i was getting older and i needed work that was steady and that's something i can do till i'm eighty five or ninety or whatever
Ellie;240.344;242.31;uh huh what's your dream job
Participant;243.926;247.27;<laughter> to be an artist
Ellie;248.29;251.08;really tell me more about that
Participant;254.1;271.72;well i've been good with art i like drawing painting et cetera but i didn't know if i could ever make a living in it so i never really got into it and every time i tried it seemed i never got anywhere so maybe when i get like eighty or ninety maybe i'll go into ceramics or something and do that as a profession
Ellie;273.253;277.24;yeah do you travel a lot
Participant;277.92;279.26;no unfortuantely i don't
Ellie;280.581;281.37;i'm sorry
Participant;282.008;282.71;that's okay
Ellie;284.926;286.51;how close are you to your family
Participant;287.245;297.59;i'm not my mom and dad are die are dead i have no brothers or sisters and the rest of my family have either moved away or i don't talk to them anymore or like that
Ellie;298.318;299.62;that sounds really hard
Participant;301.36;306.85;well i have kind of an attitude that if i have me and friends i have then i'm okay
Ellie;308.3;311.86;okay what do you do to relax
Participant;313.29;329.41;uh read uh watch sports when they're available uh let's see i used to play golf i may do that again some day but not right now because of the cost and the time
Ellie;331.47;335.39;okay what are some things that make you really mad
Participant;336.29;337.4;people that are rude
Ellie;338.917;342.75;uh huh what do you do when you're annoyed
Participant;343.644;352.51;well usually i ignore it this morning actually i told a guy to stop what he was doing and we got kind of an argument about it and then the argument was over and it was done
Ellie;355.926;357.97;how are you at controlling your temper
Participant;358.935;363.82;very good because i had a very bad temper when i was a kid and i told myself i had to control it
Ellie;367.063;370.07;when was the last time you argued with someone and what was it about
Participant;370.944;391.03;uh this morning about the guy making lots and lots of noise uh on purpose and uh in a place that was just not the place to do it i mean it was a public place but uh and that was it just a little argument and i'm done with the argument once i say what i say <laughter>
Ellie;391.563;393.06;has that gotten you in trouble
Participant;393.981;394.49;yes
Ellie;396.345;397.62;can you give me an example of that
Participant;401.527;403.02;not right now that i can think of
Ellie;404.22;408.72;okay what are some things you like to do for fun
Participant;410.68;423.73;uh like read um if i can travel i travel uh i don't travel long distances but even going out to riverside is kind of an adventure for me
Ellie;425.199;428.2;nice what do you enjoy about traveling
Participant;429.37;434.16;seeing things on the way and back talking to people maybe
Ellie;436.009;439.36;that's great i'd love to hear about one of your trips
Participant;440.409;453.94;well a number of years ago i went drove back east to uh massachusetts to do work back there on the way back i took a greyhound bus all the way back from washington d_c all the way back to california
Ellie;454.21;454.54;wow
Participant;454.863;480.67;uh into washington first and then down from there and uh worked in massachusettes for about oh uh six months to eight months enjoyed the area quite a bit but didn't want to be there when the snow came and uh enjoyed coming back on the bus had people near next to me almost all the way different people and had a lot of fun
Ellie;481.581;483.32;that sounds like a great situation
Participant;486.054;486.32;yeah
Ellie;486.054;487.58;have you ever served in the military
Participant;487.981;493.73;yeah i was in the airforce and uh when i was eighteen nineteen sixty five during the vietnam war
Ellie;495.77;496.91;did you ever see combat
Participant;497.336;499.58;no i was in great falls montana
Ellie;501.826;503.75;how did serving in the military change you
Participant;505.4;522.54;it it really didn't years later i probably uh learned more from the fact that i got out early and maybe i should have stayed in and stuck with it but i tended to quit things when i was younger and so now that and other things i decided never to quit anything
Ellie;516.66;526.87;uh huh what did you do after the military
Participant;527.872;549.87;i came down here uh played pool for a number of years uh finally graduated from high school which i had dropped out of when i moved uh went on to college got my bachelor's degree and an a_a degree at pasadena and cal state l_a and started working various jobs and uh that's about it took care of my mom
Ellie;549.41;550.44;what'd you study at school
Participant;551.008;558.13;uh business that was my major i also studied cyclic anthropology and philosphy and history et cetera
Ellie;559.03;564.11;awesome have you ever been diagnosed with p_t_s_d
Participant;565.24;565.45;no
Ellie;566.463;568.21;have you been diagnosed with depression
Participant;568.944;569.74;no never depressed <de>
Ellie;570.744;573.1;how easy is it for you to get a good night's sleep
Participant;574.099;588.52;lately not so good between the fact that i sleep in my car and it's very cold and then sometimes i do get uh and with all the things going on in my life right now i i think of things and so and plus i get up at four thirty in the morning
Ellie;589.08;590.94;yeah i'm sorry to hear that
Participant;591.271;591.96;that's okay
Ellie;593.753;595.4;what are you like when you don't sleep well
Participant;596.645;601.56;uh tired and i get a little grumpy sometimes but not very much
Ellie;602.399;606.98;i understand how have you been feeling lately
Participant;607.936;612.23;tired with all the things i've had to do and uh weather and sleep
Ellie;614.445;617.62;have you noticed any changes in your behavior or thoughts lately
Participant;618.62;619.02;no
Ellie;620.8;621.67;do you feel down
Participant;623.145;627.33;uh a little bit sometimes about how maybe i should've started doing all this years ago
Ellie;635.11;636.23;how do you cope with them
Participant;638.32;647.04;i just go on i tell myself to basically stop it and to uh go on doing what things to uh improve myself
Ellie;647.863;648.8;how hard is that
Participant;649.745;657.05;not very anymore it took me years to study that to do that i don't know if you call it zen or not but
Ellie;659.3;667.03;that's great when was the last time you felt really happy
Participant;670.599;681.81;uh couple months ago when i passed all my tests and uh medicare <medi> uh medicare advantage and passed everyone of 'em for every company that sent 'em to me
Ellie;683.417;689.45;that's great what would you say are some of your best qualities
Participant;690.335;703.87;i stick to everything i do now i'm persistent i don't let things get out of hand before i do something about it i used to be uh what's the word i put off things i don't do that anymore
Ellie;704.69;705.23;uh huh
Participant;706.008;720.58;and uh i treat people nicely always until given a reason not to and i don't talk about my bad stuff to anybody usually <laughter>
Ellie;721.963;722.96;how hard is that
Participant;723.799;731.46;not very because the same thing i've trained myself over the years to not talk about myself i talk to other people i talk about them
Ellie;733.3;737.19;okay who's someone that's been a positive influence in your life
Participant;738.899;761.33;uh let's see my mother gandy um bertrand russell let's see i'm not sure who else other people i've had but i don't remember their names or they were teachers et cetera
Ellie;762.209;766.79;okay is there anything you regret
Participant;772.75;780.25;earlier in life uh like i said uh stopping everything not completing things i regret very much
Ellie;782.398;784.19;could you have done anything to avoid it
Participant;788.09;790.41;uh yeah i coulda done better
Ellie;792.0;794.93;what advice would you give yourself ten or twenty years ago
Participant;797.299;806.02;probably the advice i gave myself to get off my butt and go learn and get an education uh and get on with my life do something
Ellie;809.59;811.39;what are you most proud of in your life
Participant;814.81;815.81;that i've survived
Ellie;819.981;823.27;okay can you tell me about that
Participant;824.945;857.48;well i'm sixty five i've been sleeping in my car for a number of years i went from sleeping on pavement to where i got a car while i've done that i've improved my credit rating i've gotten uh a number of jobs that i've been very happy with i've had a lot of friends both homeless <ho> people that are homeless and not homeless and uh i'm in pretty good health and where as other people in my family have died young so i guess that's about it
Ellie;859.78;866.74;okay what are some things that usually put you in a good mood
Participant;869.08;879.22;uh good jokes uh people having a happy time going and having a drink with somebody on occasional basis
Ellie;880.909;882.5;when was the last time that happened
Participant;883.481;887.34;uh about eight months ago was the last time when i had a beer with someone
Ellie;891.6;895.09;cool what's one of your most memorable experiences
Participant;899.0;908.62;let's see probably uh getting within one foot of a live wild deer
Ellie;909.854;913.72;wow tell me more about that
Participant;914.84;942.05;it was in uh green lake in washington and i uh was out behind our house and this wild buck deer was walking in the field and i started motioning to it and it came within about one foot of me and the only reason it left my dad drove down the drive way and it made noise and the deer ran off i was within petting difference distance of him and i wasn't to sure if should've petted him or not but i was about to <laughter>
Ellie;941.68;953.41;<laughter> aww okay i think i've asked everything i need to thanks for sharing your thoughts with me
Participant;953.999;954.45;as you
Ellie;955.091;955.62;goodbye
Participant;956.007;956.31;bye
