speaker;start_time;stop_time;text
Ellie;29.04;50.51;hi i'm ellie thanks for coming in today i was created to talk to people in a safe and secure environment i'm not a therapist but i'm here to learn about people and would love to learn about you i'll ask a few questions to get us started and please feel free to tell me anything your answers are totally confidential are you okay with this
Participant;50.87;51.47;yes
Ellie;52.44;54.44;so how are you doing today
Participant;54.66;56.46;i'm doing good and yourself
Ellie;59.36;60.63;where are you from originally
Participant;61.28;62.14;inglewood
Ellie;64.1;66.06;what are some things you really like about l_a
Participant;67.13;76.13;the scenery the the places to eat um i just i i just love l_a
Ellie;77.6;79.65;what are some things you don't really like about l_a
Participant;80.44;85.35;the traffic the public transit that's about it
Ellie;87.19;88.22;do you travel a lot
Participant;88.54;89.49;yes
Ellie;90.13;91.58;what do you enjoy about traveling
Participant;92.48;95.84;getting to getting to new places and seeing new sights
Ellie;97.42;98.54;what'd you study at school
Participant;99.29;102.67;i studied nursing and office administration
Ellie;104.15;105.42;how did you decide to do that
Participant;106.77;118.16;well i have a care for people in the nurising field and office administration i've always wanted i've always been into computers and wanted to learn more about the software and things and how to fix 'em and things like that
Ellie;119.27;120.32;are you still working in that
Participant;121.34;127.35;no <n> currently <cu> not currently but i'm i want to work there in the future <f> i wanna work in that in the future
Ellie;128.26;129.08;what do you do now
Participant;130.06;137.06;i was working at um a retail store but now i'm just eh i'm job searching again
Ellie;138.41;139.58;what's your dream job
Participant;140.31;147.86;my dream job is actually at um metro in public transit to help improve the public transportation system in l_a
Ellie;150.27;151.83;do you consider yourself an introvert
Participant;153.73;154.25;yeah
Ellie;155.95;157.37;what do you do to relax
Participant;158.23;164.3;i watch t_v mostly listen to music like smooth jazz like relaxing music
Ellie;165.98;167.43;what do you do when you're annoyed
Participant;168.15;172.83;i breathe i listen to music i try to do whatever i can to calm down
Ellie;173.54;175.61;what are some things that make you really mad
Participant;177.1;191.48;um the things that really make me mad is like when i'm disrespected sort of per se um when thing when like when bad things happen that's what really irritates me that's all
Ellie;192.42;194.43;how are you at controlling your temper
Participant;195.36;205.24;i'm i'm good as far as i think i am but there's times where i feel like i can't but i try as hard as i can to control it
Ellie;206.37;209.34;when was the last time you argued with someone and what was it about
Participant;210.01;216.56;i argued with my fiance about a couple of weeks about some financial issues eh but that was it
Ellie;220.75;222.35;have you ever served in the military
Participant;222.64;223.49;no i have not
Ellie;224.39;226.33;have you ever been diagnosed with p_t_s_d
Participant;226.67;227.62;no i have not
Ellie;228.16;229.97;have you been diagnosed with depression
Participant;230.25;231.24;no i have not
Ellie;231.73;234.13;how easy is it for you to get a good night's sleep
Participant;234.87;245.95;fairly easy most of the time but if there are like noises around me then it gets a little harder like a a neighbor partying or or loud noises in the house then it's hard but usually it's easy
Ellie;246.9;248.56;what are you like when you don't sleep well
Participant;249.85;257.79;i'm just like really tired in the morning like i don't have a attitude or anything but i'm just like tired in the morning like i need more sleep when i wake up
Ellie;258.77;260.18;how have you been feeling lately
Participant;260.8;269.14;i've been feeling okay just i'm down sometimes i sleep a little than i'm i sleep more than i'm used to but i've been okay
Ellie;270.56;273.73;have you noticed any changes in your behavior or thoughts lately
Participant;274.11;274.69;no
Ellie;276.35;277.97;how would your best friend describe you
Participant;279.41;284.5;they'd describe me as fun loving carefree a caring individual a caring person
Ellie;286.84;287.85;is there anything you regret
Participant;289.26;295.06;no <n> no not really i mean i've had some bad experiences but for the most part i don't regret anything
Ellie;296.08;298.92;what advice would you give yourself ten or twenty years ago
Participant;300.04;306.84;to just do what to do what i have to do strive really hard take care of my business and that's about it
Ellie;308.52;311.01;when was the last time you felt really happy
Participant;312.41;316.0;i felt really happy on christmas when i got engaged <laughter>
Ellie;319.98;323.06;tell me about something you did recently that you really enjoyed
Participant;324.13;334.52;i enjoy going to nevada to celebrate my birthday i enjoy spending time with my family and my friends
Ellie;335.91;337.46;how close are you to your family
Participant;338.53;343.36;fairly close um there were some things that brought us apart but we're trying to get close again
Ellie;344.35;346.64;who's someone that's been a positive influence in your life
Participant;347.61;359.44;my grandmother she's really she's really let me see the light she's really let me see the good in myself she's really let me see that i'm a positive individual and that i can accomplish anything i put my mind to
Ellie;361.9;363.76;what are you most proud of in your life
Participant;364.38;380.96;i'm proud of my accomplishments i'm proud that no matter what people said about me or thought about me that i was able to accomplish things in my life without without doing the things that doing the negative things that people thought i would <wou> that that they thought i was going to do
Ellie;384.0;386.21;what would you say are some of your best qualities
Participant;386.84;400.87;my best qualities is that i'm very efficient i i'm a good i'm a good listener a good thinker a good speaker i can overcome a lot of situations and i'm just i feel like i'm a good person
Ellie;401.98;408.13;okay i think i've asked everything i need to thanks for sharing your thoughts with me goodbye
Participant;408.36;408.9;goodbye
