speaker;start_time;stop_time;text
Participant;9.88;10.94;<sync>
Ellie;37.888;59.428;IntroV4Confirmation (hi i'm ellie thanks for coming in today i was created to talk to people in a safe and secure environment i'm not a therapist but i'm here to learn about people and would love to learn about you i'll ask a few questions to get us started and please feel free to tell me anything your answers are totally confidential are you ok with this)
Participant;38.66;61.08;hello yes
Ellie;61.418;65.37;okay_confirm (okay) how_doingV (so how are you doing today)
Participant;66.42;70.01;okay not too bad
Ellie;70.839;73.542;thats_good (that's good) where_originally (where are you from originally)
Participant;74.92;77.96;i'm from chicago south side
Ellie;79.135;80.215;when_LA (when did you move to l_a)
Participant;81.88;85.83;um back in nineteen seventy eight when i was eighteen
Ellie;86.672;87.972;long_time (that's a long time)
Participant;88.93;89.49;yes <y>
Ellie;89.089;90.989;often_backB (how often do you go back to your hometown)
Participant;92.65;97.47;lately not much maybe once every two or three years
Ellie;98.24;100.976;mhm (mhm) compares_LA (how does it compare to l_a)
Participant;103.38;111.6;um it's totally different you know horrible weather and uh yeah it's just a whole different atmosphere
Ellie;112.671;113.691;why_LA (why did you move to l_a)
Participant;115.75;129.65;um let's see my mother had moved to africa i graduated from high school and i had a friend out here so i just thought well let me try l_a
Ellie;130.827;134.855;okay_confirm (okay) adapted_LA (how easy was it for you to get used to living in l_a)
Participant;137.36;143.01;uh very easy actually yeah i loved it from the moment i got off the airplane yeah
Ellie;143.399;145.509;like_about_LA (what are some things you really like about l_a)
Participant;146.87;162.51;number one the weather um sun is very important to me so i love the weather um i don't know just kind of a more laid back atmosphere variety of people
Ellie;165.003;165.473;uh_huh (uh huh)
Participant;165.73;177.56;and now it's my um my home base you know my friends that are family so it's kinda like my family is here now
Ellie;179.081;181.431;dont_like_LA (what are some things you don't really like about l_a)
Participant;183.83;194.86;hmm i guess the smog earthquakes um traffic just basic things like that really
Ellie;195.409;204.545;yeah3 (yeah) travel_shoes (i'm sure you can tell by my shoes i'm not much of a world explorer do you travel a lot)
Participant;205.59;211.6;um i don't currently but i did throughout my life i traveled quite a lot
Ellie;212.298;213.818;travel_changed (what do you enjoy about traveling)
Participant;216.01;229.37;uh just seeing seeing other cultures and seeing um more history and meeting  people and just fun and the the fun of it as well
Ellie;229.79;232.813;mhm (mhm) travel_trips (i'd love to hear about one of your trips)
Participant;235.03;252.96;um let's see well one trip i went to england ireland and scotland and france all in you know one trip so that was a nice variety
Ellie;253.646;258.033;nice (nice) memorableB (what's one of your most memorable experiences)
Participant;261.24;272.53;um i guess you could say probably skiing in val d'isere france that was fun i'm glad i got to do that
Ellie;273.941;281.556;thats_great (that's great) shyoutgoing (do you consider yourself more shy or outgoing)
Participant;282.82;303.93;i'm kind of shy by nature i've tried to grow out of being shy so i'm not fully shy but i was always a an extremely shy child but now here in culver city this is my environment and i i guess you could say i'm not really shy in in my hometown of culver city
Ellie;304.628;318.21;yeah3 (yeah) relax_fishtank (sometimes when i'm feeling tense i turn on the fish tank screensaver hey i know it's not hawaii but it's the best i've got what do you do to relax)
Participant;315.76;334.54;hm to relax i like to just curl up in my bed and read my book take a nap watch t_v sometimes on the couch in the living room just you know stay at home and kinda vegetate
Ellie;335.353;338.573;mhm (mhm) control_temper (how are you at controlling your temper)
Participant;342.03;345.6;uh pretty good yeah my temper's pretty level
Ellie;346.66;349.71;last_argument (when was the last time you argued with someone and what was it about)
Participant;351.87;365.17;hm probably with my husband and i can't remember at the moment what it was about
Ellie;366.507;371.518;okay_confirm (okay) family_relationship (tell me about your relationship with your family)
Participant;373.38;383.28;um well when you say my family do you mean my  family from childhood or my current family
Ellie;383.621;384.821;mind (whatever comes to your mind)
Participant;387.07;408.71;okay well i guess my current family comes to mind i i have two daughters and my relationship's pretty good it's okay with them but they're teenagers which uh you know going they're going through a lot of hormones and um they can be kinda bitchy <laughter> and
Ellie;407.592;408.462;wild_laughter5 ((laughter))
Participant;410.0;436.85;and um but i have hoped that you know they'll grow out of that and soon someday we'll have a really good relationship um and then there's the husband which i i guess i could say soon to be ex husband hopefully soon  <laughter> we need to get a divorce but we're still together due to financial reasons and yeah
Ellie;436.406;436.866;okay_confirm (okay)
Participant;437.22;456.98;yeah so that that's not good the the relationship with the husband but um but since we have determined that we need to divorce our our we don't expect anything out out of each other so we don't argue as much so that's good
Ellie;457.738;463.866;yeah_downer (yeah) situation_handled (tell me about a situation that you wish you had handled differently)
Participant;466.0;482.97;hm well i guess our marriage i wish i had noticed early on that you know it was like way off from what i thought it was
Ellie;487.288;490.964;hard_decisionB (tell me about the hardest decision you've ever had to make)
Participant;492.2;504.87;um <sigh> let's see oh my god hardest decision i guess leaving my first husband that was pretty hard
Ellie;507.31;508.47;tell_about_that (can you tell me about that)
Participant;510.69;597.59;um well you know we were married and i wasn't content i guess you could say um and i kinda just gave up on our relationship and i i now that i look back i think it's because i wanted children and he would've been happy to never have any and so uh since i didn't have a father it was very important that i create children with someone who really wanted to be a father and so i was kind of at a age where i needed to start thinking about having children yet i was with someone who really was not into it so that i think that's one uh maybe the core reason why i was not content and i just felt like <tisk> this marriage isn't gonna work and so you know we went to therapy and everything and he did not wanna break up and <tisk> um <tisk> and i had to leave him because i just wasn't happy and that was that was very  hard 'cause you know i felt like i was hurting him  which which i was you know and he survived he got over it now he's  married with two kids <laughter> <laughter> but um it was hard to leave him
Ellie;599.302;605.456;yeah_downer (yeah) memory_erase (tell me about an event or something that you wish you could erase from your memory)
Participant;608.07;794.034;mm something i wish i could erase from my memory i have to think about that i'm sure there's something <gasp> oh well yeah there's um i guess it'd be nice to erase from my memory  um a recent i mean not recent but an event in my recent adulthood here in culver city where one of my best friends um i've betrayed me by back years ago when my husband first got into real estate she and her family were growing and they really needed  a larger home and um we just assumed that you know that they would use my husband as their agent both to sell their current home current at the time and purchase a new home <tisk> and as it turned out they surprised us and had been talking to this other local agent and uh yeah that was devastating i don't think i had ever  been betrayed like that so i wish i could  erase that now 'cause now you know this was back when the kids were really young and um my daughter at the time my youngest daughter was let's say six maybe um maybe five anyway her <h> her and my best friend's daughter are the same age they were born within days of each other we were pregnant together and um they were really tight those two little girls and they ended up not going to the same elementary school  so they didn't get to hang out during those years but every time we'd run into them in the neighborhood or they'd run into each other at a summer camp or something they were just so connected they were just you know like two peas in a pod even though it's her their moms weren't talking to each other anymore so now they're thirteen and fourteen and they're in middle school together and they're still very connected in fact <laughter> she she for the first time spent the night at our house last night with my daughter and another girl and it's just a little awkward you know 'cause now these girls are becoming really good friends better friends um and yet i still have this vivid um bad memory of what her her mom did to to me
Ellie;795.344;795.784;yeah_downer (yeah)
Participant;796.07;805.93;that was about what ten about eight years ago anyway <sigh> i tried to i tried to
Ellie;804.567;805.307;im_sorry (i'm sorry)
Participant;806.337;816.29;ignore it and put it out of my head and which i've been able to <sniff> in recent years but obviously it still comes up
Ellie;817.917;818.357;yeah_downer (yeah)
Participant;819.02;821.441;anyway that that was that
Ellie;822.645;825.085;easy_sleep (how easy is it for you to get a good night's sleep)
Participant;826.8;848.5;<sniff> um not that easy i do sometimes get a decent night's sleep but sometimes it's hard to get to sleep and most of the time i wake up and can't get back to sleep uh or i finally get back to sleep and then it's almost time to get up you know that that difficult thing
Ellie;849.614;850.994;trigger (are they triggered by something)
Participant;853.662;893.244;well the waking up in the middle of the night is definitely triggered by having to go to the bathroom <laughter> and then um <tisk> you know it's not always that easy to get back to sleep and then i wake up again to go to the bathroom so i guess that's the trigger as far as getting to sleep having a hard time there i don't know i think there's just too much on my mind running through my mind and the day i feel like i haven't accomplished enough during the day so it's hard for me to just go to sleep when i'm supposed to i guess
Ellie;894.139;898.389;downer (okay) sleep_affects (what are you like when you don't sleep well)
Participant;901.662;931.951;um well i'm kinda used to it now so i just go on through the day probably looking <laughter> looking tired and um i i'm kinda used to feeling tired i just do what i need to do and sometimes if i'm able to if i'm at home and don't have huge commitments yeah i might just like i said earlier just take a nap or something read my book watch t_v watch whatever
Ellie;932.4;935.149;mhm (mhm) feel_lately (how have you been feeling lately)
Participant;938.627;949.312;lately how have i been feeling um kind of down on myself down on life
Ellie;952.274;953.434;tell_about_that (can you tell me about that)
Participant;956.848;1039.037;well i have this pending need <n> need for separation slash divorce um <tisk> i worry that i made a lot of mistakes with my girls now they're teenagers you know on the verge of adulthood <clears throat> and so i worry that you know i did all kinds of things wrong with their guidance and their early childhood and  <clears throat> now it's too late um like i missed out on a thing <th> a lot of things uh and yeah i need a job i'm unemployed i don't know what i wanna do with my life i know i wanna do something i i i just wish you know i never did finish college unfortunately because i was traveling and stuff so i i regret that extremely and i need to get a job and be able to take care of myself 'cause i need to divorce and move on with my life so now i forget what the original question was but  <laughter> um that's the state part of the state of my life
Ellie;1039.524;1043.118;okay_confirm (okay) ptsd_diagnosed (have you ever been diagnosed with p_t_s_d)
Participant;1043.755;1044.082;no
Ellie;1044.594;1046.404;depression_diagnosed (have you been diagnosed with depression)
Participant;1047.197;1047.792;yes
Ellie;1048.286;1050.206;when_diagnosed (how long ago were you diagnosed)
Participant;1052.523;1059.197;mm <tisk> well the first time or or or recently
Ellie;1058.851;1059.471;yes (yes)
Participant;1061.604;1146.22;the first time i guess was you know when i was in my early twenties i was just a little upset about <laughter> coincidentally that was another breakup i had to make back then i was um <tisk> in my early twenties and i needed to break up with my boyfriend but again it was very upsetting 'cause i you know it was hard because he didn't wanna break up and i felt like i was hurting him and i didn't understand this feeling i was really upset how i didn't that was my first time having depression so i didn't really recognize <r> recognize it as depression but i went somehow i had the knowledge or the i was able to take myself to a psychiatrist i remember i paid for her by the hour and she prescribed xanax to just help relax me and so i guess that helped me get through that and then i've had depression throughout the years just you know little bits here and there for various reasons such as i guess it's usually a relationship <laughter> you know um yeah so the most recent time i was diagnosed and put on meds that was probably about two years ago
Ellie;1146.78;1149.671;mm (mm) therapy_going (do you still go to therapy now)
Participant;1150.697;1151.323;no
Ellie;1152.289;1152.939;stop_going (why did you stop)
Participant;1155.302;1164.872;um money i i don't have insurance otherwise yeah i'd be happy to go to therapy <laughter> anything that might help
Ellie;1168.692;1172.422;happy_lasttime (tell me about the last time you felt really happy)
Participant;1175.209;1195.849;ooh <laughter> boy last time i felt really happy um i don't know i guess maybe when my children were born that's
Ellie;1195.364;1196.904;describe_felt (how did you feel in that moment)
Participant;1198.197;1222.697;<laughter> um i guess happy i don't know <laughter> i just you know i always wanted children so it was nice to have them that's i don't know that's all i can remember of that i don't i guess i don't remember the good times too well <laughter> i remember the bad times
Ellie;1223.812;1229.044;yeah_downer (yeah) Ellie17Dec2012_10 (tell me about something you did recently that you really enjoyed)
Participant;1230.825;1270.843;<sniff> mm something i did that i really enjoyed well let's see i um friday night i went to a friend's house and met up with five other girlfriends and we we created vision boards and talked and had dinner at one of their house that was that was fun
Ellie;1271.839;1273.719;great_situation (that sounds like a great situation)
Participant;1274.569;1276.662;yeah we get to
Ellie;1276.231;1279.181;advice_back (what advice would you give to yourself ten or twenty years ago)
Participant;1281.697;1389.755;ooh <sigh> stay in college get my degree um get therapy try to become a happy um yeah try to figure out things earlier in life like yeah stay in college and oh and mainly i think the main you know what it all boils down to <laughter> no matter what you're depressed about it seems like as as the saying goes and the songs <s> the songs go you know it's all about money the world revolves around money and having none that in itself is very depressing <laughter> so besides relationships and different things  that have happened in your life having no money is you know it's like you can't even try to fix anything because you don't have the money to fix it so with that in mind i would uh definitely advise myself to get my college degree and to stick <s> get a job and stick with it um don't quit to go traveling you know just stick with a job stick with a company build up your seniority keep your benefits and build up some knowledge or some expertise in some sort of field yeah that would've been my biggest piece of advice to myself
Ellie;1390.35;1395.43;okay_confirm (okay) Ellie17Dec2012_08 (what are you most proud of in your life)
Participant;1397.093;1441.517;not much <laughter> i guess just my daughters you know they're beautiful daughters and i'm proud and glad that i was able to have children some people aren't even able to do that you know and they  try so hard or they look back on their life and they wish they had done it so that's the one thing i mean i wanted five children and i always wanted a boy which i never had but um i'm i guess that's the biggest thing i can think of to be proud of is having my two daughters
Ellie;1443.177;1446.117;Ellie17Dec2012_07 (what would you say are some of your best qualities)
Participant;1448.337;1519.789;um i'm a very loyal friend and person that's why when that friend betrayed me it was so devastating yeah very loyal um very <inhale> happy <hap> i mean huh what was i gonna say i was gonna say happy lucky <l> go lucky i don't know where that came from i'm very i meant to say friendly and caring and um yeah i care about people and i'm interested in people and i care about animals as well actually that's another thing i'm proud of proud of being a vegetarian yeah so my daughters and being vegetarian i'm a vegetarian because i really care about feelings of other beings not only humans but animals too and you know i don't think that animals should be  tortured and live a a tortuous life just so we can eat 'em
Ellie;1520.658;1521.098;yeah_downer (yeah)
Participant;1520.93;1527.072;so um what was the question do you remember the question
Ellie;1528.805;1531.245;asked_everything (okay i think i have asked everything i need to)
Participant;1531.441;1531.918;okay
Ellie;1532.835;1534.275;appreciate_open (thanks for sharing your thoughts with me)
Participant;1535.104;1535.941;you're welcome
Ellie;1535.45;1536.06;bye (goodbye)
Participant;1536.5;1537.073;bye
