speaker;start_time;stop_time;text
Participant;17.03;17.88;<synch>
Ellie;36.777;58.317;IntroV4Confirmation (hi i'm ellie thanks for coming in today i was created to talk to people in a safe and secure environment i'm not a therapist but i'm here to learn about people and would love to learn about you i'll ask a few questions to get us started and please feel free to tell me anything your answers are totally confidential are you ok with this)
Participant;39.23;57.69;hello yeah
Ellie;58.714;63.181;okay_confirm (okay) how_doingV (so how are you doing today)
Participant;63.89;64.9;i'm alright a little tired
Ellie;66.619;71.124;okay_confirm (okay) where_originally (where are you from originally)
Participant;71.015;75.315;uh i live in culver city um but originally i i was i grew up in venice
Ellie;77.46;79.57;like_about_LA (what are some things you really like about l_a)
Participant;80.67;89.9;um the beach fast drivers um the city i've lived in utah i don't really like anything else but the city
Ellie;90.86;94.711;mhm (mhm) dont_like_LA (what are some things you don't really like about l_a)
Participant;96.515;106.64;um i don't know many people who live here anymore uh traffic it's too big but it's home
Ellie;107.718;117.294;see_mean (i see what you mean) travel_shoes (i'm sure you can tell by my shoes i'm not much of a world explorer do you travel a lot)
Participant;114.86;119.11;<laughter> uh i've been out of the country a few times
Ellie;120.53;122.05;travel_changed (what do you enjoy about traveling)
Participant;123.48;127.04;uh seeing new <n> <clears throat> seeing new places
Ellie;128.932;130.612;travel_trips (i'd love to hear about one of your trips)
Participant;131.36;138.82;when i was fourteen i went to costa rica to visit my father and i was there for two weeks and that was the last time i've been there
Ellie;140.204;144.103;nice (nice) memorableB (what's one of your most memorable experiences)
Participant;145.8;146.54;in costa rica
Ellie;148.34;148.81;yeah3 (yeah)
Participant;149.44;154.76;um seeing my father for the first time in a few years was definitely a shocker
Ellie;156.864;158.404;describe_felt (how did you feel in that moment)
Participant;159.43;163.03;um joy i was happy excited kinda scared
Ellie;166.607;168.037;change_directions (what made you decide to do that)
Participant;168.55;172.92;it wasn't my decision it was my mom's she'd planned the trip
Ellie;175.061;176.061;happy_didthat (are you happy you did that)
Participant;176.51;176.82;yeah
Ellie;178.866;182.336;thats_good (that's good) study (what did you study at school)
Participant;183.66;195.39;uh i wanted to be an art major but i didn't understand why i was in math classes among other classes and i thought i was wasting my time so i decided i really didn't wanna do that so i moved back to l_a
Ellie;196.961;199.771;okay_confirm (okay) dream_job (what's your dream job)
Participant;201.385;207.46;i don't really have a dream job uh i would like to be self-employed though
Ellie;209.061;210.221;tell_about_that (can you tell me about that)
Participant;211.26;214.8;right now i'm thinking about going to school to become a personal trainer but i'm not really sure
Ellie;217.22;224.697;okay_confirm (okay) shyoutgoing (do you consider yourself more shy or outgoing)
Participant;225.18;230.51;uh around new people i'm very reserved but the people i do know i'm a lot more outgoing and talkative
Ellie;231.406;245.111;mhm (mhm) relax_fishtank (sometimes when i'm feeling tense i turn on the fish tank screensaver hey i know it's not hawaii but it's the best i've got what do you do to relax)
Participant;242.605;266.25;<laughter> um to relax i go on walks i walk my dog a lot um i call my girlfriend if i wanna calm down i also do uh meditation and self-hypnosis i try
Ellie;268.746;269.686;difficult (how hard is that)
Participant;270.64;278.28;it depends on what <wha> how i'm feeling or how upset i am or how calm i'm trying to be
Ellie;280.515;281.675;tell_about_that (can you tell me about that)
Participant;282.42;290.29;if i'm really upset it's a lot harder for me to calm down and bring myself down through meditation or through self-hypnosis but
Ellie;290.116;291.146;see_mean (i see what you mean)
Participant;291.22;291.64;yeah
Ellie;294.579;296.639;control_temper (how are you at controlling your temper)
Participant;298.27;309.72;um i'm alright at it sometimes i lose it i yell when i lose my temper and i have put holes in walls
Ellie;312.493;313.973;landed_trouble (has that gotten you in trouble)
Participant;314.55;316.775;not yet <sigh>
Ellie;319.003;322.053;last_argument (when was the last time you argued with someone and what was it about)
Participant;322.075;333.18;last night me and my mom got in an argument it was about me buying a ticket last night for a greyhound to go to utah
Ellie;336.773;338.203;change_directions (what made you decide to do that)
Participant;341.29;348.21;i'm going up there to work for a few weeks and make a little bit of money and i needed to buy my ticket a week in advance and i didn't want to do it last night
Ellie;351.247;357.065;okay_confirm (okay) situation_handled (tell me about a situation that you wish you had handled differently)
Participant;357.12;365.485;that situation last night i wish i had not blown up or gotten as raged enraged as i can over the situation 'cause it escalated
Ellie;368.889;371.603;family_relationship (tell me about your relationship with your family)
Participant;372.08;395.45;my little sister i'm very close with um she's fifteen years old she's about to turn sixteen in a few days uh i would do anything for her she is the world to me my mom um we fight we push each other's buttons i believe she views me as my father she believes that i will not succeed at anything
Ellie;398.754;400.294;describe_felt (how did you feel in that moment)
Participant;401.4;401.99;sad
Ellie;404.285;405.025;im_sorry (i'm sorry)
Participant;405.14;405.71;it's okay
Ellie;408.475;412.298;memory_erase (tell me about an event or something that you wish you could erase from your memory)
Participant;416.31;426.44;um i wish i could forget most of my high school years or my sophomore year
Ellie;428.365;428.935;why2 (why)
Participant;429.64;434.89;uh i just didn't like high school or my sophomore year i
Ellie;434.643;440.016;okay_confirm (okay) hard_decisionB (tell me about the hardest decision you've ever had to make)
Participant;447.39;457.32;uh getting sober and going uh into to a drug rehab
Ellie;460.662;461.822;tell_about_that (can you tell me about that)
Participant;462.82;487.82;um when i was sixteen i got um <sigh> i just started doing a a few different drugs and it got out of hand i guess and my mom was trying to get me help and i didn't want the help so i kept uh escaping to different places and running away and not wanting to be in the places so i finally agreed to go to utah and try and get sober
Ellie;491.274;495.413;isee_downer (i see) influence_positive (who's someone that's been a positive influence in your life)
Participant;497.12;498.01;scrubbed_entry
Ellie;500.284;501.374;more (tell me more about that)
Participant;502.815;514.425;um he's my best friend my entire life ever since i can remember and we we grew up together he used to use drugs with me and he's been sober for more than a year now
Ellie;516.904;522.099;thats_great (that's great) easy_sleep (how easy is it for you to get a good night's sleep)
Participant;522.41;523.58;almost impossible
Ellie;524.713;525.283;why2 (why)
Participant;526.33;546.09;um i either have to have no sleep the night before to get a few hours or i i just i don't i don't sleep well i'm against taking pills and i stopped smoking marijuana and so now i just i don't sleep or haven't been the past few weeks
Ellie;547.841;549.191;been_hard (that sounds really hard)
Participant;550.66;551.58;yeah it's not fun
Ellie;552.846;553.956;symptoms_cope (how do you cope with them)
Participant;554.56;562.55;i lay in bed until i finally fall asleep in the early morning or i watch t_v until late at night or netflix
Ellie;564.122;567.617;mhm (mhm) sleep_affects (what are you like when you don't sleep well)
Participant;568.395;575.27;i'm out of it i'm tired i'm groggy i'm a lot more likely to my anger is a lot more likely to come out
Ellie;578.81;581.995;understand (i understand) feel_lately (how have you been feeling lately)
Participant;583.53;593.38;i've been alright this weekend is been better than most my girlfriend has stayed at my place the entire weekend so i've been happy um
Ellie;593.601;596.771;behavior_changes (have you noticed any changes in your behavior or thoughts lately)
Participant;600.765;607.625;<deep breath> <sigh> i don't i'm not as irritable
Ellie;611.242;613.282;ptsd_diagnosed (have you ever been diagnosed with p_t_s_d)
Participant;613.795;615.52;no but
Ellie;615.252;617.062;depression_diagnosed (have you been diagnosed with depression)
Participant;616.96;617.57;yes
Ellie;618.591;620.511;when_diagnosed (how long ago were you diagnosed)
Participant;620.9;632.83;i was probably i was i believe i was twelve the first time i was diagnosed i've been diagnosed multiple times though um most recent time being less than a year ago
Ellie;635.475;636.825;why_seek_help (what got you to seek help)
Participant;637.735;642.105;uh my mom sought help for me she saw that i was unhappy and she became worried
Ellie;644.507;645.947;therapy_going (do you still go to therapy now)
Participant;646.34;646.72;no
Ellie;648.443;649.093;stop_going (why did you stop)
Participant;650.085;657.67;uh i stopped in on june first when i graduated my uh drug rehab program in utah of last year
Ellie;657.207;663.196;mhm (mhm) therapy_changes (what sort of changes have you noticed since you've been going to therapy)
Participant;666.59;671.24;i'm learned coping skills so i'm able to
Ellie;671.239;671.779;like_what (like what)
Participant;672.57;684.78;calm myself down when i'm angry easier i i i know how to stay away from the my trigger points and getting away from staying away from being angry or becoming depressed
Ellie;683.448;684.898;therapy_useful (do you feel like therapy is useful)
Participant;685.5;692.22;it can be if the person's willing to change and wanting it
Ellie;693.937;698.869;see_mean (i see what you mean) happy_lasttime (tell me about the last time you felt really happy)
Participant;701.55;702.34;two days ago
Ellie;705.081;706.241;tell_about_that (can you tell me about that)
Participant;706.43;714.16;it was because i was with my girlfriend we were having a moment and so i was just overwhelmed by the happiness i guess
Ellie;711.881;716.773;aw (aw) good_hear (that's so good to hear)
Participant;717.76;718.04;<laughter>
Ellie;718.779;720.469;BF_describe (how would your best friend describe you)
Participant;722.23;735.69;trustworthy um funny shit i don't um outgoing smart athletic he would um yeah
Ellie;737.745;744.086;uh_huh (uh huh) self_change (what are some things you wish you could change about yourself)
Participant;744.61;756.29;i wish i wasn't i was so short fused i wish i wasn't depressed i wish i didn't feel like i needed something to help me sleep i wish i was just completely dependable on myself
Ellie;760.282;765.58;feelbadly (tell me about a time when someone made you feel really badly about yourself)
Participant;767.585;788.16;um when i was younger my father would uh he once hit my dog in front of me 'cause he was mad at me so he started hitting the dog and i don't that was probably the biggest thing xxx i was little i remember just being sad
Ellie;790.313;795.986;sorry_hear (i'm sorry to hear that) regret (is there anything you regret)
Participant;797.315;801.44;yeah everyone has something they regret
Ellie;805.254;808.204;advice_back (what advice would you give to yourself ten or twenty years ago)
Participant;810.43;813.22;<deep breath> <sigh> not to be so naive
Ellie;817.782;821.032;Ellie17Dec2012_10 (tell me about something you did recently that you really enjoyed)
Participant;823.67;835.49;hmm uh i went to hypnosis i had a a an appointment for hypnosis a few days ago
Ellie;837.482;838.572;more (tell me more about that)
Participant;839.06;842.71;it was really relaxing really calming and i feel like it could help me
Ellie;845.304;846.734;change_directions (what made you decide to do that)
Participant;848.2;857.84;um one of my mom's colleagues referred her to a psychiatrist who's really good with a_d_h_d and patients like that
Ellie;860.706;861.116;cool3 (cool)
Participant;862.175;862.475;<laughter>
Ellie;864.858;867.798;Ellie17Dec2012_07 (what would you say are some of your best qualities)
Participant;868.85;889.205;um i'm athletic um i'm nice i like to i put other people before myself most of the time i don't know if that's a negative quality or positive i i don't know
Ellie;892.205;897.112;okay_confirm (okay) ideal_weekendC (tell me how you spend your ideal weekend)
Participant;898.46;911.085;my ideal weekend i would either go to a a few parties or i'll i'll hang out with my girlfriend out in fullerton or i'll be in los angeles or the beach
Ellie;912.52;917.309;mhm (mhm) Ellie17Dec2012_08 (what are you most proud of in your life)
Participant;922.24;937.84;um i haven't really felt like i've accomplished anything to be adequately proud of but i did very well in sports in high school and that's really it
Ellie;940.777;943.217;asked_everything (okay i think i have asked everything i need to)
Participant;943.98;944.29;k
Ellie;944.279;948.195;appreciate_open (thanks for sharing your thoughts with me) bye (goodbye)
Participant;953.39;953.86;bye
