speaker;start_time;stop_time;text
Ellie;17.7;39.17;hi i'm ellie thanks for coming in today i was created to talk to people in a safe and secure environment i'm not a therapist but i'm here to learn about people and would love to learn about you i'll ask a few questions to get us started and please feel free to tell me anything your answers are totally confidential are you okay with this
Participant;39.27;39.81;yes
Ellie;40.21;43.19;okay so how are you doing today
Participant;43.66;44.44;alright
Ellie;45.12;47.54;that's good where are you from originally
Participant;48.59;51.8;i was born in uh los angeles california
Ellie;52.44;55.8;really what are some things you really like about l_a
Participant;56.83;65.27;uh well the weather and uh the fact that uh people aren't so obtrusive like on the east coast
Ellie;65.87;69.05;uh huh what are some things you don't really like about l_a
Participant;70.03;76.17;uh just the uh the traffic and the the smoggy weather
Ellie;77.11;80.05;mhm do you travel a lot
Participant;80.74;85.2;i used to i'm unemployed now so i rarely go anywhere
Ellie;86.309;88.469;okay what'd you study at school
Participant;89.19;95.43;i have a b_s in uh business with a uh computer uh option
Ellie;96.3;99.03;that sounds interesting how did you decide to do that
Participant;99.802;110.362;i thought that the only place i could get a job with a business <bu> business degree was in accounting or in business computer methods so i took that i took business computer methods option
Ellie;111.462;113.902;okay what's your dream job
Participant;115.61;123.265;oh i'd probably be like uh a professional sports player or an actor something something that you enjoy doing
Ellie;124.22;127.628;cool what are some things you like to do for fun
Participant;128.642;138.542;i like to uh ride my bike i like to watch sporting events now i can't afford to go to them so i pretty much watch on t_v
Ellie;140.29;140.681;okay
Participant;140.802;144.256;i like to travel but like i say that i don't have money for that anymore
Ellie;145.168;147.392;yeah i'm sorry
Participant;147.61;148.247;that's alright
Ellie;149.123;151.265;what are some things that make you really mad
Participant;152.784;166.6;uh <sigh> people who are chicken heads they get their nose in other people's business even if they're just strangers you expect that from a family member or or a friend but you know
Ellie;164.407;165.106;i see what you mean
Participant;167.16;174.893;especially with the internet that feeds a lot of that now we know what orwell was referring to when he spoke of big brother in nineteen eighty four
Ellie;176.3;179.539;mhm what do you do when you're annoyed
Participant;181.491;186.221;uh i don't do much much different than i would otherwise
Ellie;187.3;189.3;how are you at controlling your temper
Participant;190.079;192.424;uh and i've had many temper outbursts
Ellie;193.501;197.771;that's good when was the last time you argued with someone and what was it about
Participant;200.101;217.95;uh i kinda argue with my aunt and it was because she was basically making leading statements trying to trap me into saying something about a relative and uh it annoyed me greatly
Ellie;219.964;221.548;how close are you to your family
Participant;223.21;226.28;uh i'm kind of on the outs with my parents
Ellie;227.371;227.681;why
Participant;227.79;229.64;i'm kind of the black sheep
Ellie;232.097;236.858;i understand who's someone that's been a positive influence in your life
Participant;238.734;248.018;oh uh i mean my mom's done the most to help me she's done a lot you know more than uh anybody by far
Ellie;249.138;251.038;uh huh tell me more about that
Participant;252.287;276.744;well i mean she's just i remember one time when i was in like thirteen i went with a friend of mine to see the crosby stills nash and young concert at the forum and she has seven kids and she picked me up at the sizzlers right across the street from the forum at uh eleven o'clock at night and i couldn't imagine with all she had to do that day that she agreed to do that but she did
Ellie;277.934;282.787;wow yeah what's one of your most memorable experiences
Participant;283.592;296.707;oh probably uh going down to the cape at the end of uh baja peninsula there's cabo san lucas or taking <ta> photographing the bridalveil falls in yosemite
Ellie;297.43;299.07;how did you feel in that moment
Participant;300.437;305.547;uh it was probably the two most majestic seen <see> sights i've ever seen
Ellie;307.757;309.467;that sounds like a great situation
Participant;310.417;312.797;it was when i could afford to travel
Ellie;314.1;315.628;have you ever served in the military
Participant;315.858;316.38;no
Ellie;317.34;319.31;have you ever been diagnosed with p_t_s_d
Participant;319.67;320.15;no
Ellie;320.86;322.65;have you been diagnosed with depression
Participant;322.938;337.63;i was diagnosed with depression after a hospital visit in april of two thousand eleven and uh i took some lexapro but i stopped after one day i didn't wanna do it anymore
Ellie;339.23;340.58;do you still go to therapy now
Participant;340.7;340.99;no
Ellie;342.44;343.16;why did you stop
Participant;343.97;349.05;because i didn't feel it was helpful i feel i was becoming a zombie
Ellie;351.24;352.1;that sucks
Participant;352.34;352.74;yeah
Ellie;354.65;356.03;how have you been feeling lately
Participant;357.44;371.24;depressed about not having a job for over two years i lost my job in october two thousand and ten and except for day you know jobs like this which i'm fortunate to get just you know daily things focus groups like that i haven't worked
Ellie;372.19;373.27;i'm sorry to hear that
Participant;373.43;373.96;thank you
Ellie;374.38;376.54;it can be tough to find a good job these days
Participant;376.62;378.72;especially when you're fifty six years old
Ellie;379.52;384.79;yeah have you noticed any changes in your behavior or thoughts lately
Participant;385.97;392.54;well mm eh just uh it just the i guess the general feeling of hopelessness
Ellie;394.48;395.45;how do you cope with them
Participant;398.87;405.0;i get out on my bicycle a lot and walk or bike just four hours a day split about two hours each
Ellie;408.48;409.18;that's good
Participant;409.67;411.22;yeah good to get some
Ellie;410.8;413.17;how easy is it for you to get a good night's sleep
Participant;413.44;421.15;very easy 'cause now i'm old when i was young i couldn't sleep more than six <s> four six hours a night
Ellie;422.08;422.48;why
Participant;423.24;424.47;because i'm restless
Ellie;426.57;427.92;are they triggered by something
Participant;428.17;432.92;no but now that i'm old i i i sleep much more easily
Ellie;434.29;434.88;that's good
Participant;435.14;449.4;i pray before i go to sleep and that's that's that's when i can't have any trouble sleeping i just pray recite different prayers like the lord's prayer hail mary stuff like that and i'm able to fall off to sleep
Ellie;450.25;454.5;mm when was the last time you felt really happy
Participant;458.17;477.67;i don't know probably uh can't have any specific remembrances of of that you know it was when i had money to spend i know that and when i had to have a job to have money to spend so it was probably fifteen years ago
Ellie;479.91;483.04;tell me about something you did recently that you really enjoyed
Participant;486.7;529.0;well i haven't really enjoyed anything uh last week i did a uh made seventy five dollars on a job with the the county basically it was an emergency preparedness exercise they were running for their personnel and they enlisted people to play the basically the relatives of people who had been in a in a fall uh bombing at the staples center and we you know asked questions signed up you know told 'em gave 'em the information i'm missing you know relatives and basically it was provided by the county and basically went through a routine in downtown l_a
Ellie;530.0;530.93;how hard is that
Participant;531.62;543.54;not not hard it was just uh just a routine we had to follow we had to act like we were actually missing somebody and had to give the specifics of their characteristics height weight etcetera
Ellie;544.72;548.57;wow how would your best friend describe you
Participant;549.2;550.39;i don't have a best friend
Ellie;551.91;554.29;what would you say are some of your best qualities
Participant;555.78;567.19;uh i'm uh very bright i'm a perfectionist at my job i'd say that's about it
Ellie;566.87;568.66;what are you most proud of in your life
Participant;569.59;595.21;i got a business degree and i've never been a motivated person i went to school i went to two state colleges and two junior colleges to meet that end so i believe that was probably the most significant contribution <con> contribution that i i made to my you know to my uh i guess self esteem you might say so i had something to hang on the wall
Ellie;596.03;599.86;yeah that's great is there anything you regret
Participant;600.68;604.69;yeah i regret you know alienating family members
Ellie;606.17;608.99;what advice would you give yourself ten or twenty years ago
Participant;610.62;637.01;i would've uh basically not been so impetuous and left left jobs thinking <think> thinking that you know i could always get another one and not you know basically blow off jobs i could probably work at one of the employers that i used to work for now they've added locations but i burned bridges there so that's not possible
Ellie;638.31;644.69;mhm okay i think i've asked everything i need to thanks for sharing your thoughts with me
Participant;645.29;645.76;thank you
Ellie;646.27;646.8;goodbye
Participant;647.71;648.64;hasta luego
