speaker;start_time;stop_time;text
Participant;12.68;13.57;<synch>
Ellie;26.228;47.768;IntroV4Confirmation (hi i'm ellie thanks for coming in today i was created to talk to people in a safe and secure environment i'm not a therapist but i'm here to learn about people and would love to learn about you i'll ask a few questions to get us started and please feel free to tell me anything your answers are totally confidential are you ok with this)
Participant;38.633;48.59;hmm okay sure
Ellie;49.21;53.431;okay_confirm (okay) how_doingV (so how are you doing today)
Participant;54.02;54.26;great
Ellie;55.126;58.235;thats_good (that's good) where_originally (where are you from originally)
Participant;58.98;59.7;philadelphia
Ellie;61.236;62.316;when_LA (when did you move to l_a)
Participant;63.53;64.38;about five years ago
Ellie;67.519;71.949;long_time (that's a long time) often_backB (how often do you go back to your hometown)
Participant;72.89;73.43;once a year
Ellie;75.214;76.834;compares_LA (how does it compare to l_a)
Participant;77.67;78.18;it doesn't
Ellie;79.79;80.95;tell_about_that (can you tell me about that)
Participant;82.05;83.3;l_a is a lot more fun
Ellie;85.787;86.807;why_LA (why did you move to l_a)
Participant;87.84;88.38;for acting
Ellie;91.326;92.356;still_doing_X (are you still doing that)
Participant;92.66;92.97;sure
Ellie;95.858;97.268;hard_decision (how did you decide to do that)
Participant;98.59;101.53;uh when i was young it was all that i wanted to do
Ellie;105.207;106.407;dream_job (what's your dream job)
Participant;107.18;112.78;my dream job is uh an actor on an h_b_o series
Ellie;114.723;123.644;cool3 (cool) travel_shoes (i'm sure you can tell by my shoes i'm not much of a world explorer do you travel a lot)
Participant;124.29;124.86;moderately
Ellie;126.243;127.763;travel_changed (what do you enjoy about traveling)
Participant;128.33;130.02;meeting new people eating new food
Ellie;131.507;133.187;travel_trips (i'd love to hear about one of your trips)
Participant;134.75;136.19;i don't really feel like talking about it
Ellie;138.699;146.335;okay_confirm (okay) shyoutgoing (do you consider yourself more shy or outgoing)
Participant;145.423;150.223;<deep breath> uh i can be shy at times i could be outgoing maybe a little bit of both
Ellie;151.943;163.723;relax_fishtank (sometimes when i'm feeling tense i turn on the fish tank screensaver hey i know it's not hawaii but it's the best i've got what do you do to relax)
Participant;165.15;168.6;uh just take a deep breath or maybe do some reading
Ellie;170.886;172.946;control_temper (how are you at controlling your temper)
Participant;174.44;174.88;pretty good
Ellie;176.449;180.928;thats_good (that's good) last_argument (when was the last time you argued with someone and what was it about)
Participant;181.86;189.265;uh wow it was maybe about two months ago my brother and i were arguing over rent payments
Ellie;190.701;191.541;that_sucks (that sucks)
Participant;191.87;192.49;yeah it does
Ellie;195.121;197.828;family_relationship (tell me about your relationship with your family)
Participant;197.95;199.32;it's very good very strong
Ellie;201.152;201.792;thats_good (that's good)
Participant;202.27;202.51;yeah
Ellie;204.79;206.944;feelguilty (what's something you feel guilty about)
Participant;209.38;213.77;uh can't really say i don't really feel guilty often
Ellie;215.906;223.122;hmmB (hmm) memory_erase (tell me about an event or something that you wish you could erase from your memory)
Participant;228.54;231.24;i don't really have anything that i'd like to erase from my memory
Ellie;232.748;236.77;okay_confirm (okay) mad_makeyou (what are some things that make you really mad)
Participant;239.06;251.74;huh what makes me mad ignorance racism things likes that
Ellie;253.332;259.744;uh_huh (uh huh) situation_handled (tell me about a situation that you wish you had handled differently)
Participant;260.27;271.99;that i wish i would've handled differently um i don't really feel like discussing that
Ellie;273.717;278.786;okay_confirm (okay) hard_decisionB (tell me about the hardest decision you've ever had to make)
Participant;280.17;289.06;well i'm kind of in the midst of it right now i don't know whether i want to uh move to new york or to stay in l_a so it's a it's a tough decision
Ellie;290.234;291.664;change_directions (what made you decide to do that)
Participant;293.54;294.23;to do what
Ellie;297.761;299.461;talk_later (why don't we talk about that later)
Participant;299.47;299.8;okay
Ellie;302.91;305.35;easy_sleep (how easy is it for you to get a good night's sleep)
Participant;306.47;307.13;it's pretty easy
Ellie;308.656;310.436;sleep_affects (what are you like when you don't sleep well)
Participant;311.485;324.205;um <makes popping sound with mouth> i am sensitive i am uh vulnerable sensitive and vulnerable
Ellie;325.627;328.881;okay_confirm (okay) feel_lately (how have you been feeling lately)
Participant;329.62;332.28;as of late i've been feeling pretty well can't complain
Ellie;334.088;337.258;behavior_changes (have you noticed any changes in your behavior or thoughts lately)
Participant;338.79;341.16;uh very clear-minded thoughts
Ellie;343.324;347.072;mhm (mhm) ptsd_diagnosed (have you ever been diagnosed with p_t_s_d)
Participant;347.5;347.73;no
Ellie;348.459;350.269;depression_diagnosed (have you been diagnosed with depression)
Participant;350.4;350.68;no
Ellie;351.823;355.556;happy_lasttime (tell me about the last time you felt really happy)
Participant;354.98;368.57;last time i felt really really happy uh i had a real nice date about a month ago and we had a good time and i was real happy that day and the day after
Ellie;369.703;370.863;tell_about_that (can you tell me about that)
Participant;371.23;388.1;uh well i uh it was a young girl that i had met a couple years ago and we finally uh were available to uh go out and hang out we went and had some wine at a wine bar and then we went and had dinner and that was the date had a great time
Ellie;388.097;391.199;aw (aw) thats_great (that's great)
Participant;392.05;392.4;thank you
Ellie;394.819;397.045;ideal_weekendC (tell me how you spend your ideal weekend)
Participant;397.47;418.045;my ideal weekend well i like to watch english league soccer and uh sometimes i if i'm in philly i spend time with my family on weekends if not i'll just hang out with my brother or sundays i ref soccer just really laid back and chill
Ellie;419.099;419.829;nice (nice)
Participant;420.11;420.52;thank you
Ellie;421.636;422.706;regret (is there anything you regret)
Participant;423.5;423.75;no
Ellie;424.95;427.9;advice_back (what advice would you give to yourself ten or twenty years ago)
Participant;428.44;441.65;<deep breath> ten or twenty years ago what advice would i give myself i would say um never give up study hard save money
Ellie;444.736;447.648;self_change (what are some things you wish you could change about yourself)
Participant;451.726;455.871;maybe wish i was a little more outgoing a little more enthusiastic
Ellie;456.743;457.253;mhm (mhm)
Participant;458.171;459.198;in social settings
Ellie;460.261;465.587;feelbadly (tell me about a time when someone made you feel really badly about yourself)
Participant;474.463;485.154;i really can't remember a time i i've always felt really good people's the <th> whatever people have to say about me really doesn't change how i feel about myself
Ellie;486.192;489.624;mm (mm) BF_describe (how would your best friend describe you)
Participant;491.313;500.455;he would say that uh very warm i'm a very caring loving genuine friend
Ellie;503.602;505.932;influence_positive (who's someone that's been a positive influence in your life)
Participant;506.82;507.74;uh my father
Ellie;509.716;510.876;tell_about_that (can you tell me about that)
Participant;511.326;535.8;yeah he is a uh he's <s> a very <ver> he's a man of few words and uh he's very calm slow to anger and um very warm very loving man responsible and uh he's a gentleman has a great sense of style and he's a great cook
Ellie;536.658;543.234;uh_huh (uh huh) Ellie17Dec2012_08 (what are you most proud of in your life)
Participant;545.017;559.49;most proud of uh scrubbed_entry was a series regular on the wire couple years ago in the last season
Ellie;560.329;561.049;awesome (awesome)
Participant;561.317;561.763;thank you
Ellie;564.85;569.5;asked_everything (okay i think i have asked everything i need to) appreciate_open (thanks for sharing your thoughts with me)
Participant;569.98;570.362;you're welcome
Ellie;570.949;571.559;bye (goodbye)
Participant;571.971;572.153;bye
