speaker;start_time;stop_time;text
Ellie;51.74;73.132;hi i'm ellie thanks for coming in today i was created to talk to people in a safe and secure environment i'm not a therapist but i'm here to learn about people and would love to learn about you i'll ask a few questions to get us started and please feel free to tell me anything your answers are totally confidential are you okay with this
Participant;74.625;74.975;sure
Ellie;76.08;79.3;okay so how are you doing today
Participant;80.99;86.15;uh okay i guess not bad not good so so
Ellie;85.735;89.44;that's good where are you from originally
Participant;89.98;91.03;denver colorado
Ellie;92.83;95.15;really why'd you move to l_a
Participant;96.355;98.635;uh to pursue job opportunities
Ellie;100.555;101.535;when'd you move to l_a
Participant;102.865;105.285;uh about two years ago
Ellie;106.54;108.32;how often do you go back to your home town
Participant;109.285;110.605;uh once or twice a year
Ellie;112.87;118.63;nice what are some things you really like about l_a
Participant;120.01;129.095;uh i really like the sunshine um all the opportunities all the different kinds of people lots of stuff to do that sort of thing
Ellie;129.11;130.96;what are some things you don't really like about l_a
Participant;131.67;140.17;uh i hate the traffic i wish the seasons were more distinct and that everything costs a lot of money here
Ellie;141.53;145.99;i see what you mean how easy was it for you to get used to living in l_a
Participant;147.085;147.945;pretty easy
Ellie;149.725;153.82;that's good what are some things that make you really mad
Participant;155.465;177.54;hmm i'd say uh people are rude um not having enough money uh what else mm just a lot of things are frustrating i guess <cough>
Ellie;178.92;180.32;what do you do when you're annoyed
Participant;182.925;191.33;i guess it depends on what i'm annoyed about like if it's at another person or about something i did or just life in general
Ellie;192.625;194.925;mhm can you give me an example of that
Participant;196.825;205.82;uh if somebody like a person annoys me i'll probably let them know they're annoying me until they stop
Ellie;207.095;207.615;uh huh
Participant;209.795;210.735;is that what you're talking about
Ellie;210.24;212.31;okay yes
Participant;212.4;212.65;okay
Ellie;213.915;215.725;how are you at controlling your temper
Participant;217.13;221.02;uh so so not not as good as i'd like to be
Ellie;222.59;225.46;when was the last time you argued with someone and what was it about
Participant;227.36;234.705;uh a few days ago about getting paid for something i did on time
Ellie;236.43;237.98;how did you feel in that moment
Participant;239.915;243.48;uh pretty pissed off taken advantage of
Ellie;244.955;249.74;yeah what are some things you like to do for fun
Participant;251.01;260.33;i like to go to the gym uh hang out with friends read write that sort of thing
Ellie;261.29;264.8;cool do you consider yourself an introvert
Participant;266.345;267.685;mm at times
Ellie;268.965;269.275;why
Participant;271.235;279.94;uh because sometimes i like to keep to myself and don't feel like showing a lot of outward emotion
Ellie;281.355;284.645;okay what'd you study at school
Participant;286.26;290.135;i have a degree in in liberal arts majored in political science
Ellie;291.285;292.215;are you still doing that
Participant;292.735;293.065;no
Ellie;294.76;295.56;what do you do now
Participant;296.36;298.29;i work uh in sales
Ellie;300.83;301.9;what's your dream job
Participant;303.795;316.32;hmm to own uh several of my own businesses and and have lots of money coming in from different streams i guess if that's a job
Ellie;317.99;322.95;nice what's one of your most memorable experiences
Participant;325.01;329.93;uh i used to live in mexico city that was pretty memorable
Ellie;330.95;335.185;really tell me more about that
Participant;337.6;351.26;um let's see it was pretty different than anything i've ever experienced it was a lot of fun exposed to a lot of new things and new people uh i was pretty young carefree good times
Ellie;353.465;354.325;do you travel a lot
Participant;355.275;359.915;um not recently but i have in my life traveled quite a bit
Ellie;361.615;363.125;i'd love to hear about one of your trips
Participant;364.81;376.88;um let's see i went to london that was a lot of fun pretty cool city little too expensive but definitely cool
Ellie;379.765;385.52;okay what's one of your most memorable experiences
Participant;388.445;390.825;of what just anything in life
Ellie;392.615;393.025;yes
Participant;394.52;414.03;um let's see uh boy that's a good question um moving to l_a was pretty memorable took me a lot of hard work to uh move here so that was memorable i would say
Ellie;415.67;416.01;uh huh
Participant;417.775;419.445;<sniffle> <clears throat>
Ellie;419.405;421.775;when was the last time you felt really happy
Participant;423.18;433.14;hmm uh maybe like six months ago
Ellie;435.04;435.89;tell me more about that
Participant;437.585;442.975;uh things were just going really well didn't have much stress in my life
Ellie;445.765;453.96;mm have you noticed any changes in your behavior or thoughts lately
Participant;455.97;473.94;uh yeah i'm i'm easier more easily irritated and uh yell more tired more uh kind of down feeling down more not as productive
Ellie;475.69;477.4;have you been diagnosed with depression
Participant;478.47;479.71;uh yeah awhile ago
Ellie;481.215;482.975;how long ago were you diagnosed
Participant;483.79;496.585;uh hmm mm don't know exactly it's been a few years but i still feel the same as i did when they diagnosed me so i assume i'm still depressed
Ellie;498.135;499.445;what got you to seek help
Participant;501.905;515.2;um well i just i'm a big believer in talking to people about your problems so i just thought that would uh be a good idea so i did it and and that's what i found out
Ellie;516.65;517.79;do you feel like therapy's useful
Participant;518.235;519.045;oh yeah definitely
Ellie;521.31;522.54;can you give me an example of that
Participant;524.45;537.53;um i mean it depends on what you mean by therapy like i or most people probably can't afford good therapy but just even talking to friends i would consider therapy somebody who will listen so helps you get stuff off your chest
Ellie;538.45;539.67;that's so good to hear
Participant;539.7;542.79;<clears throat> thanks
Ellie;542.875;544.515;how has seeing a therapist affected you
Participant;547.06;563.67;um well i haven't necessarily seen a therapist per se but uh when you talk to somebody who listens and you and you get stuff like out there like out of your head or whatever it it's uh it helps to destress i think
Ellie;565.75;573.195;i see what you mean what are some things that usually put you in a good mood
Participant;574.5;578.26;hmm pretty girls
Ellie;580.105;580.715;<laughter>
Participant;580.57;583.19;<laughter> <laughter>
Ellie;584.81;587.13;what would you say are some of your best qualities
Participant;588.345;594.105;um i'm a good leader i'm really smart
Ellie;598.335;600.025;what are you most proud of in your life
Participant;601.265;612.065;uh being able to um survive on my own in a city like this completely on my own with no outside help
Ellie;614.385;618.46;mm is there anything you regret
Participant;619.975;621.475;yeah lots of stuff
Ellie;622.835;624.095;can you give me an example of that
Participant;625.315;635.39;um just dumb mistakes i made when i was younger that looking back now with what i know now i probably would not have made
Ellie;636.955;640.957;yeah what advice would you give yourself ten or twenty years ago
Participant;643.845;655.16;um i would tell myself to seek out and listen to people older than me as much as possible
Ellie;658.31;662.595;okay who's someone that's been a positive influence in your life
Participant;663.74;685.37;hmm scrubbed_entry he's always good for a sort of pep talk but uh with a dose of reality he doesn't sugarcoat anything so talking to him always helps give me perspective
Ellie;687.115;691.81;that's good how would your best friend describe you
Participant;694.19;710.945;um talented and i don't know good at stuff i'm good at a lot of stuff people seem to notice that i i guess nice good disposition funny
Ellie;712.12;722.91;mhm okay thanks for sharing your thoughts with me okay i think i've asked everything i need to goodbye
Participant;724.275;724.835;see you later
