speaker;start_time;stop_time;text
Participant;10.38;11.21;<synch>
Ellie;25.465;47.005;IntroV4Confirmation (hi i'm ellie thanks for coming in today i was created to talk to people in a safe and secure environment i'm not a therapist but i'm here to learn about people and would love to learn about you i'll ask a few questions to get us started and please feel free to tell me anything your answers are totally confidential are you ok with this)
Participant;48.09;49.07;yes i'm okay with this
Ellie;49.864;53.723;okay_confirm (okay) how_doingV (so how are you doing today)
Participant;54.72;59.35;i'm pretty good feeling a little tired but uh feeling pretty good for the most part
Ellie;60.13;62.799;thats_good (that's good) where_originally (where are you from originally)
Participant;64.05;65.31;um redondo beach
Ellie;66.311;66.901;really (really)
Participant;68.725;69.035;yep
Ellie;69.161;71.271;like_about_LA (what are some things you really like about l_a)
Participant;72.7;85.785;i like the beach i like the mountains i love how you could go surfing in the morning go snowboarding in the day um i like to go hiking up in these mountains santa monica mountains to be exact
Ellie;84.68;89.668;cool3 (cool) dont_like_LA (what are some things you don't really like about l_a)
Participant;90.58;101.805;i don't like the traffic i don't like the congestion of people here and i don't like the price of <o> the cost of living in specific areas
Ellie;103.011;111.822;see_mean (i see what you mean) travel_shoes (i'm sure you can tell by my shoes i'm not much of a world explorer do you travel a lot)
Participant;112.15;138.86;uh i've been trying to actually um last year was the summer of really road tripping and getting out there with my girlfriend um we're looking to go to costa rica and hopefully to south america this summer and then maybe even doing a road trip down the south see some of the southern states but uh i've been to canada i've been to mexico and ecuador and been to various states here and there trying to get out there
Ellie;140.071;141.591;travel_changed (what do you enjoy about traveling)
Participant;142.135;159.12;i love meeting new people i love experiencing new things trying different <diffing> different foods that are native to that local area and it's just part of the journey i just i love exploring this you know this planet we call earth
Ellie;160.121;163.072;mm (mm) travel_trips (i'd love to hear about one of your trips)
Participant;165.105;194.71;um just recently we went to seattle and canada with a couple friends and uh it was gorgeous we uh flew into seattle and we saw the city for the first two three days and then rented a car and headed over to vancouver canada and saw british columbia and boy was it gorgeous just very lush beautiful trees the uh the climate was nice the ocean was right there it was people were great it was just a fun trip all around
Ellie;195.407;196.137;nice (nice)
Participant;196.02;196.61;yeah
Ellie;196.84;199.2;memorableB (what's one of your most memorable experiences)
Participant;199.9;247.72;<deep breath> <sigh> one of my most memorable <sigh> memorable experiences was probably the uh the trip we took to colorado last summer and uh me and my girlfriend flew into denver and we didn't really have a plan we knew we knew of a couple people who were living there and um just the day before we had to uh contacted them and telling 'em we're coming in the area and they were just showed great hospitality they picked us up at the airport let us crash at their place for a couple days we even let us use their car to explore the state and go to wyoming and see the the neighbors to the north it was just a great trip great people and it was just everything worked out very well just every day was there was something new and fun to do
Ellie;248.371;249.731;good_hear (that's so good to hear)
Participant;249.73;250.39;yeah
Ellie;251.593;252.733;study (what did you study at school)
Participant;254.05;258.64;i uh i studied business management and uh economics right now
Ellie;259.424;260.854;change_directions (what made you decide to do that)
Participant;261.17;292.35;um i've always wanted to own my own business and i figured management be a a good uh foundation to build on and uh learn more about so i decided to go into management just to see the various aspects of what it takes to really manage your own business and um and then economics is just to just for long term investments i really wanted to start earning some stocks and e_t_fs and mutual funds and start buidling my portfolio up so i figured economics would be a great way for a long term investment financially so that's why i did my economics
Ellie;293.226;294.226;happy_didthat (are you happy you did that)
Participant;294.34;299.37;yeah i'm really stoked it was one of the best decisions probably of my my life
Ellie;300.02;300.92;thats_great (that's great)
Participant;300.91;301.29;yeah
Ellie;303.188;307.588;shyoutgoing (do you consider yourself more shy or outgoing)
Participant;307.08;312.37;i consider myself more outgoing i'm i'm pretty friendly i don't mind to open up to people and stuff
Ellie;310.029;326.201;why2 (why) relax_fishtank (sometimes when i'm feeling tense i turn on the fish tank screensaver hey i know it's not hawaii but it's the best i've got what do you do to relax)
Participant;326.26;338.295;<sigh> i like to be outside like to go hiking i like to go um working out at the gym but i mostly like to be outdoors i i love nature and just to be outside just just puts me at ease
Ellie;340.189;344.246;okay_confirm (okay) control_temper (how are you at controlling your temper)
Participant;345.93;365.61;from pretty good for the most part i'm pretty mellow chill guy and when i do get angry here and there i uh it just lasts for like a couple minutes and before i know it i just it just blows over i don't tend to hold on to things or stay angry and hold grudges just 'cause there's no need to life's too short for all that
Ellie;366.785;369.835;last_argument (when was the last time you argued with someone and what was it about)
Participant;370.07;379.63;um see i can't even remember the last time i argued with anybody i have no idea
Ellie;380.382;388.055;wild_laughter3 ((laughter)) okay_confirm (okay) situation_handled (tell me about a situation that you wish you had handled differently)
Participant;391.29;424.35;probably when my uh my brother and my girlfriend got in a little little argument uh like two birthdays ago and it's been awkward kinda ever since um i wish i would've just handled it right then and there rather than it letting it just stretch out as long as it has been it's just awkward for both parties i wish i just would've communicated with both of them and told 'em to you know set their differences aside and let's just communicate and try to see we come up with a solution but now it's just awkward
Ellie;425.561;426.401;that_sucks (that sucks)
Participant;426.47;427.2;yeah it does
Ellie;429.056;432.656;hard_decisionB (tell me about the hardest decision you've ever had to make)
Participant;434.325;467.065;the hardest decision i've ever had to make man that's a toughy i don't think i've had too many tough decisions to really say the hardest decision i've ever had to make um maybe not moving to colorado for my undergrad two three years ago was a little tough just 'cause i kinda think what if but other than that nothing has really been too tough in my life that was really that hard of a decision
Ellie;467.69;472.36;okay_confirm (okay) feelguilty (what's something you feel guilty about)
Participant;478.32;484.425;i don't really feel guilty about anything pretty good person i think and for the most part i couldn't think of anything
Ellie;486.574;490.723;memory_erase (tell me about an event or something that you wish you could erase from your memory)
Participant;492.61;515.45;something i could wish i could erase from my memory um nothing really to be honest i i love all my memories they're usually positive for the most part i know that's kinda weird for somebody to say but i've lived a pretty good life and i'm happy
Ellie;516.445;517.345;thats_great (that's great)
Participant;517.51;517.92;yeah
Ellie;519.059;521.754;family_relationship (tell me about your relationship with your family)
Participant;523.37;549.96;uh it's cool um i'm pretty independent for the most part so when i do see 'em here and there it's it we go through long periods of times with no contact maybe a couple weeks sometimes even a month but uh when i see 'em it's it's good you know i like to say hi and show 'em i love 'em still and it's not that i don't mean to like not contact 'em they could always contact me but uh it's good for the most part i guess as a young adult mm
Ellie;550.138;553.602;mhm (mhm) influence_positive (who's someone that's been a positive influence in your life)
Participant;555.74;592.41;my girlfriend's family uh they've been very positive in my life uh if it wasn't for them i think i'd be in a different direction just 'cause in high school i didn't really care about higher education i didn't care about really thinking long term and uh just seeing them <th> them and what their family does and how they think differently like with your higher education and how to get somewhere in life and the if you do these things this is what it could lead to and they've been very successful they own their own uh accounting practice and seeing that influenced me to achieve higher in life
Ellie;593.54;594.9;good_hear (that's so good to hear)
Participant;594.85;595.53;yeah
Ellie;596.394;598.834;easy_sleep (how easy is it for you to get a good night's sleep)
Participant;600.71;605.11;it's pretty easy for the most part i just close my eyes and wake up in the morning
Ellie;606.083;607.863;sleep_affects (what are you like when you don't sleep well)
Participant;610.16;618.3;i'm tired sometimes i'm could sense that i'm a little drained and uh maybe get a little groggy here and there
Ellie;619.438;619.908;uh_huh (uh huh)
Participant;620.66;621.22;and that's it
Ellie;621.963;623.343;feel_lately (how have you been feeling lately)
Participant;625.7;654.59;feeling pretty good for the most part a little stressed out just 'cause finals are uh next week and uh i really really wanna do well and just you know close out this last semester and i graduate in two weeks and um for the most part that's that's the only thing i'm really nervous about but for the most part i'm really excited i'm looking forward to going to maui for a week after graduation i'm fired up i'm fired up to see what the future holds where we gonna live <l> me and my girlfriend gonna live and what other trips are planned for the summer i'm just i'm excited to be done with school for a little while
Ellie;655.349;656.069;awesome (awesome)
Participant;655.89;656.52;yeah
Ellie;658.624;660.664;ptsd_diagnosed (have you ever been diagnosed with p_t_s_d)
Participant;661.14;663.25;i have never been diagnosed with p_t_s_d
Ellie;663.433;665.243;depression_diagnosed (have you been diagnosed with depression)
Participant;665.775;668.205;i've never been diagnosed with depression <sigh>
Ellie;668.134;670.681;happy_lasttime (tell me about the last time you felt really happy)
Participant;672.53;678.9;the last time i felt really happy was probably seeing my girlfriend graduate a couple days ago she had uh just graduated from nursing school on monday
Ellie;677.215;677.895;aw (aw)
Participant;679.47;694.67;and uh to see her walk across stage and stuff just 'cause we've been together for six years and seeing her go through the nursing program for five and it's just seeing all the ups and downs it's really good to see somebody just strive through and achieve what they want to achieve and just made me really proud of her
Ellie;696.628;697.528;thats_great (that's great)
Participant;697.7;698.1;yeah
Ellie;699.198;700.888;BF_describe (how would your best friend describe you)
Participant;703.55;714.9;probably outgoing friendly positive vibes all around adventurous loves sports team player knows how to be a leader here and there
Ellie;715.58;716.05;uh_huh (uh huh)
Participant;716.31;720.02;and uh gets a little outspoken sometimes
Ellie;722.024;723.504;landed_trouble (has that gotten you in trouble)
Participant;728.015;732.47;no not really for the most part no not really
Ellie;733.296;738.744;okay_confirm (okay) self_change (what are some things you wish you could change about yourself)
Participant;741.4;758.01;just be a little more motivated i used to be so motivated and right now i'm just maybe 'cause i'm just done with school and i'm over it that i just don't feel as motivated but i just i wanna be more motivated and determined right now and that's not i'm not going that way right now so
Ellie;758.073;759.023;understand (i understand)
Participant;759.19;759.49;mhm
Ellie;760.232;765.545;feelbadly (tell me about a time when someone made you feel really badly about yourself)
Participant;760.27;779.08;no biggie <sigh> oh man i couldn't can't really think of a time
Ellie;780.702;786.089;okay_confirm (okay) Ellie17Dec2012_10 (tell me about something you did recently that you really enjoyed)
Participant;789.87;823.24;i went caving two weeks ago that was a lot of fun uh we went up to sequoia national park and uh i went caving with a for an r_t_m class it's like this uh recreational tourism management class and caving was an elective and our professor was like a world renowned cave specialist and he took us to these various caves in uh sequoia and just me and these strangers or my classmates and becoming really good friends at the end was a lot of fun and rappelling down into caves climbing back up going through different rooms and chutes it was a lot of fun that was
Ellie;822.813;823.713;thats_great (that's great)
Participant;823.62;824.04;yeah
Ellie;826.011;828.961;advice_back (what advice would you give to yourself ten or twenty years ago)
Participant;829.57;841.455;ten or twenty years ago i'd probably say just stay more focused on school a little less on the social aspects and uh kinda stick with one sport just to see how far that could get ya
Ellie;842.945;844.015;regret (is there anything you regret)
Participant;845.28;859.01;um <sigh> sometimes not playing hockey through uh through middle school and hockey sometimes <someti> i mean through middle school and high school sometimes and um and that's pretty much it now
Ellie;860.196;865.246;okay_confirm (okay) Ellie17Dec2012_08 (what are you most proud of in your life)
Participant;867.1;907.09;i'm proud <sigh> that uh i'm really proud that i'm graduating getting my bachelor's and i'm looking to get a full time job i work at a law firm now so i have something going for me  um i'm really proud to be a motivated and determined person long term wise <w> long term thinking wise i'm a well-rounded person and i really wanna explore the world so i'm kinda proud that i opened my eyes to that and now i have different perspectives and really have a open mind to people and rather than judging 'em you know it's liberty why not let 'em do what they want and uh i'm really proud to just be finally getting my bachelor's and hopefully going for my m_b_a in a couple years
Ellie;907.624;913.57;mhm (mhm) asked_everything (okay i think i have asked everything i need to) appreciate_open (thanks for sharing your thoughts with me)
Participant;914.34;915.0;for sure
Ellie;915.38;915.99;bye (goodbye)
Participant;916.15;916.52;bye
