speaker;start_time;stop_time;text
Ellie;55.305;58.305;hi i'm ellie thanks for coming in today
Participant;56.86;57.14;alright
Ellie;58.98;76.71;i was created to talk to people in a safe and secure environment i'm not a therapist but i'm here to learn about people and would love to learn about you i'll ask a few questions to get us started and please feel free to tell me anything your answers are totally confidential are you okay with this
Participant;77.36;77.79;yes
Ellie;78.475;81.635;okay so how are you doing today
Participant;82.4;83.09;okay and you
Ellie;84.275;87.885;i'm great thanks where are you from originally
Participant;88.735;89.885;inglewood california
Ellie;91.335;94.69;really do you have roommates
Participant;93.675;95.755;yes no
Ellie;96.815;98.355;how do you like your living situation
Participant;99.12;99.77;uh it's okay
Ellie;101.58;103.02;what's it like for you living with them
Participant;104.885;108.16;um you mean my girlfriend and my daughter
Ellie;109.925;110.285;yes
Participant;110.73;114.49;yes they're they're okay it's okay it's cool
Ellie;118.38;122.06;that's so good to hear do you travel a lot
Participant;122.94;123.54;yes i do
Ellie;126.52;127.99;i'd love to hear about one of your trips
Participant;129.36;139.47;um well i'm a football recruiter so i travel uh all around the world to to sign different football players for our sports management company
Ellie;140.07;140.66;awesome
Participant;140.27;140.55;uh
Ellie;143.92;145.34;what do you enjoy about traveling
Participant;146.12;155.92;um just the independence about it being alone being able to be free and not tied down to one to one thing you know it's great
Ellie;155.64;159.61;mhm what's one of your most memorable experiences
Participant;160.96;182.805;i i remember traveling to uh scrubbed_entry and take him to clubs and this and that and we're not that type of organization
Ellie;184.07;189.83;yeah that sounds really hard
Participant;191.02;192.05;<laughter> yeah
Ellie;194.185;196.275;what are some things that make you really mad
Participant;198.357;212.315;um dishonesty i <sigh> i don't like when people are are dishonest um that really really really bothers me and not true not honest not real um that that upsets me a lot
Ellie;214.9;216.33;what do you do when you're annoyed
Participant;217.985;232.08;um i tend to just try to free myself from the situation to clear my mind usually take a walk or something like that or just just just go in a room by myself and just try to clear my head <he> my head
Ellie;233.0;237.68;mhm that's good how are you at controlling your temper
Participant;238.775;245.065;um i'm okay with it at times um uh but i can defintely be better
Ellie;247.035;249.815;when was the last time you argued with someone and what was it about
Participant;251.075;282.085;oh um i argued <argu> argued with my my lady a couple days ago and it was about um our daughter and some of the things she's doing in school and she she wants to raise her one way and i think i wanna raise her kind of a different way and discipline her a little more on certain situations so i think discipline <disci> discipline is a big key and the key is life and she she she was raised a little differently
Ellie;284.245;288.52;uh huh how did you feel in that moment
Participant;289.95;304.857;um i don't know just angry upset you know when you're in a argument that's what you feel so you do and say things that that that bother you and you just you go on with it
Ellie;306.78;309.72;okay do you consider yourself an introvert
Participant;311.515;314.8;um yeah uh a little bit
Ellie;316.27;316.63;why
Participant;318.815;327.705;<sigh> um i don't know it just <sigh> i eh just the way i feel i don't know i can't really say just the way i feel
Ellie;330.01;331.61;do you find it easy to be a parent
Participant;333.315;336.76;um a little a little
Ellie;336.485;338.175;what's the best thing about being a parent
Participant;341.13;350.79;um i don't know just um realness
Ellie;353.63;355.51;what's the hardest thing about being a parent
Participant;357.98;363.41;um honesty the truth just being straight out front
Ellie;367.43;368.97;how close are you to your family
Participant;370.29;374.87;um i'm pretty close um i'm pretty close with my family
Ellie;377.06;378.55;what do you think of today's kids
Participant;379.9;429.51;oh whole nother subject just they're raised different um i i think society <so> society's gonna become even wilder with <wi> the way the kids are raised and no discipline and and the things they're doing everything we we they live and everything's inflated so much to where um it it's getting to a point where it's getting out of hand i think kids these days to a certain extent are are are much wilder than i was and and generations before me and just able to do and say and the lack of respect and you know just education-wise it's just i think it's just tough times for kids and and the way they act uh it's it's it's ridiculous to me
Ellie;430.49;436.42;yeah i see what you mean what are some things you like to do for fun
Participant;438.135;464.012;um i definitely like to watch sports uh i i like to gamble i i like to travel i like to skate um i like kind of like uh a a a guy that likes to see different sights and go different places uh like different <difft> i'm a big movie person so i like going to theatres stuff like that
Ellie;464.92;468.42;awesome what's your dream job
Participant;470.09;490.95;um i'm actually living it um i i always wanted to be in in some kinda sports industry and that's what i'm doing now i just uh my goal was to get a little higher in the ladder and and own my own sports management company um but i'm doing pretty well for myself so i am happy
Ellie;491.87;493.51;that sounds like a great situation
Participant;494.335;494.595;yeah
Ellie;496.05;497.55;have you ever served in the military
Participant;498.115;498.435;no
Ellie;499.335;501.145;have you ever been diagnosed with p_t_s_d
Participant;501.785;502.055;no
Ellie;502.725;504.465;have you been diagnosed with depression
Participant;504.895;505.195;no
Ellie;506.215;508.525;how easy is it for you to get a good night's sleep
Participant;509.895;512.605;um it's okay i'd say it's pretty easy
Ellie;513.795;515.365;what are you like when you don't sleep well
Participant;517.23;520.37;irritated tired
Ellie;521.865;523.295;when was the last time that happened
Participant;524.695;529.685;<sigh> i don't know it's been awhile it's been awhile couple weeks ago
Ellie;529.215;534.815;okay have you noticed any changes in your behavior or thoughts lately
Participant;536.7;537.43;huh what did you say
Ellie;538.205;541.185;have you noticed any changes in your behavior or thoughts lately
Participant;542.085;542.965;no not really
Ellie;544.925;550.055;that's good how would your best friend describe you
Participant;551.835;564.177;um i think he would describe me as a stand up guy i try to be um um a good loyal friend and and an adult i think he would describe me like that
Ellie;565.74;567.84;cool how do you know them
Participant;568.735;575.185;uh school went to school grew up together i've been knowing all my friends for pretty much all my life
Ellie;576.7;577.87;that's a long time
Participant;578.2;578.62;yeah
Ellie;580.98;582.08;how close are you to them
Participant;582.74;591.85;uh very close me our our uh my friends and i are very close uh um we pretty much do a lot together still at this age
Ellie;592.755;598.515;that's great what would you say are some of your best qualities
Participant;599.97;623.935;uh i'm honest um i'm loyal very loyal um i am a hard worker i think i am um to a certain extent i'm just not the average guy i'm pretty much i'm a different different breed i just carry myself and act a little different from a normal guy
Ellie;625.79;627.15;what made you decide to do that
Participant;628.71;647.775;i don't know just how what i was raised and how uh my dad was kinda different uh and and and he didn't go with the in crowd and i think i learned that from him a lot and and it's just it it's it's um kind of the same path i took
Ellie;650.255;653.38;mhm is there anything you regret
Participant;655.015;664.995;um yes a lot of things i regret um i regret a lot of decisions in my life
Ellie;665.86;667.09;can you give me an example of that
Participant;667.895;698.085;um yeah one um i actually let a a lady in my life go years ago that i thought was my soulmate and we had a big argument and one thing led to another and we decided to take a break and then that that break i i started dating somebody else and i told her i'ma go my way and she go her way i think that was a big a bad decision a very bad decision
Ellie;698.82;703.115;i'm sorry to hear that could you have done anything to avoid it
Participant;703.925;714.92;yeah totally i think i could've took a step back and really just thought about the situation a little more instead of uh <sigh> being so upset and moving forward
Ellie;716.32;717.86;how did you feel in that moment
Participant;719.195;729.125;uh just upset um i tend to get upset and then my thoughts get clouded so uh mm i i need to think a little more when i'm upset
Ellie;730.96;733.24;yeah what made you decide to do that
Participant;734.95;752.12;uh i don't know just experience and time being you know making making up for your mistakes and and and and um being better about different decisions after you made the mistakes
Ellie;754.17;756.92;what advice would you give yourself ten or twenty years ago
Participant;759.28;777.405;um <sigh> think a little harder about situations <situatio> uh about situations and and things and the decisions <dec> decisions that you make uh think a lot longer and harder before you make 'em and i think the outcome would been a little different today
Ellie;778.74;782.815;mhm who's someone that's been a positive influence in your life
Participant;783.82;803.805;um my grandmother she's always been a um a a positive influence uh she's a great black woman um with a old school um ways of living so um i think i i i've added that to my life she's a great woman
Ellie;804.915;811.305;aw that's great what's one of your most memorable experiences
Participant;812.175;818.475;scrubbed_entry in baseball and um
Ellie;818.49;818.87;wow
Participant;820.535;821.245;yeah <laughter>
Ellie;826.115;827.105;tell me more about that
Participant;827.98;852.91;um i was a pretty good player i was a pretty good athlete growing up um i was one of the top scrubbed_entry and uh that started a future in in athletics and that's what i wanted to do so i accomplished my goals so at the time it was a great a great thing and it still is a great thing it's a great accomplishment in my life
Ellie;853.9;861.42;awesome what are some things that usually put you in a good mood
Participant;863.56;885.32;um <sigh> accomplishments being able to if i or if i'm have a goal or or something i'm supposed to do that week or that day and i accomplishment it always puts me in a good mood or getting my job done and i the way i'm supposed to do it in a in a timely fashion that always puts me in a good mood
Ellie;886.37;891.26;that makes sense what are you most proud of in your life
Participant;892.765;923.315;um being a positive role model right now um for younger kids that's in um our sports academy program i i think as i got older the thought process and um the way i look at life has totally changed and i think i a lot of kids can look up to me that i deal with now and say you know that's somebody that that is is a positive <po> a positive influence in my life
Ellie;924.805;929.36;that's great when was the last time you felt really happy
Participant;931.03;942.01;oh um couple days ago my football team um we're in the playoffs made the playoffs so that always makes me happy
Ellie;943.31;950.7;nice thanks it was great chatting with you
Participant;951.07;951.58;thank you
Ellie;951.24;952.72;thanks for sharing your thoughts with me
Participant;953.155;953.605;thank you
Ellie;954.1;954.57;goodbye
Participant;954.775;955.175;bye bye
