speaker;start_time;stop_time;text
Ellie;28.84;35.99;hi i'm ellie thanks for coming in today i was created to talk to people in a safe and secure environment
Participant;32.78;33.08;hi
Ellie;36.8;50.33;i'm not a therapist but i'm here to learn about people and would love to learn about you i'll ask a few questions to get us started and please feel free to tell me anything your answers are totally confidential are you okay with this
Participant;50.89;51.9;yeah i'm okay
Ellie;52.26;55.32;okay so how are you doing today
Participant;56.2;57.02;i'm doing great
Ellie;57.65;58.21;that's good
Participant;58.36;58.71;yeah
Ellie;59.24;60.43;where are you from originally
Participant;61.3;65.32;um i am from los angeles i was born in santa monica
Ellie;65.89;66.39;really
Participant;65.93;66.27;yeah
Ellie;67.54;69.61;what are some things you really like about l_a
Participant;70.89;86.69;um i like um i don't know there's nothing i mean i don't really like it here that much but i guess i like that there's you know still some nature it's not like new york like too city but i guess you know it's it's okay <laughter>
Ellie;86.9;90.27;uh huh what are some things you don't really like about l_a
Participant;91.32;102.04;um i don't like the traffic i don't like how crowded it is the crowds make me really nervous and i don't like um all the smog pollution all that stuff <laughter>
Ellie;102.16;105.71;yeah i see what you mean do you travel a lot
Participant;106.68;111.76;no i don't i don't travel i haven't been anywhere really so <laughter>
Ellie;112.55;114.71;okay what'd you study at school
Participant;115.69;131.57;um i studied um psychology when i went to s_m_c i took a psychology class so um i was psychology major i took an anthropology class and i took math but i'm not good at math <laughter>
Ellie;132.67;135.73;that sounds interesting are you still working in that
Participant;137.54;144.81;no i uh i currently am not at school right now um yeah i'm just at home <laughter>
Ellie;145.58;146.64;what's your dream job
Participant;147.52;161.53;my dream job would be um i would like to help other people as long as it's something helping other people uh i would like to help other people with like p_t_s_d and problems and stuff uh
Ellie;161.55;161.89;mhm
Participant;162.01;168.88;yeah just as long as i'm you know helping other people smile and you know relating my problems with other people
Ellie;169.5;173.85;yeah how close are you to your family
Participant;175.43;186.85;um i'm pretty <pr> i'm close well i'm really close with my grandma um eh my family it's just eh we're not like too too close we kinda argue a lot <laughter>
Ellie;187.26;187.71;okay
Participant;188.03;188.44;yeah
Ellie;189.0;190.55;do you consider yourself an introvert
Participant;191.79;193.32;um sorry what's an introvert
Ellie;194.38;195.8;let's come back to that later
Participant;198.15;198.57;okay
Ellie;198.32;199.66;what do you do when you're annoyed
Participant;200.7;213.41;when i'm annoyed um well i try to relax for a minute i usually just try to take deep breaths but it's hard <laughter> yeah
Ellie;213.01;217.08;yeah how are you at controlling your temper
Participant;218.29;228.62;i'm not so good at it uh my temper's gotten a little worse um i am not good at all at really controlling my temper um i need some help on that <laughter>
Ellie;229.16;230.56;has that gotten you in trouble
Participant;231.8;241.01;um no not really i mean no i guess it's not like as bad as like most people i've never like been in a fight or anything or yeah any of that
Ellie;240.38;245.11;mhm when was the last time you argued with someone and what was it about
Participant;245.99;264.85;um i argued with my mom and sister yesterday it was just something stupid over like my sister is sitting was sitting in the front seat and she's a kid and it's like i'm i should be in the front seat so i just asked her to sit in the back and of course they start like yelling and arguing and it's like really annoying <laughter>
Ellie;265.19;266.08;that sucks
Participant;266.54;269.37;yeah it does thanks
Ellie;271.38;273.73;who's someone that's been a positive influence in your life
Participant;274.53;291.49;my grandma she's always giving me encouragement and um she's a therapist a licensed therapist so she's always you know made it really really um easy for me to have someone to talk to and i could always go to her so that helps yeah
Ellie;290.19;295.65;aw that's great what's one of your most memorable experiences
Participant;294.12;318.2;yeah my most memorable experiences well i had one really good experience um i went horseback riding and that was really really made me happy uh i love horses and nature that's the biggest thing that i love and it just made me so happy and so relaxed so that was a memorable experience <laughter>
Ellie;318.41;322.73;awesome how would your best friend describe you
Participant;324.1;341.94;um caring very caring always there to talk to um i don't judge i never judge i'm never cranky i'm never i never ever get like angry at anybody else just like my family you know but yeah just very nice caring and stuff <laughter>
Ellie;342.21;346.9;mhm what are some things that usually put you in a good mood
Participant;348.43;363.23;um things that put me in a good mood like uh music nature um i like to cook a lot i like to cook you know for my family talking puts me in a really good mood i love meeting new people meeting new people puts me in the best mood
Ellie;364.64;369.22;okay how easy is it for you to get a good night's sleep
Participant;370.3;385.98;uh it's not easy um it's hard um sometimes it's it's really hard um i don't usually sleep well so um yeah i have trouble falling asleep mostly
Ellie;386.44;386.78;why
Participant;388.2;400.39;um i guess it's just like my mind will be racing a lot of you know sometimes it'll be flashbacks of bad memories um just you know thinking too much <laughter>
Ellie;400.64;401.95;are they triggered by something
Participant;403.65;418.17;um i don't know um i think just uh stress you know a lot of stress every day just everyday stress uh yeah pretty much that's what triggers it <laughter>
Ellie;418.57;419.55;how do you cope with them
Participant;421.03;435.93;um i just try to stay positive i try to think like okay well you know one day things will get better um i just i try to call somebody and talk to them if i have trouble like my grandma
Ellie;436.33;436.76;mhm
Participant;437.24;437.68;yeah
Ellie;438.85;442.2;that's good what are you like when you don't sleep well
Participant;440.6;460.09;thanks when i don't sleep well um well i start to like cry a lot and i start to get really irritable um i get really depressed it makes me not feel well at all i get very uh it just is really really bad if i don't get sleep yeah
Ellie;460.65;461.65;i'm sorry to hear that
Participant;460.88;463.05;yeah thanks
Ellie;464.02;466.03;have you ever been diagnosed with p_t_s_d
Participant;466.38;467.08;yes
Ellie;467.73;469.47;how long ago were you diagnosed
Participant;470.1;474.2;i was diagnosed um three years ago
Ellie;475.72;477.0;what got you to seek help
Participant;478.48;496.68;uh i just i didn't really know what was going on then i realized okay well they just diagnosed that and um i was like okay well this is the problem and it i just wanted help because it just when your mind is after you like that's like it's just awful to have your mind taking control of you like that
Ellie;497.59;499.85;yeah that sounds really hard
Participant;497.93;501.3;yeah yeah it's hard
Ellie;501.95;504.13;did you think you had a problem before you found out
Participant;505.93;531.6;um yeah yeah i definitely always thought i had a problem i always thought something was like really wrong um i just always like kinda nervous around people like i never can really like look anybody in the eye 'cause i'm just so nervous my eyes are always kind of like racing and i um would have sweats if i was in the situation um that reminded me of the situation like i just try to avoid what reminds me and brings those flashbacks yeah
Ellie;532.53;533.86;how have you been feeling lately
Participant;535.11;548.07;oh um i i've been feeling good i've been getting out more every day i'm trying to um i guess walking keeps my mind off my p_t_s_d symptoms so i'm trying to walk more that helps
Ellie;548.59;549.15;that's good
Participant;550.3;550.98;thanks
Ellie;551.7;553.44;have you been diagnosed with depression
Participant;554.71;558.05;um yeah i have depression um yeah
Ellie;559.14;562.21;okay is going to a therapist helping you
Participant;563.48;575.0;um it helps yeah it actually does help me a lot um i currently don't have one right now i'm actually getting a new one in a few days though like it's kind of a mix-up but yeah it really really helps me
Ellie;576.27;579.14;what sort of changes have you noticed since you've been going to therapy
Participant;581.14;596.55;um i noticed that i've had less flashbacks and um i've been more relaxed i guess and um yeah just you know trying to keep more occupied yeah it helps
Ellie;596.95;601.7;that's good when was the last time you felt really happy
Participant;602.86;615.48;um the last time i felt really happy um i guess um i don't know um today 'cause i mean i'm glad to be part of this <laughter>
Ellie;616.03;621.17;aw what are you most proud of in your life
Participant;622.35;667.04;um most proud of uh well <sigh> um i'm trying to think of what i'm most proud of um i think i'm most proud of like the fact that i am able to you know not be like well i mean most people i know they like deny that they have a problem and i'm proud that i can actually like you know be a person who can realize okay i have a problem and i need help but a lot of the people i know they don't take medication they're untreated and um they just don't wanna get any help and i'm glad to get help because i don't wanna feel that way and i wanna get help for the problem instead of doing that
Ellie;666.33;671.2;mhm that's good is there anything you regret
Participant;672.38;689.29;oh gosh there's a lot i regret yeah there's a lot um i regret you know uh drug abuse you know but that's part of you know the p_t_s_d i regret um a lot uh mistakes you know relationships stuff like that
Ellie;689.66;693.7;yeah what advice would you give yourself ten or twenty years ago
Participant;695.19;713.41;wow um i would've told myself to um i guess the advice i would've given myself was to try to keep my mind more relaxed i guess yeah
Ellie;713.43;718.47;mhm what would you say are some of your best qualities
Participant;719.33;738.33;um well i'm a very nice person and i always like to smile people are always saying how i smile a lot but um the smile i guess it kind of hides like what's on the inside but you know i'm pretty depressed you know but i just try to keep smiling and i always like to lend a hand to help and make people feel better
Ellie;739.93;743.08;okay what are some things you like to do for fun
Participant;744.188;763.445;for fun um i like to go to the mall that's a lot fun i like to go to the mall i like to go out with my grandma we go places go shopping i love shopping and um i like to go um play like games like i like to play video games those are fun stuff like that
Ellie;763.85;770.13;nice okay i think i've asked everything i need to thanks for sharing your thoughts with me
Participant;770.733;771.977;okay thanks
Ellie;772.0;772.54;goodbye
Participant;772.666;773.577;goodbye
