speaker;start_time;stop_time;text
Participant;23.8;24.63;<synch>
Ellie;41.54;63.08;IntroV4Confirmation (hi i'm ellie thanks for coming in today i was created to talk to people in a safe and secure environment i'm not a therapist but i'm here to learn about people and would love to learn about you i'll ask a few questions to get us started and please feel free to tell me anything your answers are totally confidential are you ok with this)
Participant;63.58;64.0;yes
Ellie;64.693;68.667;okay_confirm (okay) how_doingV (so how are you doing today)
Participant;68.97;69.9;i'm well thank you
Ellie;70.534;73.379;thats_good (that's good) where_originally (where are you from originally)
Participant;74.21;75.88;uh boston massachusetts
Ellie;76.274;76.864;really (really)
Participant;78.195;78.705;yes
Ellie;78.455;79.535;when_LA (when did you move to l_a)
Participant;80.53;85.07;i moved to l_a about a year after graduating college in two thousand and one
Ellie;86.043;87.943;often_backB (how often do you go back to your hometown)
Participant;88.41;90.88;uh quite often at least a couple times a year
Ellie;91.987;93.607;compares_LA (how does it compare to l_a)
Participant;94.895;102.865;um god i love both cities they are polar opposite in many many ways but there's things about both of them that that i love
Ellie;104.81;105.83;why_LA (why did you move to l_a)
Participant;106.365;108.195;uh to pursue acting and writing
Ellie;110.104;112.574;adapted_LA (how easy was it for you to get used to living in l_a)
Participant;113.73;132.82;mm it's still not complete reality to me but it was actually very easy because of the um the the the creative factor out here allowed me to pursue what i wanted to creatively and it was different the social culture was different in a way where i from where i had grown up and it it suited me better my personality
Ellie;133.655;137.033;mhm (mhm) like_about_LA (what are some things you really like about l_a)
Participant;138.49;160.55;<sigh> oh god <go> i like the fact that you can come here and pursue any any niche of you know <kn> creativity or art or entertainment that you want to and sort of make your own path uh i grew up where it snows constantly and is very very cold so sounds obvious but clearly i like that it's you can swim year round and uh i like that it's there's always something to do no matter what day of the week it is
Ellie;161.181;164.558;yeah3 (yeah) dont_like_LA (what are some things you don't really like about l_a)
Participant;165.53;180.75;what i don't like uh well i miss my family <fam> i miss that there's not <no> i don't like that there's not a big family element here i miss i'm a big family girl i miss my family i feel like it's very crowded here but yet it's very easy to feel eh sort of isolated alone here
Ellie;181.481;182.511;see_mean (i see what you mean)
Participant;182.87;183.1;mhm
Ellie;183.704;189.876;travel_shoes (i'm sure you can tell by my shoes i'm not much of a world explorer do you travel a lot)
Participant;190.09;204.78;mm i can't see your shoes but um i do mostly just not not too much worldly travel mostly back to boston and mm eh florida where my parents live but i do i enjoy traveling and take a lot of trips within california and around here
Ellie;206.178;209.741;cool3 (cool) travel_changed (what do you enjoy about traveling)
Participant;209.69;213.92;oh just to have an adventure do something fun or if i'm going home it means i'm gonna see my family
Ellie;214.843;216.523;travel_trips (i'd love to hear about one of your trips)
Participant;214.855;241.8;<clears throat> um one of my trips mm god well i like to drive up to northern california go to san francisco i have family and friends there always super super fun uh in god in college i with my college boyfriend when i was in boston i we drove we went to san francisco and drove down to l_a and las vegas and that was kind of how i realized i wanted to move here so that was very that was very that was a big one
Ellie;242.442;247.338;awesome (awesome) memorableB (what's one of your most memorable experiences)
Participant;248.625;251.09;uh in general just
Ellie;251.472;251.942;yeah3 (yeah)
Participant;253.02;277.12;<clears throat> mm memorable experiences i guess it would be moving here i moved to when i moved to l_a i got on a plane but didn't know anybody here and i just got i talked to a girl that i met online and agreed to be her roommate and she picked me up at the airport we never met and you know one of my dear friends to this day so definitely the the the flight out here was it was big monumental
Ellie;278.986;280.526;describe_felt (how did you feel in that moment)
Participant;281.695;286.995;i felt powerful and excited and just open to whatever
Ellie;288.137;290.017;great_situation (that sounds like a great situation)
Participant;290.355;290.715;mhm
Ellie;291.178;292.318;study (what did you study at school)
Participant;293.09;303.6;studied communications um got a lots of every lot of different uh writing writing styles i eventually graduated with a a concentration in public relations and a english minor
Ellie;305.059;306.489;change_directions (what made you decide to do that)
Participant;307.925;309.795;writing to pursue writing
Ellie;311.796;312.996;dream_job (what's your dream job)
Participant;314.67;320.62;writer uh well i guess you could say writer slash actress which is um but i guess writing is first
Ellie;321.494;322.434;difficult (how hard is that)
Participant;323.34;334.41;hard very hard because you need to no one's gonna push you to do it you have to be self-starter you have to make it happen so it's very hard 'cause i don't possess that naturally in my personality i do but not as much as i need to
Ellie;335.679;342.919;mm (mm) shyoutgoing (do you consider yourself more shy or outgoing)
Participant;342.25;344.39;i would say outgoing on in general
Ellie;346.06;357.82;relax_fishtank (sometimes when i'm feeling tense i turn on the fish tank screensaver hey i know it's not hawaii but it's the best i've got what do you do to relax)
Participant;358.9;376.69;i <sigh> sometimes take a walk if i feel tense um listen ambient music helps if i need a soothing background white noise calming calming area and just just your basic deep breaths and just sort of take a minute to to come back to a calm neutral place
Ellie;377.801;379.861;control_temper (how are you at controlling your temper)
Participant;380.915;394.89;i am getting better no <laughter> um i'm okay <ok> i'm good at controlling my temper 'cause i don't usually have a temper too often but when i do and i lose my cool i have a hard time controlling it
Ellie;396.419;397.899;landed_trouble (has that gotten you in trouble)
Participant;398.06;398.49;yes
Ellie;400.009;401.169;tell_about_that (can you tell me about that)
Participant;402.2;405.3;no <laughter> hmm mm
Ellie;404.08;408.822;okay_confirm (okay) last_argument (when was the last time you argued with someone and what was it about)
Participant;410.59;439.44;argued with someone um god i guess it was a friend a friend a girlfriend it it wasn't it was about uh our our each separate perspectives on a a certain situation between us that were obviously very very different um and it started out as something big and then we just realized this is this is stupid we don't need to be fighting about this so it kind of ended quickly
Ellie;440.461;446.468;okay_confirm (okay) situation_handled (tell me about a situation that you wish you had handled differently)
Participant;447.47;462.53;<sigh> hmm mm i guess it would've been with uh an ex-boyfriend fighting with an ex-boyfriend relationship stuff definitely losing my temper and making a situation escalated in a way that it didn't need to be i wish that i had just walked away from it
Ellie;463.757;465.627;avoid (could you have done anything to avoid it)
Participant;467.7;476.92;mm i don't know if i could've avoided the complete situation but i definitely could've made the outcome much less chaotic
Ellie;477.798;483.701;see_mean (i see what you mean) hard_decisionB (tell me about the hardest decision you've ever had to make)
Participant;484.97;523.16;hmm uh i guess that would be hmm walking away from somebody who was definitely bad toxic from my life uh but that i really did want in my life and it was a true wrestling with morality and kind of sort of growing up like coming to a point where i have to say i'm gonna have to do something that's really really hard for sort of you know short-term pain for long-term gain and i had to make sort of an adult decision relationship-wise but it was still carried over into other areas of my life and taught me that you know you're not always gonna feel great <gr> every decision's not always gonna be easy and feel good
Ellie;523.814;526.452;yeah_downer (yeah) happy_didthat (are you happy you did that)
Participant;527.21;527.53;yes
Ellie;529.021;530.431;hard_decision (how did you decide to do that)
Participant;531.085;537.82;i was kinda forced to this issue just what was going on in life was sort of you can't ignore those signs just yeah
Ellie;539.041;545.397;understand (i understand) memory_erase (tell me about an event or something that you wish you could erase from your memory)
Participant;547.91;559.84;mm i guess it would be a particular argument i had with somebody um that happened to be in sort of a public place and i got in trouble for it i wish i could erase that
Ellie;561.944;566.886;okay_confirm (okay) family_relationship (tell me about your relationship with your family)
Participant;567.56;581.27;my relationship with my family <fam> i have a wonderful family i'm completely blessed amazing parents i have a brother and has he has a little girl so i have a baby niece that i love more than anything in the world and i could not ask for a better family they're the ideal
Ellie;582.257;586.613;good_hear (that's so good to hear) influence_positive (who's someone that's been a positive influence in your life)
Participant;588.09;595.51;my parents for sure they're just wonderful people that just taught by example and i feel like i'm a good mix of both of them
Ellie;597.631;600.071;easy_sleep (how easy is it for you to get a good night's sleep)
Participant;601.54;611.07;it's pretty easy i try um lately it's been a little bit hard my sleep's been off but for the most part i've come to recognize the importance of it and it's it's been pretty easy
Ellie;612.591;614.371;sleep_affects (what are you like when you don't sleep well)
Participant;616.12;637.85;<sigh> uh a little edgy or fidgety maybe a little bit out of it i might um might seem like i'm in a good mood 'cause i might be a little giddy and uh laughing more just sort of <laughter> high emotions but overall get um irritated faster and just um sweat more just feel feel um just a little off
Ellie;638.739;640.119;feel_lately (how have you been feeling lately)
Participant;640.97;642.36;i've been feeling pretty good lately
Ellie;643.995;647.165;behavior_changes (have you noticed any changes in your behavior or thoughts lately)
Participant;648.57;653.99;mm not really just trying to be more focused <clears throat> get things done
Ellie;653.552;654.712;tell_about_that (can you tell me about that)
Participant;655.17;671.65;um just trying to focus on what i wanna do career-wise and really stop wasting time or you know just procrastinating and and get things done and being inspired going and seeing you know being around people that are doing what i wanna do and just carrying it over to my own life
Ellie;672.237;676.053;thats_good (that's good) ptsd_diagnosed (have you ever been diagnosed with p_t_s_d)
Participant;676.67;677.04;no
Ellie;677.662;679.472;depression_diagnosed (have you been diagnosed with depression)
Participant;679.91;680.26;no
Ellie;681.504;684.051;happy_lasttime (tell me about the last time you felt really happy)
Participant;685.62;695.95;uh oh just a couple days i was just in with my family and my baby niece in florida and that's why i went down there to see her so it was just awesome i'm always happy when i see her
Ellie;696.842;701.082;aw (aw) BF_describe (how would your best friend describe you)
Participant;702.95;723.775;probably as um  very funny humor would definitely probably be one of the first things they would say joking always a little wise-ass in my personality but um they would describe me as always uh unconditional there for them and just they know they know that i'm there if they need them always
Ellie;724.356;730.273;uh_huh (uh huh) self_change (what are some things you wish you could change about yourself)
Participant;731.77;734.58;my drive being more driven and just getting things done
Ellie;736.596;741.893;feelbadly (tell me about a time when someone made you feel really badly about yourself)
Participant;741.6;776.05;mm i guess it would be well a recent a recent ex-boyfriend that was a a mistake of a relationship uh yeah sort of just uh i i think because he the way he felt about himself certain things he would say and even though what he said didn't directly make me feel bad the whole situation made me realize wow the fact that i'm even with this person made me feel like i'm let allowing people into my life that shouldn't be there so i'm dumbing myself down and that yeah it was terrible
Ellie;776.927;779.497;isee_downer (i see) regret (is there anything you regret)
Participant;780.84;783.1;yes i regret not listening to my gut instincts
Ellie;784.521;787.471;advice_back (what advice would you give to yourself ten or twenty years ago)
Participant;788.85;790.23;don't second-guess yourself
Ellie;794.326;797.266;Ellie17Dec2012_07 (what would you say are some of your best qualities)
Participant;798.365;825.45;<sigh> <clears throat> um great listener constant sense of humor uh very malleable in terms of eh people uh tolerant and comfortable around all just people from just all ages race gender whatever i just i crave diversity and love to just you know i just i i i'm people person and i um i start every day with a blank slate
Ellie;826.565;831.035;mhm (mhm) Ellie17Dec2012_10 (tell me about something you did recently that you really enjoyed)
Participant;833.02;842.27;i um i did some acting work on a on a series with a really great group of people and it was it was a very cool cool creative experience very inspiring
Ellie;842.831;847.227;nice (nice) Ellie17Dec2012_08 (what are you most proud of in your life)
Participant;848.28;852.98;probably coming out to l_a on my own without knowing anybody and staying here and pursuing what i wanna do
Ellie;854.859;859.423;asked_everything (okay i think i have asked everything i need to) appreciate_open (thanks for sharing your thoughts with me)
Participant;859.89;860.46;thank you
Ellie;860.738;861.348;bye (goodbye)
Participant;861.79;862.25;goodbye
