speaker;start_time;stop_time;text
Participant;13.0;13.93;<sync>
Ellie;29.145;50.685;IntroV4Confirmation (hi i'm ellie thanks for coming in today i was created to talk to people in a safe and secure environment i'm not a therapist but i'm here to learn about people and would love to learn about you i'll ask a few questions to get us started and please feel free to tell me anything your answers are totally confidential are you ok with this)
Participant;51.05;51.41;mhm
Ellie;51.979;56.585;okay_confirm (okay) how_doingV (so how are you doing today)
Participant;57.21;59.16;um i'm doing good what about you
Ellie;59.02;62.096;thats_good (that's good) great_thanks (i'm great thanks)
Participant;62.44;62.77;mhm
Ellie;62.673;63.993;where_originally (where are you from originally)
Participant;64.99;72.84;um l_a <l> los los angeles but i currently reside <res>reside in inglewood wait did i answer your question
Ellie;72.309;72.719;cool3 (cool)
Participant;73.64;74.01;i don't know
Ellie;74.373;74.843;yeah3 (yeah)
Participant;75.19;75.5;okay
Ellie;75.911;78.021;like_about_LA (what are some things you really like about l_a)
Participant;78.28;86.96;l_a um the murals the ocean what else the people my family's over here so that's the best part
Ellie;87.703;88.603;thats_great (that's great)
Participant;89.33;91.66;what about you oh wait yeah <laughter>
Ellie;90.474;92.824;dont_like_LA (what are some things you don't really like about l_a)
Participant;92.96;100.55;um i would say the smog yeah the air it could be cleaner and
Ellie;100.09;101.12;see_mean (i see what you mean)
Participant;101.19;109.43;yeah um that's pretty <pre> i mean there's good people and bad people too but yeah for the most part it's all good
Ellie;111.066;118.443;yeah3 (yeah) travel_shoes (i'm sure you can tell by my shoes i'm not much of a world explorer do you travel a lot)
Participant;118.4;124.5;um yeah i've been to mexico <me> uh mexico and the temples and northern california so yes
Ellie;124.159;127.313;nice (nice) travel_changed (what do you enjoy about traveling)
Participant;127.57;139.01;traveling like cleaner air that's good it's healthier for your body cleaner bloodflow the um people culture and stories and when you come back you share stories with like your friends
Ellie;140.73;144.091;makes_sense (that makes sense) travel_trips (i'd love to hear about one of your trips)
Participant;144.58;148.55;yeah um any time like right now or when
Ellie;148.586;149.056;uh_huh (uh huh)
Participant;149.68;180.23;okay so like this one time when i was kid we went out to the temples and um it started raining so we just start walking through and like when we get to the top one thing i didn't know before is that the higher you go the the smaller the steps get so like people back then had uh smaller feet so what happened was as i went higher towards the temple i had to walk sideways so my feet could measure up to the the the steps but once you get up there it's a nice view i yeah
Ellie;179.448;183.071;awesome (awesome) study (what did you study at school)
Participant;183.81;190.05;uh general education but um mainly art yeah i took a lot of a lot of art classes
Ellie;190.605;192.035;change_directions (what made you decide to do that)
Participant;192.66;201.97;um well when i was a kid i scribbled on walls with crayola so i figured you know like it kinda stuck around with me so i just pursued it so yeah
Ellie;202.861;204.061;dream_job (what's your dream job)
Participant;204.38;208.46;my dream job would be to get paid for painting painting art
Ellie;208.32;209.12;wild_laughter3 ((laughter))
Participant;209.61;213.92;yeah um yeah pretty simple
Ellie;213.458;214.398;difficult (how hard is that)
Participant;215.01;230.27;um it's not so much that it's hard it just requires passion um persistence and faith and will you just have to really believe in yourself the more you believe in yourself the more likely you are able to succeed
Ellie;231.013;231.483;mm (mm)
Participant;233.13;233.43;mhm
Ellie;234.145;238.562;shyoutgoing (do you consider yourself more shy or outgoing)
Participant;237.89;263.78;i consider myself to be shy in certain um time and places but i am also out outgoing when like i have the energy so i feel like it's well balanced you know like i'm shy when it's i guess okay to be shy you know and i'm outgoing when like the need to actually um have fun or just explore it feels good like if that makes sense but yeah
Ellie;264.843;278.416;understand (i understand) relax_fishtank (sometimes when i'm feeling tense i turn on the fish tank screensaver hey i know it's not hawaii but it's the best i've got what do you do to relax)
Participant;271.84;299.63;<laughter> yeah to uh relax um either well i don't know if i should say this but i smoke weed <laughter> so that helps and i like painting painting pretty much helps me relax you know especially when i use the color blue because the color blue um relaxes me and also green when i use these two colors and make a painting it calms <calm>calms me down
Ellie;300.564;300.974;cool3 (cool)
Participant;301.74;303.06;yeah and you have a blue shirt yeah
Ellie;302.061;304.121;control_temper (how are you at controlling your temper)
Participant;304.37;324.4;my temper um well my thoughts my thoughts control my emotions and my emotions yeah that's pretty much how my temper i i try to make sense you know like is it worth getting mad or if i do get mad what will be the outcome you know so controlling my temper is just by training my thought
Ellie;325.575;330.005;mm (mm) last_argument (when was the last time you argued with someone and what was it about)
Participant;330.78;358.4;um <sigh> the last time i argued with somebody was with my with my father and it was because i wanted to eat food but he wanted me to buy wine so right when the food was ready i was hungry to eat and he was like no so that kinda frustrated me and the way i handled it was like well i could just eat when i come back and i'm doing him a favor so you know and then after you know i could just eat in eat in peace so
Ellie;358.319;358.789;yeah3 (yeah)
Participant;359.15;359.31;yeah
Ellie;360.754;363.443;family_relationship (tell me about your relationship with your family)
Participant;363.58;379.49;my family um it's pretty good um my mom my dad have a good relationship still <s>still married and my brothers and sisters um we help one another out so that's good it's just yeah it's like a team
Ellie;381.197;386.48;thats_good (that's good) situation_handled (tell me about a situation that you wish you had handled differently)
Participant;386.91;396.15;a situation i wish i could handle differently would be hmm that's a good question i mean can i get a scenerio
Ellie;399.587;400.787;mind (whatever comes to your mind)
Participant;401.38;429.79;okay um a situation i could handle differently well see that's the thing like i feel like if i'm calm in any situation i could figure it out you know but if it came down to like a rubik's cube maybe how would i handle the situation would be just by uh failing um failing making mistakes because i would make the right mistakes and the right lessons would come after so that's the best way i could answer your question you know
Ellie;430.683;431.143;okay_confirm (okay)
Participant;430.7;431.13;yeah
Ellie;432.198;434.528;influence_positive (who's someone that's been a positive influence in your life)
Participant;434.77;455.29;a positive influence pretty much anybody who told me the truth has been a positive influence  influence  you know like yeah even though it may hurt like oh the truth does hurt well they're not trying to be mean they're actually good influences so i would say my friends uh my mom my dad my brother my sisters yeah
Ellie;455.747;461.523;mm (mm) memory_erase (tell me about an event or something that you wish you could erase from your memory)
Participant;462.31;496.67;mm well see that's the thing like you like i have i've had some pretty bad experiences with like being at gunpoint and with a knife but at the end of the day what that did was like give me more insight it made me more aware and it taught me how to read people a little bit more like just sense things out and also how to avoid situations so even though it was bad and it did kinda like scar me it did prepare me for like the world you know because this happened to me when i was like twelve thirteen years old so i was already being exposed to like you know like guns knives and all that stuff so
Ellie;497.397;498.077;Ellie17Dec2012_06 (wow)
Participant;497.46;511.22;it's it's bad but it's good in the long term you know because if you get out of that slump it's like nothing else would really phase you because oh you think you know in your head like oh i've been through worse so it's not as bad you know and
Ellie;511.119;511.559;yeah_downer (yeah)
Participant;512.04;512.37;so yeah
Ellie;513.825;517.425;hard_decisionB (tell me about the hardest decision you've ever had to make)
Participant;517.32;528.12;the hardest um man this one right now uh see for a the moment i got stuck i was like trying to think that was that was part of it
Ellie;527.331;528.131;wild_laughter3 ((laughter))
Participant;528.91;531.48;but uh hardest decision as far as like life changing
Ellie;532.702;533.172;yeah3 (yeah)
Participant;533.75;562.45;life changing whether to continue school college or not mm i kinda chose to like i went to school but i chose to pursue my own like like i'm learning more by connecting myself with people who are already in the field i wanna be in so that was a hard choice because there was no um guarantee that i would like run into like the right people but i took that chance and you know i met the right people so yeah
Ellie;562.175;563.175;happy_didthat (are you happy you did that)
Participant;563.51;564.91;yeah yeah
Ellie;565.275;569.467;thats_good (that's good) easy_sleep (how easy is it for you to get a good night's sleep)
Participant;570.01;580.7;um it's actually really easy i sometimes yeah like if i wanted to i could sleep right now in like ten minutes you know i could just like shut down my mind like yeah just calm down
Ellie;578.221;578.791;wow (wow)
Participant;581.21;583.12;like like slow down my air pattern
Ellie;582.087;582.887;wild_laughter3 ((laughter))
Participant;583.61;585.85;yeah mhm
Ellie;587.044;588.424;feel_lately (how have you been feeling lately)
Participant;589.0;617.19;lately i've been feeling good i've been feeling like i have free will like at this point in time i feel like if i chose a path any path with like my heart i could get there you know but i'm kind of like still deciding it's like everything in all all these paths are in the air just trying to make my own i don't know that's where i'm at i feel like i have free will so yeah
Ellie;617.072;622.765;thats_great (that's great) behavior_changes (have you noticed any changes in your behavior or thoughts lately)
Participant;624.8;626.7;lately like in the past two weeks or today
Ellie;628.809;630.009;mind (whatever comes to your mind)
Participant;630.6;643.92;<laughter> okay uh yeah you know like um yeah things happen that would change like my feelings and for example right now it just happened
Ellie;642.963;643.503;like_what (like what)
Participant;644.29;645.85;huh for right now like
Ellie;645.689;646.229;like_what (like what)
Participant;646.99;669.24;this experience for one is kind of like a shift in my thought because yeah it's like it's technology you know it's like it's a trip to see how far like one could take a thought and then make it reality so that's kinda like shifting my thoughts right now this experience this this whole experience yeah
Ellie;669.714;673.603;okay_confirm (okay) ptsd_diagnosed (have you ever been diagnosed with p_t_s_d)
Participant;674.29;677.48;uh post traumatic stress disorder no
Ellie;678.031;679.841;depression_diagnosed (have you been diagnosed with depression)
Participant;680.65;685.04;depression i know how it's like to be depressed but diagnosed by a doctor no
Ellie;686.289;687.449;tell_about_that (can you tell me about that)
Participant;687.98;691.74;uh depression how how it feels
Ellie;691.354;691.864;mhm (mhm)
Participant;692.96;726.13;how does depression feel like it feels like it's like a bird in a cage being depression is like being <ss> a fish who can't swim in the water i have feeling depression is like being a bird without wings um pretty much it feels like you're limited but then the thing is to get out of that depression it's like you have to awaken and change your perspective and focus on like i i would say colors colors help and people talking to people helps yeah
Ellie;726.228;727.768;bouts_symptoms (when was the last time that happened)
Participant;728.12;752.4;um being depressed mm let's see mm i don't know like it could <cou> it could come like it could happen everyday in like in small doses doses so like i i could say today you know earlier when i was just by myself i felt a little depressed but then what happened i fixed it like called up a friend and met up with him and yeah
Ellie;753.464;757.517;thats_good (that's good) happy_lasttime (tell me about the last time you felt really happy)
Participant;758.0;767.14;um i mean at this moment i feel pretty happy you know i'm talking to a virtual person it's pretty cool and yeah right now i feel happy
Ellie;766.474;767.194;awesome (awesome)
Participant;769.55;770.05;<laughter>
Ellie;769.711;771.401;BF_describe (how would your best friend describe you)
Participant;772.12;798.68;um sometimes hard headed like he would try to teach me um a certain lesson whether it's art or just like in my character and yeah he would probably just describe me as like like like he would listen but at the same time he'll still do what he wants to do so pretty much like i don't know yeah i mean that's what he tells me but yeah overall good person
Ellie;799.178;804.397;mm (mm) self_change (what are some things you wish you could change about yourself)
Participant;804.66;812.97;um probably just exercise um my diet food my food intake and yeah just exercise pretty much it
Ellie;814.404;819.724;feelbadly (tell me about a time when someone made you feel really badly about yourself)
Participant;814.75;830.01;my health mm i would say when i was like in middle school or in elementary a little bit of high school too but what it would
Ellie;829.551;830.711;tell_about_that (can you tell me about that)
Participant;831.1;868.41;yeah what it would be was it would either be about um well pretty much my art <laughter> like if i ever did something and i thought it was good then someone else would be like oh you know that looks kinda like like trash and then i'd be like oh damn either i could accept it and be like yeah it does kinda look and then fix it or what i would do back then would be like damn you know just kinda dwell on that thought and then just like stay there for a bit and then eventually i'll come out of it but yeah usually it's um people's words and ideas that
Ellie;868.114;869.064;understand (i understand)
Participant;868.86;871.83;yeah yeah so that's it
Ellie;872.929;873.999;regret (is there anything you regret)
Participant;874.74;878.0;regret um yeah i got a couple things i regret
Ellie;880.691;881.231;like_what (like what)
Participant;881.91;896.95;like what well sometimes i feel like i should've completed a whole university thing but i mean at the same time i feel like if i really wanted to go i would have gone so yeah that's kind of a regret in my head
Ellie;897.632;901.88;yeah_downer (yeah) advice_back (what advice would you give to yourself ten or twenty years ago)
Participant;902.27;924.4;ten or twenty years ago would be um seek spiritual well being you know learn how to um handle your thoughts choose your thoughts i would teach myself um pick the right <r> people you surround yourself with because that   definitely has a major influence in your environment uh certain events you would experience and as far as your overall happiness yeah
Ellie;924.158;924.628;uh_huh (uh huh)
Participant;925.84;927.27;yeah among other things but yeah
Ellie;927.05;929.35;Ellie17Dec2012_08 (what are you most proud of in your life)
Participant;929.59;947.52;what i'm most proud of right now is my paintings yeah i'm proud of that because like i feel like these paintings i'm releasing are things that no one else could duplicate you know it's like it's one of a kind and like it's it's there you know it's has own signature so so yeah i'm i'm pretty happy about that
Ellie;948.829;949.729;thats_great (that's great)
Participant;950.85;951.46;yeah thank you
Ellie;951.031;953.471;asked_everything (okay i think i have asked everything i need to)
Participant;954.11;954.82;alright thank you
Ellie;955.175;956.615;appreciate_open (thanks for sharing your thoughts with me)
Participant;957.02;957.32;mhm
Ellie;957.998;958.608;bye (goodbye)
Participant;959.11;960.46;alright bye <laughter>
