speaker;start_time;stop_time;text
Participant;17.07;17.89;<synch>
Ellie;34.363;55.903;IntroV4Confirmation (hi i'm ellie thanks for coming in today i was created to talk to people in a safe and secure environment i'm not a therapist but i'm here to learn about people and would love to learn about you i'll ask a few questions to get us started and please feel free to tell me anything your answers are totally confidential are you ok with this)
Participant;56.04;56.53;yes
Ellie;57.086;61.008;okay_confirm (okay) how_doingV (so how are you doing today)
Participant;61.3;62.36;i'm feel great
Ellie;63.016;65.799;thats_good (that's good) where_originally (where are you from originally)
Participant;66.28;69.14;i am from saint louis missouri born and raised
Ellie;68.438;69.028;really (really)
Participant;69.48;69.91;yes
Ellie;71.004;72.084;when_LA (when did you move to l_a)
Participant;72.77;76.36;i've been here a couple times i just recently moved back two months ago
Ellie;77.459;79.079;compares_LA (how does it compare to l_a)
Participant;80.2;81.89;saint louis is quite slower
Ellie;83.438;84.458;why_LA (why did you move to l_a)
Participant;85.11;87.38;uh to take care of a good friend that who who's ill
Ellie;89.083;89.823;im_sorry (i'm sorry)
Participant;89.95;90.3;thank you
Ellie;90.957;93.427;adapted_LA (how easy was it for you to get used to living in l_a)
Participant;93.93;96.18;i jumped right back on the bandwagon
Ellie;97.777;99.887;like_about_LA (what are some things you really like about l_a)
Participant;100.58;101.63;the climate
Ellie;102.936;103.446;mhm (mhm)
Participant;104.04;104.98;and the restaurants
Ellie;106.57;108.92;dont_like_LA (what are some things you don't really like about l_a)
Participant;110.67;112.78;the dirt and the traffic
Ellie;113.906;122.416;see_mean (i see what you mean) travel_shoes (i'm sure you can tell by my shoes i'm not much of a world explorer do you travel a lot)
Participant;122.13;122.69;yes i do
Ellie;124.21;125.73;travel_changed (what do you enjoy about traveling)
Participant;126.97;130.79;uh the road maps following a road map maybe driving myself
Ellie;132.276;133.956;travel_trips (i'd love to hear about one of your trips)
Participant;134.94;142.21;well we just recently got back from uh colorado went up into the mountains saw the the snow and
Ellie;139.313;140.043;nice (nice)
Participant;143.06;144.6;enjoyed a little fine dining
Ellie;146.21;148.57;memorableB (what's one of your most memorable experiences)
Participant;150.32;151.39;in colorado
Ellie;152.822;153.332;mhm (mhm)
Participant;154.22;158.77;uh actually going um horseback riding through the royal gorge
Ellie;160.274;160.994;awesome (awesome)
Participant;162.11;162.76;yes it was
Ellie;164.378;168.785;shyoutgoing (do you consider yourself more shy or outgoing)
Participant;168.09;169.68;i would be more outgoing
Ellie;171.361;171.931;why2 (why)
Participant;172.69;174.02;i'm a people person
Ellie;175.487;189.215;understand (i understand) relax_fishtank (sometimes when i'm feeling tense i turn on the fish tank screensaver hey i know it's not hawaii but it's the best i've got what do you do to relax)
Participant;186.6;192.02;<laughter> i listen to jazz music and i also draw
Ellie;193.56;197.872;thats_great (that's great) control_temper (how are you at controlling your temper)
Participant;198.92;203.2;i've probably mastered controlling my temper through age
Ellie;202.873;205.923;last_argument (when was the last time you argued with someone and what was it about)
Participant;206.12;211.1;mm it would've been my husband and it was about financial issues
Ellie;212.158;213.698;describe_felt (how did you feel in that moment)
Participant;216.02;228.94;unsure <un> unsure unstable i don't like loud talking or mm loud emotion i like to sit and methodically and logically talk about things not raise my voice
Ellie;229.714;235.227;yeah_downer (yeah) situation_handled (tell me about a situation that you wish you had handled differently)
Participant;237.23;262.58;hmm most recently with the illness of my friend i wish i would've handled his sister a little differently as far as things that she's wanted me to do that i really needed to tell her otherwise the way they really needed to be done i took her advice where i shouldn't of
Ellie;263.223;266.389;isee_downer (i see) how_know (how do you know them)
Participant;267.42;286.63;um we he i was engaged to him fifteen years ago and he recently called me i guess about five years ago and told me he was diagnosed with cancer we've always maintained our friendship and i asked my husband if i could go help him in his time of need and i'm here
Ellie;287.622;290.435;Ellie17Dec2012_06 (wow) been_hard (that sounds really hard)
Participant;291.17;291.87;it has been
Ellie;293.647;295.077;change_directions (what made you decide to do that)
Participant;296.54;313.99;um a lot of things one he's a good friend of mine and his sister moved out here as well two my son wanted to start his career out here three i love the weather and that's all i can think of at the moment <laughter>
Ellie;314.015;315.045;see_mean (i see what you mean)
Participant;316.24;316.58;mhm
Ellie;316.754;320.354;hard_decisionB (tell me about the hardest decision you've ever had to make)
Participant;326.05;328.86;uh it would be the the death of my youngest son
Ellie;332.036;333.196;tell_about_that (can you tell me about that)
Participant;333.46;355.79;i don't know where to start as far as he was born premature and since he was born so early i had him in five months versus nine the we we made the decision to take him off life support 'cause he wasn't getting any better so that would've been the the hardest decision i made with my husband
Ellie;355.143;355.583;yeah_downer (yeah)
Participant;356.75;357.02;mhm
Ellie;358.546;362.684;memory_erase (tell me about an event or something that you wish you could erase from your memory)
Participant;364.03;387.02;um i really don't wanna erase anything from my memory i've actually um learn and experience and gain knowledge from from things that happen so i'm not <ss> i'm not one to put things erase things out of my mind i categorize them and place them in memories
Ellie;385.666;392.734;okay_confirm (okay) family_relationship (tell me about your relationship with your family)
Participant;393.13;401.4;uh it's very close lost my mother at a young age and uh all of us siblings and my father still remain very close
Ellie;402.632;406.362;thats_good (that's good) influence_positive (who's someone that's been a positive influence in your life)
Participant;406.6;407.36;mm my father
Ellie;409.545;410.705;tell_about_that (can you tell me about that)
Participant;411.09;431.32;oh he's very health conscious very energetic and exercises <e> uh exercises and has a spirituality about him that uh i want to have as well it's a contentment that he that he portrays that i that i would like to have as well
Ellie;427.053;435.315;mhm (mhm) easy_sleep (how easy is it for you to get a good night's sleep)
Participant;435.84;436.44;no problem
Ellie;438.129;439.909;sleep_affects (what are you like when you don't sleep well)
Participant;440.77;445.8;very confused or um skittish i guess would be the word
Ellie;447.184;448.564;feel_lately (how have you been feeling lately)
Participant;449.52;460.88;lately fine <f> fine except for the fact that my um good friend who i'm helping take care of we just got out of the hospital so it's been a little hectic the last two days
Ellie;461.444;466.28;yeah_downer (yeah) behavior_changes (have you noticed any changes in your behavior or thoughts lately)
Participant;467.23;469.95;um no not lately
Ellie;471.071;474.796;okay_confirm (okay) ptsd_diagnosed (have you ever been diagnosed with p_t_s_d)
Participant;475.45;476.33;no i have not
Ellie;476.77;478.58;depression_diagnosed (have you been diagnosed with depression)
Participant;479.04;479.9;no i have not
Ellie;480.889;483.436;happy_lasttime (tell me about the last time you felt really happy)
Participant;486.94;509.13;um i was excited um with good friends in good company i should say and um i had just got back from a concert so it was outside it was enjoyable music i was with good friends we ate well and enjoyed the moment
Ellie;510.096;514.827;great_situation (that sounds like a great situation) BF_describe (how would your best friend describe you)
Participant;516.04;531.34;uh as a giving spiritual normal person i don't know <laughter>
Ellie;532.989;535.865;self_change (what are some things you wish you could change about yourself)
Participant;539.45;548.39;um i can't think of anything that i'd wanna change except for maybe exercise a little more
Ellie;549.062;555.884;hmm_downer (hmm) feelbadly (tell me about a time when someone made you feel really badly about yourself)
Participant;558.45;565.97;i i can't recall one off hand
Ellie;567.1;570.591;okay_confirm (okay) regret (is there anything you regret)
Participant;572.97;573.32;no
Ellie;575.198;578.148;advice_back (what advice would you give to yourself ten or twenty years ago)
Participant;579.93;589.7;to have save more money and to not try and accomplish everything at once
Ellie;591.066;594.269;uh_huh (uh huh) study (what did you study at school)
Participant;595.44;604.69;i started out in cosmetology then i went into um college have some college in mathematics and finance
Ellie;606.954;608.154;dream_job (what's your dream job)
Participant;612.32;612.91;traveling
Ellie;615.89;620.691;okay_confirm (okay) Ellie17Dec2012_10 (tell me about something you did recently that you really enjoyed)
Participant;622.92;640.88;mm i had a lot <lo> i like to i enjoy um good food nice wine and company i just went last night to a very nice italian restaurant and was in the company of good friends and family and we dined and talked and that was fun
Ellie;641.526;646.229;nice (nice) Ellie17Dec2012_08 (what are you most proud of in your life)
Participant;648.39;651.33;most proud of i guess it would be my children
Ellie;653.99;658.595;asked_everything (okay i think i have asked everything i need to) appreciate_open (thanks for sharing your thoughts with me)
Participant;659.25;659.83;you're welcome
Ellie;660.101;660.711;bye (goodbye)
Participant;660.93;661.28;bye bye
