speaker;start_time;stop_time;text
Ellie;18.73;40.26;hi i'm ellie thanks for coming in today i was created to talk to people in a safe and secure environment i'm not a therapist but i'm here to learn about people and would love to learn about you i'll ask a few questions to get us started and please feel free to tell me anything your answers are totally confidential are you okay with this
Participant;40.67;41.14;yes
Ellie;41.66;44.34;okay so how are you doing today
Participant;45.34;47.34;i'm doing pretty good <laughter>
Ellie;47.42;49.85;that's good where are you from originally
Participant;50.23;51.41;i'm from oklahoma
Ellie;52.44;52.85;really
Participant;53.02;56.15;mhm yup oklahoma city
Ellie;55.97;57.72;what are some things you really like about l_a
Participant;58.73;66.88;uh the weather is great i love being near the ocean and the palm trees and uh mountains i just love it here <laughter>
Ellie;67.85;70.18;how easy was it for you to get used to living in l_a
Participant;71.36;79.74;um it was pretty easy there's a few differences it's a huge city compared to where i'm from so traffic has definitely been an adjustment for me <laughter>
Ellie;80.75;81.64;why'd you move to l_a
Participant;82.71;91.6;um i just always wanted to live in california uh hated being landlocked in oklahoma just wanted to get out to the west coast be near the ocean
Ellie;93.56;94.67;what'd you study at school
Participant;95.52;98.12;i studied psychology and minored in art
Ellie;99.32;100.38;are you still working in that
Participant;101.09;103.11;um no not at the moment
Ellie;104.05;104.9;what do you do now
Participant;106.01;119.65;um well actually i think i misunderstood your question i'm not still working on my degree but i am working in the field of psychology i well i just got hired working at a group home for teenage boys who have been in trouble with the law
Ellie;121.17;122.29;what's your dream job
Participant;123.59;138.72;my dream job oh i don't really know i think i just wanna help people however i can and um i just like working with people in the realm of psychology so i think i may already have my dream job <laughter>
Ellie;140.23;141.59;what do you do to relax
Participant;142.88;152.74;to relax i like to read or watch movies um i like to go to the beach and just watch the sunset or um hang out with friends
Ellie;154.76;156.85;what are some things that make you really mad
Participant;158.0;174.48;things that make me really mad um probably injustice towards other people um people being mistreated or abused um and people being lied to and deceived including myself i hate being lied to <laughter>
Ellie;175.48;176.75;what do you do when you're annoyed
Participant;178.09;195.54;when i'm annoyed uh depends on the situation but i try to just like count to ten and take a deep breath and and not let my emotions cause me to react in a negative way so i just try and like calm down before i say anything
Ellie;197.43;199.31;how are you at controlling your temper
Participant;200.58;217.36;um it depends again on the situation and like who i'm angry with um most of the time i'm pretty good at controlling it but sometimes i think like like most people i'll lash out at the people that i'm closest to at times and and those moments i'm not that good at controlling it
Ellie;218.34;221.31;when was the last time you argued with someone and what was it about
Participant;223.75;248.66;<sigh> when was the last time i argued with someone it was probably with my parents um i've been having some some car trouble lately and i'm also running low on money so i'm sure i don't even remember exactly but i'm sure we kind of probably fought about the fact that i you know need to be more self-sufficient and independent take care of my own <laughter> things like car issues
Ellie;250.44;251.99;how close are you to your family
Participant;252.78;257.89;i am very close with my family they're still in oklahoma but i talk to them on the phone all the time
Ellie;259.2;261.54;who's someone that's been a positive influence in your life
Participant;263.04;280.07;oh definitely i mean my mom i think um she's probably the person that i'm closest to and she just she's a great role model she's a wonderful person and she's very hardworking and very unselfish and i just wanna be like her in those ways
Ellie;281.72;283.91;what's one of your most memorable experiences
Participant;285.34;304.06;oh probably the time i went bungee jumping over the nile river in uganda um i still kinda have flashbacks of that moment just freefalling it was like the coolest experience ever and i love doing things that are crazy like that so it was a fun time <laughter>
Ellie;305.31;306.25;do you travel a lot
Participant;307.41;327.36;yeah well i have <ha> i have traveled a lot nowadays i don't travel so much anymore but i used to work for a cruise line um norwegian cruise line and so i would go travel all the time with them and then i also did an eleven month long trip around the world uh it was a mission trip so i just went and helped out in different third world countries it was really cool
Ellie;328.34;329.77;what do you enjoy about traveling
Participant;331.08;359.04;uh i just love going to different places seeing new places and meeting all different types of people um because it's easy to just like get so absorbed in your own small bubble that you forget that there's a huge world out there and there's all different types of people with all different types of beliefs and it's just really cool to be able to branch out and see and meet those types of people and see just the diversity and the terrain of the earth even and the way that the earth looks in different places is cool
Ellie;362.6;364.2;have you ever served in the military
Participant;364.87;366.66;no i have not served in the military <laughter>
Ellie;367.25;369.18;have you ever been diagnosed with p_t_s_d
Participant;369.8;370.19;nope
Ellie;370.92;372.64;have you been diagnosed with depression
Participant;373.52;388.97;no i've never been formally diagnosed although i would say i've probably diagnosed myself with depression um just after having studied it a lot in psychology throughout the years i've i'm probably ninety nine percent sure that i've struggled with depression off and on so yeah
Ellie;390.5;392.69;how easy is it for you to get a good night's sleep
Participant;394.46;414.29;lately it's been pretty easy but throughout the years i've definitely had a lot of issues with insomnia um just like either not being able to fall asleep or just like waking up constantly throughout the night and so right now i'm not really experiencing too much of that but in the past it's definitely been an ongoing issue for me
Ellie;415.42;417.0;what are you like when you don't sleep well
Participant;417.84;429.07;i'm not a pleasant person when i don't sleep well sleep is extremely like important for me i think maybe more so than a lot of people i i like need good sleep to function
Ellie;430.8;432.23;how have you been feeling lately
Participant;433.54;468.95;i've been feeling really good um over the past several months i was unemployed um after coming out here and that was really really tough um and i just recently got offered my job um just like last week so i definitely think i've been going through a lot of crap and just a lot of depression but it's like lifted a lot of it has been lifted off me because i don't have that pressure any longer of like how am i gonna make ends meet this city's really expensive and i don't have a job and so i feel i feel much more relieved than i have been feeling which is good <laughter>
Ellie;469.97;473.1;have you noticed any changes in your behavior or thoughts lately
Participant;474.31;510.19;um yeah well i mean just like i said over the past week or so i've become a lot more positive i was kind of like feeling a bit like a hermit in a way it's just hard like being in a new city and not really knowing too many people and of course like i said not having a job kind of causes you to kind of just like be in your own shell i guess and that was kinda how it was how it's been for me and um just since i got offered the job i just have so much more confidence and like positivity that um things are are starting to work out for me which is good <laughter>
Ellie;511.32;513.86;when was the last time you felt really happy
Participant;515.12;549.08;oh it was probably a couple of days ago actually i went um i went to explore a part of the south bay area that i hadn't really been to before and it was i was just gonna go for a jog along the beach and it was really foggy outside and then the fog started to lift and um it was just beautiful and then i i went for a drive up off kind of off this like cliff where there's beautiful scenery that i'd never seen before and i just like was overwhelmed with how pretty it was and i was just like oh i can't believe that i get to live here so that was definitely a happy moment for me <laughter>
Ellie;550.78;552.28;how would your best friend describe you
Participant;553.34;577.99;my best friend would probably say that i'm very daring and bold and fearless um that i'm unique and artistic and i don't i would guess that she'd probably say that i'm a non-conformist i don't really think the way that a lot of people do and i question everything so which can be a good or bad thing but yeah <laughter>
Ellie;579.75;581.33;what are you most proud of in your life
Participant;582.92;626.33;um probably just like the fact that i i really try to live my life with like no regrets and just i try to live a very exciting life in a way and i think that especially ever since i finished college and have been traveling like i have and i've tried moving all different places by myself so i think just the fact that i i'm not really afraid i don't let things hold me back i just if i want something or if i wanna do something i can just do it and i guess in a way like i like that about myself and the fact that i'm really independent and can just go and do whatever i feel like doing even if it's hard i still i'm proud that i've overcome a lot of those struggles
Ellie;627.34;628.38;is there anything you regret
Participant;630.33;644.99;oh there's like minor things that i regret throughout my life but there's not anything really major 'cause i think pretty much everything that i've done i've learned from whether it's good or bad so i wouldn't really change anything
Ellie;646.28;649.04;what advice would you give yourself ten or twenty years ago
Participant;651.15;681.79;oh <sigh> i would say i would tell myself when i was a kid that i should just keep dreaming big and don't let anything that anyone says like stop me from believing that anything's possible because um i guess as i've grown into an adult i've really seen and started to really believe that truly anything is possible and if you really want something you can go after it and you can get it so i would just tell myself to never give up and just always believe that you can do what you wanna do
Ellie;684.15;687.46;tell me about something you did recently that you really enjoyed
Participant;688.65;720.61;oh let's see that's kind of hard <laughter> um oh i guess i went home recently for christmas back to oklahoma and um i got to see some of my friends from college that i hadn't seen in some of 'em i hadn't seen in like since i graduated so um which has been like four years ago so um it was really awesome just to go out with them and we went to dinner and we went out afterwards and just had a good night and it was really really fun
Ellie;722.49;724.83;okay i think i've asked everything i need to
Participant;725.35;725.71;cool
Ellie;725.78;727.31;thanks for sharing your thoughts with me
Participant;727.84;728.35;you're welcome
Ellie;728.66;729.19;goodbye
Participant;729.41;729.79;bye
