speaker;start_time;stop_time;text
Participant;12.5;13.55;<sync>
Ellie;35.554;57.094;IntroV4Confirmation (hi i'm ellie thanks for coming in today i was created to talk to people in a safe and secure environment i'm not a therapist but i'm here to learn about people and would love to learn about you i'll ask a few questions to get us started and please feel free to tell me anything your answers are totally confidential are you ok with this)
Participant;57.66;58.44;yes
Ellie;58.828;63.237;okay_confirm (okay) how_doingV (so how are you doing today)
Participant;63.67;64.85;i'm pretty good
Ellie;65.516;68.55;thats_good (that's good) where_originally (where are you from originally)
Participant;69.16;71.44;uh as far as my parents ethiopia
Ellie;71.893;72.483;really (really)
Participant;74.22;74.73;yes
Ellie;76.432;78.542;like_about_LA (what are some things you really like about l_a)
Participant;79.2;85.07;um the beaches the warm weather um the diverse environment
Ellie;85.657;88.007;dont_like_LA (what are some things you don't really like about l_a)
Participant;89.24;90.9;uh traffic <laughter>
Ellie;93.1;98.992;yeah3 (yeah) see_mean (i see what you mean) study (what did you study at school)
Participant;99.82;102.48;well i'm currently in school i'm studying african studies
Ellie;103.438;108.085;cool3 (cool) hard_decision (how did you decide to do that)
Participant;109.03;118.72;uh i've always been interested in african studies actually i've always wanted to help people and i figured that i could help them by trying to learn about it and going back to africa and make an influence
Ellie;119.487;127.439;thats_great (that's great) shyoutgoing (do you consider yourself more shy or outgoing)
Participant;127.0;132.19;kind of in between i have my shy moments but then when i'm around a group of people that i enjoy i'm pretty outgoing
Ellie;133.737;145.582;relax_fishtank (sometimes when i'm feeling tense i turn on the fish tank screensaver hey i know it's not hawaii but it's the best i've got what do you do to relax)
Participant;146.0;152.13;um to relax i normally write or i go to the beach and just sit there play my guitar
Ellie;152.627;156.559;mhm (mhm) control_temper (how are you at controlling your temper)
Participant;157.41;166.24;pretty good i don't really get angry or anything like that i tend to keep it in or try to release it by writing
Ellie;167.416;170.466;last_argument (when was the last time you argued with someone and what was it about)
Participant;171.79;175.53;um i actually can't remember the last time i argued with someone
Ellie;177.452;182.428;okay_confirm (okay) feelguilty (what's something you feel guilty about)
Participant;183.93;186.43;mm all the people i've hurt in the past
Ellie;188.058;189.218;tell_about_that (can you tell me about that)
Participant;190.24;203.33;uh i've like cheated on people hurt their feelings intentionally done things that i shouldn't have done that i regret now
Ellie;203.594;208.888;mm (mm) situation_handled (tell me about a situation that you wish you had handled differently)
Participant;209.67;228.49;mm um well with my ex i could've ended it better so we could be on better terms now um i probably shouldn't have argued so much or tried to instigate so many things i probably should've just let it go with the flow and just see how it turned out
Ellie;229.405;235.812;yeah_downer (yeah) hard_decisionB (tell me about the hardest decision you've ever had to make)
Participant;236.82;245.14;um hardest decision i've ever had to make was man i really don't know actually
Ellie;247.176;253.23;okay_confirm (okay) memory_erase (tell me about an event or something that you wish you could erase from your memory)
Participant;254.92;261.95;um having to see my dad go through surgery and see him suffer
Ellie;264.366;265.326;tell_me_about (tell me about that)
Participant;266.75;281.61;um well he had a tumor that he had to get removed so it was just hard seeing him have to be in the bed and just be in the hospital when he really didn't want to be there 'cause he's a really live person and he'd rather be running around and stuff like that but just seeing him stuck in bed was just terrible
Ellie;282.005;291.131;yeah_downer (yeah) been_hard (that sounds really hard) family_relationship (tell me about your relationship with your family)
Participant;291.97;321.8;uh me and my family aren't very close we don't i mean they've always been there for me and i appreciate it but we've never had that close connection <collection> connection <con> connection um especially since they're foreign so they don't really understand where i'm trying to come from having been grown up out in america so it's pretty different when it comes to those cultural <cu> racial i mean the cultural boundaries that we kinda step each over each other's feet on but aside from that we have a decent relationship when we do speak to each other it does get kinda awkward but it's okay
Ellie;322.33;326.603;downer (okay) todays_kids (what do you think of today's kids)
Participant;328.16;350.05;i think they are out of control i think that they're learning things that they shouldn't know at this age i think that they're doing things that they shouldn't be doing and i don't feel like enough people are telling them that they shouldn't be doing it i feel like they're being applauded by the media they're being applauded by celebrities that they follow and there's not enough being done about it and they're just getting lost
Ellie;351.765;356.443;yeah3 (yeah) easy_sleep (how easy is it for you to get a good night's sleep)
Participant;357.41;363.13;um depends on the night some nights it's pretty hard some nights i fall asleep like a baby
Ellie;365.418;367.198;sleep_affects (what are you like when you don't sleep well)
Participant;368.45;385.29;um usually creative actually when i can't sleep i'll just stay up and i'll write something or read a book and ideas will pop up um stuff like that it's usually a good thing when i can't sleep it's nothing really bad 'cause i'm having bad thoughts or anything like that
Ellie;386.337;389.415;okay_confirm (okay) feel_lately (how have you been feeling lately)
Participant;390.81;405.59;um lately between a mix of good and bad i have my happy moments when i'm energized and i'm live then some nights some days where i'm just you know just sitting there just mellow thinking not like my live self
Ellie;406.915;407.485;why2 (why)
Participant;408.5;414.05;i don't know it's just always been like that always have those ups and those downs but they kind of balance each other out
Ellie;414.713;418.085;mhm (mhm) ptsd_diagnosed (have you ever been diagnosed with p_t_s_d)
Participant;418.64;419.27;no
Ellie;419.658;421.468;depression_diagnosed (have you been diagnosed with depression)
Participant;421.75;422.36;no
Ellie;422.746;426.482;happy_lasttime (tell me about the last time you felt really happy)
Participant;426.0;432.38;um the last time i felt really happy was hm today
Ellie;435.222;436.312;more (tell me more about that)
Participant;437.74;457.42;uh just from the moment i woke up it was a beautiful sunny day i went to see some friends we had a good time went to school had some good grades on some papers um wrote a good essay feel pretty accomplished and i feel like my day is just a good day
Ellie;457.871;463.555;good_hear (that's so good to hear) BF_describe (how would your best friend describe you)
Participant;464.84;471.43;my best friend would describe me as odd <laughter> most people would describe me as odd
Ellie;472.476;473.046;why2 (why)
Participant;474.46;479.28;i say a lot of odd things i do odd things i'm interested in things that most people aren't
Ellie;480.46;481.0;like_what (like what)
Participant;482.59;494.57;um just like old literature um revolutionary stuff uh stuff about changing the world but through underground means
Ellie;495.29;499.217;cool3 (cool) regret (is there anything you regret)
Participant;501.64;506.93;um no i i don't live a life of regret
Ellie;507.981;510.931;advice_back (what advice would you give to yourself ten or twenty years ago)
Participant;512.45;514.83;to never let fear stop you from doing anything
Ellie;516.819;521.795;uh_huh (uh huh) ideal_weekendC (tell me how you spend your ideal weekend)
Participant;523.44;530.1;um reading just hanging out with some friends driving around finding something to do just going on an adventure
Ellie;532.257;535.202;self_change (what are some things you wish you could change about yourself)
Participant;537.24;543.11;i don't wish i could change anything about myself i just wish i could build myself into the person that i'm truly supposed to be
Ellie;544.711;550.026;feelbadly (tell me about a time when someone made you feel really badly about yourself)
Participant;550.49;567.88;um this one time me and my best friend got into an argument and she pointed out all the things i've done that i shouldn't have done all at one time how i've hurt people how i've hurt her the ways i've done them that were brutal and it just made me feel bad once i reflected on it all
Ellie;568.788;574.163;yeah_downer (yeah) influence_positive (who's someone that's been a positive influence in your life)
Participant;575.53;576.84;uh my parents
Ellie;578.533;579.693;tell_about_that (can you tell me about that)
Participant;580.95;600.63;i mean although we don't see eye to eye they always bring me to this realization that i need at the end of the day although i never listen to them or i don't choose to listen to them once it happens i learned from it and i'm like oh that's what my parents told me so i learned to trust them more and i learned to understand that they are wiser than me and they do know more than me
Ellie;601.6;609.625;yeah3 (yeah) travel_shoes (i'm sure you can tell by my shoes i'm not much of a world explorer do you travel a lot)
Participant;609.89;616.93;um not so much anymore um i travel around l_a try to find new sights to see but as far as i don't travel outside
Ellie;617.733;619.253;travel_changed (what do you enjoy about traveling)
Participant;620.41;640.64;um discovering new things um discovering things you never knew were there or the limitless possibilities um i discover i like i enjoy discovering new people new cultures new things that go against what's normal for us and for myself
Ellie;641.759;643.299;bouts_symptoms (when was the last time that happened)
Participant;644.65;655.09;um a few days ago i just drove out to the middle of the desert and i just sat there and i just enjoyed all that the desert had to offer and it was just enjoyable
Ellie;655.741;658.91;nice (nice) describe_felt (how did you feel in that moment)
Participant;659.74;672.13;um i felt free away from all this these cities and these buildings and it just felt nice to be out in the middle of nowhere at a completely random time it felt good
Ellie;674.132;676.432;Ellie17Dec2012_08 (what are you most proud of in your life)
Participant;677.58;691.77;i'm most proud that i've always been different that despite how many people have told me that i'm really weird or i'm odd or i think weird things i've always maintained my original mentality
Ellie;694.556;701.329;asked_everything (okay i think i have asked everything i need to) appreciate_open (thanks for sharing your thoughts with me) bye (goodbye)
