speaker;start_time;stop_time;text
Ellie;18.77;40.17;hi i'm ellie thanks for coming in today i was created to talk to people in a safe and secure environment i'm not a therapist but i'm here to learn about people and would love to learn about you i'll ask a few questions to get us started and please feel free to tell me anything your answers are totally confidential are you okay with this
Participant;41.14;41.56;yes
Ellie;42.01;45.09;okay so how are you doing today
Participant;45.96;46.54;i'm okay
Ellie;47.23;49.94;that's good where are you from originally
Participant;50.55;51.77;um pennsylvania
Ellie;52.39;54.68;really why'd you move to l_a
Participant;53.98;63.49;mhm um well i was in boston for a couple years and then i moved here about three and a half years ago but um i just wasn't satisfied with the quality of my life
Ellie;63.95;67.17;uh huh how often do you go back to your hometown
Participant;67.77;72.2;um maybe once or twice last year i only got to back once
Ellie;72.85;74.42;how does it compare to l_a
Participant;73.26;86.65;a year um definitely safer and um definitely a more um well i just miss it 'cause i have a lot of family back there but l_a is okay i i mean everyone loves the climate here
Ellie;87.49;90.83;yeah how easy was it for you to get used to living in l_a
Participant;91.24;101.58;um not too easy i have two really good friends here and i have a boyfriend i've been with for three years so that helps he's from here but um it definitely took a a bit of adjustment
Ellie;103.3;106.45;okay do you travel a lot
Participant;107.51;107.95;no
Ellie;109.34;110.46;what'd you study at school
Participant;111.47;113.56;um advertising communications
Ellie;114.25;117.24;that sounds interesting are you still working in that
Participant;118.44;123.02;um no i'm currently working in actually i'm not working right now at the moment
Ellie;124.83;125.93;what's your dream job
Participant;126.78;129.64;um i wanna be an osteopathic physician
Ellie;132.05;132.96;tell me more about that
Participant;134.01;158.03;um so basically versus western medicine an osteopathic physician is someone who helps someone with the symptoms and doesn't just treat the symptoms but treats them as a whole person so they look at nutrition they look at diet exercise um just a variety of things to <t> to actually get someone to live a healthier life versus medications or things that are commonly prescribed now in the western medicine
Ellie;158.58;162.11;cool how did you decide to do that
Participant;162.93;170.49;um well one of the great things was when i came out here to l_a i was um exposed to the degree which i had never heard of living on the east coast
Ellie;171.08;176.36;uh huh do you consider yourself an introvert
Participant;177.59;178.68;um sometimes
Ellie;179.37;179.75;why
Participant;180.78;199.03;um well i'm very particular about the people i like to surround myself with um and eh i don't like to socialize with a lot of people i mean i tend to um like small intimate groups and i don't tend to like to be in larger or bigger groups
Ellie;199.53;203.25;okay what are some things that make you really mad
Participant;204.07;208.35;um eh when people don't take into account other people's feelings
Ellie;210.22;211.65;what do you do when you're annoyed
Participant;212.28;218.86;um i usually try to go for a walk if i get <laughter> very irritated
Ellie;220.68;222.59;how are you at controlling your temper
Participant;223.49;229.75;um i'm usually really good it really takes a lot for me to spill over and to yell or become upset
Ellie;230.36;234.39;that's good when was the last time you argued with someone and what was it about
Participant;235.06;245.71;um <sigh> let's see uh mm i was at with my lawyer and it was about his handling of my case
Ellie;247.32;249.72;uh oh that sounds really hard
Participant;251.52;257.5;yeah it was he's uh they're i don't know i think they're just a little bit mediocre they're not the best lawyers
Ellie;259.39;265.41;okay how would your best friend describe you
Participant;266.42;268.72;i have no idea <laughter>
Ellie;271.1;273.55;what would you say are some of your best qualities
Participant;274.23;291.84;um i'm very trustworthy i'm loyal um i care very deeply so i i like to try to help other people um and i always like to try to cheer people up so <laughter> i think that's that would be some of 'em
Ellie;292.36;295.14;uh huh have you ever served in the military
Participant;295.62;296.06;no
Ellie;296.65;298.58;have you ever been diagnosed with p_t_s_d
Participant;299.05;299.47;yes
Ellie;300.59;302.39;how long ago were you diagnosed
Participant;302.74;306.93;um just a few months ago about in the last six months
Ellie;307.83;309.08;what got you to seek help
Participant;310.1;327.0;um i was experiencing mental issues that i'd never really came across before paranoia and anxiety and i knew that it wasn't um i knew that i it wasn't that i couldn't overcome it by myself
Ellie;328.31;330.86;mhm how have you been feeling lately
Participant;331.81;350.94;um a lot better i've been doing a lot of yoga and meditation um kinda seeing things from a different per view or another <ano> not per <pe> per view but a different view and um that's helped but there's definitely times where i kind of sink back into thinking about the event especially because the event caused me to stop working
Ellie;351.87;353.18;are they triggered by something
Participant;353.92;380.74;um i think i you know i have a difficulty being in public um i'm still dealing with anxiety and paranoia about that and that something may happen so um so a lot of times during the day is when it happened so i'm not that comfortable going out during the day i tend to go out in the mornings and evenings and um i don't like to go into places where there's only one way in and one way out
Ellie;382.89;385.96;i see what you mean how do you cope with them
Participant;386.85;423.74;um well i've been gradually trying to increase how much i'm outside um and i usually just deep breathing um i do a lot of breathing exercises and i just try to say that basically what i'm thinking or what's going on with me is not real um and that i just i try <laughter> i just try to get myself to go into these places more gradually a lot better since uh the last couple months but before i very much pretty much stayed home
Ellie;425.21;429.16;okay how has seeing a therapist affected you
Participant;429.97;444.3;um it's been good um it's been good to hear someone's feedback but um i feel like i've gotten more help with just my inner talk with just kind of sitting with myself and journaling
Ellie;445.98;447.25;do you still go to therapy now
Participant;447.79;448.22;i do
Ellie;449.5;454.24;okay have you noticed any changes in your behavior or thoughts lately
Participant;455.71;475.73;um <sigh> well i feel like more like myself which is a huge improvement um and i am more cautious and er guarded in some ways about my thoughts um and about my decisions as well i'm not so
Ellie;474.97;475.39;mhm
Participant;476.68;484.1;i'm not so oh you know i'll just do this and not really think of the consequences of other things that i want in my life
Ellie;484.74;488.72;yeah how easy is it for you to get a good night's sleep
Participant;489.25;502.71;um it's gotten better i'm okay <ok> i'm better now um the first three months it was very difficult i couldn't sleep through the night and i woke maybe two or three times and would be awake for a couple hours but now i am um sleeping through the night again
Ellie;504.16;507.63;that's good what are you like when you don't sleep well
Participant;508.98;518.98;um i feel <f> groggy <sigh> k i feel foggy and out of it um and just low kind of depressed
Ellie;519.5;523.24;mhm when was the last time you felt really happy
Participant;524.54;534.48;mm <sigh> it's um i think it's been awhile
Ellie;535.91;543.3;i'm sorry what are some things that usually put you in a good mood
Participant;545.03;560.92;um working <laughter> i'm a bit of a workaholic um spending time with my family um yeah just being outside enjoying nature reading
Ellie;562.21;564.85;mhm how close are you to your family
Participant;565.51;566.57;um very close
Ellie;568.38;573.04;that's so good to hear who's someone that's been a positive influence in your life
Participant;574.22;574.86;what is that
Ellie;575.65;578.02;who's someone that's been a positive influence in your life
Participant;578.26;586.4;um scrubbed_entry
Ellie;587.89;588.83;tell me more about that
Participant;589.7;641.3;um well my parents 'cause they've always been very supporting and loving um giving me feedback about my decisions or what i'm choosing to do but allowing me to make my own um decisions my own choices in life and then my sisters have just always been very um you know just always checking with me i'm the baby i'm the youngest in the family so they always um looking out for me and just checking in with me and then my boyfriend xxx with this um incident that happened um he's been very uh usually supportive with just letting me kind of have my talk and work things out and understanding when i'm feeling and not wanting to go out in public and and being aware of that that it's not so easy for me just to do something like grocery shop or um running errands without having a lot of anxiety
Ellie;641.87;646.05;mhm what are you most proud of in your life
Participant;646.7;656.59;um i'm most proud of the jobs the work that i've done the people i've helped um
Ellie;658.74;659.7;is there anything you regret
Participant;662.16;671.44;maybe that i took this job where i was assaulted at <laughter> that would be it going into retail into unsafe environment not listening to my gut
Ellie;673.89;676.66;what advice would you give yourself ten or twenty years ago
Participant;677.45;681.14;um what advice would i what
Ellie;682.02;684.87;what advice would you give yourself ten or twenty years ago
Participant;686.6;703.25;uh to recklessly pursue your dreams um that there is no such thing as too late or running out of time and and to enjoy every moment of your life not take anything for granted
Ellie;704.75;709.01;yeah tell me about something you did recently that you really enjoyed
Participant;710.44;748.64;um let's see uh <sigh> well cooking i really enjoy <enj> i really enjoy cooking um so i made some roasted vegetables just any time i'm cooking i just really enjoy it um we have a garden so we had collard greens that came up and um some chilis and cauliflower so just using preparing that for <f> um for my um boyfriend and i
Ellie;749.36;755.78;awesome okay i think i've asked everything i need to thanks for sharing your thoughts with me
Participant;755.96;756.32;mhm
Ellie;756.68;757.29;goodbye
Participant;757.62;758.47;bye thanks
