speaker;start_time;stop_time;text
Ellie;86.85;108.27;hi i'm ellie thanks for coming in today i was created to talk to people in a safe and secure environment i'm not a therapist but i'm here to learn about people and would love to learn about you i'll ask a few questions to get us started and please feel free to tell me anything your answers are totally confidential are you okay with this
Participant;108.5;108.94;yes
Ellie;109.55;112.44;okay so how are you doing today
Participant;113.71;115.38;fine just tired
Ellie;117.28;120.78;i'm sorry to hear that where are you from originally
Participant;121.43;122.19;california
Ellie;122.83;123.32;really
Participant;123.77;124.41;from hollywood
Ellie;126.23;129.16;cool what are some things you really like about l_a
Participant;130.97;137.48;uh not too much <laughter> there's not too many things i like about it
Ellie;138.14;141.49;okay what are some things you don't really like about l_a
Participant;142.35;146.34;uh the people um it's not clean
Ellie;147.91;148.41;uh huh
Participant;148.04;149.64;too much crime too many drugs
Ellie;151.26;154.32;i understand what'd you study at school
Participant;155.35;156.63;uh makeup and hair
Ellie;158.05;159.11;that sounds interesting
Participant;160.12;161.06;it is <laughter>
Ellie;160.84;161.9;are you still working in that
Participant;162.73;163.43;a little bit
Ellie;165.25;166.05;what do you do now
Participant;167.2;174.19;uh not too much i just survive <laughter>
Ellie;173.92;174.92;how hard is that
Participant;175.12;175.89;very difficult
Ellie;177.89;178.57;i'm sorry
Participant;179.26;179.75;it's okay
Ellie;179.43;180.56;what's your dream job
Participant;184.38;197.81;uh i'm getting a little old to be thinking of a career but i just want probably to get married and have a little security that's all just be a wife again <laughter> <sigh>
Ellie;198.85;202.73;okay how close are you to your family
Participant;203.31;208.43;uh a little bit close but everybody's pretty much passed away
Ellie;210.92;211.71;i'm sorry
Participant;212.74;213.84;<laughter>
Ellie;214.31;215.63;what do you do to relax
Participant;218.3;220.59;um i play farmville on facebook
Ellie;221.71;223.28;<laughter> that's great
Participant;223.7;224.25;yeah
Ellie;224.53;226.45;how are you at controlling your temper
Participant;227.05;229.09;i'm good i don't really have a temper
Ellie;229.98;232.91;when was the last time you argued with someone and what was it about
Participant;234.41;238.33;uh it was my ex-husband about money <laughter>
Ellie;239.81;244.2;okay what are some things that make you really mad
Participant;246.12;259.12;<sigh> people lying cheating conniving drug addicts you know just ugly people people that are hideous in the inside you know
Ellie;258.53;264.96;yeah yeah who's someone that's been a positive influence in your life
Participant;268.79;283.7;uh jesus christ that's about it my mother when she was alive well she still is a positive influence but nobody really but jesus <laughter>
Ellie;284.74;289.3;okay what's one of your most memorable experiences
Participant;292.08;303.29;uh memorable experiences i don't know i can't really think of one right now <laughter>
Ellie;304.02;305.13;whatever comes to your mind
Participant;307.03;320.53;uh gosh memorable experiences <sigh> oh i guess like maybe modeling that was pretty cool yeah
Ellie;320.96;321.57;nice
Participant;321.72;322.12;yeah
Ellie;323.1;324.18;can you tell me about that
Participant;326.1;338.5;i was just kind of um surreal like to see yourself in magazines and pictures and stuff you know <sharp inhale> i didn't understand how it could have been me but
Ellie;335.89;336.37;mhm
Participant;339.19;347.82;then my photographer told me he was like well someone has to do it it might as well be you so oh well <laughter> and it's true <laughter> so that was cool i don't
Ellie;346.37;349.23;yeah what made you decide to do that
Participant;350.8;353.11;just kinda fell into it by accident
Ellie;355.28;356.36;are you happy you did that
Participant;355.47;363.03;i've always i'm sorry <so> yeah yeah i wish i did it i took it further but um i couldn't
Ellie;366.82;371.73;okay when was the last time you felt really happy
Participant;378.3;385.17;really happy <laughter> i don't remember i really don't
Ellie;386.04;388.47;okay how would your best friend describe you
Participant;392.09;399.9;uh i don't really have a best friend <laughter> but i'm sure they would <wou> anybody would describe me as outgoing
Ellie;402.12;402.78;that's good
Participant;403.31;403.71;yeah
Ellie;405.07;406.6;have you ever served in the military
Participant;406.93;407.31;no
Ellie;408.0;410.01;have you ever been diagnosed with p_t_s_d
Participant;410.18;410.55;yes
Ellie;411.68;413.49;how long ago were you diagnosed
Participant;415.29;420.03;uh it was uh nineteen eighty four
Ellie;421.36;422.61;that's a long time
Participant;422.78;423.2;yeah
Ellie;425.08;426.4;what got you to seek help
Participant;429.13;434.21;i couldn't deal with it so i had to see a psychiatrist
Ellie;435.55;436.82;what were your symptoms
Participant;438.58;454.65;um horrified um couldn't sleep um panicked um major anxiety yeah
Ellie;454.37;457.8;okay did you think you had a problem before you found out
Participant;459.41;462.08;yeah <laughter> yes
Ellie;464.77;466.19;do you still go to therapy now
Participant;466.26;466.76;yes i do
Ellie;468.36;469.69;do you feel like therapy's useful
Participant;472.16;476.74;it could be if you see the right doctor if you see <s> if yeah
Ellie;477.69;479.49;how has seeing a therapist affected you
Participant;481.82;498.41;um it gives you the opportunity to talk to somebody and hopefully they can give you answers most of 'em don't they try to find the answers inside of you and get it out of you but it's just good to be able to talk to somebody that's kinda biased neutral
Ellie;500.55;503.42;that's good how have you been feeling lately
Participant;504.66;508.46;really depressed <laughter> extremely depressed
Ellie;509.97;511.38;that sounds really hard
Participant;511.87;512.26;yeah
Ellie;513.09;514.45;are they triggered by something
Participant;515.32;518.52;poverty <laughter> yeah
Ellie;519.31;520.37;i see i see
Participant;520.85;521.32;uh huh
Ellie;523.43;526.56;have you noticed any changes in your behavior or thoughts lately
Participant;527.62;538.53;yeah i'm a lot more tired i sleep longer and i um i just don't have the drive motivation that i did before
Ellie;539.58;541.84;yeah how do you cope with them
Participant;545.32;549.5;just try to be strong just have to get through it you know
Ellie;551.14;553.15;there are always trade offs in life aren't there
Participant;553.51;555.73;yes there are
Ellie;556.96;559.32;is it uncomfortable for you to talk about this
Participant;560.36;564.21;not really <laughter> i'm an open book
Ellie;565.61;566.28;that's good
Participant;566.45;566.92;yeah
Ellie;570.4;572.74;what would you say are some of your best qualities
Participant;575.03;596.6;um <sigh> i'm a well i would say a perfectionist but that's not really a good quality 'cause it can get dangerous um i'm just artistic i'm good at a lot of things i'm really good at a lot of things but xxx
Ellie;596.19;597.44;can you give me an example of that
Participant;599.2;612.18;well i'm good at i'm a good hairdresser and makeup artist um uh i crochet and knit really well make jewelry um not good with computers or phones though electronics
Ellie;612.34;613.13;<laughter>
Participant;613.23;622.05;yeah um i keep a perfect house or well when i'm not depressed like this i was a perfect wife the perfect wife
Ellie;623.28;623.77;yeah
Participant;623.43;632.36;so yeah but not anymore 'cause i'm divorced now but it wasn't me it was him so
Ellie;632.51;633.52;can you tell me about that
Participant;634.23;640.27;he was on drugs <laughter> so he chose eh the drugs were <w> were too much problems
Ellie;641.2;642.09;that sucks
Participant;642.26;642.89;yeah it does
Ellie;644.55;645.49;how hard is that
Participant;646.15;649.5;it's really hard because it's like the drugs are his mistress
Ellie;650.67;651.16;yeah
Participant;651.68;652.12;mhm
Ellie;653.7;654.55;how do you know them
Participant;655.35;656.11;how how do i what
Ellie;656.99;657.95;how do you know them
Participant;658.58;662.62;who <wh> who oh
Ellie;662.66;664.14;let's come back to that later
Participant;664.18;664.61;yes
Ellie;667.82;669.28;do you consider yourself an introvert
Participant;670.18;670.45;no
Ellie;672.35;673.68;how did you decide to do that
Participant;672.5;681.71;but um well i don't really consider myself an introvert
Ellie;683.19;685.56;okay is there anything you regret
Participant;689.37;709.29;um yeah i have a lot of regrets but there really wasn't anything i could do about it so there's really no point in regretting it 'cause you do what you do and you make a decision and then it's already done so why regret it why bother you know
Ellie;709.27;711.09;yeah i understand
Participant;711.4;711.84;mhm
Ellie;712.54;715.29;what advice would you give yourself ten or twenty years ago
Participant;720.58;741.89;make sure that when you marry a man that you ask him if he does drugs or alcohol <laughter> that's one for sure that was the only question i didn't answer <answe> ask i i didn't know there's a lot of things a lot of stuff
Ellie;742.91;743.35;yeah
Participant;744.19;744.48;you know
Ellie;747.79;749.57;what are you most proud of in your life
Participant;755.54;766.55;uh <laughter> i don't know just the things that i can do that my talents that's it
Ellie;768.17;768.61;okay
Participant;768.86;769.31;uh
Ellie;773.29;776.02;what are some things that usually put you in a good mood
Participant;778.21;814.85;um well if i can have my starbucks and my orange gina i drink orange gina everyday and i smoke cigarettes unfortunately but it's always good to have those because you know i'm addicted to them and then if i can eat something really good and healthy at nighttime and in fact i well basically if i have something to do if i have a goal uh somewhere to go something to do like today even puts me in a good mood
Ellie;814.55;815.1;that's good
Participant;815.37;822.69;yeah otherwise i'd be afraid that i'd stay home and just lay in bed or farm all day i could farm for eight hours on farmville
Ellie;822.55;823.17;<laughter>
Participant;823.74;824.22;yeah
Ellie;825.87;830.71;okay i think i've asked everything i need to thanks for sharing your thoughts with me
Participant;831.24;835.07;you're welcome nice to meet you <laughter>
Ellie;832.39;832.89;goodbye
