speaker;start_time;stop_time;text
Ellie;35.18;59.4;hi i'm ellie thanks for coming in today i was created to talk to people in a safe and secure environment think of me as a friend i don't judge i can't i'm a computer i'm here to learn about people and would love to learn about you i'll ask a few questions to get us started and please feel free to tell me anything your answers are totally confidential how are you doing today
Participant;59.93;61.36;i'm fine how about yourself
Ellie;62.77;68.12;that's good i'm great thanks where are you from originally
Participant;69.32;71.66;i'm from los angeles california
Ellie;72.53;74.1;really me too
Participant;75.33;75.84;what part
Ellie;78.26;79.89;why don't we talk about that later
Participant;80.01;80.52;okay
Ellie;81.21;83.18;what are some things you really like about l_a
Participant;84.597;92.467;um all my family's here friends a mixture of people and a lot of things to do
Ellie;95.607;99.367;okay what'd you study at school
Participant;100.487;101.847;early childhood education
Ellie;103.574;106.037;nice are you still working in that
Participant;107.096;109.929;no not right now but i would love to get back into it
Ellie;112.646;113.141;why
Participant;114.227;116.357;love working with kids seeing them smile
Ellie;118.017;118.987;tell me more about that
Participant;120.647;131.57;um guess it goes back to when i was a kid uh i like being happy and playful so i guess it just transferred into my adult life
Ellie;132.514;135.689;mhm what's your dream job
Participant;137.71;141.06;working with kids as a school teacher or in that capacity
Ellie;142.3;143.65;that sounds really hard
Participant;146.077;150.912;yeah it is but if it's a passion of yours it'll always be fun
Ellie;152.592;157.427;that's great how close are you to your family
Participant;157.883;162.79;i'm very close sometimes too close
Ellie;164.747;167.524;<laughter> can you give me an example of that
Participant;168.456;184.75;um i have four sisters and one brother on my mom's side and on my dad i have six brothers and four sisters and we're all getting intertwined together so so that's why i say we're too close sometimes
Ellie;179.92;192.008;wow <laughter> i see what you mean do you consider yourself an introvert
Participant;193.08;193.39;no
Ellie;195.33;195.73;why
Participant;196.99;203.522;i have a lot of friends to interact with and uh we're always doing different things so that's why i say i'm not
Ellie;205.362;208.332;okay what do you do when you're annoyed
Participant;212.382;212.912;curse
Ellie;214.867;215.176;mhm
Participant;215.884;219.23;<laughter> just let it out
Ellie;221.962;226.022;okay when was the last time you argued with someone and what was it about
Participant;230.012;235.202;a couple days ago my nephew didn't call me back
Ellie;234.782;240.46;aw how did you feel in that moment
Participant;242.087;249.601;um kinda mad 'cause i had set aside some time to spend with him and he just blew it off and didn't call me back
Ellie;252.079;254.67;yeah that sucks
Participant;255.504;256.044;yeah i know
Ellie;260.1;262.05;how are you at controlling your temper
Participant;263.377;265.116;mm i'm okay
Ellie;269.747;275.31;okay hmm what's one of your most memorable experiences
Participant;278.45;279.47;when my mother passed
Ellie;281.59;285.88;i'm sorry tell me more about that
Participant;287.49;293.884;uh it's been about five years now to the day
Ellie;296.404;296.704;mm
Participant;296.464;301.898;so it's it's getting better time makes it easier
Ellie;304.059;311.114;that's good do you feel down
Participant;312.745;318.694;a lot 'cause there's a lot of things that make me think about her in a daily basis
Ellie;320.234;324.574;yeah like what
Participant;326.694;340.43;anything uh driving by a particular restaurant that she likes uh watching different t_v shows just anything that could trigger a a memory of my mom
Ellie;341.906;344.8;yeah when was the last time that happened
Participant;345.821;346.355;yesterday
Ellie;349.991;355.14;hmm how do you cope with them
Participant;358.72;369.54;uh think about the good times and i don't stay in that place too long just go ahead and think about it and move on
Ellie;370.94;376.49;yeah have you been diagnosed with depression
Participant;379.06;382.87;mm not officially but i think i might be depressed
Ellie;387.314;388.203;tell me more about that
Participant;390.62;404.787;well i mean since my mom passed it's been kinda rough and then um job situation is not stable here in california so that has a lot to do with it as well so
Ellie;406.083;407.351;that sounds really hard
Participant;409.427;410.337;yeah it is but
Ellie;410.067;413.167;have you noticed any changes in your behavior or thoughts lately
Participant;414.817;419.547;kinda sort of kinda just to myself reserved
Ellie;423.077;427.722;mhm do you have disturbing thoughts
Participant;429.077;429.877;mm not really
Ellie;432.837;438.268;okay how easy is it for you to get a good night sleep
Participant;440.967;441.997;it's pretty easy
Ellie;445.452;447.046;what are you like when you don't sleep well
Participant;450.045;458.046;grumpy irritable fidgety just a big ball of nerves
Ellie;459.15;465.76;mm do you travel a lot
Participant;467.53;468.47;uh what do you mean
Ellie;472.203;473.268;whatever comes to your mind
Participant;474.87;476.879;uh i guess so yeah i like to travel
Ellie;478.12;479.65;what do you enjoy about traveling
Participant;480.869;491.75;meeting new people different locations scenery uh different opportunities to try something new in a new location
Ellie;494.453;499.13;awesome i'd love to hear about one of your trips
Participant;500.611;510.741;uh just came back from memphis about three weeks ago go and see family and friends uh it was pretty nice got a chance to
Ellie;506.811;507.241;mhm
Participant;512.941;515.62;see um something new
Ellie;518.721;519.031;cool
Participant;518.831;520.861;change <cha> change of scenery
Ellie;522.591;530.98;yeah what advice would you give yourself ten or twenty years ago
Participant;535.431;544.38;wow stick to the plan and don't veer off to the left or right just go straight ahead
Ellie;545.98;547.33;what made you decide to do that
Participant;550.14;560.06;um just different circumstances in life that gradually pushed me towards the left and the right
Ellie;565.17;567.12;there are always trade-offs in life aren't there
Participant;567.89;568.5;every day
Ellie;569.61;570.69;is there anything you regret
Participant;574.04;585.7;uh a few relationships not staying in school um missing out on great opportunities with employers
Ellie;587.6;594.27;mhm how would your best friend describe you
Participant;596.52;605.38;um funny loyal spontaneous life of the party
Ellie;608.2;609.14;how do you know them
Participant;611.21;617.01;grew up together in the same community went to school together high school friends
Ellie;622.26;624.57;who's someone that's been a positive influence in your life
Participant;625.68;643.48;uh my big sister michelle uh my friend troy um i mean there's others but those two uh no matter good or bad they're always in my corner for me
Ellie;644.92;649.52;yeah that's so good to hear
Participant;650.25;650.71;thank you
Ellie;651.98;654.43;when was the last time you felt really happy
Participant;659.71;662.63;yesterday <yester> yesterday celebrated a birthday
Ellie;666.27;672.57;aw that's great i'd love to hear all about it
Participant;674.16;696.14;oh it was just a little small intimate setting cooked a a meal had family and friends over listened to music watched movie talked about the old days when my mom was here and when we were all one union so it was just a nice evening
Ellie;699.08;709.06;yeah that's good okay i think i've asked everything i need to thanks for sharing your thoughts with me
Participant;710.08;710.6;thank you
Ellie;711.07;711.6;goodbye
Participant;711.72;712.15;bye bye
