speaker;start_time;stop_time;text
Participant;10.59;11.57;<sync>
Ellie;26.712;48.252;IntroV4Confirmation (hi i'm ellie thanks for coming in today i was created to talk to people in a safe and secure environment i'm not a therapist but i'm here to learn about people and would love to learn about you i'll ask a few questions to get us started and please feel free to tell me anything your answers are totally confidential are you ok with this)
Participant;27.54;49.0;hi yes
Ellie;49.672;53.455;okay_confirm (okay) how_doingV (so how are you doing today)
Participant;53.44;57.16;today is a wonderful day i am doing just absolutely marvelous
Ellie;57.892;61.408;good_hear (that's so good to hear) where_originally (where are you from originally)
Participant;61.49;67.98;i was born in cleveland ohio i was raised in tucson arizona and came to los angeles when i was sixteen years old
Ellie;68.692;69.282;really (really)
Participant;69.38;69.93;yes
Ellie;70.599;72.499;often_backB (how often do you go back to your hometown)
Participant;72.31;75.6;mm uh i've only been back once since i left
Ellie;76.604;78.224;compares_LA (how does it compare to l_a)
Participant;79.09;89.7;it's a whole another community when i was growing up i'm so glad i grew up there because it was a great sense of community which i think we don't have here in los angeles <sniffle>
Ellie;89.814;92.239;yeah_downer (yeah) why_LA (why did you move to l_a)
Participant;92.75;100.03;uh my my grandmother died and left property for my father so we came here to manage her property property
Ellie;100.728;103.198;adapted_LA (how easy was it for you to get used to living in l_a)
Participant;103.3;117.9;uh it was pretty easy for me i was still young and it was easy to adapt so i'm pretty good at meeting people so uh that has never been a problem i traveled a lot as a child so i was used to moving and going to new places
Ellie;118.646;121.868;thats_good (that's good) travel_changed (what do you enjoy about traveling)
Participant;122.06;126.64;meeting new people seeing new things it's an adventure and i like the adventurous life
Ellie;128.158;129.838;travel_trips (i'd love to hear about one of your trips)
Participant;130.49;174.96;oh one of my best trips i had it was in nineteen i'm dating myself but nineteen sixty four <sniffle> i came out here to visit my grandmother from cleveland ohio and i went to an indian reservation and i got a little note card about the reservation when i got back home i wrote to the reservation and i told them i when i came <ca> went back to school in september i would have to write uh deliver a speech rather about what i did over the summer and i told them i wanted to talk about going to the indian reservation and would they send me something and they sent me this huge kachina indian doll and that was <wa> that was a wonderful experience to have the thing is worth now if i still had it i found out like a quarter of a million dollars so
Ellie;167.798;168.368;wow (wow)
Participant;175.88;177.26;<laughter>
Ellie;177.216;177.936;awesome (awesome)
Participant;177.77;182.12;mm but that's one of the best xxx
Ellie;181.513;185.916;shyoutgoing (do you consider yourself more shy or outgoing)
Participant;184.62;198.02;um i could be a little bit of both um i'm pretty when i have to be i can be outgoing 'cause i'm good at meeting <mee> talking to people and meeting people but sometimes i have a little bashful side a little shy side of me too so so a little bit of both
Ellie;198.831;202.075;understand (i understand) study (what did you study at school)
Participant;202.2;208.06;i studied business administration <ad> administration with a uh emphasis in marketing and advertising
Ellie;208.947;210.357;hard_decision (how did you decide to do that)
Participant;210.75;236.34;um well i really i started in computer science but that was back in the day when computer science wasn't this what it is today and um i liked <li> i was good at it but it wasn't any interaction with people and i love people so i wanted something that would bring me interaction with people so i went into marketing and i was working for a t_v station where i was going to school so that fit in line in marketing advertising so
Ellie;238.273;241.939;thats_great (that's great) still_working_on_X (are you still working in that)
Participant;242.24;255.34;no now i'm a photographer i'm a celebrity photographer i shoot a lot of stars i shoot on the red carpet i shoot a lot of special events and anything else people will pay me for <laughter>
Ellie;255.496;256.436;difficult (how hard is that)
Participant;256.52;260.96;it's not hard at all it's my passion i love it it's like not working
Ellie;263.305;264.505;dream_job (what's your dream job)
Participant;264.95;283.28;i'm in my dream job i i just need to get more jobs <j> jobs to that pay pay me well because there's a lot of times as a photographer you have to do a lot of things <thin> events for free to get known so it's a building process of relationships so i'm still in that process of building relationships
Ellie;277.319;277.829;mhm (mhm)
Participant;283.65;288.12;so that i can get more paid jobs but this is my dream job i love what i do
Ellie;289.034;302.441;okay_confirm (okay) relax_fishtank (sometimes when i'm feeling tense i turn on the fish tank screensaver hey i know it's not hawaii but it's the best i've got what do you do to relax)
Participant;298.42;322.25;<laughter> well now i'm really back into it i used to do it a while then i got away from it but it's meditation i practice meditation and i try to do it twice a day in the morning and at night before i go to sleep i work with oprah and deepak chopra and anybody else who provides me with meditation and i use that to calm my body
Ellie;323.967;326.027;control_temper (how are you at controlling your temper)
Participant;327.13;340.06;um i can generally control my temper sometimes i get set off i guess like any other human person <per> being but i work at trying to keep a moderate and temperate uh temper in personality
Ellie;341.187;344.237;last_argument (when was the last time you argued with someone and what was it about)
Participant;345.28;363.7;oh wow we i argued with my daughter the other day about something i said and i did not mean to say it to hurt her but it obviously did and we argued about that what my intentions were my intentions were never to hurt her mm and maybe what i said did and that's what started the argument
Ellie;365.513;367.053;describe_felt (how did you feel in that moment)
Participant;366.92;380.87;oh god i felt terrible because i i never intended to hurt my daughter and i never would wanna hurt her and i felt bad that she had been hurt by what i had said so i had to have to guard my words and watch my thoughts
Ellie;384.23;386.933;family_relationship (tell me about your relationship with your family)
Participant;386.68;410.0;well i don't have much of a relationship with my family <f> with my brothers and sisters and mother and father my parents live far away so it's just my two daughters here with me and we have a pretty good relationship you know we try to work my my daughter's a makeup artist and i'm a photographer so we work a lot together in the industry so sometimes i think we're up on each other too close we need a little more space
Ellie;410.964;412.444;landed_trouble (has that gotten you in trouble)
Participant;412.85;417.78;yeah when i say the wrong things <laughter> it's
Ellie;417.271;419.221;easy_parent (do you find it easy to be a parent)
Participant;419.34;422.76;no it's never easy to be a parent it's a work in progress
Ellie;423.482;425.462;parent_hardest (what's the hardest thing about being a parent)
Participant;426.48;429.32;making the right decisions about things sometimes
Ellie;431.687;433.407;parent_best (what's the best thing about being a parent)
Participant;433.45;446.61;the love the feel the feeling of accomplishment that you were able to raise the highest creation on this planet to be a a uh wonderful and productive human being
Ellie;447.497;453.605;yeah3 (yeah) parent_differences (what are some ways that you're different as a parent than your parents)
Participant;453.27;482.57;i'm not as strict as my parents were i give my kids a little more freedom to find out who they are um i'm not real religious like they do but i am very spiritual um so i brought them up different from me on the religious tip and um i'm more i listen more to them i think than what my parents did it was you were to be seen and not heard when i was growing up and i let my kids' voice be heard
Ellie;486.036;488.045;feelguilty (what's something you feel guilty about)
Participant;489.44;496.99;one night i had a bad night that changed my life and i don't know wanna go into details i feel bad about that night <laughter>
Ellie;498.961;500.831;avoid (could you have done anything to avoid it)
Participant;500.62;504.67;yeah i could've stayed home <laughter>
Ellie;505.269;509.062;situation_handled (tell me about a situation that you wish you had handled differently)
Participant;511.07;520.52;wow i'm trying to think about a situation maybe the handling of how i me and my husband divorced i think i could've handled that a little differently
Ellie;521.479;522.639;tell_about_that (can you tell me about that)
Participant;523.56;561.67;well we we i think we really loved each other a lot and we just it was it was something that had come to a a end and the way we separated was kind of explosive and i think both of us could've handled it better but i think i played a part in in keeping a lot of drama going 'cause i was hurt that we were breaking up and kinda devastated 'cause i wanted my child to be raised with her father so i think it looking back now which is you know hindsight is twenty twenty vision i could've handled things a little better but what can you do you do the best that you can at that time if you knew better you'd do better
Ellie;562.219;568.33;yeah_downer (yeah) hard_decisionB (tell me about the hardest decision you've ever had to make)
Participant;569.6;614.73;the hardest decision i've ever had to make the hardest decision i've ever had to make was i was on my way to work as an enrollment counselor on a plane had a stroke was going to make an a connection and to get on the other plane to and then go to the hospital and a doctor was sitting behind me and he told me that i could not get on that plane because i might have another stroke that was a hard decision 'cause i was in dallas texas all by myself i did not i mean i was in there with an employee but i would be left all by myself 'cause my employees had to go on to montgomery alabama where we were headed and i had to make a decision should i stay or should i go but my life was in the balance so i made the decision to stay and go to the hospital but that was a hard one <sniffle>
Ellie;615.179;620.124;oh_my_gosh (oh my gosh) describe_felt (how did you feel in that moment)
Participant;620.41;672.54;ugh overwhelmed i mean here i am on my way to work you know i flew to different states every week and uh to help kids get get admitted into college and here i am on my way to work and i'm on a plane and i feel this weird feeling coming over the left side of my body and i say my prayers and i go to sleep and then when i wake up to get off the plane i can't remove my luggage from the overhead compartment which i did every week so i knew something was wrong it was it was when you to your life and the whole world in your hand and you don't know what's gonna happen next so it was very disturbing very traumatic and i you know you don't know what's happening to you it's so the weirdest thing riding to the hospital in a medical ambulance that was a weird experience
Ellie;671.34;674.281;yeah_downer (yeah) im_sorry (i'm sorry)
Participant;674.02;684.98;yeah but i'm here i you know i survived it the doctor told me nobody survives it a stroke on a plane and i survived so the universe wasn't finished with me yet
Ellie;683.85;693.804;mhm (mhm) yeah3 (yeah) easy_sleep (how easy is it for you to get a good night's sleep)
Participant;693.81;718.74;you know what that's sometimes i have a little problem with it um sleeping a little bit sometimes i i get wired up <laughter> i get wired up just because i'm one of those real energetic persons and i have to finish what i set out to do and until i finish i can't go to sleep so sometimes it's hard for me to go to sleep other times i can lay down and just go but depends on what's going on in my head
Ellie;720.192;721.972;sleep_affects (what are you like when you don't sleep well)
Participant;722.49;738.53;um i'm sluggish um probably a little on edge but i try and keep a a upbeat personality i'm a real energetic person so i try to but you know if you're tired your body is still talking to you so
Ellie;738.711;742.196;uh_huh (uh huh) feel_lately (how have you been feeling lately)
Participant;742.53;801.89;lately i've been feeling really well um except i've been having some problems because i have a um since i had the stroke i have nerve damage in my hand and in my face and so i just it's i thought it's been over a year since i had the stroke but i thought by now it would have gotten a little better and it hasn't but i'm so grateful to be alive that that is really minor <mi> minor compared to the bigger picture and i wasn't fortunately <for> fortunately my i didn't lose my facial structure or you know my face is not screwed up like a lot of people are i still can use my hands i still can shoot with my camera even though my left hand is is diminished in use but i can shoot with my right hand as a photographer so i can still keep doing my work um so you know i have to keep a good upbeat energy going on for me to keep for me to be successful
Ellie;802.682;806.124;yeah_downer (yeah) ptsd_diagnosed (have you ever been diagnosed with p_t_s_d)
Participant;806.85;830.78;no but i went through depression uh from being knocked unconscious five times when i was a school teacher every ball there was that you could name soccer ball baseball basketball name that ball hit me in my head and i suffered from having like sleep apnea and not being able to sleep from being hit so many times and knocked unconscious in the head so
Ellie;832.409;835.956;okay_confirm (okay) therapy_going (do you still go to therapy now)
Participant;836.16;855.04;no only i don't go to therapy because um i don't i don't have any medical right now so i'm not able to get therapy they only offer that to people with medical it's hard to get it <sniffle> and then i don't i'm not working <work> yeah it sucks i'm not working right now because i'm still trying to get my disability
Ellie;848.13;850.674;yeah_downer (yeah) that_sucks (that sucks)
Participant;856.08;908.1;so that i can get well 'cause i wanna be a fulfilled human being and i wanna be totally and you know the system it'll be almost two years before i go for a hearing so that's kind of depressing to think after all the years i've been working since i was sixteen and it's taking me it's been over a year it was a year i had the stroke february two thousand twelve and we are now in march of two thousand thirteen and i won't have a hearing until september two thousand thirteen just to tell me if i get the disability or not that's been very depressing for me because i'm wondering where i lived off my savings in the last year and i got put my daughter through college she finished and now she's having to take care of me and she's still looking for a job and my life is kinda up in the air right now 'cause i'm wondering what comes next and so i'm just praying for guidance <sniffle>
Ellie;908.591;913.595;yeah_downer (yeah) happy_lasttime (tell me about the last time you felt really happy)
Participant;912.57;928.25;i feel happy every day every day i wake up and i can breathe and i can see and i can walk and i can talk and i can still shoot my photograph i'm happy it's just a good thing to be in the present moment and to be alive <sniffle>
Ellie;928.515;931.788;good_hear (that's so good to hear) regret (is there anything you regret)
Participant;932.62;941.45;mm you know what i figured like what good are regrets you can't change the past all you can do is change right here and right now so just live <li> move forward
Ellie;942.426;946.481;mhm (mhm) advice_back (what advice would you give to yourself ten or twenty years ago)
Participant;947.28;958.06;mm what advice would i give myself <sniffle> don't let anything get in your way you know keep a good personality and a energetic spirit and just keep pushing
Ellie;961.147;962.837;BF_describe (how would your best friend describe you)
Participant;962.98;975.16;energetic talkative uh won't take no for an answer uh follow through reliable um good spirited giving loving
Ellie;974.562;980.465;mhm (mhm) Ellie17Dec2012_08 (what are you most proud of in your life)
Participant;980.92;1022.26;um i'm most proud of that i have been able to find out my creative side i've been a visual artist i never took a art lesson before i taught art <sniffle> um i was in my late twenties before i even discovered that i could draw and paint um i'm a doll collector uh i'm i'm my creative side is what i'm most proud of because it's been able to help me being creative i can no matter what even when i i was still very ill from having a stroke i could still go out and just go take pictures and that was so soothing to my soul that i'm i'm i'm glad that i have a creative side and that i found it and have utilized it
Ellie;1023.514;1028.756;thats_great (that's great) asked_everything (okay i think i have asked everything i need to)
Participant;1028.69;1028.96;mhm
Ellie;1029.327;1030.767;appreciate_open (thanks for sharing your thoughts with me)
Participant;1030.2;1033.45;uh huh and that's is that it bye bye
Ellie;1032.026;1032.636;bye (goodbye)
Participant;1035.16;1035.74;bye
