speaker;start_time;stop_time;text
Ellie;67.1;70.09;hi i'm ellie thanks for coming in today
Participant;67.23;67.49;hello
Ellie;70.87;88.58;i was created to talk to people in a safe and secure environment i'm not a therapist but i'm here to learn about people and would love to learn about you i'll ask a few questions to get us started and please feel free to tell me anything your answers are totally confidential are you okay with this
Participant;88.82;89.24;sure
Ellie;89.9;93.31;okay so how are you doing today
Participant;93.95;95.46;good a little tired
Ellie;95.28;99.31;that's good where are you from originally
Participant;99.8;101.34;indianapolis indiana
Ellie;102.05;105.07;really why'd you move to l_a
Participant;106.42;107.62;uh i'm a singer
Ellie;108.9;112.72;awesome how did you decide to do that
Participant;114.42;115.57;i like singing
Ellie;117.37;124.86;uh huh okay what are some things you really like about l_a
Participant;126.65;135.82;um diversity my girlfriend's uh from taiwan so it's dealing with different cultures
Ellie;137.48;140.74;cool what are some things you don't really like about l_a
Participant;141.36;153.11;the traffic the uh crazy people it's um seems hard to get anything really accomplished
Ellie;154.05;155.66;yeah i see what you mean
Participant;156.3;156.9;<laughter>
Ellie;156.96;159.47;how easy was it for you to get used to living in l_a
Participant;160.51;163.66;it took me about six months just to figure out the directions
Ellie;167.24;168.25;when'd you move to l_a
Participant;169.12;171.02;twenty eight years ago
Ellie;172.26;174.37;wow that's a long time
Participant;174.59;176.23;a long time
Ellie;177.45;179.47;how often do you go back to your hometown
Participant;180.77;183.72;haven't been there in about eight or ten years
Ellie;184.64;185.03;why
Participant;186.25;191.26;well uh i don't like my brothers so i don't want to hang around them
Ellie;192.97;196.69;okay do you travel a lot
Participant;197.41;206.73;i started my girlfriend uh we did about uh just went back got back from orlando and uh she likes to travel so
Ellie;208.75;211.43;nice what do you enjoy about traveling
Participant;212.66;220.54;meeting new people seeing new places uh helps me to get out of l_a and get a different perspective
Ellie;221.38;223.12;i'd love to hear about one of your trips
Participant;224.28;235.63;uh i just did the avatar seminar which is like a raise your consciousness and um cleaned out the crap in your head
Ellie;236.46;236.74;uh huh
Participant;237.74;238.21;<laughter>
Ellie;237.92;239.03;are you happy you did that
Participant;240.25;251.73;um yeah i feel better uh been having a lot of psychic attack and it's uh i'm psychic so it's very hard to deal with it
Ellie;253.76;254.43;wow
Participant;255.41;256.21;<laughter>
Ellie;258.93;259.85;tell me more about that
Participant;261.7;287.89;um well um there's more to life than what you see so um a lot of things are in other dimensions and other places so have to deal with not only the emotions but people uh direct energy at you
Ellie;288.97;290.01;how hard is that
Participant;292.04;300.14;um well have to do a lot of clearing and grounding and stay true to yourself
Ellie;302.67;305.81;okay do you consider yourself an introvert
Participant;306.99;308.05;i am both
Ellie;309.48;309.85;why
Participant;310.75;320.9;well i'm introverted because i like to spend time by myself and i'm extroverted 'cause i like to meet new people uh used to be totally an introvert
Ellie;321.85;326.13;mhm what do you do to relax
Participant;326.95;337.66;watch movies watch t_v read uh do crosswords i'm a singer sing write music i'm writing a novel
Ellie;339.03;339.82;what was it about
Participant;341.94;344.64;um it's sort of like the matrix
Ellie;346.27;349.26;awesome how hard is that
Participant;351.28;359.64;um well i wrote the first twenty pages pretty quick so um uh now i'm expanding it
Ellie;361.08;362.46;what made you decide to do that
Participant;364.93;374.49;i get inspiration uh it was actually a dream and then i wrote down the dream and now it's becoming uh i could probably turn it into a movie
Ellie;375.72;377.5;that sounds like a great situation
Participant;378.1;380.79;<laughter> yeah
Ellie;380.61;382.71;what are some things that make you really mad
Participant;384.67;387.79;uh when people don't respect me that's the number one
Ellie;390.38;392.33;mm do you feel that way often
Participant;393.43;408.0;no i just that my brothers they don't respect me they don't really um you know i want to love my family and but i don't want to hang around my brothers so it's a conflict
Ellie;408.81;409.67;that sucks
Participant;410.25;411.14;exactly
Ellie;413.87;415.87;how are you at controlling your temper
Participant;416.87;419.48;pretty good i only get mad about once a year
Ellie;421.83;424.83;when was the last time you argued with someone and what was it about
Participant;426.62;440.3;um my girlfriend about two or three months ago she was wanting me to do something and i said no <yawn> and i don't know yeah
Ellie;443.2;446.54;okay how do you know them
Participant;448.26;450.82;she's my girlfriend i know her for about a year now
Ellie;453.24;454.45;how close are you to them
Participant;456.1;457.03;pretty close
Ellie;459.23;464.79;okay what's one of your most memorable experiences
Participant;467.02;490.66;um one time i was singing and scrubbed_entry and i was singing to an audience and that was great
Ellie;494.64;498.57;okay what do you do now
Participant;500.84;518.33;um well i'm looking into ways to expand my consciousness so that i can have more money and more abundance in my life so i can uh have my own house and uh live in my own creative space
Ellie;520.3;521.39;what's your dream job
Participant;521.69;530.14;<sniffle> uh singing i'm a singer so let's see like unforgettable so uh that's what i like to do
Ellie;529.15;537.47;aw that's great have you ever served in the military
Participant;537.83;538.31;no
Ellie;539.57;541.61;have you ever been diagnosed with p_t_s_d
Participant;542.02;542.44;no
Ellie;543.2;545.01;have you been diagnosed with depression
Participant;545.26;545.79;no
Ellie;546.51;548.97;how easy is it for you to get a good night's sleep
Participant;549.87;552.3;oh that's the hard part i uh i don't
Ellie;554.3;554.7;why
Participant;555.89;578.4;i don't know maybe it's because when i was uh a kid my brothers beat me up and i don't feel totally rested in myself or in my life so uh i feel like uh <sniffle> i don't feel totally safe
Ellie;579.19;579.95;i'm sorry
Participant;581.157;581.61;yeah
Ellie;581.71;583.3;what are you like when you don't sleep well
Participant;585.366;594.76;um a little irritable but i have been sleeping better since i met my girlfriend so it's not totally bad
Ellie;596.299;601.2;that's good have you noticed any changes in your behavior or thoughts lately
Participant;601.965;602.43;my what
Ellie;603.498;606.65;have you noticed any changes in your behavior or thoughts lately
Participant;607.51;608.85;behavior what
Ellie;610.38;611.86;how have you been feeling lately
Participant;610.71;627.05;i don't know um well i feel more positive i did the seminar and uh so that let me get rid of some crap in my brain <sniffle> and be more positive about life
Ellie;628.03;630.19;uh huh tell me about that
Participant;632.215;646.98;um well did a lot of exercises to uh reduce my stress and lot of my stress comes from uh judging myself and other people
Ellie;649.39;651.61;do you think that maybe you're being a little hard on yourself
Participant;652.782;658.557;yeah you could say that <laughter>
Ellie;659.366;660.4;how hard is that
Participant;662.224;683.9;uh well <sniffle> mm mm i don't know it's hard <yawn> hard to deal with sometimes i mean sometimes a lot much too critical for my own good
Ellie;686.515;687.44;how do you cope with them
Participant;689.422;707.04;uh <sniffle> well watching t_v gets up but <yawn> uh lately i just been feeling like i need to um have less judgement and more fun
Ellie;708.07;712.27;that's good what made you decide to do that
Participant;714.235;715.88;uh well i did that seminar
Ellie;717.97;722.58;okay when was the last time you felt really happy
Participant;724.64;730.48;um it was about a week ago i think
Ellie;733.214;734.13;tell me more about that
Participant;735.89;755.96;uh well i went to that seminar i got there i was able to take off work and <yawn> <sniffle> be in a different environment 'cause my job is stressful and <sniffle> my life is stressful so uh <sniffle> i was able to take a break which is great
Ellie;757.62;760.73;that's good how would your best friend describe you
Participant;761.52;775.56;uh i'd say i'm outgoing fun smart uh but i mean in l_a people in l_a they don't want to most of them don't want to spend time with you
Ellie;776.27;776.72;uh huh
Participant;777.12;779.09;i don't know if that's because of me or l_a
Ellie;777.535;782.46;i see what you mean that makes sense
Participant;783.213;785.27;<laughter>
Ellie;785.121;786.321;is there anything you regret
Participant;788.199;797.09;uh that i spend a lot of my time worrying and criticizing myself instead of moving forward
Ellie;799.19;800.95;could you have done anything to avoid it
Participant;802.114;810.854;avoid it yeah watching t_v or going to see movies or <sniffle> trying not to think of it but it doesn't solve the problem
Ellie;812.928;814.45;has that gotten you in trouble
Participant;816.756;827.19;uh well a little bit i haven't paid my bills a lot i still owe money <sniffle> so um it's kind of a self-defeating prophecy <proph> prophecy
Ellie;829.68;832.55;what advice would you give yourself ten or twenty years ago
Participant;833.06;841.49;uh stop criticizing and start creating your future now instead of waiting for it to happen
Ellie;842.856;846.22;mm who's someone that's been a positive influence in your life
Participant;847.228;849.1;uh my girlfriend's been really helpful
Ellie;850.942;851.99;tell me more about that
Participant;852.98;858.7;<yawn> well she's funny and <sniffle> she loves me and cares about <abo> about me and
Ellie;861.156;862.43;that's so good to hear
Participant;861.285;865.46;uh <laughter> yeah
Ellie;868.584;870.94;what would you say are some of your best qualities
Participant;872.69;884.58;um singer and i'm intelligent and creative and multi-dimensional and uh i'm a good listener
Ellie;886.35;891.21;uh huh what are you most proud of in your life
Participant;892.949;903.52;uh well i've written about four or five books i uh my voice i think would be number one 'cause when i started i didn't have much of a singing voice but now i do
Ellie;906.449;913.31;that's good okay i think i've asked everything i need to thanks for sharing your thoughts with me
Participant;913.25;914.66;okay bye
Ellie;914.7;915.26;goodbye
Participant;915.641;916.12;bye
