speaker;start_time;stop_time;text
Participant;11.15;12.06;<synch>
Ellie;31.382;52.922;IntroV4Confirmation (hi i'm ellie thanks for coming in today i was created to talk to people in a safe and secure environment i'm not a therapist but i'm here to learn about people and would love to learn about you i'll ask a few questions to get us started and please feel free to tell me anything your answers are totally confidential are you ok with this)
Participant;53.75;54.47;yes i am
Ellie;55.833;60.116;okay_confirm (okay) how_doingV (so how are you doing today)
Participant;60.82;61.93;i am pretty good
Ellie;63.78;67.131;thats_good (that's good) where_originally (where are you from originally)
Participant;67.94;70.94;uh i was born in los angeles california
Ellie;72.303;72.893;really (really)
Participant;73.485;74.135;yes
Ellie;74.243;76.353;like_about_LA (what are some things you really like about l_a)
Participant;77.065;84.35;um i like the fact that everything is close by um all the stores the shops xxx
Ellie;86.028;90.116;mhm (mhm) dont_like_LA (what are some things you don't really like about l_a)
Participant;91.095;93.165;um the traffic <laughter>
Ellie;95.353;104.337;see_mean (i see what you mean) travel_shoes (i'm sure you can tell by my shoes i'm not much of a world explorer do you travel a lot)
Participant;104.5;107.77;um i've traveled but not too much
Ellie;109.736;111.256;travel_changed (what do you enjoy about traveling)
Participant;111.58;117.23;uh going away from your usual days um exploring new sights
Ellie;119.544;121.224;travel_trips (i'd love to hear about one of your trips)
Participant;122.06;134.48;um three weeks no a month ago i went to las vegas uh with <wit> me and my friends and we just went sightseeing
Ellie;136.77;141.87;nice (nice) memorableB (what's one of your most memorable experiences)
Participant;142.64;159.48;um in las vegas we went to the hoover dam and um it was breathtaking um the it was really big and we saw the the big canyon and it was impressive i've never seen something like that before
Ellie;160.754;164.477;thats_great (that's great) study (what did you study at school)
Participant;164.95;166.35;i studied nursing
Ellie;167.977;169.237;still_working_on_X (are you still working in that)
Participant;169.57;181.55;uh i graduated two months ago so i took my uh board exam to be licensed and i passed so i'm just waiting for my license in the mail
Ellie;183.495;186.592;good_hear (that's so good to hear) dream_job (what's your dream job)
Participant;187.08;191.62;my dream job is to be a registered nurse
Ellie;194.405;195.835;change_directions (what made you decide to do that)
Participant;196.54;219.09;um long time ago when i was a little boy i got injured and my parent had to take me to the hospital and um the doctors came by and they had to stitch me up on the leg and i saw all of that and that made me want to pursue it the medical field
Ellie;220.401;224.753;wow (wow) happy_didthat (are you happy you did that)
Participant;225.28;227.36;uh yes i am very happy
Ellie;228.888;234.005;thats_good (that's good) family_relationship (tell me about your relationship with your family)
Participant;234.545;241.305;uh my relationship with my family is okay not good not bad it's it it's in between <laughter>
Ellie;243.478;245.178;family_roleB (how close are you to your family)
Participant;245.45;253.06;uh i am close i am very close to them um mm if i have a problem i i go to them for help
Ellie;254.717;258.799;okay_confirm (okay) influence_positive (who's someone that's been a positive influence in your life)
Participant;260.56;269.96;um someone who's been a positive influence has been my best friend since elementary school
Ellie;272.116;273.416;long_time (that's a long time)
Participant;274.0;274.7;yes
Ellie;274.657;275.817;tell_about_that (can you tell me about that)
Participant;275.765;290.09;yes uh we've known each other since we were in the third grade and we've uh we've gone to elementary middle school and high school together and he lives like two blocks away so he's basically like like a brother of <o> of mine
Ellie;291.374;299.361;aw (aw) shyoutgoing (do you consider yourself more shy or outgoing)
Participant;299.24;300.41;i am shy
Ellie;302.057;302.627;why2 (why)
Participant;303.08;311.87;um i really don't know i've i've always been a quiet person um ever since i can remember
Ellie;313.97;325.737;relax_fishtank (sometimes when i'm feeling tense i turn on the fish tank screensaver hey i know it's not hawaii but it's the best i've got what do you do to relax)
Participant;326.785;337.66;hmm what do i do i i go into my room i turn my a_c on and i just relax in my bed <laughter>
Ellie;339.428;341.488;control_temper (how are you at controlling your temper)
Participant;342.17;345.02;i am pretty good i'm pretty good at controlling my temper yes
Ellie;346.131;350.586;thats_good (that's good) last_argument (when was the last time you argued with someone and what was it about)
Participant;353.93;363.02;the last time i argued with someone was about um work
Ellie;365.649;367.189;describe_felt (how did you feel in that moment)
Participant;369.95;374.79;i was disappointed um not angry just disappointed
Ellie;376.827;377.397;why2 (why)
Participant;378.03;399.62;because my manager he wanted me to do something faster than what i usually can handle and he already knew that um my workload was a lot but he didn't understand that so that made me just very like sad
Ellie;401.44;407.267;yeah_downer (yeah) situation_handled (tell me about a situation that you wish you had handled differently)
Participant;410.55;415.78;mm i cannot remember one
Ellie;418.065;423.441;okay_confirm (okay) hard_decisionB (tell me about the hardest decision you've ever had to make)
Participant;427.55;436.6;the hardest decision i ever had to make was dropping out of school
Ellie;439.757;441.167;hard_decision (how did you decide to do that)
Participant;443.81;466.86;um i felt that i didn't really belong uh far away from home and so i was just thinking ahead um i was in a major that i didn't really like and so i decided to just not go next semester and go back home to l_a
Ellie;469.322;470.322;happy_didthat (are you happy you did that)
Participant;471.77;484.05;um right now that i'm looking at it yes i i am very happy that i did that because i wouldn't have gone to nursing school and i wouldn't have been a licensed vocational nurse right now
Ellie;485.581;492.149;makes_sense (that makes sense) memory_erase (tell me about an event or something that you wish you could erase from your memory)
Participant;496.845;498.955;hmm i don't have an event
Ellie;500.545;505.836;okay_confirm (okay) easy_sleep (how easy is it for you to get a good night's sleep)
Participant;507.05;514.42;um it depends on the days um where i work or where i don't work
Ellie;516.444;517.604;tell_about_that (can you tell me about that)
Participant;517.77;535.86;yes right now i i work at um at a retail store early in the morning i i go at three in the morning and i get out at ten a_m so it's really hard for me to get a good night's sleep
Ellie;538.016;542.417;wow (wow) sleep_affects (what are you like when you don't sleep well)
Participant;544.07;552.59;when i don't sleep well i can be a little bit grumpy uh irritated or just frustrated with the situation
Ellie;554.094;557.714;understand (i understand) feel_lately (how have you been feeling lately)
Participant;558.4;560.72;lately i've been okay <o> okay i've been good
Ellie;562.65;565.82;behavior_changes (have you noticed any changes in your behavior or thoughts lately)
Participant;566.38;568.2;uh no i have not
Ellie;570.232;574.1;okay_confirm (okay) ptsd_diagnosed (have you ever been diagnosed with p_t_s_d)
Participant;574.375;574.715;no
Ellie;575.966;577.776;depression_diagnosed (have you been diagnosed with depression)
Participant;577.695;578.145;no
Ellie;579.687;582.234;happy_lasttime (tell me about the last time you felt really happy)
Participant;584.805;595.29;hmm the last time i was really really happy and excited was when i found out that i passed my license board exam to be a nurse
Ellie;596.522;597.242;awesome (awesome)
Participant;597.18;597.59;<laughter>
Ellie;599.285;600.975;BF_describe (how would your best friend describe you)
Participant;602.13;608.7;my best friend would've described <des> would describe me as a caring nice sweet shy quiet guy
Ellie;612.109;614.996;self_change (what are some things you wish you could change about yourself)
Participant;616.71;622.61;um physically speaking i would change how i look from the outside
Ellie;624.376;624.946;why2 (why)
Participant;625.46;637.92;um i i'm a little <l> i'm overweight and i would like to lose some weight and just look good from the outside
Ellie;640.046;647.089;okay_confirm (okay) feelbadly (tell me about a time when someone made you feel really badly about yourself)
Participant;649.085;653.23;hmm i don't have one
Ellie;655.132;658.218;okay_confirm (okay) regret (is there anything you regret)
Participant;662.74;663.56;no i don't
Ellie;668.051;670.083;feelguilty (what's something you feel guilty about)
Participant;675.58;688.93;um this one time i <sigh> at my work uh it's a retail store i i kinda took some merchandise without buying it
Ellie;692.294;693.724;change_directions (what made you decide to do that)
Participant;696.5;712.75;um it was a risk that i took but um since no one was around and the opportunity <opp> the opportunity was right there for me to get it i just got it and i took it home
Ellie;714.89;720.219;okay_confirm (okay) advice_back (what advice would you give to yourself ten or twenty years ago)
Participant;726.68;727.46;i don't know
Ellie;730.052;733.302;Ellie17Dec2012_10 (tell me about something you did recently that you really enjoyed)
Participant;739.22;754.1;yes last weekend i went to i i went yard saleing with my family and it was pretty fun and going out to different yard sales and finding uh random stuff
Ellie;756.785;759.085;nice (nice) like_what (like what)
Participant;759.9;773.3;um i bought this big black bean bag it was huge and it was on it was only for two dollars and so i got it and now it's in my room and i sit on it <laughter>
Ellie;774.217;779.945;thats_great (that's great) Ellie17Dec2012_08 (what are you most proud of in your life)
Participant;781.7;799.225;i am most proud of is the fact that i am a nurse um that i am a nurse um i'm just waiting for my for my license in the mail and after that i would just send out my resumes to different hospitals and xxx and nursing homes
Ellie;801.138;809.72;uh_huh (uh huh) asked_everything (okay i think i have asked everything i need to) appreciate_open (thanks for sharing your thoughts with me) bye (goodbye)
Participant;809.6;809.85;bye
