speaker;start_time;stop_time;text
Participant;12.18;13.16;<sync>
Ellie;33.989;55.529;IntroV4Confirmation (hi i'm ellie thanks for coming in today i was created to talk to people in a safe and secure environment i'm not a therapist but i'm here to learn about people and would love to learn about you i'll ask a few questions to get us started and please feel free to tell me anything your answers are totally confidential are you ok with this)
Participant;55.82;56.47;yes
Ellie;57.011;61.44;okay_confirm (okay) how_doingV (so how are you doing today)
Participant;61.96;62.72;i'm good
Ellie;63.75;66.446;thats_good (that's good) where_originally (where are you from originally)
Participant;67.43;69.58;i'm originally from los angeles california
Ellie;70.33;74.49;really (really) like_about_LA (what are some things you really like about l_a)
Participant;75.06;83.18;um i like the weather i like uh numerous things uh the women stuff like that
Ellie;82.741;86.931;mhm (mhm) dont_like_LA (what are some things you don't really like about l_a)
Participant;87.26;92.57;traffic traffic is ridiculous it like it's out of control like the way people drive here
Ellie;93.559;98.773;yeah3 (yeah) see_mean (i see what you mean) study (what did you study at school)
Participant;100.05;101.8;uh business economics
Ellie;103.212;106.248;cool3 (cool) hard_decision (how did you decide to do that)
Participant;107.23;113.0;uh i just wanted to be a business owner like i wanted to work for myself so that's the reason why i did that
Ellie;114.222;115.482;still_working_on_X (are you still working in that)
Participant;116.16;117.76;yes i am currently
Ellie;119.014;120.214;dream_job (what's your dream job)
Participant;120.77;123.83;<tisk> uh to be a c_e_o of a of a company
Ellie;125.233;126.173;difficult (how hard is that)
Participant;126.98;131.57;uh it shouldn't be that hard but it's gonna be challenging <challen> it's it's challenging don't get me wrong
Ellie;136.772;141.242;shyoutgoing (do you consider yourself more shy or outgoing)
Participant;140.67;145.09;i mean sometimes it varies i can be shy at times but then i'm i'm mostly outgoing
Ellie;146.779;148.109;give_example (can you give me an example of that)
Participant;148.95;162.6;sure i mean when it comes to certain things like let's say i go to a a club or a party and i see a girl i wanna talk to i'll go talk to her but when it comes to being around a lot of people like sometimes i do get a little shy and and uh reserved
Ellie;164.545;176.656;relax_fishtank (sometimes when i'm feeling tense i turn on the fish tank screensaver hey i know it's not hawaii but it's the best i've got what do you do to relax)
Participant;176.82;180.53;uh i work out hang out with my friends
Ellie;182.186;182.656;uh_huh (uh huh)
Participant;183.66;184.32;that's what i do
Ellie;185.507;187.567;control_temper (how are you at controlling your temper)
Participant;188.07;190.78;i'm pretty good at it i don't really let things get to me
Ellie;191.952;196.587;thats_good (that's good) last_argument (when was the last time you argued with someone and what was it about)
Participant;197.35;213.37;actually it's been a while i haven't argued with anybody i mean i had like a minor little little argument about something but uh that was a few weeks ago and it wasn't something that was serious it's just uh some things i had to clarify with uh someone
Ellie;214.607;215.147;like_what (like what)
Participant;215.7;225.9;uh it was it was about a girl and and i asked her some questions about some stuff uh basically why she was trying to uh get back with her ex like that doesn't make any sense to me
Ellie;226.22;235.241;uh_oh (uh oh) situation_handled (tell me about a situation that you wish you had handled differently)
Participant;236.56;247.06;um <lip smacking> i would say my relationship with my brother i wish we wouldn't have uh fought a lot we i wish we could've worked that out without fighting each other
Ellie;249.522;254.339;okay_confirm (okay) family_relationship (tell me about your relationship with your family)
Participant;255.33;266.29;my relationship with my family is pretty cool like my mom i get along with my mom <sniff> and i get along with my sister so it's pretty it's pretty uh cool
Ellie;267.154;271.458;thats_great (that's great) family_roleB (how close are you to your family)
Participant;272.36;274.5;i'm pretty i'm very close to my family
Ellie;276.643;278.973;influence_positive (who's someone that's been a positive influence in your life)
Participant;279.7;284.87;um i would have to say uh some friends that i've met recently i met uh some people through my church
Ellie;286.712;287.872;tell_about_that (can you tell me about that)
Participant;289.25;298.06;scrubbed_entry he's like a mentor to me
Ellie;300.849;307.831;okay_confirm (okay) memory_erase (tell me about an event or something that you wish you could erase from your memory)
Participant;309.22;315.25;um i don't know i i don't think i have anything like that in my memory
Ellie;317.028;317.758;hmmB (hmm)
Participant;317.34;318.82;that i would that i wanna erase
Ellie;319.836;323.501;hard_decisionB (tell me about the hardest decision you've ever had to make)
Participant;324.26;350.55;um i would have to say uh it would have to have been uh  whether or not to uh <sigh> let's see um <sigh> as far as like my career path i would say uh what career i'm gonna am i gonna be in and stuff like that
Ellie;351.472;352.432;tell_me_about (tell me about that)
Participant;353.92;370.54;i mean high school for me went pretty it went okay and i could've done better and um basically ended up uh not really living <li> uh living up to my potential
Ellie;372.469;373.039;why2 (why)
Participant;374.48;378.31;i i don't know i mean i really don't know
Ellie;379.848;383.963;okay_confirm (okay) easy_sleep (how easy is it for you to get a good night's sleep)
Participant;384.4;389.31;it's pretty easy it's not a problem <laughter> i could just knock out when i go home at night time
Ellie;390.307;393.779;thats_good (that's good) sleep_affects (what are you like when you don't sleep well)
Participant;395.59;400.59;tired uh just mainly uh tired
Ellie;401.452;401.922;uh_huh (uh huh)
Participant;401.93;402.44;i would say
Ellie;403.424;404.804;feel_lately (how have you been feeling lately)
Participant;405.97;412.84;i've been okay <o> i've been fine lately i have
Ellie;413.377;416.547;behavior_changes (have you noticed any changes in your behavior or thoughts lately)
Participant;417.46;417.88;no
Ellie;420.576;422.616;ptsd_diagnosed (have you ever been diagnosed with p_t_s_d)
Participant;423.28;424.05;no i have not
Ellie;424.996;426.806;depression_diagnosed (have you been diagnosed with depression)
Participant;427.4;428.17;no i have not
Ellie;429.218;432.929;happy_lasttime (tell me about the last time you felt really happy)
Participant;437.12;453.2;i would say it would have to have been um when i when i got the uh car that i have right now i have a nice car right now and it's pretty fast
Ellie;456.435;461.157;awesome (awesome) BF_describe (how would your best friend describe you)
Participant;462.51;474.72;i would say um he would describe me as somebody that's not a quitter somebody that perseveres
Ellie;479.224;480.294;regret (is there anything you regret)
Participant;481.24;481.56;no
Ellie;482.993;485.943;advice_back (what advice would you give to yourself ten or twenty years ago)
Participant;487.57;493.86;go for whatever i want like whatever <wh> whatever i want out of life just go for it don't hesitate
Ellie;496.736;499.713;self_change (what are some things you wish you could change about yourself)
Participant;499.95;506.64;um i would have to say currently my weight like i i've put on some pounds and i'm working on losing those pounds
Ellie;508.058;513.602;feelbadly (tell me about a time when someone made you feel really badly about yourself)
Participant;515.29;517.97;maybe when i was little in school probably
Ellie;520.657;526.838;Ellie17Dec2012_02 (uh huh) tell_me_moreV2 (can you tell me more about that)
Participant;528.19;533.88;uh pretty much uh i got bullied so that's pretty much what happened
Ellie;535.247;542.727;im_sorry (i'm sorry) Ellie17Dec2012_07 (what would you say are some of your best qualities)
Participant;543.69;554.66;um i'm intelligent i'm a hard worker um i'm a good person
Ellie;556.239;561.514;okay_confirm (okay) Ellie17Dec2012_10 (tell me about something you did recently that you really enjoyed)
Participant;562.97;589.47;um i would have to say uh having like uh get togethers with uh with my friends and um we just hang out with each other and and talk about stuff that's going on in our lives and stuff like that
Ellie;590.188;598.475;nice (nice) asked_everything (okay i think i have asked everything i need to) appreciate_open (thanks for sharing your thoughts with me) bye (goodbye)
