speaker;start_time;stop_time;text
Participant;16.25;17.14;<synch>
Ellie;36.6;58.14;IntroV4Confirmation (hi i'm ellie thanks for coming in today i was created to talk to people in a safe and secure environment i'm not a therapist but i'm here to learn about people and would love to learn about you i'll ask a few questions to get us started and please feel free to tell me anything your answers are totally confidential are you ok with this)
Participant;57.18;59.55;i'm good yes
Ellie;59.73;63.571;okay_confirm (okay) how_doingV (so how are you doing today)
Participant;64.31;64.81;i'm good
Ellie;65.705;68.509;thats_good (that's good) where_originally (where are you from originally)
Participant;68.86;69.36;iowa
Ellie;70.03;73.346;really (really) when_LA (when did you move to l_a)
Participant;74.79;75.46;when or why
Ellie;76.477;77.557;when_LA (when did you move to l_a)
Participant;78.75;79.99;uh two thousand one
Ellie;81.764;85.758;long_time (that's a long time) often_backB (how often do you go back to your hometown)
Participant;86.02;90.51;mm holidays and special family events
Ellie;91.024;93.877;mhm (mhm) compares_LA (how does it compare to l_a)
Participant;95.23;97.1;uh it's much better there
Ellie;98.909;99.929;why_LA (why did you move to l_a)
Participant;100.94;113.1;scrubbed_entry and i uh got into u_c_l_a went to u_c_l_a for three years in their screenwriting program
Ellie;113.645;114.375;nice (nice)
Participant;114.44;114.63;mhm
Ellie;115.333;117.803;adapted_LA (how easy was it for you to get used to living in l_a)
Participant;118.1;123.88;<sniffle> it's took a long time it was difficult
Ellie;124.793;125.953;tell_about_that (can you tell me about that)
Participant;126.97;134.998;mm just the uh the stress <st> getting used to and managing the stress of everyday living
Ellie;136.374;140.768;see_mean (i see what you mean) like_about_LA (what are some things you really like about l_a)
Participant;138.71;148.37;you know mm variety there's a lot of variety <vari> there's a lot of variety here i like that
Ellie;149.562;151.912;dont_like_LA (what are some things you don't really like about l_a)
Participant;151.9;153.65;<scoff> the obvious traffic <laughter>
Ellie;155.576;164.793;understand (i understand) travel_shoes (i'm sure you can tell by my shoes i'm not much of a world explorer do you travel a lot)
Participant;164.9;166.32;uh internationally no
Ellie;167.936;168.506;why2 (why)
Participant;170.02;175.31;uh <sigh> just haven't had reason to i guess
Ellie;176.341;179.126;okay_confirm (okay) study (what did you study at school)
Participant;180.16;182.69;i have a b_s in math and physics
Ellie;183.649;185.059;hard_decision (how did you decide to do that)
Participant;187.03;199.55;um <sigh> i went to school later in life and i wanted to actually know something so um it was very difficult  very difficult but i did it
Ellie;199.316;199.886;why2 (why)
Participant;200.34;201.69;mm why
Ellie;202.841;203.311;yeah3 (yeah)
Participant;204.55;207.9;um it fascinated me i didn't wanna be intimidated by it
Ellie;210.5;211.5;happy_didthat (are you happy you did that)
Participant;211.74;213.73;oh yeah oh yeah
Ellie;213.536;216.563;thats_good (that's good) dream_job (what's your dream job)
Participant;218.82;223.05;<laughter> um to be employed writer
Ellie;225.491;226.431;difficult (how hard is that)
Participant;227.03;241.9;extremely difficult extremely difficult writing any type of fictional fiction writing's extremely difficult if i worked then <th> as hard as i do now when i was in school i'd have a p_h_d in math and physics
Ellie;242.527;243.097;wow (wow)
Participant;243.43;244.65;<sigh> it's so hard
Ellie;249.144;253.556;shyoutgoing (do you consider yourself more shy or outgoing)
Participant;252.17;252.74;outgoing
Ellie;255.039;255.609;why2 (why)
Participant;255.04;260.9;it depends on the circumstance it's it's not a catch-all depends on the the moment
Ellie;262.001;275.518;makes_sense (that makes sense) relax_fishtank (sometimes when i'm feeling tense i turn on the fish tank screensaver hey i know it's not hawaii but it's the best i've got what do you do to relax)
Participant;275.58;278.45;what do i do to relax i swim
Ellie;279.974;280.704;nice (nice)
Participant;280.55;280.92;mhm
Ellie;281.44;282.98;bouts_symptoms (when was the last time that happened)
Participant;283.37;288.03;swam when last time i swam um last friday
Ellie;289.784;290.194;cool3 (cool)
Participant;289.85;290.98;yeah mm last friday
Ellie;293.717;295.247;what_do_when_annoyed (what do you do when you are annoyed)
Participant;296.64;305.29;what do i do when i am annoyed mm swear to myself
Ellie;307.263;309.323;control_temper (how are you at controlling your temper)
Participant;309.78;311.56;pretty good mm pretty good
Ellie;312.248;312.888;thats_good (that's good)
Participant;312.47;315.78;takes takes a lot to get me to express anger
Ellie;316.981;317.451;mm (mm)
Participant;317.93;318.28;but i do
Ellie;319.013;322.063;last_argument (when was the last time you argued with someone and what was it about)
Participant;322.09;326.71;it was in traffic actually <laughter> so probably two weeks ago
Ellie;324.762;325.562;wild_laughter3 ((laughter))
Participant;327.58;328.83;so in traffic
Ellie;328.359;329.519;tell_about_that (can you tell me about that)
Participant;330.25;354.89;sure um scrubbed_entry um just waiting for the light <l> light and some guy in a pickup is honking at me i'm like so i honk back and so he didn't like that and he pulled up along side me i had have no idea what his problem was and um we had a little <li> few words
Ellie;355.841;356.721;oh_no (oh no)
Participant;356.85;361.18;yeah i mean i i have no idea what i was doing wrong
Ellie;358.756;360.236;landed_trouble (has that gotten you in trouble)
Participant;362.38;363.12;just waiting for the light
Ellie;362.518;368.433;that_sucks (that sucks) feelguilty (what's something you feel guilty about)
Participant;372.55;387.58;guilty that's a strong word <sigh> don't know if i feel guilty as i feel remorseful about actions or words said and done in the past they come up
Ellie;387.396;387.936;like_what (like what)
Participant;389.07;403.33;oh just past interpersonal <inter> you know interpersonal reactions with friends or family you know it'll just hit you one day you're not necessarily thinking about it for whatever reason and just out of the blue it hits you and i'm like oh why'd i say that why'd i do that
Ellie;403.904;409.116;isee_downer (i see) situation_handled (tell me about a situation that you wish you had handled differently)
Participant;408.85;456.22;<deep breath> mm <sigh> a situation xxx <sigh> uh woo drawing a blank um for me that question has a negative connotation so something that's possibly negative in my recent past um <sigh> what would i have done differently i've i don't i'm pretty in control of my emotions and taking the temperature of the moment and responding knowing when to respond and when and knowing not to respond
Ellie;456.783;457.313;yeah2 (yeah)
Participant;457.25;467.33;um so nothing really springs  to mind that i wish i had done differently recently in my past past yes but not recently
Ellie;465.345;474.214;okay_confirm (okay) okay_confirm (okay) hard_decisionB (tell me about the hardest decision you've ever had to make)
Participant;476.64;490.02;oh swallowing my pride putting my tail between my legs and saying i was wrong to friends
Ellie;491.732;492.892;tell_about_that (can you tell me about that)
Participant;493.02;512.45;sure scrubbed_entry um scrubbed_entry i contacted him again and then we're fast friends again
Ellie;513.805;515.165;good_hear (that's so good to hear)
Participant;515.43;515.72;mhm
Ellie;517.362;521.49;memory_erase (tell me about an event or something that you wish you could erase from your memory)
Participant;524.08;550.85;<sigh> <sigh> you know this is again this is past past so not recent past so um probably altercations that i've had with my uh mom you know things i've said to hurt her you know
Ellie;551.781;552.221;yeah_downer (yeah)
Participant;552.1;563.68;you know when you hurt the ones that are closest to you that sticks so any time any one of those situations you know
Ellie;560.358;560.798;isee_downer (i see)
Participant;565.31;568.18;so when i'm i think my emotional i_q has
Ellie;565.413;565.873;okay_confirm (okay)
Participant;570.2;578.84;grown so i think in the past past my emotional i_q was very was stuck on infant <laughter>
Ellie;578.676;579.126;hmm_downer (hmm)
Participant;579.74;581.92;so so
Ellie;581.739;584.443;family_relationship (tell me about your relationship with your family)
Participant;584.73;601.15;i have a good relationship with my mother and both my sisters and their families um my father never had a good relationship don't know if that will be possible he's still alive but he's in advanced alzheimer's so he's mad at everybody right now
Ellie;600.773;601.843;sorry_hear (i'm sorry to hear that)
Participant;601.94;606.78;oh it's fine you know it was slow so
Ellie;606.428;608.758;influence_positive (who's someone that's been a positive influence in your life)
Participant;609.18;623.88;someone oh um scrubbed_entry has been positive influence in my life um my sisters i talk with my sisters so
Ellie;624.95;630.696;thats_great (that's great) easy_sleep (how easy is it for you to get a good night's sleep)
Participant;631.1;636.36;extremely easy i sleep well each night about <abo> anywhere from at least eight to ten hours a night
Ellie;637.592;638.322;nice (nice)
Participant;638.23;638.55;<laughter> yeah
Ellie;639.154;640.934;sleep_affects (what are you like when you don't sleep well)
Participant;642.05;663.17;oh lethargic um <sigh> just going through the motions <laughter> you know um it's like this i'll frame it like this david lynch who is not necessarily mainstream he's done some crazy stuff as far as movies and t_v's concerned
Ellie;663.535;664.005;yeah3 (yeah)
Participant;664.12;672.55;he said the idea of the angst-driven artist is b_s he says you wanna be creative get a good night's sleep i like that
Ellie;671.758;675.052;wild_laughter5 ((laughter)) makes_sense (that makes sense)
Participant;675.08;675.36;mhm
Ellie;677.542;678.922;feel_lately (how have you been feeling lately)
Participant;680.12;682.93;good um i can't wait to get up and start the day
Ellie;684.46;687.63;behavior_changes (have you noticed any changes in your behavior or thoughts lately)
Participant;688.87;702.18;oh um if if that happens it's gradual i'm always thinking about my behavior and my thought processes and how to be more productive
Ellie;702.432;702.942;mhm (mhm)
Participant;702.97;703.56;in my life
Ellie;704.596;706.636;ptsd_diagnosed (have you ever been diagnosed with p_t_s_d)
Participant;707.17;707.57;with what
Ellie;708.741;710.781;ptsd_diagnosed (have you ever been diagnosed with p_t_s_d)
Participant;711.95;720.15;p eh you mean no i don't think so no i haven't be diagnosed <diag> no i haven't been xxx diagnosed with any psychological acronym <laughter>
Ellie;720.247;723.621;okay_confirm (okay) depression_diagnosed (have you been diagnosed with depression)
Participant;723.82;724.26;no
Ellie;726.386;728.933;happy_lasttime (tell me about the last time you felt really happy)
Participant;729.84;757.36;<deep breath> uh <sigh> this weekend had a good good time with friends we had a great mm was with friends and we just were able to talk about you know some things and uh for <fo> conversation lasted for two and a half hour three hours didn't expect it to happen it was good i like talking with smart people informed people open-minded people it was a great those types of discussions are rare
Ellie;758.11;759.99;great_situation (that sounds like a great situation)
Participant;760.11;766.72;it's almost like running <ru> uh the high you get after running or exercising you know the endorphins
Ellie;767.311;767.781;yeah3 (yeah)
Participant;767.42;768.18;it was the same thing
Ellie;771.094;773.283;ideal_weekendC (tell me how you spend your ideal weekend)
Participant;774.25;780.81;i um <sigh> either with friends or working on my stuff my writing
Ellie;782.143;782.603;okay_confirm (okay)
Participant;783.81;784.58;or exercising
Ellie;784.793;787.694;self_change (what are some things you wish you could change about yourself)
Participant;788.0;807.78;my heighth <laughter> i wish i were taller um i wish mm taller uh physical <phys> just physicality um i wish i didn't wear glasses
Ellie;808.863;809.373;mhm (mhm)
Participant;810.1;811.84;mhm nothing internal
Ellie;811.208;814.148;Ellie17Dec2012_07 (what would you say are some of your best qualities)
Participant;814.42;823.15;mm i'm patient i've been commended for my patience by strangers um
Ellie;822.621;824.921;Ellie17Dec2012_08 (what are you most proud of in your life)
Participant;825.45;836.53;mm my relationships with my friends and my family i understand that it takes time and energy to maintain them and i take that time and energy
Ellie;838.514;842.019;thats_great (that's great) regret (is there anything you regret)
Participant;843.89;851.91;well that's a really open general question of course you know it goes back um are you talking recently are you talking
Ellie;852.31;853.51;mind (whatever comes to your mind)
Participant;852.43;881.77;in the past <pa> um i always regret <sigh> things <th> i regret this is a little thing it's not a big thing not being more productive or efficient in the use of my time each day it's a little thing <laughter> you know so i hate wasting time i hate wasting money i hate wasting energy
Ellie;878.342;887.897;okay_confirm (okay) yeah3 (yeah) advice_back (what advice would you give to yourself ten or twenty years ago)
Participant;889.42;921.46;<deep breath> <sigh> hm that's a deep question <sigh> i'd say i was codependant ten or twenty years ago i'd say get some help get some help
Ellie;922.419;924.859;asked_everything (okay i think i have asked everything i need to)
Participant;922.75;925.26;you're co you're co mm k
Ellie;927.03;928.47;appreciate_open (thanks for sharing your thoughts with me)
Participant;928.58;928.83;sure
Ellie;929.865;930.475;bye (goodbye)
Participant;930.55;930.83;bye
