speaker;start_time;stop_time;text
Participant;13.4;14.33;<sync>
Ellie;28.905;50.445;IntroV4Confirmation (hi i'm ellie thanks for coming in today i was created to talk to people in a safe and secure environment i'm not a therapist but i'm here to learn about people and would love to learn about you i'll ask a few questions to get us started and please feel free to tell me anything your answers are totally confidential are you ok with this)
Participant;50.72;51.15;sure
Ellie;51.721;55.509;okay_confirm (okay) how_doingV (so how are you doing today)
Participant;55.63;56.78;i'm doing good how are you
Ellie;57.98;61.954;great_thanks (i'm great thanks) where_originally (where are you from originally)
Participant;62.67;63.32;chicago
Ellie;64.177;64.767;really (really)
Participant;65.15;65.42;yeah
Ellie;66.401;67.481;when_LA (when did you move to l_a)
Participant;68.37;70.19;about twenty five years ago
Ellie;71.054;72.354;long_time (that's a long time)
Participant;72.29;73.28;yeah it's been a while
Ellie;73.996;75.896;often_backB (how often do you go back to your hometown)
Participant;76.1;78.64;actually i haven't been back <laughter> i like l_a
Ellie;78.298;78.868;why2 (why)
Participant;79.44;80.26;i like l_a
Ellie;81.912;83.532;compares_LA (how does it compare to l_a)
Participant;84.63;91.06;mm it's a big city so it's kinda similar but the weather is not the same so gotta love l_a for the weather
Ellie;91.856;95.438;see_mean (i see what you mean) why_LA (why did you move to l_a)
Participant;95.93;97.21;<tisk> family i was a child
Ellie;99.752;102.222;adapted_LA (how easy was it for you to get used to living in l_a)
Participant;103.15;105.18;it took a little adjustment but not hard
Ellie;106.514;109.981;thats_good (that's good) like_about_LA (what are some things you really like about l_a)
Participant;111.11;121.73;um the weather um i can't think of anything right off the bat but i sure wouldn't wanna leave so my family is here so that's another reason why i wouldn't wanna leave
Ellie;122.18;125.774;mhm (mhm) dont_like_LA (what are some things you don't really like about l_a)
Participant;126.14;127.8;traffic <laughter>
Ellie;129.403;135.872;travel_shoes (i'm sure you can tell by my shoes i'm not much of a world explorer do you travel a lot)
Participant;135.54;138.25;not really but i've traveled <tra> traveled a little bit yeah
Ellie;139.247;140.767;travel_changed (what do you enjoy about traveling)
Participant;140.97;143.93;seeing new places different people the way they live their lives
Ellie;145.13;148.171;cool3 (cool) travel_trips (i'd love to hear about one of your trips)
Participant;148.66;155.19;<tisk> um i went to monterey california earlier last <la> or the middle of last year that was very nice
Ellie;156.27;158.63;memorableB (what's one of your most memorable experiences)
Participant;159.34;167.7;um it's a good question i'm not really sure uh there's probably
Ellie;167.292;167.752;okay_confirm (okay)
Participant;169.22;172.91;i can't think of anything right off the bat which makes me think uh it's kinda weird but <laughter>
Ellie;175.28;176.42;study (what did you study at school)
Participant;176.99;177.67;astronomy
Ellie;178.79;179.92;sounds_interesting (that sounds interesting)
Participant;179.97;180.62;yeah it was
Ellie;181.269;182.679;hard_decision (how did you decide to do that)
Participant;183.39;189.8;<tisk> i don't know just kinda fell into it took a course liked it and then took some more and kinda just went down that path
Ellie;191.004;192.264;still_working_on_X (are you still working in that)
Participant;192.9;193.45;no
Ellie;195.071;195.641;why2 (why)
Participant;196.11;200.86;there's not much job opportunities so it's kinda limited
Ellie;202.161;203.001;that_sucks (that sucks)
Participant;203.22;204.39;yeah it does <laughter>
Ellie;205.193;206.393;dream_job (what's your dream job)
Participant;207.42;217.16;um my dream job i would like to own a restaurant a nice a bar restaurant
Ellie;219.64;220.8;tell_about_that (can you tell me about that)
Participant;221.67;240.89;well i'd like to have something a little more upscale than most places you go to or at least in the area that i live in most places don't seem very kind of just seem like a dive bar just kind of worn out run down so something nice something different something creative something vibrant something for you know attracts a crowd
Ellie;241.599;242.069;uh_huh (uh huh)
Participant;242.15;246.09;but it's probably costly so i don't know if it's really plausible <laughter>
Ellie;245.974;253.426;yeah_downer (yeah) shyoutgoing (do you consider yourself more shy or outgoing)
Participant;252.39;258.79;i'm definitely more shy but i can be outgoing when i'm comfortable with people but initially i'm pretty shy
Ellie;260.057;260.517;okay_confirm (okay)
Participant;260.55;261.0;<laughter>
Ellie;261.958;273.737;relax_fishtank (sometimes when i'm feeling tense i turn on the fish tank screensaver hey i know it's not hawaii but it's the best i've got what do you do to relax)
Participant;271.37;288.01;good idea um a lot of times i try to just lay back and you know do some deep breathing just kind of clear your mind or maybe just watch a movie listening to music is good reading a book kinda just takes your mind away
Ellie;286.886;287.396;mhm (mhm)
Participant;288.38;288.87;relax
Ellie;290.166;292.226;control_temper (how are you at controlling your temper)
Participant;293.45;308.9;i've gotten much better at it <laughter> i used to have problems with that when i was younger but i'm i'm good i'm good with that now learned that you shouldn't react immediately to situations you should you know think before you speak that type of thing
Ellie;309.863;312.913;last_argument (when was the last time you argued with someone and what was it about)
Participant;313.35;318.44;um my ex girlfriend when we broke up about three months ago <laughter>
Ellie;319.271;320.431;tell_about_that (can you tell me about that)
Participant;321.17;346.5;um we're relationship just wasn't doing very well so it just kind of was going down a predictable path and we just were arguing over the same old stuff and wasn't really it wasn't a memorable argument but it was it was an argument so that's all i can think of and i haven't really seen her since so i don't know that's what it is nothing special just a typical argument between two people who had grown separate
Ellie;347.515;349.055;describe_felt (how did you feel in that moment)
Participant;349.89;350.96;frustrated
Ellie;352.821;353.261;yeah_downer (yeah)
Participant;353.21;371.87;like yeah i guess everybody kinda sees things in their own way and you know my way and my perspective is right and i'm sure her way was right too so trying to convince somebody that you know of your ideas or what you're thinking is more difficult than it is because everybody's kinda looking out for themselves
Ellie;373.44;373.91;uh_huh (uh huh)
Participant;374.16;374.85;<tisk> but yeah
Ellie;375.648;379.433;situation_handled (tell me about a situation that you wish you had handled differently)
Participant;380.43;408.61;mm that's a good example right there with the my girlfriend i didn't have to i could've reacted a little differently and not shown so much emotion um there's been times in my life where i've gotten into arguments with friends or something like that where you know or previous relationships where i probably shouldn't have reacted the way i did you know not that i did anything bad but just more of uh you know be more mature about it and not you know reveal your emotions so much or that type of thing
Ellie;409.167;414.504;mhm (mhm) hard_decisionB (tell me about the hardest decision you've ever had to make)
Participant;415.43;434.5;<tisk> um <sigh> leaving my first girlfriend to go to school when i was eighteen this was a long time ago i went to school in san diego and i immediately wanted to come back so i kind of ruined our relationship and we're still friends and i wish i didn't do that
Ellie;438.055;440.196;feelguilty (what's something you feel guilty about)
Participant;441.32;465.84;mm i feel like i can contribute more to my family and my friends i i think i could do better i i think i sell myself short so employment opportunities are hard to come by but if i could find a good job i'd be a lot more happy because i could provide for myself and others so not be so much of a burden to people around me
Ellie;467.077;470.553;yeah_downer (yeah) good_job (it can be tough to find a good job these days)
Participant;470.55;472.53;<tisk> yeah real difficult <laughter>
Ellie;473.799;476.484;family_relationship (tell me about your relationship with your family)
Participant;476.33;489.14;it's good it's very good we're pretty open with each other and i see my mom and dad and my sister quite often so it's a good relationship i mean we we get along well could be i mean it's not it's not perfect but it's good
Ellie;486.885;494.066;thats_good (that's good) yeah_downer (yeah) easy_sleep (how easy is it for you to get a good night's sleep)
Participant;494.23;495.99;<tisk> pretty easy i'm a good sleeper
Ellie;497.331;499.111;sleep_affects (what are you like when you don't sleep well)
Participant;499.81;509.13;um probably irritable there's it's harder to do tasks it's kind of like you feel like you're being strange or something because you don't have as much energy and
Ellie;511.243;513.71;mhm (mhm) feel_lately (how have you been feeling lately)
Participant;514.33;518.83;good relatively well spring time always makes everybody feel well
Ellie;520.997;524.906;makes_sense (that makes sense) ptsd_diagnosed (have you ever been diagnosed with p_t_s_d)
Participant;525.12;526.12;no not at all
Ellie;526.872;528.682;depression_diagnosed (have you been diagnosed with depression)
Participant;528.87;529.37;never
Ellie;530.349;534.084;happy_lasttime (tell me about the last time you felt really happy)
Participant;534.6;553.01;<tisk> um really really i mean we all feel happy every day at some point but really happy <sigh> it's probably been a while um probably like superbowl sunday i was with all my friends we were having a good time so it's been probably like a month and a half or something when i was really really happy
Ellie;554.062;560.782;mhm (mhm) self_change (what are some things you wish you could change about yourself)
Participant;561.64;576.52;i wish i was more i guess stuck to my goals and i wish i had better drive to succeed i don't know i usually settle for less so
Ellie;576.157;576.727;why2 (why)
Participant;577.56;583.2;i don't know i i guess that's the calm demeanor part of me that's good and bad <laughter>
Ellie;584.205;584.675;mm (mm)
Participant;584.6;591.08;don't really matter i kinda live in the moment and then you kinda realize that five ten years have gone by and you should've done something
Ellie;592.034;598.954;yeah_downer (yeah) feelbadly (tell me about a time when someone made you feel really badly about yourself)
Participant;599.75;606.9;um i'm just gonna stick to that argument with my girlfriend <laughter> three months ago she made me feel pretty bad <laughter>
Ellie;608.316;615.166;downer (okay) memory_erase (tell me about an event or something that you wish you could erase from your memory)
Participant;617.35;644.52;um i i don't know uh when i was when i was in high school i got into an argument with a friend and i drove my car too fast and it was an area that i didn't know and i hit a turn that i didn't know was coming and i crashed my car so i wish i didn't do that but that's a long time ago so it's not a big deal now <laughter>
Ellie;646.115;647.655;describe_felt (how did you feel in that moment)
Participant;647.99;650.71;stupid <laughter> immature <laughter>
Ellie;652.982;655.312;influence_positive (who's someone that's been a positive influence in your life)
Participant;655.79;663.24;<tisk> um my parents some of my close friends i have i have a good group of three or four friends that've been positive influences
Ellie;664.089;664.989;thats_great (that's great)
Participant;665.16;665.55;yeah
Ellie;666.927;668.617;BF_describe (how would your best friend describe you)
Participant;669.76;693.99;mm a caring guy nice person good heart a little a little unmotivated needs to improve on certain aspects of his life to make himself better and uh passionate i guess passionate in a good and bad way <laughter> <laughter>
Ellie;694.711;695.871;tell_about_that (can you tell me about that)
Participant;696.71;701.37;well i care a lot and at the same time sometimes it gets the best of me
Ellie;704.115;705.445;give_example (can you give me an example of that)
Participant;706.33;722.25;mm <tisk> sometimes you feel like you know you're doing more for your friends or somebody like that you're doing more than they deserve and you're not it's not being reciprocated so that's an example
Ellie;722.788;726.275;see_mean (i see what you mean) regret (is there anything you regret)
Participant;728.04;731.26;yeah probably but i can't think of anything off the top of my head
Ellie;732.074;735.024;advice_back (what advice would you give to yourself ten or twenty years ago)
Participant;735.91;755.47;<tisk> um focus more on school because while you're young you have the ability to multitask and scrubbed_entry
Ellie;757.087;760.337;Ellie17Dec2012_10 (tell me about something you did recently that you really enjoyed)
Participant;761.32;783.02;mm <tisk> i don't know really enjoyed i mean i do things everyday that i enjoy but really enjoyed i don't i don't know um i i i cleaned up a bunch of stuff from my room so it was nice to shed some old garbage so that that was alright but i don't know if i really enjoyed that but i felt content after it
Ellie;782.246;789.002;wild_laughter5 ((laughter)) Ellie17Dec2012_08 (what are you most proud of in your life)
Participant;789.71;799.88;mm <tisk> not much it's i mean it's kinda sad i don't know uh <laughter> i think i could do better i feel like i'm an underachiever so not much i don't know
Ellie;802.154;805.094;Ellie17Dec2012_07 (what would you say are some of your best qualities)
Participant;805.81;825.23;i'm very detail oriented organized i like to finish tasks um i care a lot you know i'm very caring um i have good intentions in mind i don't like to wrong people i don't like to lie because once you lie one lie leads to another so i don't like that
Ellie;825.957;826.487;yeah2 (yeah)
Participant;826.51;829.14;but yeah that's that's about it
Ellie;830.438;832.878;asked_everything (okay i think i have asked everything i need to)
Participant;832.49;833.69;<laughter> cool
Ellie;834.348;835.788;appreciate_open (thanks for sharing your thoughts with me)
Participant;835.75;836.95;right on have a good day
Ellie;837.717;838.327;bye (goodbye)
