speaker;start_time;stop_time;text
Participant;17.15;18.19;<sync>
Ellie;31.399;52.939;IntroV4Confirmation (hi i'm ellie thanks for coming in today i was created to talk to people in a safe and secure environment i'm not a therapist but i'm here to learn about people and would love to learn about you i'll ask a few questions to get us started and please feel free to tell me anything your answers are totally confidential are you ok with this)
Participant;53.19;53.6;yes
Ellie;54.163;58.077;okay_confirm (okay) how_doingV (so how are you doing today)
Participant;58.86;59.81;i'm okay thank you
Ellie;60.373;63.102;thats_good (that's good) where_originally (where are you from originally)
Participant;64.11;67.67;um i was born in east los angeles and
Ellie;67.148;67.738;really (really)
Participant;69.44;69.74;yes
Ellie;69.684;71.794;like_about_LA (what are some things you really like about l_a)
Participant;73.87;90.58;um the freedom to explore outdoors and with different um weather temperature <temp> you know with weather <clears throat> temperature and climates to go skiing or to the beach maybe in the same day
Ellie;89.706;90.216;mhm (mhm)
Participant;92.02;92.46;i like that
Ellie;92.172;94.522;dont_like_LA (what are some things you don't really like about l_a)
Participant;95.95;108.03;um mm i think probably the overcrowding um and the smog
Ellie;109.671;118.544;see_mean (i see what you mean) travel_shoes (i'm sure you can tell by my shoes i'm not much of a world explorer do you travel a lot)
Participant;119.34;121.95;mm not not frequently but i have
Ellie;123.286;124.806;travel_changed (what do you enjoy about traveling)
Participant;125.25;129.84;meeting other people and learning about their environment and their cultures
Ellie;130.728;132.408;travel_trips (i'd love to hear about one of your trips)
Participant;134.45;172.26;sure um the last trip i've taken outside of here was to italy and um that was my second time being there and i enjoyed it more this time because um i knew what i wanted to see when i came back and um and i was better prepared for italians and their culture i felt i wasn't as uh you know i was just better prepared i thought for that trip
Ellie;173.357;175.717;memorableB (what's one of your most memorable experiences)
Participant;178.12;203.46;um <clears throat> that would be um being in the countryside and seeing a very tiny house in the midst of acres and acres and acres of grapes was just magnificent
Ellie;204.47;208.557;wow (wow) study (what did you study at school)
Participant;209.72;210.93;um human development
Ellie;213.226;214.636;hard_decision (how did you decide to do that)
Participant;216.26;266.18;um <clears throat> i actually didn't decide at first to do that i started school with the intent of being a lactation consultant and um i went to a program in which you could get a degree as well as get your license to become a lactation consultant and through the process i learned that um i had to do a long internship without pay and at the time <t> and i miss i had a family so i had to make a different <diff> a career choice quickly and um so the college offered human development as a major and i um just went right in and used my used <u> used my units that i had already acquired towards that particular major and and i'm happy with it
Ellie;267.939;270.741;thats_good (that's good) still_working_on_X (are you still working in that)
Participant;271.96;283.88;um currently no i stay at home i have a little one uh well he's not so little i'm preparing to go back to work um in the meantime i design jewelry
Ellie;285.984;289.144;nice (nice) kids_elaborate (tell me about your kids)
Participant;290.9;299.3;well i have three children um i have a almost four year old and then i have two older children seventeen and twenty three
Ellie;300.363;302.313;easy_parent (do you find it easy to be a parent)
Participant;302.76;303.1;no
Ellie;306.386;308.106;parent_best (what's the best thing about being a parent)
Participant;310.82;318.23;um that your children the the love <sigh> from them and for them is unconditional
Ellie;320.289;322.269;parent_hardest (what's the hardest thing about being a parent)
Participant;323.78;334.17;all the stages that they go through they're stages all the time for every age <laughter> and then everybody in my household is all different because they're different ages
Ellie;330.649;331.189;like_what (like what)
Participant;334.6;334.83;so
Ellie;335.918;342.215;yeah3 (yeah) parent_differences (what are some ways that you're different as a parent than your parents)
Participant;344.41;388.86;um i think i'm probably more in tune with those different stages that's why it makes me crazy um and i think that my parents the time that my parents were parents it was just kinda like you know is she fed is she dressed she has a house i mean a roof over her head and we're doing great as parents and we love her and so it wasn't um there wasn't too much i felt that that parents thought about in terms of that in terms of parenting in that way and like today you know there's books for every age every year month you know <clears throat> and um so i think it difference differs in that way
Ellie;389.439;389.949;mhm (mhm)
Participant;389.49;390.09;tremendously
Ellie;391.95;393.65;family_roleB (how close are you to your family)
Participant;395.17;398.13;very close <clears throat>
Ellie;397.872;404.968;thats_good (that's good) shyoutgoing (do you consider yourself more shy or outgoing)
Participant;404.12;404.66;outgoing
Ellie;405.778;406.348;why2 (why)
Participant;408.85;424.97;mm i don't i don't um feel uninhibited <u> uninhibited i feel a little you know confident to talk to people i probably talk more than i need to <laughter>
Ellie;425.916;440.452;uh_huh (uh huh) relax_fishtank (sometimes when i'm feeling tense i turn on the fish tank screensaver hey i know it's not hawaii but it's the best i've got what do you do to relax)
Participant;442.14;449.48;um <clears throat> i bead i <clears throat> do i design jewelry that's what i do to relax
Ellie;451.257;455.722;thats_great (that's great) control_temper (how are you at controlling your temper)
Participant;458.26;488.3;i'm pretty good i i well i think i um try not to not to um feel or let others know what my emotions are when i'm upset um which is not good 'cause if i don't do anything with them then i know that at some point it's gonna come out and um yeah that that's uh something i have to work on
Ellie;489.432;489.872;yeah_downer (yeah)
Participant;490.35;491.9;like exercising or something
Ellie;491.093;494.143;last_argument (when was the last time you argued with someone and what was it about)
Participant;496.82;510.34;um <clears throat> it was my husband and it was about um he asked me whether i thought about cheating ever in our marriage on him
Ellie;513.466;515.006;describe_felt (how did you feel in that moment)
Participant;517.91;521.71;uh really tired of talking about that same topic
Ellie;523.973;525.133;tell_about_that (can you tell me about that)
Participant;527.68;633.87;um well it came it spawned from <f> from a client of my husband's who's a female and she shared with him that she'd been cheating on her husband for like a year because she resented him for many things and um <clears throat> and so he took that information and came home and decided to ask me if i ever thought about it and what made me think about cheating and he knows that i've been resentful of him and did that make me feel like it did that make me want to cheat or did i think about cheating <clears throat> and um <sigh> i we've had this conversation a lot of times and uh i mean not just that but i don't know just about cheating in general and um so i just said what i normally said normally say is that i haven't um cheated and that i did think about that when we were first together and uh but it was just a mere thought and um and then his response was i know that if we cheated on each other we would never tell one another and that just kinda <sigh> i guess irritated me i was really bothered by that and i just started thinking you know we're having this conversation yet again and why are we having this conversation <laughter> are you the one that's cheating and so that's how that that went into that um argument i mean it wasn't ayelling <y> yelling i mean it was part conversation and part texting
Ellie;635.065;639.088;been_hard (that sounds really hard) symptoms_cope (how do you cope with them)
Participant;643.93;653.94;um <sigh> not talking at all <laughter>
Ellie;652.976;660.941;okay_confirm (okay) situation_handled (tell me about a situation that you wish you had handled differently)
Participant;668.0;707.75;um <sigh> mm pretty much any situation that involves my children and if i've yelled because i really don't like if i came to the point where i've had more of yelled it bothers me because um i was yelled at a lot and i just feel bad about that and i try really hard to not handle any kind of situation that involves my children no matter how upset i might get and result in in yelling
Ellie;710.597;717.83;okay_confirm (okay) hard_decisionB (tell me about the hardest decision you've ever had to make)
Participant;721.09;744.93;hmm that would probably be whether to keep a pregnancy or not
Ellie;746.955;748.115;tell_about_that (can you tell me about that)
Participant;752.77;864.3;yeah yeah i um i was just talking about it yesterday actually and um oh i was pregnant and i had wanted i wasn't married yet and i had wanted to be married and but i just didn't think that i it was the right time for me and um i had pretty much made up my mind that i was not going to keep that pregnancy but i made the decision by myself and when my partner found uh discovered that i was pregnant he said that he very much wanted to have a child and wanted to marry me and so that decision was quite hard because i felt obligated to do so and felt super guilty to not and <drops microphone> oops and uh this is on correctly um hang on this ear piece is falling there we go that was probably the hardest decision actually you know what no i wouldn't say that's the hardest decision i ever had to make i'm sorry the hardest decision that i had to make in my life was whether or not <clears throat> um the hospital should um unplug the life or um life support machine for my father or not that was the hardest decision
Ellie;865.57;867.0;change_directions (what made you decide to do that)
Participant;869.57;906.63;um because i knew that the quality of life he wanted for himself was more than that and to have been um to resort to the situation that he was in not capable of doing anything at all either speaking for himself um was beyond it who he was and i just couldn't see him like that anymore and he would be a vegetable i was told so i agreed to um resort that
Ellie;905.439;911.608;sorry_hear (i'm sorry to hear that) easy_sleep (how easy is it for you to get a good night's sleep)
Participant;912.02;914.59;not hardly ever
Ellie;914.069;914.639;why2 (why)
Participant;915.15;957.38;<laughter> too many things running on my mind um and pretty much um mostly on the weekends because my older kids are out and about with their friends uh even though i know that they're gonna come <co> i mean i'm constantly worried about uh how they are when they come home and so i really can't fall asleep on the weekends most of the time but um and you <y> sometimes it's just been so many days of not getting a good night's sleep i'm just exhausted <ex> exhausted i pass out but it's hard
Ellie;958.674;960.054;feel_lately (how have you been feeling lately)
Participant;961.57;962.5;very stressed
Ellie;964.615;965.775;tell_about_that (can you tell me about that)
Participant;968.65;985.24;mm my son is is um has been uh in dealing with some legal issues and um currently is incarcerated and uh it's been really hard
Ellie;988.444;991.614;behavior_changes (have you noticed any changes in your behavior or thoughts lately)
Participant;993.06;997.4;yes i've been probably very short moody irritable
Ellie;999.523;1000.903;trigger (are they triggered by something)
Participant;1002.94;1022.71;well i often think about a lot of things that aren't even happening <laughter> my mind just goes from one point a to point b and i don't even know how i got there um you know it's interesting uh yeah
Ellie;1024.074;1026.114;ptsd_diagnosed (have you ever been diagnosed with p_t_s_d)
Participant;1027.17;1027.35;no
Ellie;1027.91;1029.72;depression_diagnosed (have you been diagnosed with depression)
Participant;1029.82;1030.19;yes
Ellie;1030.874;1032.794;when_diagnosed (how long ago were you diagnosed)
Participant;1033.07;1034.14;about three years ago
Ellie;1035.397;1036.747;why_seek_help (what got you to seek help)
Participant;1038.32;1050.36;um my um o_b_g suggested i i uh see a psychiatrist
Ellie;1052.309;1053.749;therapy_going (do you still go to therapy now)
Participant;1053.98;1054.39;yes
Ellie;1055.778;1058.628;therapy_changes (what sort of changes have you noticed since you've been going to therapy)
Participant;1062.34;1104.49;well um i've in the process of changing therapists so it's been about because the program that i was in um lost funding and i lost my therapist or the therapist that i was working with and so it's been about two months maybe three now and um but i did notice when i was in therapy um that it was just an intricate part of my my life my week to see my therapist um it really helped me cope
Ellie;1108.154;1113.105;Ellie17Dec2012_03 (that's good) happy_lasttime (tell me about the last time you felt really happy)
Participant;1118.21;1133.25;um <sigh> when i picked up my son <laughter> up from um when he was released from um jail
Ellie;1136.357;1138.047;BF_describe (how would your best friend describe you)
Participant;1143.98;1182.73;um a go getter uh probably you know uh she would use the term hustler but meaning that i'll i'm not afraid to do a lot of different kinds of jobs to do what i need to do to support my family i mean you know legally of course um outgoing um maybe sometimes a little too for too outgoing for her um and compassionate sensitive loyal
Ellie;1183.442;1188.884;mhm (mhm) self_change (what are some things you wish you could change about yourself)
Participant;1190.37;1196.63;mm all the things that remind me of my mother <laughter>
Ellie;1199.475;1200.015;like_what (like what)
Participant;1201.29;1216.81;well yelling the yelling part was one um just <j> just the little things that used to drive me so crazy i see <s> can see myself doing them and it bothers me a lot
Ellie;1219.214;1220.284;regret (is there anything you regret)
Participant;1222.86;1223.74;regarding what
Ellie;1225.548;1226.748;mind (whatever comes to your mind)
Participant;1228.23;1251.07;mm <clears throat> um not too much really i don't know
Ellie;1254.329;1257.279;advice_back (what advice would you give to yourself ten or twenty years ago)
Participant;1261.51;1300.83;<clears throat> to go to college right after high school and not wait um and <sigh> that i didn't really need to be in a relationship to be happy or that you don't have to be in a relationship to be happy that you can certainly be successful and not in a relationship and still be happy and live life
Ellie;1300.489;1305.833;mhm (mhm) Ellie17Dec2012_10 (tell me about something you did recently that you really enjoyed)
Participant;1314.99;1332.71;um what did i do mm i visited my son yesterday and that was really good yeah
Ellie;1332.524;1334.064;describe_felt (how did you feel in that moment)
Participant;1335.6;1337.35;i was happy that he was safe
Ellie;1341.089;1343.389;Ellie17Dec2012_08 (what are you most proud of in your life)
Participant;1345.99;1365.22;um my children and uh my accomplishments in um school and work
Ellie;1368.44;1378.792;thats_great (that's great) asked_everything (okay i think i have asked everything i need to) appreciate_open (thanks for sharing your thoughts with me) bye (goodbye)
Participant;1379.12;1379.52;bye
