speaker;start_time;stop_time;text
Participant;16.97;17.84;<synch>
Ellie;33.014;54.554;IntroV4Confirmation (hi i'm ellie thanks for coming in today i was created to talk to people in a safe and secure environment i'm not a therapist but i'm here to learn about people and would love to learn about you i'll ask a few questions to get us started and please feel free to tell me anything your answers are totally confidential are you ok with this)
Participant;54.93;55.48;yes
Ellie;55.919;60.023;okay_confirm (okay) how_doingV (so how are you doing today)
Participant;60.78;61.92;i'm doing pretty good thank you
Ellie;62.413;65.187;thats_good (that's good) where_originally (where are you from originally)
Participant;65.88;68.25;i was born in the san fernando valley in california
Ellie;69.149;69.739;really (really)
Participant;70.98;72.24;really <laughter>
Ellie;71.971;74.081;like_about_LA (what are some things you really like about l_a)
Participant;74.94;84.52;uh i love the beaches i like uh there's just many things to do and uh you can't beat the weather
Ellie;86.815;89.165;dont_like_LA (what are some things you don't really like about l_a)
Participant;89.56;92.15;uh traffic cost of living
Ellie;94.182;104.678;see_mean (i see what you mean) travel_shoes (i'm sure you can tell by my shoes i'm not much of a world explorer do you travel a lot)
Participant;105.15;112.89;uh no i haven't uh i've only been out of the country once or a few times actually but only to one other country
Ellie;114.136;115.816;travel_trips (i'd love to hear about one of your trips)
Participant;117.04;129.82;mm well they were when i was younger before i turned twenty one and we used to uh go to tijuana across the border just to get into nightclubs and stuff like that
Ellie;130.572;135.422;wild_laughter3 ((laughter)) travel_changed (what do you enjoy about traveling)
Participant;136.99;142.66;uh well i love to see new things new places uh and uh have new experiences
Ellie;144.295;147.269;cool3 (cool) study (what did you study at school)
Participant;148.39;153.93;uh after high school i went to beauty school for cosmetology
Ellie;154.658;156.068;hard_decision (how did you decide to do that)
Participant;156.84;172.67;mm well at the time i was uh looking for a career change and uh i have some friends in the industry and uh i decided to take the classes and see see what i thought
Ellie;173.744;174.774;still_doing_X (are you still doing that)
Participant;175.57;178.61;uh only as a hobby
Ellie;180.389;181.589;dream_job (what's your dream job)
Participant;183.16;194.65;mm well uh that's a that's a tough one to answer i'd have to think about that
Ellie;198.007;205.402;okay_confirm (okay) shyoutgoing (do you consider yourself more shy or outgoing)
Participant;205.39;207.02;i would be on the outgoing side
Ellie;208.141;208.711;why2 (why)
Participant;209.92;217.3;uh just because i'm more outgoing than i am shy <laughter>
Ellie;218.866;230.642;relax_fishtank (sometimes when i'm feeling tense i turn on the fish tank screensaver hey i know it's not hawaii but it's the best i've got what do you do to relax)
Participant;231.98;234.5;uh lotta times i smoke marijuana
Ellie;236.626;240.481;cool3 (cool) control_temper (how are you at controlling your temper)
Participant;242.43;244.97;mm not the best
Ellie;246.284;249.334;last_argument (when was the last time you argued with someone and what was it about)
Participant;252.95;264.2;uh i had an argument with my mother over uh how we should handle doing things with my grandmother
Ellie;265.85;267.01;tell_about_that (can you tell me about that)
Participant;268.36;286.03;well we just had differences on uh who should do what at what times and who's in control and uh i should pretty much let her uh follow her rules because it's you know she's her daughter
Ellie;286.82;289.864;mhm (mhm) describe_felt (how did you feel in that moment)
Participant;291.14;300.64;well it's okay i understood we talked it out and you know realized that uh i might've been uh overstepping my bounds
Ellie;302.161;308.119;okay_confirm (okay) family_relationship (tell me about your relationship with your family)
Participant;309.82;325.97;uh it's fairly good i am pretty close with my mom and uh my grandmother i have a stepfather and a half-brother we get along okay but we're not very close and i've never met my real father
Ellie;329.671;336.598;uh_huh (uh huh) feelguilty (what's something you feel guilty about)
Participant;339.65;349.23;um maybe not accomplishing as much as i should have in my life up to now
Ellie;350.928;352.798;avoid (could you have done anything to avoid it)
Participant;357.28;367.43;uh yeah maybe by not having enough uh ambition or drive to be in a better position in my life
Ellie;370.688;376.041;mm (mm) hard_decisionB (tell me about the hardest decision you've ever had to make)
Participant;378.36;385.56;uh well one of the hardest decisions was when i moved moved uh away from los angeles to wisconsin
Ellie;387.772;388.862;more (tell me more about that)
Participant;390.47;406.78;well when i was younger i was getting in trouble and i was looking for a way out so i went and continued getting into trouble and i <deep breath> with a friend <sigh> uh we just packed our bags and moved to milwaukee
Ellie;408.311;412.11;wow (wow) happy_didthat (are you happy you did that)
Participant;412.81;413.24;yes
Ellie;416.856;419.296;easy_sleep (how easy is it for you to get a good night's sleep)
Participant;420.09;421.86;uh extremely difficult
Ellie;424.793;425.363;why2 (why)
Participant;426.72;434.56;i guess uh i got a lotta things going on or not going on and it just makes it hard for me to sleep
Ellie;436.216;436.756;like_what (like what)
Participant;437.93;443.0;um issues in my life and uh
Ellie;442.599;445.159;uncomfortable_talkV (is it uncomfortable for you to talk about this)
Participant;445.8;447.0;sure sometimes
Ellie;449.242;451.022;sleep_affects (what are you like when you don't sleep well)
Participant;453.27;455.25;mm i guess it depends on what i have to do
Ellie;459.371;460.771;feel_down (do you feel down)
Participant;462.04;462.54;right now
Ellie;463.914;464.424;mhm (mhm)
Participant;465.82;466.19;a little
Ellie;469.368;472.538;behavior_changes (have you noticed any changes in your behavior or thoughts lately)
Participant;473.54;479.65;well in the last few minutes since we started talking about depressing stuff i starting to feel a little more down
Ellie;480.729;484.677;im_sorry (i'm sorry) depression_diagnosed (have you been diagnosed with depression)
Participant;485.57;486.19;i haven't
Ellie;487.141;489.181;ptsd_diagnosed (have you ever been diagnosed with p_t_s_d)
Participant;489.55;489.84;no
Ellie;491.592;493.142;disturbing_thoughts (do you have disturbing thoughts)
Participant;494.82;498.18;mm very seldom
Ellie;500.093;501.203;symptoms_cope (how do you cope with them)
Participant;504.29;505.58;<psh> stop thinking about 'em
Ellie;507.937;509.317;trigger (are they triggered by something)
Participant;513.38;516.61;mm i don't know i couldn't tell i couldn't answer that right now
Ellie;520.935;527.057;okay_confirm (okay) happy_lasttime (tell me about the last time you felt really happy)
Participant;530.54;547.32;um i guess i felt uh eh it's been awhile since i've been really happy i don't have uh a whole lot of very happy thoughts as recently
Ellie;550.674;553.924;Ellie17Dec2012_10 (tell me about something you did recently that you really enjoyed)
Participant;555.01;564.36;mm <deep breath> oh let's see i <sigh> did go to las vegas uh a couple months ago i had a good time there
Ellie;568.111;573.666;thats_good (that's good) Ellie17Dec2012_07 (what would you say are some of your best qualities)
Participant;576.65;591.26;well i'm a honest person for the most part reliable uh i think i'm easy to get along with
Ellie;593.861;597.977;memory_erase (tell me about an event or something that you wish you could erase from your memory)
Participant;599.0;611.03;wow where do i start i have plenty of uh bad decisions i could erase
Ellie;616.477;617.807;give_example (can you give me an example of that)
Participant;619.0;622.68;um yeah well i have a d_u_i on my record
Ellie;626.188;627.128;difficult (how hard is that)
Participant;627.89;636.51;uh well for the time it suspended my license makes it extremely difficult <diff> makes life extremely difficult
Ellie;639.996;641.156;tell_about_that (can you tell me about that)
Participant;641.96;653.09;well yeah it's uh hard to get around when you can't drive legally and if you do drive illegally you're at risk of going to jail
Ellie;654.744;655.184;yeah_downer (yeah)
Participant;654.87;656.37;for driving without a license
Ellie;657.966;659.446;landed_trouble (has that gotten you in trouble)
Participant;662.32;670.19;uh well the original charge did but i haven't got caught driving since
Ellie;673.567;677.807;downer (okay) BF_describe (how would your best friend describe you)
Participant;680.66;681.98;mm i don't have a best friend
Ellie;685.402;687.702;Ellie17Dec2012_08 (what are you most proud of in your life)
Participant;691.09;696.8;mm well let's come back to that one
Ellie;699.143;705.074;okay_confirm (okay) self_change (what are some things you wish you could change about yourself)
Participant;708.82;720.41;mm maybe that i could uh follow through with some of my plans be a little more ambitious
Ellie;721.588;722.098;mhm (mhm)
Participant;725.23;725.67;maybe not
Ellie;725.264;726.334;regret (is there anything you regret)
Participant;729.19;733.74;uh well <we> some of the decisions i've made in my life i have regrets
Ellie;735.932;738.882;advice_back (what advice would you give to yourself ten or twenty years ago)
Participant;740.28;750.06;<sigh> uh take care of business first and always handle your responsibilities
Ellie;752.302;758.691;mm (mm) Ellie17Dec2012_09 (what are some things that usually put you in a good mood)
Participant;767.72;773.48;good <go> uh good weather good music good company good conversation
Ellie;775.611;782.108;uh_huh (uh huh) Ellie17Dec2012_08 (what are you most proud of in your life)
Participant;784.3;797.34;mm <sigh> wow i don't have an answer for ya
Ellie;801.615;808.706;okay_confirm (okay) do_fun (what are some things you like to do for fun)
Participant;810.6;819.4;i love to uh bike ride i can go for walks or hikes uh i love to swim in the ocean
Ellie;821.301;826.275;thats_great (that's great) influence_positive (who's someone that's been a positive influence in your life)
Participant;827.21;832.86;mm my mom
Ellie;835.251;836.411;tell_about_that (can you tell me about that)
Participant;837.93;846.51;well she uh she was a single mom with two kids and uh worked really hard to raise us
Ellie;850.217;851.567;been_hard (that sounds really hard)
Participant;853.35;854.73;yeah yeah it wasn't easy
Ellie;857.471;858.791;how_close (how close are you to them)
Participant;861.81;862.18;very
Ellie;864.621;872.926;good_hear (that's so good to hear) asked_everything (okay i think i have asked everything i need to) appreciate_open (thanks for sharing your thoughts with me)
Participant;873.42;873.76;sure
Ellie;874.352;874.962;bye (goodbye)
Participant;875.37;876.25;bye <laughter>
