speaker;start_time;stop_time;text
Participant;15.86;16.66;<synch>
Ellie;36.493;58.033;IntroV4Confirmation (hi i'm ellie thanks for coming in today i was created to talk to people in a safe and secure environment i'm not a therapist but i'm here to learn about people and would love to learn about you i'll ask a few questions to get us started and please feel free to tell me anything your answers are totally confidential are you ok with this)
Participant;58.525;58.905;yes
Ellie;59.751;63.724;okay_confirm (okay) how_doingV (so how are you doing today)
Participant;64.51;65.2;good thank you
Ellie;65.953;68.777;thats_good (that's good) where_originally (where are you from originally)
Participant;69.61;71.07;el segundo right down the street
Ellie;71.94;75.981;really (really) like_about_LA (what are some things you really like about l_a)
Participant;76.77;77.58;the beach
Ellie;79.428;81.778;dont_like_LA (what are some things you don't really like about l_a)
Participant;82.58;83.26;the smog
Ellie;84.623;93.204;see_mean (i see what you mean) travel_shoes (i'm sure you can tell by my shoes i'm not much of a world explorer do you travel a lot)
Participant;94.255;95.805;i try to when i have time
Ellie;97.44;98.96;travel_changed (what do you enjoy about traveling)
Participant;100.08;101.72;being away from home getting away
Ellie;103.927;105.607;travel_trips (i'd love to hear about one of your trips)
Participant;106.77;115.19;i recently went to palm springs with my wife and my friends um and it was it was really nice it was a hundred degrees outside and we laid by the pool and barbecued
Ellie;115.94;119.75;nice (nice) memorableB (what's one of your most memorable experiences)
Participant;122.61;125.81;um i'm not sure probably graduating from college maybe
Ellie;126.956;128.116;tell_about_that (can you tell me about that)
Participant;129.15;134.08;uh i was first person in my family to graduate i guess from college so it's kind of a big deal
Ellie;133.126;139.586;wow (wow) thats_great (that's great) study (what did you study at school)
Participant;140.23;143.03;uh advertising communications and public relations
Ellie;143.822;147.02;sounds_interesting (that sounds interesting) hard_decision (how did you decide to do that)
Participant;148.655;163.485;well i've in junior college i did um communications um a lot of public speaking classes so i i went on and transferred to a university and um wanted to study the same thing i guess
Ellie;163.914;166.669;mhm (mhm) still_working_on_X (are you still working in that)
Participant;167.17;168.62;yeah i work in advertising now
Ellie;169.55;170.75;dream_job (what's your dream job)
Participant;171.095;186.79;<deep breath> dream job um probably to to work for a um a big golf company and do their advertising for them
Ellie;187.926;188.646;awesome (awesome)
Participant;191.64;191.85;to
Ellie;191.646;196.077;shyoutgoing (do you consider yourself more shy or outgoing)
Participant;195.91;205.56;i'm definitely not shy maybe um seem might seem like it right now just 'cause i'm not this is a different a new setting but usually outgoing
Ellie;206.313;220.303;understand (i understand) relax_fishtank (sometimes when i'm feeling tense i turn on the fish tank screensaver hey i know it's not hawaii but it's the best i've got what do you do to relax)
Participant;219.53;236.64;<deep breath> <sigh> um i run <r> i like to go to the gym i i think uh i like to run and be outdoors i surf a lot so any time i'm stressed i definitely just try to go to the gym or wake up earlier and surf before work
Ellie;237.277;240.876;mhm (mhm) control_temper (how are you at controlling your temper)
Participant;241.28;244.78;um i don't really have a temper i just i'm pretty mellow
Ellie;246.728;251.146;thats_good (that's good) last_argument (when was the last time you argued with someone and what was it about)
Participant;252.845;261.65;haven't really argued with anyone um we have uh disagreements you know with family members or friends but it's usually uh solved right then and there
Ellie;263.15;268.911;okay_confirm (okay) situation_handled (tell me about a situation that you wish you had handled differently)
Participant;270.97;273.19;mm i'm not sure
Ellie;275.913;278.064;feelguilty (what's something you feel guilty about)
Participant;281.91;286.43;maybe not uh providing for my family as much as i'd like to i guess
Ellie;288.245;294.568;okay_confirm (okay) memory_erase (tell me about an event or something that you wish you could erase from your memory)
Participant;298.63;300.82;mm i'm not sure off the top of my head
Ellie;302.621;307.848;okay_confirm (okay) family_relationship (tell me about your relationship with your family)
Participant;308.77;317.77;it's pretty good we're all pretty close dad mom sisters brothers wife in-laws siblings yeah yeah everyone pets
Ellie;318.877;322.813;thats_good (that's good) influence_positive (who's someone that's been a positive influence in your life)
Participant;323.48;331.21;probably my dad he's a he's a hard worker and uh he's kind of trained me to do the same thing be the same way
Ellie;332.202;337.263;mm (mm) easy_sleep (how easy is it for you to get a good night's sleep)
Participant;338.3;342.655;that's one thing i struggle with i definitely get a good night's sleep but it's hard to go to sleep
Ellie;343.546;344.116;why2 (why)
Participant;344.77;357.57;just over the years of um sleep deprived insomnia <insom> a little bit of insomnia i mean it's getting better now that i'm getting older i'm trained trained my body to go to bed around one but when i was younger it was two three four in the morning
Ellie;359.651;364.306;wow (wow) feel_lately (how have you been feeling lately)
Participant;368.53;372.91;i feel okay happy
Ellie;372.558;375.728;behavior_changes (have you noticed any changes in your behavior or thoughts lately)
Participant;377.02;387.86;mm i mean a little bit right now just because uh my wife <w> my wife is uh pregnant so i'm slowly <s> slowly feeling a little bit of the uh the side effects i guess
Ellie;389.413;390.573;tell_about_that (can you tell me about that)
Participant;390.975;409.34;yeah like i mean i feel a little a little down here and there but at the same time i like i said i just go to the gym or go for a longer run you know 'cause she's healthy we're healthy you know everything's good and all that but supposedly uh you get the uh man pregnancy side effects it's our first so i'm unfamiliar with the feelings
Ellie;411.562;416.808;see_mean (i see what you mean) happy_lasttime (tell me about the last time you felt really happy)
Participant;418.16;419.83;this morning when i when i woke up
Ellie;422.564;424.604;ptsd_diagnosed (have you ever been diagnosed with p_t_s_d)
Participant;425.455;425.745;no
Ellie;426.822;428.632;depression_diagnosed (have you been diagnosed with depression)
Participant;428.91;429.22;have not
Ellie;432.194;435.444;Ellie17Dec2012_10 (tell me about something you did recently that you really enjoyed)
Participant;436.835;445.17;<sigh> um i got to get together with um a couple of my friends and play a round of golf enjoy the sunshine nice day
Ellie;447.021;450.277;cool3 (cool) BF_describe (how would your best friend describe you)
Participant;451.38;457.665;as outgoing and um hardworking and a family <f> good family person
Ellie;460.456;463.343;self_change (what are some things you wish you could change about yourself)
Participant;464.6;471.91;maybe just to have a little bit more confidence um yeah
Ellie;473.484;478.795;feelbadly (tell me about a time when someone made you feel really badly about yourself)
Participant;479.015;481.965;<deep breath> i don't recall <sigh>
Ellie;482.561;485.185;okay_confirm (okay) regret (is there anything you regret)
Participant;488.14;496.51;not really i try not to have any regrets just move forward from something uh negative i guess uh just try to move on
Ellie;498.123;502.582;mm (mm) advice_back (what advice would you give to yourself ten or twenty years ago)
Participant;504.45;517.14;to go to school stay in school um invest invest early start a four o one k early all the xxx all the things you know start a retirement fund all the above
Ellie;518.241;524.275;yeah3 (yeah) Ellie17Dec2012_08 (what are you most proud of in your life)
Participant;527.765;556.67;just um being raised by a good family and um training myself to be a hard worker and um enough to <t> hard enough worker to worker to provide for my family and um hopefully be uh successful one day and um c_e_o of my company right now i'm you know at the bottom of my advertising agency but continue uh to work harder and move <m> move up
Ellie;558.227;564.465;asked_everything (okay i think i have asked everything i need to) appreciate_open (thanks for sharing your thoughts with me) bye (goodbye)
