speaker;start_time;stop_time;text
Participant;12.41;13.29;<synch>
Ellie;31.728;53.268;IntroV4Confirmation (hi i'm ellie thanks for coming in today i was created to talk to people in a safe and secure environment i'm not a therapist but i'm here to learn about people and would love to learn about you i'll ask a few questions to get us started and please feel free to tell me anything your answers are totally confidential are you ok with this)
Participant;49.14;54.25;<laughter> yes
Ellie;55.138;58.988;okay_confirm (okay) how_doingV (so how are you doing today)
Participant;59.18;59.87;i'm doing good
Ellie;60.637;63.691;thats_good (that's good) where_originally (where are you from originally)
Participant;64.6;66.53;i'm originally from southern california
Ellie;67.349;71.629;really (really) like_about_LA (what are some things you really like about l_a)
Participant;72.58;82.01;i like the um downtown theater district i like the beaches i i like the variety of stuff that you can do in one day
Ellie;82.465;82.975;mhm (mhm)
Participant;82.98;83.48;<clears throat>
Ellie;83.705;86.055;dont_like_LA (what are some things you don't really like about l_a)
Participant;86.79;95.58;hmm well sometimes i don't like the traffic i don't think there's really too much i don't like about l_a i really do like l_a though
Ellie;96.624;104.41;okay_confirm (okay) travel_shoes (i'm sure you can tell by my shoes i'm not much of a world explorer do you travel a lot)
Participant;101.98;109.78;<laughter> no i i haven't really traveled in about um five years
Ellie;110.786;111.356;why2 (why)
Participant;112.09;118.62;oh i just haven't been able to travel um i just haven't traveled <laughter>
Ellie;119.674;122.886;okay_confirm (okay) travel_changed (what do you enjoy about traveling)
Participant;123.0;133.19;<deep breath> um i like going to new places and seeing things i haven't seen before and if i can like visiting um places like landmarks
Ellie;134.678;136.358;travel_trips (i'd love to hear about one of your trips)
Participant;137.05;149.29;well the last one i did was san francisco that wasn't so far but i got to stay in downtown san francisco and i got to go shopping and i got to get on a um the street car so that was cool
Ellie;150.223;150.953;nice (nice)
Participant;150.93;151.14;xxx
Ellie;152.631;153.771;study (what did you study at school)
Participant;154.63;157.37;well i still study i'm studying psychology
Ellie;159.048;160.178;sounds_interesting (that sounds interesting)
Participant;160.31;160.61;mhm
Ellie;161.007;162.417;hard_decision (how did you decide to do that)
Participant;163.51;190.88;hmm well <sigh> i decided to go back to school um just pretty quickly so i went to junior college and then when it got close to graduate i knew i wanna transfer so i'd taken a a couple psychology courses and i decided i liked it so i just decided to make that my major and it i thought it didn't have a lot of math but it had enough math <laughter> so
Ellie;191.707;193.825;yeah3 (yeah) happy_didthat (are you happy you did that)
Participant;194.28;201.17;<deep breath> mm <sigh> well now that i'm almost done i don't know if i'm gonna continue in that area
Ellie;202.678;205.572;understand (i understand) dream_job (what's your dream job)
Participant;206.75;214.71;well what i wanted initially was to um <sigh> get into sports psychology but i'm not quite sure that's what i want either
Ellie;217.191;224.238;okay_confirm (okay) shyoutgoing (do you consider yourself more shy or outgoing)
Participant;224.01;228.66;well i could be shy initially but um once you get to know me i'm outgoing
Ellie;230.183;242.248;relax_fishtank (sometimes when i'm feeling tense i turn on the fish tank screensaver hey i know it's not hawaii but it's the best i've got what do you do to relax)
Participant;235.08;248.76;<laughter> <laughter> <sigh> i think i either go to sleep eat something really really good or watch something on netflix
Ellie;251.416;251.956;like_what (like what)
Participant;252.61;261.24;well just a good movie i like foreign movies a lot um so a lotta right now i'm into um martial arts movie with subtitles so
Ellie;262.851;267.917;cool3 (cool) control_temper (how are you at controlling your temper)
Participant;268.38;269.49;i think i'm pretty good
Ellie;270.686;273.736;last_argument (when was the last time you argued with someone and what was it about)
Participant;272.77;298.07;hmm you know i know they're not really long arguments i don't know if they're real arguments i know i argued with my boyfriend um <laughter> 'cause he hung up in my face but i don't know why and it got solved pretty quickly so i don't know if it was really that important
Ellie;299.657;300.117;okay_confirm (okay)
Participant;300.75;302.62;wait i walked out without say oh okay
Ellie;301.189;304.97;situation_handled (tell me about a situation that you wish you had handled differently)
Participant;304.48;316.67;hmm i can't think of one right now
Ellie;320.179;323.852;hard_decisionB (tell me about the hardest decision you've ever had to make)
Participant;331.76;347.2;<sigh> i think the hardest decision i probably had to make was moving from well back to california from oregon
Ellie;349.425;350.585;tell_about_that (can you tell me about that)
Participant;351.13;359.8;well i was really young so i was um nineteen twenty-ish and i was really by myself so that was pretty hard 'cause obviously i had to support myself
Ellie;361.527;362.957;change_directions (what made you decide to do that)
Participant;363.85;369.17;because it was really really boring in oregon so um i really like the activity here in l_a
Ellie;371.032;377.682;see_mean (i see what you mean) feelguilty (what's something you feel guilty about)
Participant;378.51;380.81;you know i don't really feel guilty about many things
Ellie;383.736;388.557;okay_confirm (okay) family_relationship (tell me about your relationship with your family)
Participant;389.15;417.65;well i don't talk to them that much um my dad my stepmom live in oregon so i probably talk to 'em on the phone at least once or twice a month and then when they come out here i wanna say at least once a year sometimes it can be twice you know occasionally more but not too often then i see them um that's about it but i'm pretty much the only one out here my brother is also up there as well yeah
Ellie;418.817;424.519;mhm (mhm) influence_positive (who's someone that's been a positive influence in your life)
Participant;425.54;441.91;hmm well i've had lots of positive influences i think um just regular people i come across you know maybe someone i've worked with maybe um like oh actually my uncle he's a really good positive influence he um he knows quite a bit has lots of good advice
Ellie;443.692;444.232;like_what (like what)
Participant;445.07;445.99;mm about <bout> life
Ellie;448.138;454.482;okay_confirm (okay) memory_erase (tell me about an event or something that you wish you could erase from your memory)
Participant;455.62;471.46;hmm you know i don't really think i've had anything that bad happen to me where i just don't uh where it bothers me so much i have to not think about it
Ellie;472.401;476.652;okay_confirm (okay) easy_sleep (how easy is it for you to get a good night's sleep)
Participant;477.24;489.77;pretty <pret> well i can't say pretty easy 'cause i work odd schedule and then i go to school but um yeah if i wanna go to sleep i sleep really well though as long as i have enough you know hours
Ellie;490.723;494.06;thats_good (that's good) feel_lately (how have you been feeling lately)
Participant;494.54;496.45;really really happy and good
Ellie;498.131;499.491;good_hear (that's so good to hear)
Participant;499.02;499.55;<laughter>
Ellie;501.591;503.631;ptsd_diagnosed (have you ever been diagnosed with p_t_s_d)
Participant;504.0;504.36;nope
Ellie;504.735;506.545;depression_diagnosed (have you been diagnosed with depression)
Participant;506.88;507.18;no
Ellie;507.787;511.519;happy_lasttime (tell me about the last time you felt really happy)
Participant;510.55;516.41;<deep breath> i'm always happy uh <laughter> gosh yesterday
Ellie;518.553;519.713;tell_about_that (can you tell me about that)
Participant;520.63;534.22;um i'm just happy any time i talk to my boyfriend or if i go out and do something i'm just happy um i got off work i'm happy 'cause i'm done for the day i'm just really happy um i'm on spring break i'm really happy right now so
Ellie;535.228;541.212;awesome (awesome) Ellie17Dec2012_10 (tell me about something you did recently that you really enjoyed)
Participant;541.21;564.65;<deep breath> hmm <sigh> oh i haven't done like any really extremely fun activities unless you consider going out to eat but the last activity that i had a lot of fun doing was ice skating um in december downtown <dow> in downtown l_a
Ellie;565.371;570.257;wow (wow) regret (is there anything you regret)
Participant;571.25;577.28;no i don't really have too many regrets i mean whatever happens happens and you know it was meant to play out that way
Ellie;578.559;581.509;advice_back (what advice would you give to yourself ten or twenty years ago)
Participant;581.69;601.4;hmm well um i guess i would say don't worry too much about the small things um even though they seem really big it really they really are insignificant and uh you won't think about it six months from now
Ellie;603.186;608.661;okay_confirm (okay) Ellie17Dec2012_07 (what would you say are some of your best qualities)
Participant;609.37;620.8;i think my best qualities are i'm a happy person i'm a fun person i'm pretty easy to get along with i think most people like me and i'm just a cool person
Ellie;623.664;626.552;self_change (what are some things you wish you could change about yourself)
Participant;626.74;642.48;hmm well i wish i could study more i wish i would study more i wish that uh <sigh> i would exercise more and i wish that uh that's yeah i think that's it right there
Ellie;643.62;648.934;feelbadly (tell me about a time when someone made you feel really badly about yourself)
Participant;647.8;656.37;hmm <sigh> i don't think i wanna talk about that
Ellie;657.603;663.001;okay_confirm (okay) Ellie17Dec2012_08 (what are you most proud of in your life)
Participant;665.82;685.34;hmm i don't know i guess uh just taking care of myself supporting myself not having to go back home i guess that's about the best accomplishment there is
Ellie;686.672;693.91;thats_great (that's great) asked_everything (okay i think i have asked everything i need to) appreciate_open (thanks for sharing your thoughts with me)
Participant;694.6;695.04;thank you
Ellie;695.45;696.06;bye (goodbye)
Participant;696.14;696.6;bye
