speaker;start_time;stop_time;text
Participant;33.07;33.83;<laughter>
Ellie;33.39;54.87;hi i'm ellie thanks for coming in today i was created to talk to people in a safe and secure environment i'm not a therapist but i'm here to learn about people and would love to learn about you i'll ask a few questions to get us started and please feel free to tell me anything your answers are totally confidential are you okay with this
Participant;55.26;56.75;yes i'm okay with this
Ellie;57.25;60.44;okay so how are you doing today
Participant;61.24;61.94;very good
Ellie;62.44;64.96;that's good where are you from originally
Participant;66.11;66.7;l_a
Ellie;67.29;70.68;really what are some things you really like about l_a
Participant;72.02;77.63;it's sunny and uh it's near the ocean <sigh>
Ellie;78.6;81.73;mhm what are some things you don't really like about l_a
Participant;83.4;102.78;uh the traffic can make it difficult to drive around between different places and there's a lack of uh uh open uh spaces if you're not near a beach
Ellie;102.0;106.98;yeah i see what you mean do you travel a lot
Participant;108.03;108.77;uh no
Ellie;110.24;110.6;why
Participant;112.12;120.31;um i uh i haven't planned on haven't finalized any travel plans
Ellie;121.56;125.26;okay what do you do to relax
Participant;126.26;127.45;listen to music
Ellie;128.35;131.53;cool do you consider yourself an introvert
Participant;133.33;133.79;yeah
Ellie;135.25;135.62;why
Participant;136.81;159.3;um uh well i tend to excel at things that have to do with um uh spending time alone versus things that have to do with uh spending time outside with uh lots of people
Ellie;160.85;164.49;okay how are you at controlling your temper
Participant;166.04;166.71;i'm reasonable
Ellie;168.13;171.15;when was the last time you argued with someone and what was it about
Participant;171.97;180.43;mm maybe maybe yesterday i was trying to figure out how to stuff <stu> pack something into the car
Ellie;183.58;185.58;how are you at controlling your temper
Participant;186.42;187.33;i'm very good at it
Ellie;189.2;190.5;what do you do when you're annoyed
Participant;191.26;195.78;<deep breath> i breathe in and out <sigh> like that <sigh>
Ellie;196.94;201.48;okay that's good what are some things you like to do for fun
Participant;206.42;214.84;uh like jogging walking bicycling reading <sigh>
Ellie;216.18;216.64;okay
Participant;218.28;219.32;listening to music
Ellie;220.94;223.92;awesome what'd you study at school
Participant;225.81;229.2;uh math engineering computers
Ellie;230.74;231.73;are you still working in that
Participant;233.46;235.49;uh a little bit yeah
Ellie;236.54;237.4;what do you do now
Participant;238.97;245.36;um i'm a student i'm going back to school for uh biological sciences
Ellie;246.27;252.44;that sounds interesting how did you decide to do that
Participant;255.96;266.28;um <sigh> started doing some reading on um some textbooks
Ellie;267.96;270.25;okay what's your dream job
Participant;272.52;281.27;dream job um <sigh> medical doctor
Ellie;283.29;286.02;really how hard is that
Participant;287.87;295.38;uh it's i guess it depends on the type of medicine you practice
Ellie;297.66;301.95;i understand who's someone that's been a positive influence in your life
Participant;302.59;311.52;<laughter> uh i have a mentor
Ellie;314.54;315.53;can you tell me about that
Participant;320.02;329.21;yeah i have a mentor who has a lot of positive um thoughts and um suggestions
Ellie;330.31;331.21;how do you know them
Participant;334.9;350.09;i uh through a professional so i met someone through a class and then they worked with them professionally so it's i guess you could say through an academic or professional channel
Ellie;350.76;354.8;okay what's one of your most memorable experiences
Participant;355.19;398.51;<sigh> hmm mm <sigh> uh let's see one of my most memorable i can't think of one at the moment
Ellie;399.86;406.75;okay why don't we talk about that later have you ever served in the military
Participant;407.41;407.92;no
Ellie;409.34;411.3;have you ever been diagnosed with p_t_s_d
Participant;411.81;412.27;no
Ellie;412.94;414.7;have you been diagnosed with depression
Participant;416.1;417.2;i don't think so no
Ellie;418.54;420.8;how easy is it for you to get a good night's sleep
Participant;422.9;429.73;<sigh> takes me a little while to fall asleep but once i'm asleep it's it's reasonably okay
Ellie;431.29;432.99;what are you like when you don't sleep well
Participant;438.56;442.58;uh i think i'm a little forgetful and nervous
Ellie;444.2;449.05;okay have you noticed any changes in your behavior or thoughts lately
Participant;451.24;451.69;no
Ellie;453.3;454.2;do you feel down
Participant;455.4;456.3;sometimes
Ellie;458.57;459.58;can you tell me about that
Participant;461.72;463.07;mm what do you wanna know
Ellie;464.3;465.31;whatever comes to your mind
Participant;467.65;489.83;mm <sigh> well um i think sometimes i do think about challenges ahead of me and uh that can be a little daunting and i i feel down
Ellie;491.47;492.75;that sounds really hard
Participant;493.96;495.01;it is very hard
Ellie;495.96;496.92;how do you cope with them
Participant;498.36;501.88;go for a walk read a book listen to some music
Ellie;504.67;507.9;i see are they triggered by something
Participant;510.74;537.32;um <sigh> i don't i mean i'm sure they are i'm not specifically sure what triggers anything uh maybe feeling overwhelmed or uh not feeling particularly tied to some task
Ellie;538.38;543.81;yeah is going to a therapist helping you
Participant;544.87;546.59;i don't go to a therapist
Ellie;549.17;553.05;okay how would your best friend describe you
Participant;554.55;559.2;um reasonably smart inquisitive <inqui> inquisitive and curious
Ellie;561.5;562.42;how do you know them
Participant;564.93;567.3;mm i guess through classes
Ellie;570.04;571.12;how close are you to them
Participant;574.65;577.04;uh <sigh> somewhat
Ellie;579.06;583.71;cool what would you say are some of your best qualities
Participant;585.25;587.52;mm patience and curiosity
Ellie;588.98;594.72;that's good tell me about something you did recently that you really enjoyed
Participant;596.16;610.03;uh <sigh> enjoyed hmm mm think i went on a walk at night
Ellie;614.98;616.4;when was the last time that happened
Participant;619.87;621.53;uh a day ago
Ellie;623.23;626.17;okay is there anything you regret
Participant;630.52;631.03;no
Ellie;632.51;635.21;what advice would you give yourself ten or twenty years ago
Participant;638.2;638.95;can you repeat that
Ellie;640.57;643.39;what advice would you give yourself ten or twenty years ago
Participant;643.8;644.88;can you rephrase that
Ellie;647.25;653.14;let's come back to that later what do you think of today's kids
Participant;654.6;662.09;uh i think they're lucky very lucky got everything in front of 'em
Ellie;661.43;662.15;i see what you mean
Participant;662.98;663.31;yeah
Ellie;667.94;669.67;what are you most proud of in your life
Participant;671.65;680.75;uh <sigh> most proud of <deep breath> <sigh> maybe academic achievements
Ellie;683.05;683.98;tell me more about that
Participant;687.51;695.79;uh i guess just the time i've spent studying math and science um
Ellie;695.37;696.16;that's great
Participant;696.53;696.88;hmm
Ellie;700.56;703.0;when was the last time you felt really happy
Participant;704.96;715.48;mm mm i'm not sure
Ellie;719.85;728.84;okay okay i think i've asked everything i need to thanks for sharing your thoughts with me goodbye
