speaker;start_time;stop_time;text
Participant;11.485;42.56;<synch> <sigh>
Ellie;42.382;63.922;IntroV4Confirmation (hi i'm ellie thanks for coming in today i was created to talk to people in a safe and secure environment i'm not a therapist but i'm here to learn about people and would love to learn about you i'll ask a few questions to get us started and please feel free to tell me anything your answers are totally confidential are you ok with this)
Participant;63.815;64.425;yes
Ellie;65.155;69.528;okay_confirm (okay) how_doingV (so how are you doing today)
Participant;70.19;72.11;uh okay <laughter>
Ellie;72.046;75.246;thats_good (that's good) where_originally (where are you from originally)
Participant;75.67;76.69;los angeles
Ellie;77.33;82.112;really (really) like_about_LA (what are some things you really like about l_a)
Participant;83.08;95.925;the weather um the variety of um environments the ocean you know various different environment or environmental variety
Ellie;96.407;96.877;uh_huh (uh huh)
Participant;97.64;98.08;<laughter>
Ellie;99.082;101.432;dont_like_LA (what are some things you don't really like about l_a)
Participant;101.41;123.46;um i don't like the superficiality of people um the narcissistic attitude um uh just the um uh it it doesn't have a small town sort of feel where you know just the warmth the human sort of warmth interactively so
Ellie;123.057;124.087;see_mean (i see what you mean)
Participant;123.96;124.52;yeah
Ellie;125.53;131.715;travel_shoes (i'm sure you can tell by my shoes i'm not much of a world explorer do you travel a lot)
Participant;131.17;131.73;no
Ellie;132.988;133.558;why2 (why)
Participant;134.41;139.92;um i have um a fear of flying and i have um i've developed agoraphobia
Ellie;141.61;142.35;im_sorry (i'm sorry)
Participant;142.8;143.27;<laughter>
Ellie;144.248;145.188;difficult (how hard is that)
Participant;146.56;148.54;uh incredibly difficult
Ellie;151.099;152.259;tell_about_that (can you tell me about that)
Participant;152.76;158.47;um yeah i'm i'm guessing you mean the agoraphobia um more so than the fear of flying um
Ellie;156.116;156.626;mhm (mhm)
Participant;159.19;181.36;it's uh it's more of a recent um development and um it's um eh it's progressing <pregr> progressing um to be worse uh it's very um uh what's the word um immobilizing and and very um distressing actually
Ellie;182.12;183.47;been_hard (that sounds really hard)
Participant;183.335;185.455;mhm <laughter> yes it is
Ellie;185.291;186.401;symptoms_cope (how do you cope with them)
Participant;186.75;220.5;how to i cope with that um just uh just trying to um uh do the best i can and uh try to you know have the most courage i can in the situation and challenge myself in um small steps um i read a lot i do um bibliotherapy reading um and i try to inform myself um of the um of the professional literature um so that i could um hopefully overcome it someday
Ellie;221.126;221.766;thats_good (that's good)
Participant;222.46;222.98;mhm
Ellie;223.025;224.405;trigger (are they triggered by something)
Participant;225.19;227.69;um yes definitely
Ellie;230.24;230.78;like_what (like what)
Participant;230.945;248.16;um uh certain things trigger it like um enclosed spaces um being in a car traveling um uh being away from home um being in someone else's car uh things that are outside of my uh locus of control
Ellie;249.25;253.112;downer (okay) study (what did you study at school)
Participant;254.7;260.12;um uh xxx actually i i don't go to school right now
Ellie;261.767;262.967;dream_job (what's your dream job)
Participant;263.66;270.31;um my dream job is to be a psychologist <laughter>
Ellie;271.74;275.65;awesome (awesome) change_directions (what made you decide to do that)
Participant;277.25;321.56;um i'm not a psychologist but what would make me decide to do that is um uh having lived um through some challenges like this um having lived through some traumas um but i've always had an interest in it um since junior high of um uh i'm very interested in people and um in human interaction and human connection and um the betterment of of uh of those things um bridging people together and helping people interpersonally through their challenges <chall> uh personal uh challenges um uh so that's that's sort of um it in a nutshell
Ellie;322.399;329.687;okay_confirm (okay) shyoutgoing (do you consider yourself more shy or outgoing)
Participant;329.87;361.32;um i think i'm someone who's um i can be very outgoing um and sort of um a warm and friendly presence very um easily but i think on <o> on on the exterior um but i think i'm shy and i challenge it to do that i think at heart i'm shy um but uh but i i challenge myself completely 'cause i do love human interaction so i take those risks and and jump and those challenges
Ellie;353.435;364.874;okay_confirm (okay) yeah3 (yeah) bouts_symptoms (when was the last time that happened)
Participant;367.745;371.525;uh the last time i interacted with somebody was <laughter> today
Ellie;373.747;374.907;tell_about_that (can you tell me about that)
Participant;373.82;376.19;if <i> if i think i'm understanding your question correctly
Ellie;377.465;377.935;yeah3 (yeah)
Participant;378.01;391.13;oh no no eh i think i'm misunderstanding your question but i i interacted with rachel um i just i'm um continuously interacting with people take taking those risks
Ellie;389.645;397.561;okay_confirm (okay) see_mean (i see what you mean) control_temper (how are you at controlling your temper)
Participant;398.55;404.1;uh very good um mm very good <laughter>
Ellie;403.894;406.944;last_argument (when was the last time you argued with someone and what was it about)
Participant;406.92;415.32;um when was the last time i argued with somebody i actually can't remember it wasn't recent <laughter>
Ellie;417.138;422.916;okay_confirm (okay) situation_handled (tell me about a situation that you wish you had handled differently)
Participant;426.87;451.72;i have to think about that i don't know yet let me think um uh i'm drawing a blank um i can only rememeber things um from when i was like twenty one <laughter> right now i can't think of anything contemporary right right now my mind is
Ellie;451.061;452.261;mind (whatever comes to your mind)
Participant;452.95;454.51;okay uh when i was younger
Ellie;456.852;458.012;tell_about_that (can you tell me about that)
Participant;458.09;501.31;yes um i lost um a relationship with my aunt and my uncle and my cousins um 'cause when i was twenty one i'm forty five um i um uh uh had a a disagreement with my aunt and um i said something that was uh critical of her and um she threw me out of their home and um uh let me back uh i apologized immediately and they let me back into their lives um and changed their minds um so i regret that
Ellie;500.986;502.526;describe_felt (how did you feel in that moment)
Participant;503.21;516.8;um i'm assuming you mean um how did i feel when they asked me to um never uh be in their lives again and to leave um uh shattered soul shattered heart shattered
Ellie;518.94;523.456;yeah_downer (yeah) family_relationship (tell me about your relationship with your family)
Participant;523.91;542.53;well that that was my family that was um the the good side of my family there's um uh uh the majority of my family <fa> they were they were the the loving aspect of my family um the rest of my family is very cruel and um like very abusive
Ellie;545.572;547.272;family_roleB (how close are you to your family)
Participant;547.6;563.54;um i don't have any relationship with my family at all like the since i was um uh twenty one since my aunt and uncle um uh disowned me i guess is the right word estranged yeah
Ellie;562.76;570.095;downer (okay) memory_erase (tell me about an event or something that you wish you could erase from your memory)
Participant;570.62;610.21;um gosh um i'm drawing a blank just bear with me for one second um something i could um erase um <laughter> i can't even get it to my memory um uh as an example um uh i was injured and i wish i could get uh that away from my memory
Ellie;614.231;615.901;tell_me_moreV2 (can you tell me more about that)
Participant;615.53;695.31;yeah um i was injured in um the emergency room scrubbed_entry doing um i went in for food poisoning um i was ordered to go in um by a doctor um i had collapsed and i was ordered to go into the e_r for as i said food poisoning and i came out um injured with a neurological syndrome i was injured with a um uh what do you call it um uh intraveneous procedure um and now i have um r_s_d reflex sympathetic dystrophy and it the scene in the emergency room was um it was a an out of control scene there was a problem with the procedure and the doctor was yelling at his staff who made a mistake um eh and it was extremely excruciating um it was a a crisis and so um every time i think about the injury and it was uh disfiguring i got disabled um for <f> i uh got disabled for it uh disabled permanently um from it i was also um uh disabled from my employment for a quite amount of quite a given amount of time as well
Ellie;696.017;696.897;oh_no (oh no)
Participant;696.07;714.545;and and it i have residual um physical trauma from it and disfigurement and um severe disability <disabil> disability limited um um functionality uh with my right my i'm right-handed uh with my right hand and arm
Ellie;713.887;714.957;sorry_hear (i'm sorry to hear that)
Participant;715.03;715.57;thank you
Ellie;717.92;721.52;hard_decisionB (tell me about the hardest decision you've ever had to make)
Participant;732.68;811.87;i don't even know what that is um i you know i i really i apologize 'cause i can't really probably give you the uh most suitable answer um uh i'm guessing it had something to do with um my cat um and her um her xxx urgent uh um uh what do you call it um hurt she was in intensive care veterinary care and i'm sure it had something to do with that um but other than that i would say um i had uh choosing my life path whether scrubbed_entry um and uh i was admitted um to that program or whether i was gonna go um to um art school for four years um and i had to pick a life direction but uh that's not a traumatic situation um so i i don't know how best to answer your question
Ellie;812.659;818.069;okay_confirm (okay) easy_sleep (how easy is it for you to get a good night's sleep)
Participant;818.44;819.19;i can't
Ellie;820.447;821.017;why2 (why)
Participant;821.71;831.42;um i have um severe nightmares <laughter> and i have um nocturnal um uh panic attacks
Ellie;833.494;834.874;trigger (are they triggered by something)
Participant;834.77;839.66;and i also have physical illness on top of it and i'm in excruciating pain
Ellie;842.006;843.556;disturbing_thoughts (do you have disturbing thoughts)
Participant;844.75;845.32;yes
Ellie;847.045;848.425;trigger (are they triggered by something)
Participant;849.91;850.57;yes
Ellie;852.347;853.507;tell_about_that (can you tell me about that)
Participant;854.02;885.59;yes uh they're triggered by the injury that i told you um they're triggered by my family um they've <th> how they've treated me what um they've said to me what they've done to me um they're triggered by um what else um my um my physical um illness um not my injury only but my physical um illness as well um so yes
Ellie;886.809;888.589;sleep_affects (what are you like when you don't sleep well)
Participant;889.02;896.415;um i feel very ill and feel so fatigued
Ellie;897.863;899.243;feel_lately (how have you been feeling lately)
Participant;900.44;902.05;very ill and very fatigued
Ellie;903.449;906.619;behavior_changes (have you noticed any changes in your behavior or thoughts lately)
Participant;907.4;922.315;um when i don't sleep and get enough sleep um uh my anxiety level i believe is up and um i'm susceptible to feeling distressed um so yeah
Ellie;922.893;926.205;isee_downer (i see) ptsd_diagnosed (have you ever been diagnosed with p_t_s_d)
Participant;926.21;926.86;yes
Ellie;927.96;929.88;when_diagnosed (how long ago were you diagnosed)
Participant;930.75;940.71;um three years ago um my <m> my most recent um diagnosis and in two thousand and one as well
Ellie;941.526;943.336;depression_diagnosed (have you been diagnosed with depression)
Participant;943.9;944.76;uh yes
Ellie;945.473;947.393;when_diagnosed (how long ago were you diagnosed)
Participant;948.25;958.76;um three years ago and um when i was um twenty years old
Ellie;960.747;962.097;why_seek_help (what got you to seek help)
Participant;963.02;990.08;um the my background my childhood um from my family of origin um and their um uh uh you know the abuse that i um went through uh and their ultimate um uh uh what's the word um rejection of me and uh estrangement um that was the first uh reason
Ellie;991.07;992.51;therapy_going (do you still go to therapy now)
Participant;992.96;997.2;um no i stopped six months ago
Ellie;998.009;998.659;stop_going (why did you stop)
Participant;999.94;1007.45;<sigh> um why did i stop um i'm just taking a break <laughter> i'm gonna continue
Ellie;1008.49;1011.615;okay_confirm (okay) therapy_useful (do you feel like therapy is useful)
Participant;1012.1;1013.76;yes very much
Ellie;1014.769;1016.659;therapist_affect (how has seeing a therapist affected you)
Participant;1017.435;1019.675;it's helped tremendously
Ellie;1021.654;1024.504;therapy_changes (what sort of changes have you noticed since you've been going to therapy)
Participant;1025.54;1078.92;um i think it helps with anxiety it helps with um um it helps inspire um create inspiration it helps um um uh feeling connected um it helps to create um what i ultimately um my goal is to um give myself a voice and um um uh it helps to to do <d> to uh it <i> it's part of that process um it also helps um to understand myself um to learn about myself um and eh there's just so many benefits it's i i'll stop right there there's many more
Ellie;1079.383;1080.023;thats_good (that's good)
Participant;1080.23;1080.7;mhm
Ellie;1081.321;1083.868;happy_lasttime (tell me about the last time you felt really happy)
Participant;1085.3;1103.83;um the last time i felt really happy it was a was a really long time ago um it was before my illness um and it was in nineteen ninety seven um the onset of my illness was in july of ninety seven so it was um before that <laughter>
Ellie;1105.198;1106.358;tell_about_that (can you tell me about that)
Participant;1106.475;1159.42;yes um i was um in a very good place um in terms of my career um um in terms of um uh my just my relationships and um everything was just sort of at it's best um uh career relationships um personal um uh fulfillment um sort of um as well um i was very active and and doing uh very many things that were meaningful to um build a life um and i was um in the process of um uh just in the in <i> in the planning stages of my life but also very accomplished at at the same time so it was just things were just going very well and um i just really liked uh
Ellie;1154.514;1154.974;okay_confirm (okay)
Participant;1159.95;1164.29;the just where my life was at it was just in a really good place in many ways
Ellie;1163.859;1164.889;see_mean (i see what you mean)
Participant;1164.8;1165.2;mhm
Ellie;1167.859;1170.748;self_change (what are some things you wish you could change about yourself)
Participant;1170.67;1272.01;um i wish i could change about myself um my anxiety um i wish i could change about myself um my agoraphobia my p_t_s_d um meaning my trauma um and um uh what else um um my insecurity uh as far as um uh just um with <w> with other people in the sense that i'm always trying to make sure that um that i don't do something that that um hold on one second i'm just trying to make sure that um i don't do anything that's um offensive to them or insults them um or uh is disrespectful um and i i feel like i'm overly um cautious about that and um it it it kinda becomes um an anxiety unto itself um so i i definitely think that that would be beneficial uh to change um the other thing i'd like to change about myself is i wish i could feel um and also depression i'd like to change that about myself i wish i could feel better um i wish i didn't feel um uh so um uh i didn't wish i didn't have the burden that i do of um my family um of not having one um and uh what else um i wish i didn't have my illness and the physical um excruciating pain that i'm in uh so those are some things um
Ellie;1270.535;1271.045;mhm (mhm)
Participant;1272.46;1315.26;and i also wish that um and this is um a a by-product of p_t_s_d i wish that i didn't have um uh the the symptomology of p_t_s_d um 'cause that definitely um affects one's complete <com> complete the complete life like eh a lot their affects their life uh completely um and i i wish i was more articulate and i wish i was um someone who was well-spoken and someone who is well-written um but there's many there's many more um uh things that i wish i could change about myself to improve myself so many more
Ellie;1314.861;1319.975;yeah3 (yeah) advice_back (what advice would you give to yourself ten or twenty years ago)
Participant;1325.1;1394.436;<sigh> um i'm not sure uh <sniffle> maybe to um not be so trusting um i trusted um i trusted some medical professionals that um you know again created the injury and um you know were there's a uh what's the word there's an expectation and a sort of a demand to just blindly trust um the medical profession um and <sniffle> um don't ask questions and just sort of um you know and if and not to trust your own self your own um your own instincts um or intuition um and so i would i would've told myself to be a little more careful um i guess if that's useful to your question
Ellie;1394.775;1395.285;mhm (mhm)
Participant;1395.158;1395.428;<sniffle>
Ellie;1396.967;1400.217;Ellie17Dec2012_10 (tell me about something you did recently that you really enjoyed)
Participant;1401.69;1428.45;um what did i really enjoy um you know i can't think of anything specific um but um i know it would have to do um with either reading or um connecting with someone on a meaningful level
Ellie;1429.321;1429.781;okay_confirm (okay)
Participant;1429.358;1429.678;<sniffle>
Ellie;1431.984;1434.284;Ellie17Dec2012_08 (what are you most proud of in your life)
Participant;1434.76;1500.88;i'm most proud of um my compassion um my um my uh empathy and caring about people um despite um i mean i'm proud of it anyways but um also particularly <sniffle> um i come from a um an environment that's the opposite um a background and um i wasn't taught that <sniffle> um but i really do care about people and um i'm i guess i'm most proud of that i'm also proud of my um career accomplishments um and my um tenacity um my fierce <fie> my fierce tenacity to succeed um <sniffle> and uh you know just um also to get um the strength it takes to get through um the injury uh to live with it and to live with the illness um that i live with the physical illness um so i i think that would be it <sniffle>
Ellie;1500.895;1501.795;thats_great (that's great)
Participant;1502.505;1503.095;yes
Ellie;1503.858;1506.298;asked_everything (okay i think i have asked everything i need to)
Participant;1506.26;1506.84;okay
Ellie;1507.595;1509.035;appreciate_open (thanks for sharing your thoughts with me)
Participant;1509.294;1509.904;you're welcome
Ellie;1510.76;1511.37;bye (goodbye)
Participant;1511.45;1511.89;bye
