speaker;start_time;stop_time;text
Ellie;26.276;50.406;hi i'm ellie thanks for coming in today i was created to talk to people in a safe and secure environment think of me as a friend i don't judge i can't i'm a computer i'm here to learn about people and would love to learn about you i'll ask a few questions to get us started and please feel free to tell me anything your answers are totally confidential how are you doing today
Participant;50.686;51.836;okay how 'bout yourself
Ellie;52.576;56.236;i'm great thanks where are you from originally
Participant;56.586;57.996;here in california
Ellie;58.216;58.936;really
Participant;59.066;59.756;yeah
Ellie;60.526;62.936;what are some things you really like about l_a
Participant;63.396;77.626;oh well that it's big and broad there's a lot to do a lot of um um job opportunities than other states um pretty much that it's big and there's a lot you can do here
Ellie;79.056;82.376;yeah what are some things you don't really like about l_a
Participant;83.006;96.466;traffic um maybe the violence rate bad news even though you know you wanna know what's going on in your environment but you still have to watch it so you can you know look out to see what's going on on a daily basis
Ellie;96.776;99.806;mhm what'd you study at school
Participant;100.346;107.136;sociology i have a um two year degree in liberal arts but my major was sociology
Ellie;107.556;110.676;nice are you still working in that
Participant;110.926;113.656;no i'm actually an m_t_a bus operator
Ellie;115.106;117.176;what's your dream job
Participant;118.216;143.306;well since metro is steady growing um my dream job is to move up in the company and i'm about to actually start some classes for supervisory next week so um 'cause they look to promote within the company so that's the good thing there's a lot of opportunities at metro where you can take classes and they'll pay for your tuition and things of that nature
Ellie;135.296;145.856;mhm that sounds like a great situation
Participant;146.156;146.846;thanks
Ellie;147.096;148.296;how hard is that
Participant;148.596;167.066;well it's not actually hard as right now it's easy if you take advantage of it right now 'cause they look to promote within so you know so since i'm already working there that's a good thing so it's good to go ahead and take the classes that you need that you're interested in and go ahead and move up the ladder as soon as possible
Ellie;167.186;172.706;that makes sense do you consider yourself an introvert
Participant;173.236;174.446;what do you mean i'm sorry
Ellie;176.176;177.806;let's come back to that later
Participant;177.886;178.476;okay
Ellie;178.556;180.266;what do you do to relax
Participant;180.696;188.076;read take a long walk hot bath meditate just close my eyes sometimes
Ellie;189.806;193.856;okay how are you at controlling your temper
Participant;194.376;205.956;i'm pretty much good because see by me being a bus operator you run into circumstances and situations you gotta remain calm and still remain professional at the same time
Ellie;206.166;208.586;right how hard is that
Participant;209.186;235.606;well i look at it like it it goes with i mean it comes with experience you know um you do something on a continuous basis usually you some somewhere down the line you become good at it you know so i i look at it like that so i've been driving for years and dealing with the public so it's just how you handle circumstances you you know treat people like you wanna be treated
Ellie;237.676;239.416;has that gotten you in trouble
Participant;240.566;250.296;no i'm pretty good at it now maybe when i was younger you know you as you get older you get wiser you learn different things and i'm still learning today
Ellie;243.946;256.206;that's good yeah who's someone that's been a positive influence in your life
Participant;257.896;279.706;i would say my family you know my kids you know even though you know i had been having a lot of deaths around me but that's just go that's part of the life experience you know you born here but you gotta leave here one day but my kids will keep me you know sane and you know i love them and my family
Ellie;280.836;282.856;that sounds like a great situation
Participant;282.896;284.116;thank you
Ellie;284.356;286.466;do you find it easy to be a parent
Participant;286.786;288.106;no <laughter>
Ellie;289.026;290.836;what's the hardest thing about being a parent
Participant;291.596;306.586;um setting good examples you know because you're the first teacher you know and you wanna set a positive good example for your kids and i think that's a good thing and it starts at home
Ellie;307.056;310.456;mhm can you give me an example of that
Participant;311.866;343.856;well um by you being the first teacher your kids you're you're their one that they see on a daily basis when they wake up so whatever's been taught in the home they lookin' and learning every day you know whether it's a home school you know people kids have a tendency to do things what they see you know what i mean  so you try to keep it positive teach 'em good morals and values and how to get along with other people regardless of race and you know different things of that nature
Ellie;344.226;346.856;mhm tell me about your kids
Participant;347.426;354.696;i have a um four and a half year old son i have a seven year old daughter and i also have a twenty three year old
Ellie;355.506;356.116;aw
Participant;356.156;368.166;yeah i'm 'bout to be well my daughter's pregnant with a boy she has three um little girls so i have three grandkids and um one on the way which is a boy this time
Ellie;362.726;369.286;wow awesome
Participant;369.296;370.436;yeah thank you
Ellie;373.476;375.716;what's the hardest thing about being a parent
Participant;376.376;385.946;the hardest thing is well right now i'm a single parent so that makes it hard alone itself you know and
Ellie;384.796;385.466;yeah
Participant;386.676;410.386;they can be expensive at times you know it depends on the person's situation you know the whether they have help or a job you know things of that nature to help the situation better but it's hard you know but you i try to you know keep a job keep food in the house you know just maintain and support my kids the best way i can
Ellie;411.816;418.616;yeah i see what you mean what's one of your most memorable experiences
Participant;419.696;422.736;with my kids or just period
Ellie;424.496;425.746;whatever comes to your mind
Participant;428.976;439.286;what's memorable for me is that i'm the only one in my family with a degree so it's kinda like yeah it's kinda even though i'm the baby of ten kids you know
Ellie;434.666;435.216;wow
Participant;439.796;459.386;and i've always kept that in the back of my mind even though everybody well pretty much my whole family have decent job but i'm the only one with a degree so i kinda like gave myself a pat on the back like you know you know i just that's the only thing i remember graduating you know and my family there and to support me
Ellie;460.276;462.196;that's so good to hear
Participant;462.226;463.086;thank you
Ellie;463.316;465.256;how did you feel in that moment
Participant;465.436;509.496;happy that i accomplished something you know just even though it may not be much but it was better than just have having a high school diploma and i had um i was working on my bachelor's degree but i ended up in a bad car accident i never went back i got distracted and you know i was working at the same time but i was just like moreso i needed income than than um schooling at that time because i was a young parent you know 'cause i had my daughter at seventeen so i was like i needed the money to support her but i never went back but i feel like it's never too late so i feel like i'll take some classes now that i'm with metro to help me move up the ladder so  that's why i'm starting a class next week
Ellie;502.416;512.206;yeah that sounds like a great situation
Participant;512.196;513.446;thank you
Ellie;513.796;516.806;what advice would you give yourself ten or twenty years ago
Participant;517.656;577.666;hm well the advice i would've gave myself that i probably wouldn't have been a young mother at a young age and that i probably would've stayed in school you know not let the accident just distract me and not i would've remained in school i probably wouldn't have had kids early you know um rather i probably would've stayed in school and probably have a part time job or something just i just feel like um education is a excellent thing for a person just having knowledge and learning different things keeping your mind open to learning new ideas every day so i think that's a plus you know in anybody's shoes just to better they selves you know through education maybe to um maybe promote within your company or whatever the case may be that they help better your career
Ellie;563.896;582.316;right yeah could you have done anything to avoid it
Participant;582.756;606.146;i'm not quite sure um you learn from your mistakes you know but at the same time you don't continue to make the same ones i feel like it's okay to make a mistake but long as you do something to change you know um like myself even though i'm going to school late but still i'm going you know i wanna better myself career wise so
Ellie;606.156;609.356;yeah there are always tradeoffs in life aren't there
Participant;609.306;609.876;yes
Ellie;613.396;616.776;when was the last time you argued with someone and what was it about
Participant;618.846;661.706;my oldest daughter we had a argument because just the life that she's living right now and the things that she's going through and um i had told her that she just needed to make some changes to better her situation and uh we got into an argument because you know how your kids sometimes don't wanna hear it you know hear the stuff that you're saying even though it's true or or they just you know well they just don't wanna hear it you know they may be going through something they don't wanna hear but we got into a argument about it but
Ellie;656.076;656.846;right
Participant;664.236;668.006;that just happened you know i just told her i'm not
Ellie;667.146;668.156;how close are you to them
Participant;668.336;669.216;i'm sorry
Ellie;669.266;670.886;how close are you to them
Participant;671.316;682.886;very close very close it's just that the the situation my daughter's in she just needs to make some changes to better her her life and I'll be telling
Ellie;682.276;683.346;tell me more about that
Participant;683.386;703.456;she's um she's kinda like stubborn in her own way you know i was raised to listen to your mom you know your mom's not gonna tell you nothing wrong and i've been telling her over the years you know different things and it's it's kinda like i was talking to a wall because she she did the opposite
Ellie;702.856;703.406;mhm
Participant;704.066;719.316;and now she's she regretting it you know 'cause she's like my mom told me this you know mom i'm doing the opposite so i guess she gotta bump her head a couple of times to get it it's kinda like i done told you i done left it alone and now it's up to you to make the change
Ellie;720.286;723.226;yeah how hard is that
Participant;723.636;740.456;it's very frustrating because it's like i'm talking to a wall and she's not hearing me and i'm like it seem like it's taking forever for her to change but it's left up to the individual whenever they're ready you know what i mean once the person get tired of something they'll make it change it may not be when you want it to happen but
Ellie;738.576;742.946;yeah yeah
Participant;742.896;746.836;the ball is her court you know i only can do so much
Ellie;745.566;756.366;i'm sorry i see what you mean how easy is it for you to get a good night's sleep
Participant;756.786;795.456;oh wow i have my days um since i have two little ones um i kinda like trained them to go to bed at eight o clock because you know they gotta go to school and i think it's important to have a good night's rest because it kinda like <clears throat> it it kinda like gets you ready for the next day or you know how you gonna feel if you rested what type of person you'll be that day you know 'cause everybody have they days whether they're good or bad but that's just a part of life and i feel like if you had a good night's good good night's rest hopefully you'll have a good day you know
Ellie;795.846;799.536;mhm do you feel that way often
Participant;800.386;812.076;pretty much you know i need my rest because i'm out there driving that bus and dealing with all these people and you know  the job itself if very stressful so i feel like if i'm rested it'll help me
Ellie;812.586;816.256;right what are you like when you don't sleep well
Participant;816.806;831.066;what am i like irritated tired um lazy you know feel like i wanna lay down probably go to sleep <laughter> get the rest that i need but <laughter>
Ellie;829.426;833.956;<laughter> what do you do when you're annoyed
Participant;836.886;847.636;i never thought about that i just you know 'cause like i said you know everybody have their moments they do i never thought about that hm
Ellie;849.506;856.706;hm okay have you ever served in the military
Participant;856.746;857.206;no
Ellie;858.816;860.986;have you been diagnosed with depression
Participant;860.986;861.706;no
Ellie;862.616;868.196;okay how would you best friend describe you
Participant;868.486;899.316;i don't really have a best friend but a person that i deal with and i used to work with um she would probably tell you that i'm very um outgoing a go getter dependable responsible i'm a um people person i get along with others you know i'm kinda like um i leave a good a a good mark
Ellie;900.296;900.906;mhm
Participant;900.936;913.586;whether i know you or not if you was to you know like like you and i now you know i um you'd probably say oh she seems like a nice young lady or whatever you know something like that
Ellie;913.606;916.246;right that's great
Participant;916.446;917.456;thank you
Ellie;917.446;920.566;when was the last time you felt really happy
Participant;922.196;937.506;well i try to stay happy i'd rather be happy than sad my kids keep me going you know what i mean especially when i go to pick them up from school or their being hey mom you know that just kinda make my day
Ellie;931.146;931.796;yeah
Participant;938.046;942.366;just them run up to me you know and be happy and excited you know what i mean
Ellie;938.386;946.936;aw yeah that's so good to hear
Participant;946.936;947.706;thank you
Ellie;950.726;956.126;okay i think i've asked everything i need to thanks for sharing your thoughts with me
Participant;956.126;958.636;you're more than welcome you have a good day
Ellie;958.656;959.526;goodbye
Participant;959.486;960.376;goodbye
