speaker;start_time;stop_time;text
Participant;14.73;15.61;<synch>
Ellie;41.319;62.859;IntroV4Confirmation (hi i'm ellie thanks for coming in today i was created to talk to people in a safe and secure environment i'm not a therapist but i'm here to learn about people and would love to learn about you i'll ask a few questions to get us started and please feel free to tell me anything your answers are totally confidential are you ok with this)
Participant;51.06;64.09;<laughter> yeah
Ellie;64.863;68.636;okay_confirm (okay) how_doingV (so how are you doing today)
Participant;69.22;70.02;i'm good how are you
Ellie;70.866;74.873;great_thanks (i'm great thanks) where_originally (where are you from originally)
Participant;76.24;78.74;i'm from here <he> um from los angeles
Ellie;79.25;83.454;really (really) like_about_LA (what are some things you really like about l_a)
Participant;84.82;92.11;<clears throat> probably the downtown the view and it's not that i like it but that's just where i for my parents were so that's where i grew up
Ellie;92.669;96.447;mhm (mhm) dont_like_LA (what are some things you don't really like about l_a)
Participant;98.23;104.59;nothing that's where i live i i love l_a <laughter> maybe that it's ghetto but that's about it <laughter>
Ellie;102.173;108.979;thats_good (that's good) wild_laughter3 ((laughter)) study (what did you study at school)
Participant;110.71;114.1;<clears throat> i was thinking of going for sound engineer or mechanic
Ellie;117.012;117.422;cool3 (cool)
Participant;117.2;119.21;hmm but i'm not sure
Ellie;118.335;119.745;hard_decision (how did you decide to do that)
Participant;121.23;123.32;<clears throat> 'cause <cau> 'cause my dad um he used to do that
Ellie;126.469;127.669;dream_job (what's your dream job)
Participant;130.77;134.48;mm i'm not even sure to be honest haven't really thought about it
Ellie;135.682;146.112;okay_confirm (okay) travel_shoes (i'm sure you can tell by my shoes i'm not much of a world explorer do you travel a lot)
Participant;146.29;150.07;i can't look at your shoes uh no i don't travel like that
Ellie;151.077;151.647;why2 (why)
Participant;153.55;159.12;i don't know maybe money <m> money issue or something if i had money yeah i'll go all all over the world just
Ellie;159.632;168.127;see_mean (i see what you mean) shyoutgoing (do you consider yourself more shy or outgoing)
Participant;166.91;172.85;<laughter> probably um outgoing depends i guess
Ellie;171.919;172.489;why2 (why)
Participant;174.13;175.98;i don't know <laughter>
Ellie;175.905;177.065;tell_about_that (can you tell me about that)
Participant;178.74;181.64;about what shy or outgoing
Ellie;181.561;182.031;yeah3 (yeah)
Participant;183.45;192.46;<clears throat> well outgoing you could be outgoing at a party you know like you're already out there so you can't be shy i guess if you're going to a party
Ellie;193.239;196.965;mhm (mhm) control_temper (how are you at controlling your temper)
Participant;197.91;198.38;good
Ellie;199.856;204.483;thats_good (that's good) last_argument (when was the last time you argued with someone and what was it about)
Participant;207.75;212.69;probably um my girlfriend and 'cause i missed work 'cause i just felt lazy
Ellie;216.005;217.545;describe_felt (how did you feel in that moment)
Participant;219.23;224.27;i was like whatever you know i just didn't wanna go and i i do what i want <laughter> i just didn't go
Ellie;225.658;227.138;landed_trouble (has that gotten you in trouble)
Participant;227.86;230.36;nah not really she's over it already
Ellie;229.802;230.262;okay_confirm (okay)
Participant;230.9;235.04;as long as we have the bills and rent paid <laughter> don't worry
Ellie;235.833;240.368;yeah3 (yeah) feelguilty (what's something you feel guilty about)
Participant;241.64;245.91;guilty probably nothing
Ellie;248.019;251.807;situation_handled (tell me about a situation that you wish you had handled differently)
Participant;255.35;260.55;i guess i should've gone to work <laughter> mm <clears throat>
Ellie;260.71;266.771;okay_confirm (okay) memory_erase (tell me about an event or something that you wish you could erase from your memory)
Participant;267.75;273.09;damn that i could erase from that probably bad friends that i've met you know
Ellie;276.108;276.648;like_what (like what)
Participant;278.73;283.75;like friends that trick you you know that said that that they just trick you friends that deceive you i guess
Ellie;284.8;286.13;give_example (can you give me an example of that)
Participant;287.42;303.4;okay like um my friend told me that he had a good job at some car wash place so he told me to to he's gonna get me hired there and give me direct deposit but then he ended up actually going into my account and taking money from my account
Ellie;304.492;305.372;oh_no (oh no)
Participant;305.66;306.08;so
Ellie;306.117;306.957;that_sucks (that sucks)
Participant;307.35;308.03;<laughter>
Ellie;310.222;313.822;hard_decisionB (tell me about the hardest decision you've ever had to make)
Participant;315.73;325.9;<clears throat> probably moving out and into my mom's house yeah i haven't really been around eh like a big decision like that
Ellie;327.741;329.171;change_directions (what made you decide to do that)
Participant;331.08;337.4;i wanted my own space you know my own life i wanna do what i want and come home when i want leave when i want
Ellie;338.832;341.523;makes_sense (that makes sense) happy_didthat (are you happy you did that)
Participant;342.3;345.7;yeah <laughter> yeah <laughter>
Ellie;344.708;349.62;thats_good (that's good) family_relationship (tell me about your relationship with your family)
Participant;350.08;355.03;uh we're all close we're all you know we hardly argue we're all always around we always see each other
Ellie;356.281;358.611;influence_positive (who's someone that's been a positive influence in your life)
Participant;358.74;361.37;my mom my dad my brother <laughter>
Ellie;362.423;363.583;tell_about_that (can you tell me about that)
Participant;364.9;366.39;how they were a positive in my life
Ellie;367.357;367.827;yeah3 (yeah)
Participant;369.35;382.52;well they're always there for you you know whether you have financial problems they're there they help you out whether you're sad they know you know and they'd be like hey what's wrong you know let's go out and eat somewhere just to cheer you up they're xxx they're your family and they're always there to motivate you and keep you going
Ellie;383.525;384.885;good_hear (that's so good to hear)
Participant;384.9;385.42;<sigh>
Ellie;387.139;389.579;easy_sleep (how easy is it for you to get a good night's sleep)
Participant;390.12;393.19;uh easy actually yeah pretty easy
Ellie;393.922;395.702;sleep_affects (what are you like when you don't sleep well)
Participant;397.43;397.8;i'm sorry
Ellie;399.046;400.826;sleep_affects (what are you like when you don't sleep well)
Participant;401.74;414.81;um i haven't noticed but maybe probably the same you know i don't think sleep does affect you but i don't know maybe more tired but i don't think annoyed or mad or anything like that
Ellie;417.04;420.337;okay_confirm (okay) feel_lately (how have you been feeling lately)
Participant;420.94;423.75;good everything's great
Ellie;422.9;426.07;behavior_changes (have you noticed any changes in your behavior or thoughts lately)
Participant;426.75;431.93;um maybe that i wanna start <s> know like start a new business or something
Ellie;433.829;434.989;tell_about_that (can you tell me about that)
Participant;436.76;453.82;<clears throat> well like my dad um he wasn't around for a while but he just got back and um he actually opened up a shop and he's getting a a a lot of customers so i see that his business is growing so i'm probably gonna learn learn <lear> um learn mechanic like like i was saying earlier at school
Ellie;453.239;454.139;thats_great (that's great)
Participant;454.66;454.92;<clears throat>
Ellie;456.033;458.073;ptsd_diagnosed (have you ever been diagnosed with p_t_s_d)
Participant;458.97;460.27;i don't even know what it what is that
Ellie;461.466;463.276;depression_diagnosed (have you been diagnosed with depression)
Participant;464.58;465.06;no
Ellie;465.843;467.243;feel_down (do you feel down)
Participant;467.44;467.75;nope
Ellie;468.416;470.963;happy_lasttime (tell me about the last time you felt really happy)
Participant;469.13;474.09;<coughs> <coughs> i'm sorry
Ellie;474.947;477.494;happy_lasttime (tell me about the last time you felt really happy)
Participant;478.08;481.62;um yesterday <laughter> last night 'cause i got a new game <laughter>
Ellie;484.134;492.549;awesome (awesome) Ellie17Dec2012_07 (what would you say are some of your best qualities)
Participant;493.28;499.16;<coughs> that i'm funny <laughter>
Ellie;499.526;504.992;mhm (mhm) regret (is there anything you regret)
Participant;504.09;512.19;i uh uh no <coughs>
Ellie;513.129;516.015;self_change (what are some things you wish you could change about yourself)
Participant;517.99;526.88;um i don't think nothing everything's fine you know thank god everything's good right now i don't think there's nothing to change like that
Ellie;527.835;528.295;okay_confirm (okay)
Participant;528.87;535.49;maybe a better job well first of all i don't even have a job so i guess to change i get a job
Ellie;534.038;539.345;feelbadly (tell me about a time when someone made you feel really badly about yourself)
Participant;538.61;542.67;nah it's hard for someone to put me down like that <clears throat>
Ellie;545.307;548.247;Ellie17Dec2012_07 (what would you say are some of your best qualities)
Participant;552.56;554.36;xxx could say probably that i'm responsible as well
Ellie;556.981;561.35;okay_confirm (okay) ideal_weekendC (tell me how you spend your ideal weekend)
Participant;562.84;578.28;at home resting and then i call some friends over they usually do come over barbecue whatever comes to mind you know just there in my house 'cause i have a nice backyard 'cause i just moved to this new house so so far each xxx yeah so each weekend right now we just
Ellie;575.719;576.449;nice (nice)
Participant;579.0;585.27;people come over family come over and we pretty pretty much just barbecue there just hang out <clears throat>
Ellie;585.187;588.437;Ellie17Dec2012_10 (tell me about something you did recently that you really enjoyed)
Participant;591.62;603.69;my sister's birthday party it was on saturday and it was fun there was a lot of dancing you know people uh i saw family that i haven't seen for a while so i enjoyed doing that so
Ellie;604.274;609.561;thats_great (that's great) Ellie17Dec2012_08 (what are you most proud of in your life)
Participant;610.46;638.47;<clears throat> probably that i was like i was able to help my mom throughout because she was going through a really hard time my mom and um for almost nine years 'cause she was having hard trouble paying bills and rent so i i'm proud that i was able to help her even though i could only give so little but she at least we're all still good you know and we're still alive and everyone's still blessed and
Ellie;639.954;646.364;yeah_downer (yeah) Ellie17Dec2012_09 (what are some things that usually put you in a good mood)
Participant;648.08;652.87;um being around my family music music always puts me in a good mood
Ellie;656.314;656.854;like_what (like what)
Participant;658.0;662.85;any kinda music even if it's even if it's depressing music it's still gonna <go> it it's still gonna get me happy
Ellie;664.041;664.841;wild_laughter3 ((laughter))
Participant;664.99;665.44;yeah
Ellie;666.541;667.901;good_hear (that's so good to hear)
Participant;667.03;667.42;<laughter>
Ellie;669.179;673.435;asked_everything (okay i think i have asked everything i need to) appreciate_open (thanks for sharing your thoughts with me)
Participant;672.01;674.1;mhm no problem anytime
Ellie;674.646;675.256;bye (goodbye)
Participant;675.3;681.58;bye mm am i supposed to press the button
Ellie;682.188;682.658;yeah3 (yeah)
Participant;683.37;686.08;<laughter> you say yeah <laughter>
