speaker;start_time;stop_time;text
Participant;10.18;11.29;<sync>
Ellie;26.066;47.606;IntroV4Confirmation (hi i'm ellie thanks for coming in today i was created to talk to people in a safe and secure environment i'm not a therapist but i'm here to learn about people and would love to learn about you i'll ask a few questions to get us started and please feel free to tell me anything your answers are totally confidential are you ok with this)
Participant;47.9;48.67;yes
Ellie;49.113;53.146;okay_confirm (okay) how_doingV (so how are you doing today)
Participant;53.995;54.915;i'm okay
Ellie;55.338;58.484;thats_good (that's good) where_originally (where are you from originally)
Participant;59.67;61.21;uh los angeles <laughter>
Ellie;61.287;65.325;really (really) like_about_LA (what are some things you really like about l_a)
Participant;66.84;68.82;um i don't know <laughter>
Ellie;69.887;72.237;dont_like_LA (what are some things you don't really like about l_a)
Participant;72.965;80.13;um it's kinda dirty but that's to be expected from a big city
Ellie;81.63;84.327;yeah3 (yeah) study (what did you study at school)
Participant;85.45;95.55;um my the last class that i took was a sociology class um i'm not <n> i'm not really sure where i'm going with school but i'm thinking about sex education
Ellie;96.629;98.039;hard_decision (how did you decide to do that)
Participant;98.95;123.61;i think that it's a really important job um uh i feel like uh because there's kind of uh stigma i guess about talking about sex it leads to like a lot of unsafe sex and a lot of unplanned pregnancies so i feel like it's a very important job for the world <laughter>
Ellie;123.464;125.777;yeah_downer (yeah) difficult (how hard is that)
Participant;126.86;127.98;i don't know <laughter>
Ellie;129.25;138.255;okay_confirm (okay) travel_shoes (i'm sure you can tell by my shoes i'm not much of a world explorer do you travel a lot)
Participant;137.8;138.48;no
Ellie;139.498;140.068;why2 (why)
Participant;141.17;143.16;um lack of funds
Ellie;144.433;152.019;see_mean (i see what you mean) shyoutgoing (do you consider yourself more shy or outgoing)
Participant;151.86;163.42;um it depends on the people but i'd say that uh generally i'm more shy uh of course with people who i know well like they're closer to me i i'm more outgoing
Ellie;163.916;177.328;mhm (mhm) relax_fishtank (sometimes when i'm feeling tense i turn on the fish tank screensaver hey i know it's not hawaii but it's the best i've got what do you do to relax)
Participant;177.75;199.51;um play with my dogs uh i don't know uh if it's a nice day i'll go for a walk um if it's not a nice day then or if it's cold out or something then uh maybe watch a show on t_v i like or read a book or something
Ellie;200.524;204.64;uh_huh (uh huh) control_temper (how are you at controlling your temper)
Participant;205.73;207.93;i'd say i'm pretty good at controlling my temper
Ellie;209.727;214.227;thats_good (that's good) last_argument (when was the last time you argued with someone and what was it about)
Participant;214.94;225.78;um i can't remember i think the last person i argued with was my boyfriend probably last week but i don't even remember what it was about <laughter>
Ellie;226.595;231.163;okay_confirm (okay) feelguilty (what's something you feel guilty about)
Participant;232.8;263.15;um i don't think i really feel guilty about anything i'd say that i regret things but i think there's a difference between guilt and regret um like i think guilt is more just like feeling bad but regret is like um feeling like you should've made a different decision and i think that can help you in to make better decisions in the future whereas guilt you just feel bad for no reason and it's useless <laughter>
Ellie;263.508;266.117;yeah3 (yeah) regret (is there anything you regret)
Participant;266.97;295.02;um i regret not doing better uh when i was in high school um uh i mean not getting better grades um i regret uh like getting involved with certain people in the past but i mean i don't i'm not sure <laughter> that's about it that i can think of right now <laughter>
Ellie;295.231;297.101;avoid (could you have done anything to avoid it)
Participant;298.8;299.27;hm
Ellie;300.238;302.108;avoid (could you have done anything to avoid it)
Participant;302.63;324.12;um uh yeah i mean i mean in the past uh yeah i could've made different decisions i mean obviously some things you know you aren't entirely in your control but i'm not going to feel i'm not going to regret things that i had no power over so
Ellie;326.004;332.37;yeah3 (yeah) memory_erase (tell me about an event or something that you wish you could erase from your memory)
Participant;333.62;348.03;um i'm not sure if i would want to erase it from my memory but i wish that it didn't happen to me uh was uh the time that i was raped
Ellie;349.766;356.832;sorry_hear (i'm sorry to hear that) hard_decisionB (tell me about the hardest decision you've ever had to make)
Participant;358.26;372.2;<laughter> i can't really think of any hard decisions um hm i can't think of any <laughter>
Ellie;373.214;379.086;okay_confirm (okay) situation_handled (tell me about a situation that you wish you had handled differently)
Participant;379.92;388.97;hm i'm not sure <laughter> i can't think of any
Ellie;391.233;393.94;family_relationship (tell me about your relationship with your family)
Participant;394.64;408.85;uh i have a pretty good relationship with my family um uh not i wouldn't say that i'm really close with my mother but i mean we get along well and i'm very close with my sister we're basically best friends
Ellie;409.716;414.177;thats_good (that's good) influence_positive (who's someone that's been a positive influence in your life)
Participant;415.58;447.84;um hm i think that my mother has been a positive influence in my life uh because she was always able to provide for me and she always she didn't i mean she made like mistakes sometimes but i think that she was always there for me when i needed it and um she just did her best to raise me so i think she was a big positive influence
Ellie;448.183;452.196;mhm (mhm) easy_sleep (how easy is it for you to get a good night's sleep)
Participant;453.2;462.85;uh it's been easy lately uh sometimes i have trouble sleeping but uh lately i have had no problems
Ellie;463.408;465.188;sleep_affects (what are you like when you don't sleep well)
Participant;466.25;487.32;um it depends how long i've gone without sleep i can just be anywhere from like groggy to like um really on edge and like um extremely tired <laughter> i don't know
Ellie;488.316;491.188;okay_confirm (okay) feel_lately (how have you been feeling lately)
Participant;492.02;510.71;um i have been feeling pretty good i uh i have like general anxiety kind of all the time but it's not as bad as it has been in the past so been feeling mostly pretty good
Ellie;512.718;515.888;behavior_changes (have you noticed any changes in your behavior or thoughts lately)
Participant;516.89;534.95;um i think that i've actually been feeling happier lately i wouldn't say that i'm like really happy all the time i mostly just kind of like um neutral but i have been feeling more positive lately
Ellie;536.657;538.697;ptsd_diagnosed (have you ever been diagnosed with p_t_s_d)
Participant;539.5;543.55;i'm actually not sure if i've been diagnosed with p_t_s_d
Ellie;545.669;546.829;tell_about_that (can you tell me about that)
Participant;548.51;575.88;um uh i know that i i've been seeing uh psychologist <psyc> psychologists for like since i was sixteen um for depression and uh i think my first psychologist who i saw for a few years thought that i had p_t_s_d but i'm not sure if she ever made a diagnosis
Ellie;577.169;579.229;suspect_problem (did you think you had a problem before you found out)
Participant;581.76;585.48;um i'm not sure <laughter>
Ellie;586.21;587.36;symptoms_what (what were your symptoms)
Participant;588.8;594.67;uh i'm <laughter> i don't know
Ellie;598.183;599.813;therapist_useful (is going to a therapist helping you)
Participant;600.55;601.13;yes
Ellie;602.386;604.276;therapist_affect (how has seeing a therapist affected you)
Participant;605.74;642.58;um it's helpful to uh talk someone and have them kind of um guide you in talking about something so that you can figure thing the figure out your feelings about things sort of i guess for yourself or like why it it helps to talk with somebody because you can figure out why you're feeling a certain way about something i mean i think sometimes you can do that on your own but uh talking to somebody helps i think
Ellie;643.062;648.463;yeah_downer (yeah) happy_lasttime (tell me about the last time you felt really happy)
Participant;649.12;657.0;um hm i'm not sure <laughter>
Ellie;658.418;661.668;Ellie17Dec2012_10 (tell me about something you did recently that you really enjoyed)
Participant;662.62;669.13;um i'm not sure <laughter>
Ellie;670.715;674.223;okay_confirm (okay) BF_describe (how would your best friend describe you)
Participant;675.57;680.0;um i'm not sure <laughter>
Ellie;682.399;684.601;ideal_weekendC (tell me how you spend your ideal weekend)
Participant;685.5;730.29;uh i think i would spend it mostly at home um but it would be sunny out and i would go outside a little bit and i'd play with my dogs and uh i'd probably have my boyfriend over um i'd eat food that i like like only food that i like like my favorite foods um watch movie or t_v show that i like um just kind of have like a relaxing time but that's nice
Ellie;730.95;735.989;mhm (mhm) advice_back (what advice would you give to yourself ten or twenty years ago)
Participant;737.54;787.83;mm i would tell myself to uh to uh to do better in school because throughout high school i was kind of an underachiever and i ended up going to community college like on and off because i would like sort of lose interest and then uh not do well or as well as i could have so i would tell myself to do as well as i could in school because i feel like i am capable of a lot more than i do and i think i could easily have gotten a scholarship <schol> a scholarship if i had done well in high school so i would just tell myself to do good in school probably warn myself about one or two people that turned out to be not worth my time <laughter>
Ellie;788.208;792.718;mm (mm) Ellie17Dec2012_08 (what are you most proud of in your life)
Participant;793.33;848.49;um hm um i think i am proud of myself for not being um bitter and for wanting to uh well i am kind of bitter i guess but i guess i'm proud of myself for not being selfish and wanting to um make the world a better place like 'cause a lot of bad things have happened to me and i try to instead instead of dwell on them i try to um or i want to be able to make things better for other people and as much as i wanna help i guess um empower people to make their lives better
Ellie;851.862;858.319;asked_everything (okay i think i have asked everything i need to) appreciate_open (thanks for sharing your thoughts with me) bye (goodbye)
Participant;858.74;859.17;bye
