speaker;start_time;stop_time;text
Participant;15.09;16.12;<sync>
Ellie;28.293;49.833;IntroV4Confirmation (hi i'm ellie thanks for coming in today i was created to talk to people in a safe and secure environment i'm not a therapist but i'm here to learn about people and would love to learn about you i'll ask a few questions to get us started and please feel free to tell me anything your answers are totally confidential are you ok with this)
Participant;49.95;50.5;yes
Ellie;51.165;55.21;okay_confirm (okay) how_doingV (so how are you doing today)
Participant;56.11;56.95;doing pretty good
Ellie;57.769;60.935;thats_good (that's good) where_originally (where are you from originally)
Participant;61.28;71.49;oh i was born in uh brooklyn new york i came out here when i was seven and i've been here ever since uh i don't consider myself anything but a californian <laughter>
Ellie;72.607;76.094;cool3 (cool) study (what did you study at school)
Participant;76.43;77.35;uh i'm a welder
Ellie;79.12;80.53;hard_decision (how did you decide to do that)
Participant;80.9;96.59;um i just i don't know something about it making and um building things and repairing things that intrigued me and uh uh i was actually pretty good at it so i stuck with it and and that's my profession
Ellie;97.124;100.545;thats_great (that's great) dream_job (what's your dream job)
Participant;101.44;114.9;<sigh> gee i really never had that i've just uh <sigh> kind of always uh hoped that i would have a job that could support myself and my family and uh i was satisfied with that
Ellie;115.901;121.424;understand (i understand) family_relationship (tell me about your relationship with your family)
Participant;121.73;150.62;well uh i just recently lost my uncle and uh he raised me since i was seven years old and uh other than my wife i don't have any more family um he passed away last uh july and uh i'm starting to get over it um i knew the day would come but he was my last living relative so i've been depressed about that and uh uh but i'm doing better
Ellie;152.708;161.235;Ellie17Dec2012_03 (that's good) Ellie17Dec2012_03 (that's good) shyoutgoing (do you consider yourself more shy or outgoing)
Participant;161.05;176.38;it depends on the atmosphere um if i'm around people that i don't feel comfortable with i'm kinda reserved but uh if i'm comfortable and uh i feel like i fit in well i'm outgoing
Ellie;177.179;190.365;mhm (mhm) relax_fishtank (sometimes when i'm feeling tense i turn on the fish tank screensaver hey i know it's not hawaii but it's the best i've got what do you do to relax)
Participant;183.45;213.68;<laughter> <laughter> right i enjoy old movies uh old uh well it's called film noir and uh i love those old black and white movies and i get on netflix or amazon and i try to pick a movie that's uh from back then people were different than they uh i don't know it's just a different era and i enjoy it
Ellie;214.617;220.408;awesome (awesome) control_temper (how are you at controlling your temper)
Participant;221.21;246.91;<sigh> well my wife says uh i probably not as good as i think i do but uh i've got to admit sometimes i lose my temper and it is according to her over things that i shouldn't be losing my temper about but um i'm working on it and uh i have basically had this problem ever since i was a young child
Ellie;248.227;249.707;landed_trouble (has that gotten you in trouble)
Participant;249.7;250.79;oh yes <laughter>
Ellie;252.145;253.305;tell_about_that (can you tell me about that)
Participant;253.6;283.01;uh i've uh been in and out of trouble with the law when i was much younger i'm i'm passed that point now but uh <sigh> you know when you're young you think you know everything and uh you know you're never gonna get old and the future doesn't matter but uh it does matter because everthing that you do when you're young uh follows you for the rest of your life and i don't regret things that i've done but if i could go back i definitely would make different choices
Ellie;283.977;289.129;yeah_downer (yeah) last_argument (when was the last time you argued with someone and what was it about)
Participant;288.69;334.28;uh me and my wife we we <w> we don't argue we <sigh> disagree and it's she's very strong willed and she's a match for me <laughter> so uh we go back and forth but you know we don't get violent and we don't uh uh say meanful things or hurt each other we're just she is a determined strong willed woman and <sniff> i am who i am so we kinda go back and forth and lately i have been the one to <sigh> bow down and be the one to lower the threshold of the argument because uh in the long run it's just her and me and there's nobody else more important to me
Ellie;335.022;342.059;yeah_downer (yeah) situation_handled (tell me about a situation that you wish you had handled differently)
Participant;344.1;399.94;um <sigh> <tisk> when i was younger i wish that uh i didn't follow some of the people that i followed and what i mean by that is you know running in a circle with certain people and having an ego bigger than my common sense and um that's what got me into trouble <sniff> i was an only child and uh i kind of enjoyed being the center of attention and um getting the girls to laugh or having people mm think i was you know cool or whatever you wouldn't think that now i'm kinda overweight and balding but when i was in my twenties i was a a completely different person and <sniff> if i would've had some brothers and sisters i may not have thought or acted that way but i was an only child so i you know ran where people thought i was cool and that got me into trouble
Ellie;400.751;406.511;uh_huh (uh huh) hard_decisionB (tell me about the hardest decision you've ever had to make)
Participant;411.01;464.18;hardest decision i ever had to make was giving the authorization to um have my uncle pass away he was on life support and his kidneys had failed <sigh> and um doctors said there was nothing more he could do and to not have him <sigh> go through any suffering to let him slip away and as you can see i get very upset my uncle raised me like his own son and never let me down <sniff> and he's gone and for lack of a better word to push the button i never thought i would have to do that <sniff> but as i said i'm getting over it and um things are getting better slowly
Ellie;466.748;472.279;downer (okay) influence_positive (who's someone that's been a positive influence in your life)
Participant;473.52;515.19;my wife she is uh always there for me <sniff> she will <laughter> always surprise me we she's not my wife she's my best friend <sniff> and she <laughter> knows me better than i know myself um <coughs> we enjoy uh uh doing simple things it's not that we can't do other things if we wanted to but we <sniff> mesh um <sniff> we enjoy each other's company uh we like the same things and uh we you know occasionally go out and do something together but we <clears throat> we just enjoy each other's company and she like i say knows me better than anybody and um it surprises me sometimes
Ellie;515.968;517.328;good_hear (that's so good to hear)
Participant;517.09;517.41;mhm
Ellie;518.753;521.193;easy_sleep (how easy is it for you to get a good night's sleep)
Participant;522.23;573.05;you know <sigh> lately well i can't say lately <sniff> if i don't <coughs> excuse me if i don't do a rigorous activity or something that really uh stresses me or strains my body it it let's say for a couple of days i'm just very relaxed and you know not doing much i i just automatically get up after four and a half five hours i mean and you know my wife will say you know guy you're not getting any sleep but i mean i don't feel tired i don't feel exhausted i don't feel like i need to go back to sleep i'll stay up all day and i'm fine and most people would say that's not enough sleep but you know for me i'm it doesn't affect me
Ellie;573.923;576.415;hmm1 (hmm) feel_lately (how have you been feeling lately)
Participant;578.14;597.59;<sniff> well i wish some things could be different but uh i'm not dissatisfied <sniff> um uh i'm happy with my life uh there there uh like with anybody else there's a few things that i wish were different and i think that's in anybody everybody else's uh you know life but um <sniff> i'm i'm i'm i'm i'm content
Ellie;599.645;602.815;behavior_changes (have you noticed any changes in your behavior or thoughts lately)
Participant;605.11;690.24;yeah i feel a little less motivated <sniff> um recently well i can't say recently this was back in january um my wife and a few uh friends were noticing that i was um becoming forgetful and i i couldn't remember things i i didn't see it and um you know when they when everybody brought it to my attention then i started to but anyway i went to the doctor and um they gave me the tests and apparently i have m_c_i which is mild cognitive impairment and uh i've over the last month or so nobody has mentioned it to me i mean maybe i'm getting better but the neurologist that i saw <sss> is having me come back in a year and gonna retest me um hopefully it's not the beginning stages of alzheimer's i'm still a little young for that i'm only fifty <fif> fifty two but um i was diagnosed with uh mild cognitive impairment and uh it it could've been due also i was told by him uh because of the death of my uncle i could've been pretty depressed i was not able to retain things and so well i'm going back in a year and we'll see if uh i'm any better
Ellie;691.946;693.056;symptoms_cope (how do you cope with them)
Participant;693.34;694.05;i'm sorry
Ellie;695.017;696.127;symptoms_cope (how do you cope with them)
Participant;697.22;699.61;i'm not understanding you i'm sorry
Ellie;700.947;702.987;ptsd_diagnosed (have you ever been diagnosed with p_t_s_d)
Participant;701.01;704.49;how <h no no i have not
Ellie;705.706;707.516;depression_diagnosed (have you been diagnosed with depression)
Participant;707.67;708.18;yes
Ellie;708.699;710.619;when_diagnosed (how long ago were you diagnosed)
Participant;710.46;711.29;two thousand one
Ellie;712.494;713.844;why_seek_help (what got you to seek help)
Participant;715.09;747.84;um i was in a um uh what is the word i'm looking for <sniff> i was in a um in a state of mind of of where i was just going to get myself in trouble and and not benefit anything if i didn't seek any help um i was diagnosed with uh depression and anxiety disorder uh worrying and thinking too much about things and uh thinking the worst and uh i i take medication for that
Ellie;748.939;750.379;therapy_going (do you still go to therapy now)
Participant;750.65;793.62;uh well <w> well you know it's not really therapy it's <clears throat> you know every uh few months you know you gotta see the doctor are you doing fine everything good and you know they just refill your prescription <laughter> it's you know it it's you know kinda like the next person next person it it's i i'm with kaiser so it's it's they'll talk to you but it they give you the impression that um you know i i okay let's move along you know they they'll <th> they'll hear your explanation but you know it it they don't have all the time for you that you may want so i i i i'm doing fine now if i really needed help i would i would do something the medication works for me
Ellie;794.449;798.935;okay_confirm (okay) happy_lasttime (tell me about the last time you felt really happy)
Participant;800.18;850.41;<sigh> last time i felt real happy well it would depend on what the event is i'm always happy when i'm doing something with me and my wife and we're enjoying each other and i you know i'm not trying to sound like she's my whole world and i don't have anything else she is my world but um i i i enjoy being with her and we're we we do things together and <sniff> i i i'm happy all the time when when we're doing that um <sniff> when i'm outside of that circle i i i don't know if this sounds right but i'm not seeking happiness i i can only explain it as i'm content i'm not um i i'm not disappointed or i'm not uh wanting anything i'm you know whatever comes my way is fine so
Ellie;851.121;854.862;makes_sense (that makes sense) BF_describe (how would your best friend describe you)
Participant;857.88;921.2;well um <sniff> i don't know i i couldn't give you that answer <laughter> um <sniff> well my best friend is my wife but uh <sniff> she would um describe me as uh i don't think before i speak um i um let the littlest insignificant things bother me and i get angry over but the big things it's like i let it go and she's bewildered by that <coughs> um uh <vocal fry> years and years ago um she i had a uh classic uh pontiac lemans and she had gotten into a minor fender bender and she thought it was gonna be the end of the world 'cause that was my baby and i <sigh> you know hey don't worry we'll get it fixed and she was <w> she thought <laughter> that i was gonna hang her or something you know because that was my this was you know that was my baby
Ellie;918.066;918.866;wild_laughter3 ((laughter))
Participant;921.76;942.72;and uh she goes you know you you get excited over nothing but you know i something like wrecking your car that you love and you've put so many hours of work into it and money you know it gets crashed and it's like you don't care so that's the only way i can explain it
Ellie;943.762;948.833;mm (mm) self_change (what are some things you wish you could change about yourself)
Participant;952.45;1024.96;well i i need to lose some weight as you can see <laughter> i'm definitely uh been on an eating binge uh and uh the neurologist said that's probably due to the event with my uncle um i'm heavy <heav> i am this is the heaviest i've ever been in my life and i'm finding it a little bit harder um i i can't say harder but i'm i'm finding the will power to say no and to stick with it and to go exercise or you know not you know  movement now going maybe for a walk you know me and my wife when we were a little bit younger we used to love going for walks <clears throat> and we lived in a scrubbed_entry uh boy you know look at that wonder what's inside there you know that that's uh we don't do that no more i guess it's we're a little bit older now and <laughter> a little bit heavier it's harder to walk with all this weight <laughter> but i i i i wish i could change that because uh i i you know it's just not healthy the size <sigh>
Ellie;1025.816;1028.928;okay_confirm (okay) regret (is there anything you regret)
Participant;1030.72;1065.33;<sigh> uh lately no i don't regret anything lately um <sniff> everything's been fine the like i say the the biggest biggest impact in my life was the event with my uncle and uh i never ever in a hundred years or ever thought that i would face that situation and <sniff> i'll never forget it but they say time heals all wounds and and it does <laughter>
Ellie;1066.557;1069.507;advice_back (what advice would you give to yourself ten or twenty years ago)
Participant;1070.86;1126.01;don't listen to other people uh again i'm not trying to bring up my uncle just because of what has happened but he used to constantly tell me to uh he would see the things that i was doing and the paths that i was going down and i constantly thought i knew better and i think a lot of youngsters think that anyway they um the young lady that i was talking to in here they think they're invincible and so did i <laughter> i figured ah i'm never gonna i'm never gonna have those problems um i wish i could've changed some things um <coughs> the history of my past follows me as it does everybody and that has limited me in in a lot of opportunities and a lot of things that i'm able to do uh i don't miss them but if i could go back uh ten or twenty years i definitely wouldn't make some of the decisions that i made
Ellie;1128.828;1131.128;Ellie17Dec2012_08 (what are you most proud of in your life)
Participant;1131.43;1181.63;my welding certificates um i'm uh certified by the american welding society and i've uh <sniff> uh that's probably the biggest achievement that i've made for you know myself an accomplishment um <clears throat> uh people that i know say that i'm uh well i haven't been working on cars lately but they said that i have a natural knack for uh restoration and working on vehicles and i don't see it but i've been told that once or twice but i i've kind of i i've kind of started to slip away from that i don't i can't say it's from lack of interest but i just don't feel the motivation no more i wish i had a pocket of money and i'd have somebody else to it that's how i feel <laughter>
Ellie;1183.897;1186.337;asked_everything (okay i think i have asked everything i need to)
Participant;1186.52;1186.88;okay
Ellie;1186.595;1188.035;appreciate_open (thanks for sharing your thoughts with me)
Participant;1187.77;1188.46;well thank you
Ellie;1189.124;1189.734;bye (goodbye)
Participant;1189.77;1190.11;bye bye
