speaker;start_time;stop_time;text
Participant;30.58;31.56;<sync>
Ellie;56.395;77.935;IntroV4Confirmation (hi i'm ellie thanks for coming in today i was created to talk to people in a safe and secure environment i'm not a therapist but i'm here to learn about people and would love to learn about you i'll ask a few questions to get us started and please feel free to tell me anything your answers are totally confidential are you ok with this)
Participant;77.93;78.75;yes
Ellie;79.013;82.988;okay_confirm (okay) how_doingV (so how are you doing today)
Participant;83.55;86.66;uh i'm fine today today is my daughter's birthday
Ellie;87.603;93.124;aw (aw) thats_great (that's great) where_originally (where are you from originally)
Participant;93.69;94.68;california
Ellie;95.299;95.889;really (really)
Participant;96.05;96.75;yes
Ellie;97.329;99.439;like_about_LA (what are some things you really like about l_a)
Participant;100.09;102.11;um the beach
Ellie;104.565;105.075;mhm (mhm)
Participant;106.16;107.41;i love the waters
Ellie;106.543;108.893;dont_like_LA (what are some things you don't really like about l_a)
Participant;109.51;113.31;the gang violence violence
Ellie;112.607;116.0;okay_confirm (okay) tell_about_that (can you tell me about that)
Participant;116.92;127.06;um i lost a lot of friends growing up in um through elementary and high school just losing them through gang violence
Ellie;127.701;128.771;sorry_hear (i'm sorry to hear that)
Participant;130.59;135.18;yeah thank you it was pretty tough out there <laughter>
Ellie;136.227;145.073;yeah_downer (yeah) travel_shoes (i'm sure you can tell by my shoes i'm not much of a world explorer do you travel a lot)
Participant;144.97;153.64;um haven't been to any place out of california yet so not really
Ellie;154.856;157.918;okay_confirm (okay) study (what did you study at school)
Participant;158.74;164.53;um i'm an optician i'm a certified optician and i also have my associate's degree
Ellie;165.897;168.99;sounds_interesting (that sounds interesting) hard_decision (how did you decide to do that)
Participant;169.8;194.64;um actually i went in i didn't really know what i wanted to do when i first applied i just knew i wanted to change my life and do something successful um before i settled down and you know had my daughter and everything um actually my guidance counselor kind of helped me and i i always thought like they were so cool 'cause their white long lab coats
Ellie;198.637;199.837;dream_job (what's your dream job)
Participant;201.62;203.08;to be a optometrist
Ellie;205.131;205.701;why2 (why)
Participant;206.64;237.55;um 'cause i'm already an optician and that's like the first step and um what i why is a good question it's because then i would have a be able to have my own business and i would have something successful to leave to my daughter and she wouldn't have to really want to anything it would be like a a family business but a a to help the community as well and something i could leave for my daughter
Ellie;238.306;241.414;makes_sense (that makes sense) kids_elaborate (tell me about your kids)
Participant;242.1;267.82;uh my daughter she's five years old uh she'll be starting elementary school next week and today is her birthday uh five years ago i had her <laughter> um she is very smart um i taught her home i home schooled her for five years and um she's adorable she's my heart
Ellie;268.969;270.919;easy_parent (do you find it easy to be a parent)
Participant;271.23;275.7;no this is like the hardest job ever <laughter>
Ellie;276.191;278.171;parent_hardest (what's the hardest thing about being a parent)
Participant;276.24;336.95;it's very hard providing providing uh making sure that you wash their clothes um 'cause 'cause i mean it's hard enough to be um a parent but i'm a young parent and i'm a little more mature than her father so it's um it's it's the providing part i would basically say making sure that you have everything that they need it's so complicated let alone um it gives you enthusiasm to be more to go the extra mile um even being here today i probably would've still been in bed but today is my daughter's party and i was trying to make whatever extra little money i could make you know to make sure that she has a good day so it's all about uh going the extra mile doing anything that you can do to provide <pro> to provide for them but it it's a very hard job
Ellie;337.273;340.229;yeah3 (yeah) parent_best (what's the best thing about being a parent)
Participant;342.28;382.43;um that moment of the day when your child tells you how much they care about you and um my daughter her favorite thing is to tell me i'm her i'm her heart you know and and how many i mean just call your name it just it's a sense of reality um to be called mom or to call call dad and it it just like it infatuates you it also let you know like this is reality this is this is my life this is what i'm living right now and it's a it's a very good feeling that's the best part of being a parent
Ellie;383.134;384.494;good_hear (that's so good to hear)
Participant;385.99;386.54;thank you
Ellie;386.652;390.506;parent_differences (what are some ways that you're different as a parent than your parents)
Participant;391.53;428.36;um a lot of different things i'm actually taking care of my daughter <laughter> um i'm here with her uh i was raised by my grandparents so i mean i didn't really i didn't get to know my mom til i was sixteen and my father i mean i couldn't point him out on the street on the sidewalk so i don't know who he is so i feel that um i'm very different from them because no matter how hard the job is getting i don't give up
Ellie;430.161;430.631;yeah3 (yeah)
Participant;432.03;432.79;yeah
Ellie;433.017;435.347;influence_positive (who's someone that's been a positive influence in your life)
Participant;436.88;497.88;um i guess i there's been <yawning> oh excuse me um there's been a lot of different people that have been very positive in my life i can say um my sister she was a good influence on me to get into the medical field she's in the uh she's an l_v_a and um she's one of my older sisters um i can say me believing in god being in my life god being in my life has also kept my strong and to know that i don't have to take on this world by myself because god is there for me and um hm i don't know i don't really look up to a lot of different people because people lie so and that's the most what i could think that's been positive for me
Ellie;498.666;505.595;okay_confirm (okay) shyoutgoing (do you consider yourself more shy or outgoing)
Participant;504.69;526.59;i think i'm outgoing <laughter> i used to be shy um coming up as a kid and i don't know i don't know what happened to me uh one day i just broke out of my shell and i've been um very accurate of showing my personality off <laughter>
Ellie;526.919;541.322;wild_laughter5 ((laughter)) relax_fishtank (sometimes when i'm feeling tense i turn on the fish tank screensaver hey i know it's not hawaii but it's the best i've got what do you do to relax)
Participant;541.75;567.87;um i actually like for the waves to collapse against the rocks at the beach and i like to just sit there and just zone out everybody else that's there and rub my toes in the sand and that is so relaxing
Ellie;568.693;572.508;mm (mm) control_temper (how are you at controlling your temper)
Participant;573.77;611.67;um <yawning> excuse me sorry about that um i learned not to uh 'cause it's a form of it's a form of knowing who's in control and is it your life or someone else's and i feel that my temper me controlling my temper is showing that i'm in charge of my life so i don't even let stuff get to me i don't even really remember the last time that i had to control my temper because that's how much i try to block out the the negativity
Ellie;613.022;617.695;thats_good (that's good) last_argument (when was the last time you argued with someone and what was it about)
Participant;618.02;634.97;mm probably my husband <yawning> my daughter's father um uh probably over like uh you know the dishes or like the small things but not uh physical altercation like with another human being no
Ellie;635.416;640.626;okay_confirm (okay) feelguilty (what's something you feel guilty about)
Participant;644.09;685.67;wow um being honest i kind of feel guilty about how things like uh basically how things ended um before my mom passed i wish that i could've helped her a little more even though people tell me not to feel bad um because she wasn't really there for me growing up but i kind of feel guilty like you know not being there as much as i could've been for her before she passed away so i think that's something that i um i still feel guilty for
Ellie;686.487;693.161;downer (okay) memory_erase (tell me about an event or something that you wish you could erase from your memory)
Participant;695.92;706.69;um going through my mom passing away
Ellie;709.482;711.022;describe_felt (how did you feel in that moment)
Participant;712.89;768.49;um i felt like <clearing throat> i felt like um basically that it was i felt kind of robbed in a sense like i felt everyone else had parents and i grew up with my grandparents and then for me to go so many years without actual you know mom and dad for me to get eighteen years old and then then she leaves me it was kind of like um i don't know it was nerve wracking because i felt robbed you know it was like i didn't have her all these years and then now that i'm older and i'm i don't even have her now so
Ellie;769.691;778.426;yeah_downer (yeah) im_sorry (i'm sorry) hard_decisionB (tell me about the hardest decision you've ever had to make)
Participant;781.11;803.41;um signing the paper of having a c section when it was time for me to have my daughter i was so nervous so scared um really didn't know what to do how to take it and i mean like that was so scary
Ellie;806.038;807.468;change_directions (what made you decide to do that)
Participant;808.49;811.68;um it was the safest way of bringing my daughter into this world
Ellie;813.463;814.463;happy_didthat (are you happy you did that)
Participant;814.95;815.42;yes
Ellie;817.129;821.351;thats_good (that's good) easy_sleep (how easy is it for you to get a good night's sleep)
Participant;822.08;846.18;it's hard <laughter> i didn't even sleep last night that's why i'm yawning <yarning> but um uh i i kind of tend to try to do everything and i have to get back to that stage where i have to think about myself as well and give myself time
Ellie;847.395;850.637;mhm (mhm) sleep_affects (what are you like when you don't sleep well)
Participant;851.97;862.63;um a little like this but actually i'm a little nicer today <laughter> um just groggy
Ellie;864.661;868.292;okay_confirm (okay) feel_lately (how have you been feeling lately)
Participant;871.32;885.54;um <yawning> lately i've been feeling very confident about um being positive about going the extra mile of being a good parent
Ellie;886.57;892.867;thats_great (that's great) behavior_changes (have you noticed any changes in your behavior or thoughts lately)
Participant;893.78;904.53;uh <yawning> yeah i actually really don't care what other people think anymore i used to let that bother me but i don't no more
Ellie;906.773;908.813;ptsd_diagnosed (have you ever been diagnosed with p_t_s_d)
Participant;909.62;910.45;no
Ellie;910.759;912.569;depression_diagnosed (have you been diagnosed with depression)
Participant;913.47;914.1;no
Ellie;914.884;918.597;happy_lasttime (tell me about the last time you felt really happy)
Participant;919.88;932.19;um uh today 'cause i was so happy that i brought <brung> my daughter into this world today on her birthday
Ellie;935.809;942.574;uh_huh (uh huh) Ellie17Dec2012_07 (what would you say are some of your best qualities)
Participant;943.79;946.68;um getting to know people
Ellie;948.826;949.896;regret (is there anything you regret)
Participant;954.77;956.78;mhm mm not at the moment
Ellie;958.531;961.481;advice_back (what advice would you give to yourself ten or twenty years ago)
Participant;962.78;968.8;if i go uh to watch who i associate with
Ellie;973.789;976.676;self_change (what are some things you wish you could change about yourself)
Participant;978.12;979.86;my weight <laughter>
Ellie;982.304;987.652;feelbadly (tell me about a time when someone made you feel really badly about yourself)
Participant;987.31;992.23;uh i would say my grandma
Ellie;994.425;995.585;tell_about_that (can you tell me about that)
Participant;997.21;1008.42;mm um uh uh it's it's just uh i'd rather not
Ellie;1010.859;1017.866;okay_confirm (okay) Ellie17Dec2012_08 (what are you most proud of in your life)
Participant;1019.44;1024.23;um my daughter that's my pride and joy
Ellie;1025.395;1032.195;thats_great (that's great) asked_everything (okay i think i have asked everything i need to) appreciate_open (thanks for sharing your thoughts with me)
Participant;1032.74;1033.85;wow thank you
Ellie;1034.093;1034.703;bye (goodbye)
Participant;1034.97;1035.77;bye
