speaker;start_time;stop_time;text
Ellie;38.98;60.32;hi i'm ellie thanks for coming in today i was created to talk to people in a safe and secure environment i'm not a therapist but i'm here to learn about people and would love to learn about you i'll ask a few questions to get us started and please feel free to tell me anything your answers are totally confidential are you okay with this
Participant;61.28;61.66;yes
Ellie;62.44;66.37;okay so how are you doing today
Participant;66.94;67.43;alright
Ellie;68.09;70.94;that's good where are you from originally
Participant;71.65;72.68;uh new york state
Ellie;73.27;76.11;really why'd you move to l_a
Participant;77.82;79.38;um because of my girlfriend
Ellie;82.36;83.37;when'd you move to l_a
Participant;85.7;87.61;about a few months ago
Ellie;89.44;91.92;how easy was it for you to get used to living in l_a
Participant;93.26;97.08;mm it's okay it's a little different but it's working
Ellie;98.97;100.97;what are some things you really like about l_a
Participant;105.47;106.64;uh the weather's nice
Ellie;107.53;111.44;mhm what are some things you don't really like about l_a
Participant;112.0;114.45;uh nothing so far it's it's been pretty good
Ellie;115.26;118.89;that's good how do you like your living situation
Participant;119.68;122.75;it's working out nice yeah it's real well at the moment uh real good i mean
Ellie;124.41;127.23;that's great what'd you study at school
Participant;129.73;131.0;uh criminal justice
Ellie;132.07;135.84;that sounds interesting how did you decide to do that
Participant;138.32;143.98;uh i wanted to go to xxx and it was one of the courses so i decided to pick that one
Ellie;146.3;147.27;are you still working in that
Participant;148.14;148.56;no
Ellie;149.91;150.72;what do you do now
Participant;151.28;152.64;uh certified nurse's aide
Ellie;153.8;156.06;cool what's your dream job
Participant;158.09;160.05;i don't know maybe nursing someday
Ellie;161.24;164.08;okay do you travel a lot
Participant;164.72;165.76;no not too much
Ellie;166.57;166.95;why
Participant;168.62;169.88;uh it gets expensive
Ellie;171.19;175.58;i see what you mean what do you do to relax
Participant;176.47;177.53;read usually
Ellie;179.55;181.72;what are some things that make you really mad
Participant;184.21;189.27;i don't know um i usually don't get real real mad
Ellie;191.69;193.62;how are you at controlling your temper
Participant;193.77;197.42;pretty good a a lot better than when i was as as a child <laughter>
Ellie;198.14;202.28;okay when was the last time you argued with someone and what was it about
Participant;204.11;206.97;oh i can't even remember it's it's been a very long time
Ellie;208.03;215.15;wow okay do you consider yourself an introvert
Participant;221.41;222.16;i guess so
Ellie;223.96;224.97;can you tell me about that
Participant;226.87;228.11;i don't know not really
Ellie;230.18;235.08;okay what are some things you like to do for fun
Participant;236.96;238.43;reading's about it right now
Ellie;240.18;241.72;when was the last time that happened
Participant;244.34;245.74;while i was waiting for my appointment
Ellie;248.66;252.82;okay who's someone that's been a positive influence in your life
Participant;254.28;256.32;recently my girlfriend's been very positive
Ellie;257.14;259.15;aw how do you know them
Participant;260.67;263.49;uh we met through my sister-in-law
Ellie;265.73;266.8;how close are you to them
Participant;267.6;269.04;mm not so close anymore
Ellie;271.68;277.43;that sucks is it uncomfortable for you to talk about this
Participant;278.27;279.46;no no i'm alright
Ellie;280.06;282.33;okay can you tell me about that
Participant;285.51;289.55;oh they just i i don't have anything in common with 'em so we don't talk
Ellie;291.21;295.84;i see what you mean how would your best friend describe you
Participant;303.86;305.3;i don't know i really don't
Ellie;307.79;310.07;what would you say are some of your best qualities
Participant;311.91;317.33;um i'm patient i listen and i try to be reliable
Ellie;318.83;324.83;mhm tell me about something you did recently that you really enjoyed
Participant;332.5;336.23;moved to california from new york that's that's been a a good experience
Ellie;337.57;339.22;how did you feel in that moment
Participant;341.16;342.29;it was nice it was exciting
Ellie;344.33;348.39;that's good have you ever served in the military
Participant;348.79;349.09;no
Ellie;350.7;352.98;how easy is it for you to get a good night's sleep
Participant;354.23;355.67;it's fairly difficult
Ellie;356.96;358.33;uh oh why
Participant;359.94;366.48;just i i wake up very easily and sometimes it takes a long time to get tired and fall asleep
Ellie;367.98;370.31;hmm are they triggered by something
Participant;371.06;372.13;not that i know of
Ellie;373.71;375.47;what are you like when you don't sleep well
Participant;377.43;381.04;just quiet try to stay to myself 'cause i get irritable
Ellie;382.49;386.37;okay have you been diagnosed with depression
Participant;386.88;387.16;no
Ellie;387.86;389.77;have you ever been diagnosed with p_t_s_d
Participant;390.61;390.98;no
Ellie;391.93;393.2;how have you been feeling lately
Participant;394.51;397.76;alright just anxious trying to find a job so
Ellie;398.6;406.41;it can be tough to find a good job these days have you noticed any changes in your behavior or thoughts lately
Participant;411.2;415.09;not really no just just <j> pretty pretty normal
Ellie;415.72;420.93;okay what are you most proud of in your life
Participant;422.95;423.64;my children
Ellie;426.75;427.93;tell me about your kids
Participant;429.34;435.19;uh i've got four of 'em um three ten and then two eleven year olds so
Ellie;435.88;436.3;wow
Participant;437.01;437.33;yeah
Ellie;438.47;440.2;what's the best thing about being a parent
Participant;445.15;451.59;that's that's hard just i don't know some of the things they do just yeah it it's a lot of fun watching 'em grow grow up
Ellie;452.68;454.01;can you give me an example of that
Participant;455.43;463.0;just the way they interact with each other sometimes it's or other people it's it's really amazing to see how fast they you know develop
Ellie;464.46;468.85;that's so good to hear what's one of your most memorable experiences
Participant;486.66;490.53;i don't know there's there's a lot that are tied for probably most memorable
Ellie;492.76;494.28;i'd love to hear all about it
Participant;503.6;504.6;no probably not
Ellie;505.88;509.67;okay do you find it easy to be a parent
Participant;510.73;514.14;yeah it's pretty easy it's it it's a lot of fun
Ellie;515.19;518.41;that's good what's the hardest thing about being a parent
Participant;520.26;522.71;worrying about 'em you know you worry about 'em getting hurt
Ellie;525.07;529.84;i see what you mean is there anything you regret
Participant;532.25;533.63;no not so much
Ellie;534.65;537.42;what advice would you give yourself ten or twenty years ago
Participant;541.32;546.97;probably go to college get you know try to find a a good a better job you know
Ellie;548.76;553.86;mhm when was the last time you felt really happy
Participant;563.36;567.77;i feel happy all the time though i mean on and off so it's it's real hard to pinpoint
Ellie;569.67;577.57;okay okay i think i've asked everything i need to thanks for sharing your thoughts with me goodbye
