speaker;start_time;stop_time;text
Participant;13.7;14.54;<synch>
Ellie;39.558;61.098;IntroV4Confirmation (hi i'm ellie thanks for coming in today i was created to talk to people in a safe and secure environment i'm not a therapist but i'm here to learn about people and would love to learn about you i'll ask a few questions to get us started and please feel free to tell me anything your answers are totally confidential are you ok with this)
Participant;62.07;62.88;yeah i'm okay with it
Ellie;63.636;67.565;okay_confirm (okay) how_doingV (so how are you doing today)
Participant;68.89;72.02;uh i feel i feel pretty good
Ellie;72.994;73.634;thats_good (that's good)
Participant;73.12;74.33;little <l> little nervous
Ellie;75.533;76.103;why2 (why)
Participant;77.525;81.26;because i've never done anything like this before that's why
Ellie;80.986;81.786;wild_laughter3 ((laughter))
Participant;81.85;83.78;<laughter>
Ellie;83.155;84.185;see_mean (i see what you mean)
Participant;84.11;84.64;yeah
Ellie;85.528;86.848;where_originally (where are you from originally)
Participant;87.465;89.29;from ohio cincinnati
Ellie;89.912;90.502;really (really)
Participant;90.845;91.305;yeah
Ellie;92.065;93.145;when_LA (when did you move to l_a)
Participant;93.6;96.15;uh two months ago two and a half months
Ellie;97.486;98.506;why_LA (why did you move to l_a)
Participant;99.22;103.59;uh was just looking for just wanted to be in a new environment
Ellie;105.137;106.137;happy_didthat (are you happy you did that)
Participant;106.67;109.52;oh yeah i'm ecstatic very happy
Ellie;108.989;111.459;adapted_LA (how easy was it for you to get used to living in l_a)
Participant;112.62;117.61;uh it took a few weeks just to get adjusted 'cause i didn't know anyone <an>
Ellie;117.253;119.363;like_about_LA (what are some things you really like about l_a)
Participant;120.06;121.99;the weather is probably the best thing
Ellie;123.231;123.701;uh_huh (uh huh)
Participant;124.97;131.735;yeah and uh i mean other than that it's pretty much the same as everywhere else i've been
Ellie;132.807;135.157;dont_like_LA (what are some things you don't really like about l_a)
Participant;137.34;144.34;there's nothing i don't really <real> really like about l_a it's just you know just the weather is the best part of it
Ellie;141.678;145.856;okay_confirm (okay) yeah3 (yeah)
Participant;146.31;146.69;yeah
Ellie;147.388;153.569;travel_shoes (i'm sure you can tell by my shoes i'm not much of a world explorer do you travel a lot)
Participant;154.18;163.68;uh i like to travel somewhat uh i haven't traveled a lot in my life but over the past uh year and a half i've done done quite a bit of traveling
Ellie;164.662;166.182;travel_changed (what do you enjoy about traveling)
Participant;167.09;172.75;just seeing different places different people new people new faces new places
Ellie;174.086;175.766;travel_trips (i'd love to hear about one of your trips)
Participant;177.48;187.98;uh <sigh> let's see last well last summer i spent the uh summer in cleveland <sniffle> doing uh urban farming uh in the city
Ellie;187.596;188.326;nice (nice)
Participant;188.5;217.0;yeah and uh i stayed at a hostel the first hostel in cleveland scrubbed_entry and i was uh doing a program with the uh scrubbed_entry and it was basically we would go to different urban farms throughout the city and volunteer about <bout> twenty twenty five hours a week so yeah
Ellie;216.676;218.106;change_directions (what made you decide to do that)
Participant;219.19;237.11;really a spur of the moment type of thing um wanted to try something different something i'd never done before and farming is one of those things that you know most people would never try 'cause of a you know 'cause of a certain stigma that comes along with it
Ellie;234.124;234.634;mhm (mhm)
Participant;238.25;245.07;uh and you know i just thought it would be fun and interesting to do something like that
Ellie;246.144;249.995;cool3 (cool) memorableB (what's one of your most memorable experiences)
Participant;247.73;255.38;yeah what in the uh uh mm urban farming or in general
Ellie;254.748;255.218;yeah3 (yeah)
Participant;258.005;287.28;in urban farming uh i don't know i guess uh i don't know just just the overall experience just going you know eating uh going to the farmers markets and eating all the fresh food and just seeing the difference in you know how fresh natural food taste eh you know as opposed to the food you buy in a grocery store
Ellie;288.6;290.48;great_situation (that sounds like a great situation)
Participant;290.97;293.44;yeah yeah it is really is
Ellie;294.657;295.797;study (what did you study at school)
Participant;297.07;306.6;uh i was i took two semesters of uh college and i was undecided so i was just taking general classes
Ellie;307.351;308.551;dream_job (what's your dream job)
Participant;309.1;334.965;my dream job huh i guess my dream job would to be <ss> anything that involves <invol> uh i don't have like a specific dream job but anything that involves nature just being outside uh i would like to uh i wouldn't mind being like a like a forest ranger or something like that just as long as i you know
Ellie;333.913;334.373;okay_confirm (okay)
Participant;335.41;335.71;yeah
Ellie;336.575;343.435;yeah3 (yeah) shyoutgoing (do you consider yourself more shy or outgoing)
Participant;342.79;344.18;consider myself more shy
Ellie;344.989;345.559;why2 (why)
Participant;347.06;351.14;uh i don't i don't know why <laughter> it's just the way it is
Ellie;353.553;365.317;relax_fishtank (sometimes when i'm feeling tense i turn on the fish tank screensaver hey i know it's not hawaii but it's the best i've got what do you do to relax)
Participant;358.88;378.34;uh huh i read um listen to music uh i draw watch movies stuff like that
Ellie;379.003;379.513;mhm (mhm)
Participant;379.84;380.1;yeah
Ellie;380.185;382.245;control_temper (how are you at controlling your temper)
Participant;383.23;384.65;i think i'm pretty good at it
Ellie;385.882;386.522;thats_good (that's good)
Participant;385.93;386.96;i think <thi> yeah
Ellie;388.154;391.204;last_argument (when was the last time you argued with someone and what was it about)
Participant;392.012;416.23;<deep breath> wow uh yeah i can't remember the last time i had an argument with someone i don't know
Ellie;417.288;422.656;okay_confirm (okay) situation_handled (tell me about a situation that you wish you had handled differently)
Participant;424.04;444.24;<sigh> <makes sounds with mouth> again i don't know because i don't dwell on things that happened in the past
Ellie;444.929;445.379;hmm_downer (hmm)
Participant;445.79;446.12;yeah
Ellie;446.673;450.273;hard_decisionB (tell me about the hardest decision you've ever had to make)
Participant;452.25;460.91;<laughter> mm maybe whether or not to come to california i guess that was a hard decision
Ellie;462.66;463.82;tell_about_that (can you tell me about that)
Participant;465.24;489.71;well i don't know i've been thinking about it you know moving to a new place for a long time and <sigh> i guess the hardest part of the decision was thinking whether whether or not i would be secure or not you know what i mean um
Ellie;489.473;489.913;yeah_downer (yeah)
Participant;490.52;534.75;just going to a new place where you don't know anyone uh it's kinda uh you really don't know what's gonna happen so uh there was a lot of uh you know fear in that in that decision of should i go to a place where i don't know anyone i don't i'm not familiar with the area you know only only perception ever had <ha> that i have of this area is you know what i've seen on in media media and t_v so you know eh yeah guess that was hardest hardest decision <deci> decision that i can think of
Ellie;534.667;535.617;understand (i understand)
Participant;536.06;536.33;yeah
Ellie;536.73;538.83;trade_offs (there are always trade-offs in life aren't there)
Participant;539.645;540.405;eh guess so
Ellie;542.077;546.203;memory_erase (tell me about an event or something that you wish you could erase from your memory)
Participant;547.33;549.38;uh nothing absolutely nothing
Ellie;551.013;551.463;hmm_downer (hmm)
Participant;551.92;552.36;yeah
Ellie;553.069;555.101;feelguilty (what's something you feel guilty about)
Participant;556.12;560.79;uh nothing i don't feel guilty about anything
Ellie;561.746;566.564;okay_confirm (okay) family_relationship (tell me about your relationship with your family)
Participant;567.26;591.92;uh relationship with my family uh i'm not really close to my family um i guess the person i'm closest to is my mom but you know i don't you know i don't i never really talk to her much uh i don't really know my dad that well so you know
Ellie;593.965;596.295;influence_positive (who's someone that's been a positive influence in your life)
Participant;596.72;615.805;<makes clicking sounds with mouth> <whistling softly> <whistling softly> uh i guess my grandmother yeah she
Ellie;615.252;616.412;tell_about_that (can you tell me about that)
Participant;616.415;653.9;yeah she's uh she's very um xxx how should i say it uh she's very she's a thinker i put it like that like she's very insightful so um yeah i look to her for a lot of advice because she's been through a lot through a lot in her life and i feel like she you know she's been through a lot so she understands a lot so eh you know she's a very positive influence
Ellie;652.599;660.272;mm (mm) okay_confirm (okay) easy_sleep (how easy is it for you to get a good night's sleep)
Participant;661.16;661.8;very easy
Ellie;663.216;666.639;thats_good (that's good) feel_lately (how have you been feeling lately)
Participant;668.045;676.0;uh maybe unsure i would say
Ellie;676.777;677.347;why2 (why)
Participant;678.16;734.14;because right now i really don't know what direction i wanna go in with my life and there's been a lot of confusion with that um but you know it's not it's not something that overly affects me but you know it's always a thought in the back of my mind it feels <feel> feels like somehow maybe i'm running out of time and i know that's not like that's not xxx that's not a realistic thought because i don't see how you could ever run out of time but yeah i guess yeah just general not knowing what i want but i know like
Ellie;733.496;734.606;symptoms_cope (how do you cope with them)
Participant;734.99;736.009;how do i cope with that
Ellie;737.746;738.256;mhm (mhm)
Participant;738.56;745.009;how do i cope with that i uh i don't know i just do a lot of thinking a lot of soul searching
Ellie;747.373;748.313;difficult (how hard is that)
Participant;750.26;771.655;it's not hard i mean i mean i'm it's xxx like i can't say it's hard because it's one of those things that i feel like it's necessary and you know certain things in life you just you're forced to face so
Ellie;771.333;772.363;see_mean (i see what you mean)
Participant;772.182;776.68;it's harder to i think it's harder to avoid those type of things
Ellie;777.686;778.126;yeah_downer (yeah)
Participant;779.673;780.013;yeah
Ellie;780.512;783.682;behavior_changes (have you noticed any changes in your behavior or thoughts lately)
Participant;785.2;785.554;no
Ellie;787.293;789.333;ptsd_diagnosed (have you ever been diagnosed with p_t_s_d)
Participant;789.88;790.22;no
Ellie;790.72;792.53;depression_diagnosed (have you been diagnosed with depression)
Participant;792.92;793.2;no
Ellie;794.035;796.582;happy_lasttime (tell me about the last time you felt really happy)
Participant;802.7;811.3;uh xxx today when i talked when i uh talked to my friend earlier
Ellie;813.218;813.938;awesome (awesome)
Participant;814.84;815.17;yeah
Ellie;816.911;818.601;BF_describe (how would your best friend describe you)
Participant;821.04;861.163;how would my best friend describe me uh i guess he would say i'm quiet uh uh guess he would describe as a nice guy uh guess insightful mm uh goofy and yeah
Ellie;861.691;867.14;okay_confirm (okay) self_change (what are some things you wish you could change about yourself)
Participant;871.44;872.709;oh i don't really think like that
Ellie;875.255;876.325;regret (is there anything you regret)
Participant;877.99;878.372;no
Ellie;879.833;882.783;advice_back (what advice would you give to yourself ten or twenty years ago)
Participant;884.73;894.699;ten or twenty years ago uh guess i would tell myself to stick with what what stick with what i love
Ellie;896.506;896.976;mm (mm)
Participant;897.269;897.699;hmm
Ellie;898.675;901.925;Ellie17Dec2012_10 (tell me about something you did recently that you really enjoyed)
Participant;909.045;916.1;uh i did uh acting workshop in um scrubbed_entry
Ellie;918.048;918.458;cool3 (cool)
Participant;918.727;919.036;yeah
Ellie;919.51;920.94;change_directions (what made you decide to do that)
Participant;922.1;929.86;i don't know it's always <al> always been an interest of mine and i decided why not you know just try it see how you like it
Ellie;932.235;936.984;okay_confirm (okay) Ellie17Dec2012_08 (what are you most proud of in your life)
Participant;937.386;949.0;what am i most proud of like an event or a an accomplishment
Ellie;949.658;950.858;mind (whatever comes to your mind)
Participant;960.275;962.705;i guess i pride myself on being independent
Ellie;965.006;965.906;thats_great (that's great)
Participant;966.698;966.944;mm
Ellie;968.162;972.953;asked_everything (okay i think i have asked everything i need to) appreciate_open (thanks for sharing your thoughts with me)
Participant;973.91;974.245;yeah
Ellie;974.833;975.443;bye (goodbye)
Participant;976.454;976.77;bye
