speaker;start_time;stop_time;text
Ellie;36.22;57.84;hi i'm ellie thanks for coming in today i was created to talk to people in a safe and secure environment i'm not a therapist but i'm here to learn about people and would love to learn about you i'll ask a few questions to get us started and please feel free to tell me anything your answers are totally confidential are you okay with this
Participant;58.37;58.94;yes
Ellie;59.45;62.73;okay so how are you doing today
Participant;63.25;64.16;fine thank you
Ellie;64.82;67.905;that's good where are you from originally
Participant;68.32;69.49;montreal canada
Ellie;70.2;72.47;really why'd you move to l_a
Participant;72.95;75.77;i moved here with my mom when i was in high school
Ellie;76.63;79.81;cool that's a long time
Participant;81.915;82.425;yes
Ellie;82.39;83.8;how does it compare to l_a
Participant;84.92;88.45;oh it's very cold there in the winter and our summers are very short
Ellie;91.525;94.115;how easy was it for you to get used to living in l_a
Participant;94.585;97.315;it was very easy i accustom pretty quick
Ellie;98.43;101.31;that's good do you travel a lot
Participant;102.27;104.5;no not very much anymore
Ellie;105.97;106.32;why
Participant;107.31;116.49;um <sigh> i don't have much family in the united states and it's pretty expensive to go back home so i only go every couple of years
Ellie;117.2;120.39;i understand what do you enjoy about traveling
Participant;121.15;124.83;meeting different people different places different customs
Ellie;126.395;127.955;i'd love to hear about one of your trips
Participant;129.43;136.73;uh well we just recently went to um san francisco same custom and everything but the city was very different and i enjoyed it
Ellie;137.5;141.45;awesome what'd you study at school
Participant;142.25;145.25;uh i took general education and child development
Ellie;146.98;147.92;what do you do now
Participant;148.68;152.73;right now i work part time for an independent auto repair shop
Ellie;153.94;155.16;what's your dream job
Participant;156.74;161.7;um <sigh> just working with people talking to people
Ellie;163.0;164.5;do you consider yourself an introvert
Participant;166.15;167.98;um no
Ellie;169.25;169.66;why
Participant;171.565;175.315;um i'm shy sometimes so i stay to myself a lot
Ellie;176.535;180.76;mhm what are some things you like to do for fun
Participant;181.66;185.06;uh walk along the beach uh bike riding
Ellie;187.54;191.86;that's great what are some things that make you really mad
Participant;193.41;194.49;arrogant people
Ellie;197.16;198.6;what do you do when you're annoyed
Participant;200.73;210.145;um i try not to get angry but sometimes i do um try to <sigh> learn i'm learning to walk away from things but sometimes people provoke you
Ellie;211.655;215.495;yeah how are you at controlling your temper
Participant;216.655;221.515;um i'm getting better i'd say seventy five percent under control
Ellie;223.095;227.405;that's good when was the last time you argued with someone and what was it about
Participant;228.92;234.495;oh about a month ago <sigh> um with my daughter and her finances
Ellie;236.425;238.445;aw how hard is that
Participant;239.045;241.565;it's really hard you don't like arguing with your children
Ellie;244.345;247.01;yeah tell me about your kids
Participant;247.73;253.83;i have two girls one's twenty three and one's twenty six one lives in louisiana and one lives here
Ellie;255.25;256.8;do you find it easy to be a parent
Participant;257.71;259.43;now that they're older yes
Ellie;260.725;262.585;what's the best thing about being a parent
Participant;263.91;268.32;um satisfaction of giving love to someone else
Ellie;269.79;273.06;uh huh what's the hardest thing about being a parent
Participant;273.55;274.08;worry
Ellie;277.28;278.23;tell me more about that
Participant;278.977;288.207;well unfortunately when i was young my sister was kidnapped so when my children were growing up i worried about them a lot and i didn't let them do things a lot on their own
Ellie;288.917;295.087;i'm sorry to hear that how do you cope with them
Participant;296.137;302.967;oh now it's easy 'cause they're grown and they live on their own so it's a lot easier now but i you still worry even though they're grown
Ellie;304.88;308.33;i understand what do you think of today's kids
Participant;309.39;310.62;i'm sorry what did you say
Ellie;311.49;312.96;what do you think of today's kids
Participant;313.44;316.82;oh my goodness they're spoiled rotten they have everything
Ellie;317.51;323.27;<laughter> what's one of your most memorable experiences
Participant;324.839;329.63;um <sigh> waking up when my kids were younger on christmas day i loved it
Ellie;331.44;336.37;that's so good to hear have you ever served in the military
Participant;336.5;336.89;no
Ellie;338.58;340.48;have you ever been diagnosed with p_t_s_d
Participant;340.644;341.384;yes
Ellie;342.319;344.109;how long ago were you diagnosed
Participant;344.739;348.009;uh it's been exactly two years and two months
Ellie;349.4;350.76;what got you to seek help
Participant;351.789;365.11;um loneliness depression um especially after i didn't have any family members left in the united states so um i went to a counselor and then to group therapy
Ellie;365.97;368.654;yeah do you feel like therapy's useful
Participant;369.284;369.794;yes
Ellie;372.544;373.624;can you tell me about that
Participant;374.264;391.804;i mostly enjoy group therapy because you're sitting in a group with other people talking about your um your likes your dislikes your problems and sometimes somebody else is sharing <sh> going through the same thing you are and you can share <sh> you know share what you're going through and what can help make it better
Ellie;392.434;397.874;yeah how has seeing a therapist affected you
Participant;398.954;405.114;um it's affected me a lot it's helped me cope with things it's nice to have somebody else to talk to
Ellie;406.194;411.161;that's great did you think you had a problem before you found out
Participant;412.521;418.771;yes i didn't want to admit it but after awhile and feeling depressed for so long i knew i had to do something
Ellie;420.101;421.431;how have you been feeling lately
Participant;422.001;422.601;pretty good
Ellie;425.021;428.091;have you noticed any changes in your behavior or thoughts lately
Participant;428.741;432.311;um no just getting more positive better
Ellie;433.301;437.021;that's good do you still go to therapy now
Participant;437.241;437.781;yes
Ellie;439.561;441.941;how easy is it for you to get a good night's sleep
Participant;442.561;447.281;it's not it's about fifty fifty some nights i sleep good and some nights i don't
Ellie;448.041;448.931;that sucks
Participant;449.001;449.681;<laughter>
Ellie;450.17;451.86;what are you like when you don't sleep well
Participant;453.18;457.02;um just lack <l> lack of energy the next day
Ellie;458.46;459.39;how hard is that
Participant;460.24;463.5;it's hard especially if you get two nights in a row of no sleep
Ellie;465.54;471.31;wow yeah when was the last time you felt really happy
Participant;472.78;475.83;scrubbed_entry
Ellie;477.19;478.95;how did you feel in that moment
Participant;479.2;488.35;i felt good um holidays always try to you know christmas trees and kids and everything so usually is a good time makes me feel good
Ellie;490.8;495.64;nice what are you most proud of in your life
Participant;496.84;503.68;um i was married um and raising two children and having two kids i'm very proud of that
Ellie;505.88;508.96;tell me about something you did recently that you really enjoyed
Participant;509.72;518.72;scrubbed_entry
Ellie;519.42;521.18;wow that's great
Participant;522.08;522.67;thanks
Ellie;523.37;524.69;how did you decide to do that
Participant;525.26;533.96;um well i went from full time to part time work and there's not as much work in the automotive field so i decided to go back to school
Ellie;536.84;540.16;that makes sense how would your best friend describe you
Participant;541.81;547.48;um easy going um fun easy to get along with
Ellie;549.89;552.19;who's someone that's been a positive influence in your life
Participant;552.94;558.75;uh my mom she's very raised four kids single-handedly and was a very hard worker
Ellie;561.79;566.57;okay what advice would you give yourself ten or twenty years ago
Participant;568.02;573.46;um don't give up be positive in anything you try to accomplish can you can do it
Ellie;574.57;577.17;mhm is there anything you regret
Participant;578.35;581.48;um not going back to school sooner
Ellie;583.27;585.09;could you have done anything to avoid it
Participant;585.81;593.02;uh no because i was raising two kids by myself so uh now that they're grown i have no excuse so i'm doing it
Ellie;595.32;600.53;that's good what would you say are some of your best qualities
Participant;601.66;607.62;um i'm friendly i'm a hard worker and most of the time i'm easy to get along with
Ellie;610.74;611.8;can you tell me about that
Participant;612.53;629.69;um like i say i'm a hard worker if you give me work to do i'll do it and um long as not most of the time i'm in a good mood so i'm easy to get along with so um and when i'm not most people just don't they can tell by my attitude just not talk to me
Ellie;630.36;637.41;<laughter> okay what are some things that usually put you in a good mood
Participant;638.55;644.03;um like i say bike riding or uh walks on the beach the beach is very relaxing
Ellie;645.55;653.46;that's so good to hear okay i think i've asked everything i need to thanks for sharing your thoughts with me
Participant;653.65;654.34;you're welcome
Ellie;654.86;655.49;goodbye
Participant;655.6;656.18;goodbye
