speaker;start_time;stop_time;text
Participant;12.37;13.45;<sync>
Ellie;30.868;52.408;IntroV4Confirmation (hi i'm ellie thanks for coming in today i was created to talk to people in a safe and secure environment i'm not a therapist but i'm here to learn about people and would love to learn about you i'll ask a few questions to get us started and please feel free to tell me anything your answers are totally confidential are you ok with this)
Participant;52.67;53.22;yes
Ellie;53.676;57.491;okay_confirm (okay) how_doingV (so how are you doing today)
Participant;58.04;58.94;i'm okay
Ellie;59.561;62.284;thats_good (that's good) where_originally (where are you from originally)
Participant;63.12;64.92;i was born in mississippi
Ellie;65.362;68.639;really (really) when_LA (when did you move to l_a)
Participant;69.56;74.15;um when i was two and a half years old but actually it wasn't l_a it was santa monica
Ellie;75.039;76.739;very_young (you were very young weren't you)
Participant;76.75;77.24;yes
Ellie;77.976;79.876;often_backB (how often do you go back to your hometown)
Participant;79.79;80.36;never
Ellie;81.447;82.017;why2 (why)
Participant;82.26;85.1;i was only two and a half years old i don't remember anything
Ellie;86.181;90.96;okay_confirm (okay) like_about_LA (what are some things you really like about l_a)
Participant;91.99;103.02;oh i like the beach i love all the restaurants um um the music scene just the general excitement oh and the parks and all that
Ellie;103.472;103.982;mhm (mhm)
Participant;103.67;104.09;yeah
Ellie;104.74;107.09;dont_like_LA (what are some things you don't really like about l_a)
Participant;107.46;121.53;um the traffic the um the maintenance on the streets all the pot holes um um the pollution
Ellie;122.616;127.299;yeah3 (yeah) see_mean (i see what you mean) study (what did you study at school)
Participant;128.78;157.93;well i studied a number of things at school um i studied um um at one point i was i i had majored in public relations journalism specialization in journalism and i also studied um i was a pre law major and so i studied the law and then i also studied um um human um human services courses
Ellie;158.561;159.691;sounds_interesting (that sounds interesting)
Participant;159.61;160.1;mhm
Ellie;160.493;161.923;change_directions (what made you decide to do that)
Participant;164.71;169.86;um mainly because i'm a people person and i enjoy helping people
Ellie;171.372;175.11;thats_great (that's great) dream_job (what's your dream job)
Participant;176.33;189.98;wow my dream job hm mm my dream job hm i don't really have one right now
Ellie;191.658;199.463;okay_confirm (okay) travel_shoes (i'm sure you can tell by my shoes i'm not much of a world explorer do you travel a lot)
Participant;199.67;202.17;no i don't and i can't even see your shoes
Ellie;204.743;216.821;relax_fishtank (sometimes when i'm feeling tense i turn on the fish tank screensaver hey i know it's not hawaii but it's the best i've got what do you do to relax)
Participant;217.28;234.0;um um listen to music watch horror movies i love <luh> i love horror flicks um and i have a fish tank too so i like to watch my fish also like to play tennis when i can i haven't been able to play lately though because of physical problems
Ellie;235.636;239.139;aw (aw) tell_about_that (can you tell me about that)
Participant;240.46;263.38;um mm it's just that um i had injured uh my my my ankle because i have anemia <aneenia> and um and i got dizzy one night and i fell on my ankle and on my leg and so i'm just waiting for that to really heal but i'm planning to get back um into tennis it's one of the things i enjoy doing it really relaxes me
Ellie;264.145;268.74;thats_good (that's good) control_temper (how are you at controlling your temper)
Participant;269.45;274.63;i really don't have a temper over the years i've learned how to do how to control that
Ellie;275.686;278.736;last_argument (when was the last time you argued with someone and what was it about)
Participant;281.18;289.44;probably would've been yesterday but there was no argument and what was it about nothing that i can recall <laughter>
Ellie;290.164;294.971;okay_confirm (okay) feelguilty (what's something you feel guilty about)
Participant;296.04;307.79;something i feel guilty about hm there's nothing right now that i feel guilty about
Ellie;308.721;312.523;situation_handled (tell me about a situation that you wish you had handled differently)
Participant;313.49;325.38;mm oh a situation that i wish i had handled differently i really can't think of one right now
Ellie;326.201;331.871;okay_confirm (okay) hard_decisionB (tell me about the hardest decision you've ever had to make)
Participant;332.64;378.01;the hardest decision oh um the absolute hardest decision that i ever had to make um was when my uh i had twins twin twin twin boys they're grown now i had twins twin teen teenagers and um i had lost my job and we were living in a motel and the rent for the motel was outrageous i couldn't no longer continue to pay the um pay the type the type of money that they wanted so i had to briefly um um put my son under the in in foster care for for for a minute that was the hardest decision that i had to make
Ellie;378.998;381.643;yeah_downer (yeah) kids_elaborate (tell me about your kids)
Participant;382.32;473.53;scrubbed_entry um a schizophrenic and he had had um he was born with auditory processing deficit which he overcame through training with a speech therapist and and school officials and he also this is he also lost his hearing when he was four years old um but and then when he turned fourteen the schizophrenia came up um so right now he he's in a supportive living environment he's twenty seven years old um but he he he's come to terms with his mental illness and he accepts it now i had problems in the past 'cause he didn't wanna take the medication you'd give him the medication and he'd hide it stick it in his pocket or whatever so but he's come to terms with that and we've all have come to terms with that and he's doing he's doing pretty good scrubbed_entry um that son he's twenty <twen> he's twenty seven as i said 'cause he's a twin um um was living in texas with his wife and um he got a promotion to um scrubbed_entry now he's in california too both are in california okay so um i feel very good about that yeah
Ellie;474.367;476.317;easy_parent (do you find it easy to be a parent)
Participant;478.42;488.39;uh hm well of grown children yes <laughter> of grown children yes no no no no no no no
Ellie;486.517;488.497;parent_hardest (what's the hardest thing about being a parent)
Participant;488.77;508.47;no i take that back not it's not hard to be a parent of grown of my grown children okay when they were younger there were difficult times okay difficult periods and um just it was a lot of good times too but yeah it was there were some difficult times mm
Ellie;508.398;510.068;tell_me_moreV2 (can you tell me more about that)
Participant;511.42;541.98;well the mm the difficult times i really pretty much already alluded to and that was when um one of my twins got the diagnosis of schizophrenic and um and um they were in temporarily and in in well one was in foster care and one was actually um in a institution 'cause of the um the um schizophrenia um so think i lost track of the question <laughter>
Ellie;542.439;544.419;parent_hardest (what's the hardest thing about being a parent)
Participant;544.74;551.83;the hardest thing about being a parent at this point at this <the> at this point in my life there is is nothing hard about it
Ellie;553.65;555.37;parent_best (what's the best thing about being a parent)
Participant;557.1;575.49;um the best thing about being a parent i don't know i guess it's just to see <cough> something that you created um develop into a you know pretty decent human being you know a decent person
Ellie;576.21;576.68;yeah3 (yeah)
Participant;576.73;577.89;that's the best thing
Ellie;579.474;583.277;parent_differences (what are some ways that you're different as a parent than your parents)
Participant;583.2;646.42;oh a lot of ways um well actually i didn't have two parents i had a mother and the father was never in my father was never in the home and he lived in another state so i had no contact with him um but the thing that i do differently than what my mother did um she was a strong disciplinarian um both verbally and physically um and she at she had this tendency which she outgrew she had this tendency to be very critical okay critical and um um opinionated <laughter> and very religious um and sort of sort of looked at people who were not and that was me um as if they were living life wrong because they were not going to church or reading the bible and that kind of thing
Ellie;646.811;647.261;hmm_downer (hmm)
Participant;648.13;651.18;what was the other part of the question
Ellie;655.026;657.466;easy_sleep (how easy is it for you to get a good night's sleep)
Participant;658.73;674.42;i i i don't get a good night's sleep or i don't sleep at all unless i take medication and that's that that's all there is to it if i don't take medication i don't sleep i'll be up all night i'll i will be up for days if i don't take medication
Ellie;675.648;677.428;sleep_affects (what are you like when you don't sleep well)
Participant;679.35;683.87;man irritable um and tired <laughter>
Ellie;685.253;688.242;okay_confirm (okay) feel_lately (how have you been feeling lately)
Participant;691.98;720.14;well well lately you know just a little anxious really um you know um i just recently um made a move to a new apartment it's a lot of expenses and new expenses and things like that you know and new furniture and new this and that that you have to get which um i've i managed to do all of that but um the whole thing was kind of stressful
Ellie;721.498;723.598;trade_offs (there are always trade-offs in life aren't there)
Participant;723.7;725.02;yes mhm
Ellie;726.903;728.943;ptsd_diagnosed (have you ever been diagnosed with p_t_s_d)
Participant;729.37;730.96;no not p_t_s_d
Ellie;731.441;733.251;depression_diagnosed (have you been diagnosed with depression)
Participant;733.16;733.51;yes
Ellie;734.31;736.23;when_diagnosed (how long ago were you diagnosed)
Participant;736.53;740.06;um that was back in i think two thousand and four
Ellie;740.986;742.336;why_seek_help (what got you to seek help)
Participant;744.58;758.47;um because um my life had gotten so stressful to the point where it was either i had to do something or or end something to tell you the truth yeah
Ellie;759.804;761.244;therapy_going (do you still go to therapy now)
Participant;761.95;763.81;um yes mhm
Ellie;765.007;766.457;therapy_useful (do you feel like therapy is useful)
Participant;767.7;781.11;yeah i think it's useful um you know as a good sounding board you know someone to throw you know your concerns out and you know discuss things that may be bothering you or good things too yeah i think therapy with medication
Ellie;782.229;785.079;therapy_changes (what sort of changes have you noticed since you've been going to therapy)
Participant;789.48;818.59;um since i've been going to therapy um the changes a lot of changes um i've been more focused more hopeful um hm it it's just been a good experience for me which is why i continue to go
Ellie;819.131;824.334;thats_good (that's good) happy_lasttime (tell me about the last time you felt really happy)
Participant;825.44;826.24;really happy
Ellie;827.805;828.425;yes (yes)
Participant;833.37;868.65;well i can feel really happy um by some occurrence i can't think of anything right now just like that and then i go back to how i was feeling so i can't really pinpoint anything really i mean eh eh i mean if something comes to me unexpectedly or if things go right for a change and continue to go right as opposed to things going wrong all the time that that makes me happy when things go right how about that
Ellie;865.583;869.995;okay_confirm (okay) makes_sense (that makes sense)
Participant;869.68;870.2;hm
Ellie;871.656;874.906;Ellie17Dec2012_10 (tell me about something you did recently that you really enjoyed)
Participant;876.01;904.35;mm something i did recently that i really something i did recently that i really enjoyed mean really really enjoyed recently hm i can't think of anything
Ellie;905.156;909.246;okay_confirm (okay) BF_describe (how would your best friend describe you)
Participant;910.36;911.52;i don't have a best friend
Ellie;913.564;916.504;Ellie17Dec2012_07 (what would you say are some of your best qualities)
Participant;917.74;962.74;um my best qualities are that i'm a honest person i genuinely give people the benefit of the doubt um everyone in my book is as they appear to be until they prove prove it differently um i'm very generous overly generous <laughter> um and i'm very i like to help other people i mean help you know i'm on a personal level help people you know with anything whatever their problem is it gives me pleasure to do something for somebody else that's helping them out
Ellie;963.285;963.795;mhm (mhm)
Participant;964.32;964.84;mhm
Ellie;964.691;965.761;regret (is there anything you regret)
Participant;966.89;968.13;anything i regret
Ellie;968.696;969.316;yes (yes)
Participant;969.11;969.71;how so
Ellie;971.031;972.231;mind (whatever comes to your mind)
Participant;975.58;1024.56;there's only one thing i regret and that is that um after my twins became um became old enough to um start going to um school the elementary school level um i was taking some courses um as a pre law major and um at that time i was married to their father who who turned out not to be a good fit for me and because of the stresses involved with him you know knowing that that was gonna end and i was gonna leave him um i dropped out of college so that was my biggest regret
Ellie;1025.684;1026.154;mm (mm)
Participant;1026.3;1026.76;hm
Ellie;1027.158;1030.108;advice_back (what advice would you give to yourself ten or twenty years ago)
Participant;1031.47;1036.34;stay in school no matter what stay the course no matter what
Ellie;1038.764;1041.064;Ellie17Dec2012_08 (what are you most proud of in your life)
Participant;1045.07;1051.18;that i'm a good person i'm a good human being that's all
Ellie;1050.649;1055.358;asked_everything (okay i think i have asked everything i need to) appreciate_open (thanks for sharing your thoughts with me)
Participant;1055.45;1056.12;okay
Ellie;1056.718;1057.328;bye (goodbye)
Participant;1057.36;1057.95;goodbye
