speaker;start_time;stop_time;text
Participant;8.08;9.15;<sync>
Ellie;26.006;47.546;IntroV4Confirmation (hi i'm ellie thanks for coming in today i was created to talk to people in a safe and secure environment i'm not a therapist but i'm here to learn about people and would love to learn about you i'll ask a few questions to get us started and please feel free to tell me anything your answers are totally confidential are you ok with this)
Participant;47.84;48.44;yes
Ellie;49.401;53.343;okay_confirm (okay) how_doingV (so how are you doing today)
Participant;53.81;54.82;i'm doing well
Ellie;55.345;58.149;thats_good (that's good) where_originally (where are you from originally)
Participant;58.84;61.64;los angeles the greater los angeles area
Ellie;62.15;66.027;really (really) like_about_LA (what are some things you really like about l_a)
Participant;68.84;78.51;people diversity and various entertainment and activities
Ellie;78.803;82.274;mhm (mhm) dont_like_LA (what are some things you don't really like about l_a)
Participant;85.0;90.87;um fickle weather traffic and litter
Ellie;91.93;101.136;see_mean (i see what you mean) travel_shoes (i'm sure you can tell by my shoes i'm not much of a world explorer do you travel a lot)
Participant;100.97;104.27;i have traveled domestically not internationally
Ellie;105.129;107.966;cool3 (cool) travel_changed (what do you enjoy about traveling)
Participant;109.61;113.96;seeing other places and how people live and the culture
Ellie;115.478;117.158;travel_trips (i'd love to hear about one of your trips)
Participant;118.84;121.81;the last trip that i went to was san diego
Ellie;123.011;123.731;awesome (awesome)
Participant;125.32;126.08;but uh
Ellie;125.55;127.91;memorableB (what's one of your most memorable experiences)
Participant;130.4;132.76;from childhood or as an adult
Ellie;134.032;135.232;mind (whatever comes to your mind)
Participant;136.57;141.83;um family vacations to um baja and rosarito beach
Ellie;142.473;146.007;nice (nice) tell_about_that (can you tell me about that)
Participant;147.04;160.12;yeah the reason why that memory comes to mind because um this weekend is easter and we usually will go down to easter <east> easter spring break to rosarito baja
Ellie;161.001;164.878;aw (aw) study (what did you study at school)
Participant;166.18;169.94;um i have a bachelor's <b> bachelor's in communication studies
Ellie;171.054;172.484;change_directions (what made you decide to do that)
Participant;173.49;188.22;because it's a open field just doesn't deal with um communication interactively but performing arts telecommunications business entrepreneurship so
Ellie;188.527;191.065;mhm (mhm) still_working_on_X (are you still working in that)
Participant;192.53;194.56;no i'm not i'm actually unemployed
Ellie;196.454;197.654;dream_job (what's your dream job)
Participant;200.15;207.95;um i think to own my business that's my dream my dream job to have my own company
Ellie;209.68;210.84;tell_about_that (can you tell me about that)
Participant;213.25;240.84;um i would like to open something in like the telecommunications area as a business something do online online services um i like to make things with my hands so my next venture would would be to create all natural soy candles something in that area
Ellie;241.166;249.116;awesome (awesome) shyoutgoing (do you consider yourself more shy or outgoing)
Participant;249.35;251.46;um a mixture
Ellie;252.425;252.995;why2 (why)
Participant;255.22;267.27;a mixture of shy and outgoing because i have to observe people and crowds and that's how i usually make a determination if i remain reserved or remain open
Ellie;268.165;281.786;okay_confirm (okay) relax_fishtank (sometimes when i'm feeling tense i turn on the fish tank screensaver hey i know it's not hawaii but it's the best i've got what do you do to relax)
Participant;282.17;288.5;i listen to like a meditation tape or i take a walk or go get a massage
Ellie;289.116;292.864;thats_good (that's good) control_temper (how are you at controlling your temper)
Participant;294.87;295.77;fair
Ellie;297.704;300.754;last_argument (when was the last time you argued with someone and what was it about)
Participant;302.46;316.71;oh man <laughter> uh probably yesterday or this morning um usually the argument is about me making myself clear or me repeating myself twice
Ellie;319.018;320.498;landed_trouble (has that gotten you in trouble)
Participant;321.69;323.89;no it usually gets the other person in trouble
Ellie;324.271;331.573;wild_laughter5 ((laughter)) situation_handled (tell me about a situation that you wish you had handled differently)
Participant;333.91;392.23;mm i redeemed a service from a mechanic who fixed my transmission and i had a warranty and i wrote to the department of consumer affairs and the guy offered me a portion of the settlement agreement and i decided to take him to small claims court to get a bigger amount and i wish i would've have taken the offer that he gave me at the midst of dealing with the third party which was the department of consumer affairs and because of that i took him to small claims court and i end up losing the whole settlement and only been offered a very small portion so i wish i would've taken the higher road than taken the lower road
Ellie;393.042;397.495;isee_downer (i see) feelguilty (what's something you feel guilty about)
Participant;400.44;403.9;i don't tend to feel guilty about too many things
Ellie;405.827;409.505;hard_decisionB (tell me about the hardest decision you've ever had to make)
Participant;411.94;422.28;hardest decision uh i don't know financially emotionally
Ellie;422.497;423.697;mind (whatever comes to your mind)
Participant;423.89;437.01;mm emotionally letting go a past relationship it's the hardest thing that i i won't say the hardest thing but it was a difficult thing
Ellie;437.889;439.049;tell_about_that (can you tell me about that)
Participant;439.89;461.83;yes it was a relationship of seven years but um that person has already moved on so uh they want me to be in their life in hopes that if something goes wrong with my current relationship we'll always have something to fall back on
Ellie;463.076;464.426;been_hard (that sounds really hard)
Participant;465.08;467.34;uh yeah it is hard
Ellie;470.611;474.73;memory_erase (tell me about an event or something that you wish you could erase from your memory)
Participant;477.85;497.58;um an event something i could erase from my memory um i don't know <laughter> there's a lot of events that i just automatically erase from my memory but whatever comes to mind right
Ellie;499.457;500.077;yes (yes)
Participant;500.47;505.24;um probably the death of a relative
Ellie;507.387;508.927;describe_felt (how did you feel in that moment)
Participant;511.08;514.46;um alone and misinformed
Ellie;516.455;517.025;why2 (why)
Participant;518.16;524.9;because i didn't know that they were that sick and i didn't know that they were um their days were numbered
Ellie;526.339;526.779;yeah_downer (yeah)
Participant;527.06;538.2;and i could've had more opportunity to spend time with them and make better a better connection in the last days
Ellie;539.392;545.643;sorry_hear (i'm sorry to hear that) family_relationship (tell me about your relationship with your family)
Participant;547.25;550.51;um it's fair to midland
Ellie;552.631;554.331;family_roleB (how close are you to your family)
Participant;555.99;562.64;mm my immediate i'm very close but distant not very close
Ellie;563.678;567.574;okay_confirm (okay) influence_positive (who's someone that's been a positive influence in your life)
Participant;568.7;569.7;my mother
Ellie;570.98;572.14;tell_about_that (can you tell me about that)
Participant;573.45;605.27;um yes uh she's encouraged me to continue my education to always fall back on my hobbies hopes goals and dreams she always encourages me to always stay aloof and out there looking for a better opportunity and she encourages me to not be afraid to explore other ventures
Ellie;605.936;610.583;thats_great (that's great) easy_sleep (how easy is it for you to get a good night's sleep)
Participant;612.3;616.02;easy <laughter> easy <laughter>
Ellie;616.289;617.669;feel_lately (how have you been feeling lately)
Participant;619.39;621.23;i've been feeling well
Ellie;622.857;626.027;behavior_changes (have you noticed any changes in your behavior or thoughts lately)
Participant;628.9;635.16;um yes a little stressed but i'm trying to manage that
Ellie;636.865;637.975;symptoms_cope (how do you cope with them)
Participant;639.86;642.08;i leave the stressful environment
Ellie;644.019;646.059;ptsd_diagnosed (have you ever been diagnosed with p_t_s_d)
Participant;647.12;650.07;um in the past
Ellie;651.565;653.485;when_diagnosed (how long ago were you diagnosed)
Participant;655.19;656.47;about three years ago
Ellie;658.139;659.489;why_seek_help (what got you to seek help)
Participant;661.72;675.76;um because i was having issues in my learning environment and um i feeling <f> i was feeling emotionally attacked
Ellie;678.403;679.563;tell_about_that (can you tell me about that)
Participant;682.95;704.69;yeah i was having uh a issue with a professor who was just very i don't know a a very different personality and he almost ran me down the crosswalk at school
Ellie;707.712;709.252;describe_felt (how did you feel in that moment)
Participant;710.71;730.06;i felt i felt um like i was in a a dishonest environment i felt like i wanted to get you know switch his class and get into another class but i had no choice but to stay in there and deal with his meanness for the whole semester
Ellie;732.267;734.077;depression_diagnosed (have you been diagnosed with depression)
Participant;735.58;741.1;um i think through finding p_t_s_d they were trying to link depression
Ellie;743.019;744.459;therapy_going (do you still go to therapy now)
Participant;745.14;745.69;no
Ellie;747.401;748.051;stop_going (why did you stop)
Participant;749.31;772.35;financially i'm not capable and i haven't found a counselor who is willing and committed to working with me and helping me with my issues i find that a lot of counselors they listen to me and then they laugh at me and then they tell me the opposite of what's what i'm telling them
Ellie;774.193;775.543;been_hard (that sounds really hard)
Participant;775.75;776.5;mhm
Ellie;780.267;784.051;happy_lasttime (tell me about the last time you felt really happy)
Participant;788.64;797.74;mm last time i felt really happy i really don't know that's a good question
Ellie;800.696;803.946;Ellie17Dec2012_10 (tell me about something you did recently that you really enjoyed)
Participant;809.91;826.21;um just just did what i want i just relaxed i just relaxed and i you know i don't know <laughter>
Ellie;827.286;830.891;okay_confirm (okay) BF_describe (how would your best friend describe you)
Participant;832.27;834.42;i don't have any best friends
Ellie;835.707;838.647;Ellie17Dec2012_07 (what would you say are some of your best qualities)
Participant;839.65;855.49;my best qualities that i'm uh hard working i'm reliable i'm a excellent friend um i'm energetic and i'm a go getter
Ellie;857.715;860.6;self_change (what are some things you wish you could change about yourself)
Participant;865.16;882.58;things that i wish i could change about myself probably be less sensitive don't take things so personally and um learn how to help myself before helping others
Ellie;883.576;884.646;regret (is there anything you regret)
Participant;886.13;888.18;no i don't have any regrets in my life
Ellie;889.194;892.144;advice_back (what advice would you give to yourself ten or twenty years ago)
Participant;896.36;915.66;um if i could've do things differently ten years ago i probably would've focused and studied more and less being out of the house and hanging with friends
Ellie;916.226;921.828;mhm (mhm) Ellie17Dec2012_08 (what are you most proud of in your life)
Participant;924.7;945.9;mm that i got have a a college education and i'm self sufficient and i can pay my bills by myself <laughter> and i'm alive
Ellie;947.527;953.993;asked_everything (okay i think i have asked everything i need to) appreciate_open (thanks for sharing your thoughts with me) bye (goodbye)
Participant;954.21;954.88;goodbye
