speaker;start_time;stop_time;text
Participant;23.11;24.11;<sync>
Ellie;46.058;67.598;IntroV4Confirmation (hi i'm ellie thanks for coming in today i was created to talk to people in a safe and secure environment i'm not a therapist but i'm here to learn about people and would love to learn about you i'll ask a few questions to get us started and please feel free to tell me anything your answers are totally confidential are you ok with this)
Participant;68.02;69.53;yes i'm okay
Ellie;69.24;73.567;okay_confirm (okay) how_doingV (so how are you doing today)
Participant;74.41;76.59;i'm good i'm a little tired but i'm good
Ellie;77.642;80.613;thats_good (that's good) where_originally (where are you from originally)
Participant;81.19;83.4;michigan i'm from michigan
Ellie;82.814;86.464;really (really) when_LA (when did you move to l_a)
Participant;87.55;92.89;um a long time ago then i left
Ellie;92.301;94.201;often_backB (how often do you go back to your hometown)
Participant;94.58;98.91;uh once twice a year
Ellie;100.733;102.353;compares_LA (how does it compare to l_a)
Participant;103.87;106.18;cold <laughter> very cold
Ellie;107.574;108.594;why_LA (why did you move to l_a)
Participant;110.02;114.87;because i wanted to pursue my acting career
Ellie;116.769;120.07;sounds_interesting (that sounds interesting) hard_decision (how did you decide to do that)
Participant;121.16;131.28;uh well it wasn't a hard decision it was just it was the weather it was the opportunity it was the options
Ellie;131.719;132.229;mhm (mhm)
Participant;132.98;133.89;more options
Ellie;133.029;135.499;adapted_LA (how easy was it for you to get used to living in l_a)
Participant;137.42;141.5;uh the driving has been a pain in the butt not so easy
Ellie;143.412;145.522;like_about_LA (what are some things you really like about l_a)
Participant;147.38;171.79;<sigh> let's see besides the weather i like that things are more convenient i like some of the people here um <laughter> that are actually from home but um yeah i i just i like i like that it's a little laid back
Ellie;172.709;173.179;uh_huh (uh huh)
Participant;174.55;175.37;that's about it
Ellie;175.833;178.183;dont_like_LA (what are some things you don't really like about l_a)
Participant;178.94;200.76;i don't like the traffic i don't like um uh the gang violence in certain areas and i don't like <sigh> what else don't i like huh maybe that's that's all i don't like
Ellie;201.881;202.321;yeah_downer (yeah)
Participant;202.3;212.11;i don't oh you know i like i don't like that it's so far away from home i wish i wish l_a was kinda midwest <laughter> i wish it wasn't so far from home
Ellie;215.099;217.792;family_relationship (tell me about your relationship with your family)
Participant;218.04;235.94;i have a close relationship with my family um it's a small uh immediate family is really small and we're close my grandmother recently passed so it's um <tisk> an adjustment right now but i'm close to my family
Ellie;239.435;248.302;downer (okay) travel_shoes (i'm sure you can tell by my shoes i'm not much of a world explorer do you travel a lot)
Participant;248.98;256.38;well i can't see your shoes but i do travel often i do travel yes
Ellie;257.237;258.757;travel_changed (what do you enjoy about traveling)
Participant;259.47;270.8;um getting there <laughter> i like getting there um once i'm at the wherever i'm going i like to actually do the tourist thing get to know places and people
Ellie;271.708;273.388;travel_trips (i'd love to hear about one of your trips)
Participant;274.52;320.49;uh okay i oh i went to um france a few years ago well many years ago and a little town called carcassonne and was very um it was it was actually really fun but very much like a story book as far as what i expected to see and what i actually saw like i what i remember that i really enjoyed was that at night when everybody closes up like there are no windows in the buildings but they are these shutters that most places in the united states have inside of windows they have them outside of the windows and there's no glass so you just shut and it looks like everything is abandoned like the buildings are abandoned so pretty cool <sniff> i like that
Ellie;316.536;321.715;yeah2 (yeah) cool3 (cool)
Participant;323.08;323.54;<laughter>
Ellie;324.902;329.324;shyoutgoing (do you consider yourself more shy or outgoing)
Participant;328.74;335.5;i'm borderline sometimes i'm shy sometimes i'm outgoing it depends on who  and what the situation is
Ellie;337.492;351.167;okay_confirm (okay) relax_fishtank (sometimes when i'm feeling tense i turn on the fish tank screensaver hey i know it's not hawaii but it's the best i've got what do you do to relax)
Participant;346.44;359.26;<laughter> um music i turn on music i walk through the neighborhoods you know
Ellie;360.754;364.418;okay_confirm (okay) control_temper (how are you at controlling your temper)
Participant;365.82;371.35;i'm pretty good at controlling my temper i'm not a um hot head at all
Ellie;372.672;377.193;thats_good (that's good) last_argument (when was the last time you argued with someone and what was it about)
Participant;378.44;386.95;hm oh it was an ex roommate and it was about my loyalty as a friend
Ellie;389.266;390.426;tell_about_that (can you tell me about that)
Participant;391.6;410.32;yeah um pretty much she um thought that because i wanted my rent which she agreed to pay that i was not being a good friend that i should just let her live for free and that wasn't going to happen
Ellie;411.504;411.944;yeah_downer (yeah)
Participant;411.65;424.97;so you know the loyalty came with letting you stay anyway or letting her stay anyway even after she didn't pay me so that's a friend i could've kicked her out i didn't
Ellie;423.0;423.51;mhm (mhm)
Participant;425.96;438.53;she left at the agreed time after she let me know that she was not going to pay but you know could've um could've could've been a bad situation but there was an argument there
Ellie;439.154;439.594;yeah_downer (yeah)
Participant;439.3;440.43;a real a real one
Ellie;442.146;445.94;situation_handled (tell me about a situation that you wish you had handled differently)
Participant;446.25;471.75;i wish i had handled that situation differently and followed my first mind when we agreed to be roommates temporarily and um gotten my money upfront that's what i wish i had done and i just i didn't my mind told me to go along with it no my mind told me to get the money upfront but i didn't so
Ellie;472.579;478.684;isee_downer (i see) hard_decisionB (tell me about the hardest decision you've ever had to make)
Participant;479.73;502.88;mm the hardest decision um i think i have yet to make the hardest decision but so far like <tisk<> maybe um leaving home leaving home when i was years ago when i was like eighteen yeah
Ellie;503.669;505.209;describe_felt (how did you feel in that moment)
Participant;507.26;516.76;um i felt like i was abandoning my family <laughter> that's what i felt <laughter> but um they encouraged me to go on and live my life
Ellie;517.785;518.645;Ellie17Dec2012_03 (that's good)
Participant;518.93;519.45;mhm
Ellie;520.348;524.492;memory_erase (tell me about an event or something that you wish you could erase from your memory)
Participant;525.3;548.48;uh something that i could erase from my memory probably a friend who i was um uh dating i would like to erase from my memory how he responded to me when i told him my grandmother um was ill
Ellie;551.317;557.163;mm (mm) easy_sleep (how easy is it for you to get a good night's sleep)
Participant;558.59;567.98;um it's easy if i'm busy all day and i'm really really tired but actually my mind spins so it's not that easy actually it's not that easy
Ellie;569.007;569.577;why2 (why)
Participant;569.03;576.89;i'd have to because i have to be exhausted i have to be exhausted
Ellie;578.55;579.9;been_hard (that sounds really hard)
Participant;581.04;586.56;to be exhausted no it's not really hard you just do a lot of stuff all day long
Ellie;587.75;589.53;sleep_affects (what are you like when you don't sleep well)
Participant;591.26;591.88;irritable
Ellie;594.409;597.281;okay_confirm (okay) feel_lately (how have you been feeling lately)
Participant;598.73;612.98;up and down up and up and down like sometimes i've been excited and anxious and on the other side i'm like mm what am i doing
Ellie;614.25;615.63;trigger (are they triggered by something)
Participant;617.01;622.49;yeah it's just an anxiousness to wanna make some things happen some goals and um
Ellie;622.416;622.956;like_what (like what)
Participant;624.07;651.63;uh getting certain kind of work and um having a certain amount of um income and uh just taking care of myself you know the way i think i should take care of myself just the physical stuff
Ellie;651.974;652.444;uh_huh (uh huh)
Participant;653.39;654.69;eating right and everything
Ellie;656.38;659.55;behavior_changes (have you noticed any changes in your behavior or thoughts lately)
Participant;662.18;663.49;yeah i have
Ellie;665.25;666.41;tell_about_that (can you tell me about that)
Participant;667.33;681.61;um sometimes i have a lot of distracting thoughts that have nothing to do with what i need to be focused on in the moment and i'm conscious of that i'm like of all the things that's popping up in my head why am i thinking about that
Ellie;683.611;684.721;symptoms_cope (how do you cope with them)
Participant;685.73;694.82;uh i i let them happen and then i i try to think about other things and phase it out it pops back up i phase it out yeah
Ellie;694.736;699.106;mhm (mhm) ptsd_diagnosed (have you ever been diagnosed with p_t_s_d)
Participant;699.91;700.33;no
Ellie;701.019;702.829;depression_diagnosed (have you been diagnosed with depression)
Participant;703.53;703.98;no
Ellie;705.132;708.871;happy_lasttime (tell me about the last time you felt really happy)
Participant;709.79;719.86;uh when the roommate moved out i was really happy when she finally left
Ellie;723.833;726.036;ideal_weekendC (tell me how you spend your ideal weekend)
Participant;727.51;738.82;<laughter> um probably reading and maybe go out go dancing that would be ideal i can go dancing go salsa dancing and yeah
Ellie;737.489;744.914;nice (nice) self_change (what are some things you wish you could change about yourself)
Participant;746.39;752.71;mm my ability to make a decision quicker and to act on it
Ellie;754.666;759.996;feelbadly (tell me about a time when someone made you feel really badly about yourself)
Participant;761.67;777.46;really badly uh i don't know if i have a time that someone has ever made me feel really badly i don't feel bad about much
Ellie;779.262;782.815;okay_confirm (okay) BF_describe (how would your best friend describe you)
Participant;784.54;790.49;uh as courageous
Ellie;793.641;794.111;uh_huh (uh huh)
Participant;795.54;798.49;that would be it in a nutshell <laughter>
Ellie;798.897;801.717;okay_confirm (okay) regret (is there anything you regret)
Participant;803.16;803.79;in general
Ellie;805.295;805.915;yes (yes)
Participant;806.52;827.19;um i regret not making some different decisions when i was younger as far as moving forward with as far as um career stuff and um relationship things i wish i had done some things earlier in my life that i'm doing now
Ellie;828.098;829.428;give_example (can you give me an example of that)
Participant;830.32;846.59;uh really going after some of my personal goals and um deciding to actually be in a relationship that's long term and yeah i wish i had done that earlier
Ellie;846.871;851.954;yeah_downer (yeah) advice_back (what advice would you give to yourself ten or twenty years ago)
Participant;853.79;878.88;<laughter> twenty years ago i would have giving given myself the advice to um continue with my schooling um beyond what i did and to be more discerning in my choices of individuals who i allow in my life
Ellie;880.169;884.905;mm (mm) Ellie17Dec2012_08 (what are you most proud of in your life)
Participant;886.26;892.72;um being a part of the family that i'm a part of
Ellie;895.053;896.413;good_hear (that's so good to hear)
Participant;896.99;897.34;<laughter>
Ellie;897.839;902.659;asked_everything (okay i think i have asked everything i need to) appreciate_open (thanks for sharing your thoughts with me)
Participant;903.72;904.36;thank you
Ellie;904.703;905.313;bye (goodbye)
Participant;905.73;906.35;goodbye
