speaker;start_time;stop_time;text
Participant;8.51;9.39;<synch>
Ellie;31.774;53.314;IntroV4Confirmation (hi i'm ellie thanks for coming in today i was created to talk to people in a safe and secure environment i'm not a therapist but i'm here to learn about people and would love to learn about you i'll ask a few questions to get us started and please feel free to tell me anything your answers are totally confidential are you ok with this)
Participant;35.605;54.295;mm yes i am
Ellie;54.734;58.682;okay_confirm (okay) how_doingV (so how are you doing today)
Participant;59.365;60.285;um i'm okay
Ellie;61.447;64.179;thats_good (that's good) where_originally (where are you from originally)
Participant;64.94;65.51;chicago
Ellie;66.121;69.698;really (really) when_LA (when did you move to l_a)
Participant;70.49;74.11;um back and forth over the years and traveled a little bit
Ellie;75.148;77.048;often_backB (how often do you go back to your hometown)
Participant;78.26;82.26;haven't been out there in over fifteen sixteen years
Ellie;83.233;86.425;wow (wow) why2 (why)
Participant;88.58;95.99;um kinda got stuck out here <laughter> then i had my baby and i just stayed
Ellie;97.214;98.834;compares_LA (how does it compare to l_a)
Participant;100.6;111.495;uh different food um the people get along way um how do i get it it's kind of a culture shock
Ellie;113.24;114.4;tell_about_that (can you tell me about that)
Participant;115.64;132.22;uh out there just on the food basis they like to give you a lotta food that tastes real good for a little bit of money to keep a lifelong customer but out here they wanna go up there and give you a little bit of food for a whole lotta money so they just making money <laughter>
Ellie;130.031;136.522;wild_laughter5 ((laughter)) yeah_downer (yeah) why_LA (why did you move to l_a)
Participant;137.58;141.235;um mm parent had business out here
Ellie;142.987;145.457;adapted_LA (how easy was it for you to get used to living in l_a)
Participant;148.0;153.41;um not hard i could get used to anywhere
Ellie;154.25;157.891;thats_good (that's good) like_about_LA (what are some things you really like about l_a)
Participant;160.14;161.34;the views and the ocean
Ellie;163.04;165.39;dont_like_LA (what are some things you don't really like about l_a)
Participant;167.39;176.675;uh just uh a splitting of people that's it <laughter>
Ellie;177.427;184.868;mhm (mhm) travel_shoes (i'm sure you can tell by my shoes i'm not much of a world explorer do you travel a lot)
Participant;185.62;187.64;um just a few places
Ellie;188.887;190.407;travel_changed (what do you enjoy about traveling)
Participant;192.45;198.34;getting to see different people and learn how different people get along and interact with each other
Ellie;198.954;202.802;uh_huh (uh huh) travel_trips (i'd love to hear about one of your trips)
Participant;204.29;217.22;<laughter> um <laughter> uh <sigh> i remember a trip years ago where i went to mexico with my brother
Ellie;218.61;222.658;nice (nice) memorableB (what's one of your most memorable experiences)
Participant;220.435;230.485;yeah um jumping into a lake <laughter> pretty much off the side of a mountain <laughter>
Ellie;232.205;232.925;awesome (awesome)
Participant;233.74;234.17;yeah
Ellie;234.954;236.094;study (what did you study at school)
Participant;237.91;241.7;everything <laughter> there's not a subject i don't like
Ellie;243.472;244.672;dream_job (what's your dream job)
Participant;247.82;254.32;um actually my dream job working with computers and helping people
Ellie;255.551;258.187;really (really) why2 (why)
Participant;260.73;266.195;that's where <wh> where my heart is i like computers and i also like helping people
Ellie;267.428;282.407;thats_great (that's great) relax_fishtank (sometimes when i'm feeling tense i turn on the fish tank screensaver hey i know it's not hawaii but it's the best i've got what do you do to relax)
Participant;275.75;295.975;<laughter> i meditate um work out i run i walk um i write read
Ellie;296.729;304.392;uh_huh (uh huh) shyoutgoing (do you consider yourself more shy or outgoing)
Participant;304.32;305.01;in the median
Ellie;306.914;310.703;okay_confirm (okay) control_temper (how are you at controlling your temper)
Participant;312.5;314.76;mm i'd say very good
Ellie;316.362;319.412;last_argument (when was the last time you argued with someone and what was it about)
Participant;320.245;334.96;oh yeah that doesn't make it seem that good <laughter> um last time i argued was over someone actually spitting out a racial slur towards my um wife
Ellie;336.338;340.16;oh_no (oh no) describe_felt (how did you feel in that moment)
Participant;343.55;349.165;angry upset hurt disrespected
Ellie;351.959;352.399;yeah_downer (yeah)
Participant;352.01;360.335;and especially when i went up there to treat the person actually i was treating 'em with dignity and respect and trying to help the person at first
Ellie;362.57;363.64;sorry_hear (i'm sorry to hear that)
Participant;364.36;366.0;it's no problem people are people
Ellie;367.901;371.704;situation_handled (tell me about a situation that you wish you had handled differently)
Participant;373.92;391.245;mm i had a chance in school to really go a lot further than i did and i let something very small and meaningless stop me in the pursuit of it
Ellie;393.135;394.565;change_directions (what made you decide to do that)
Participant;400.03;407.06;um <laughter> ignorance <laughter> for lack of a better word
Ellie;408.399;410.269;avoid (could you have done anything to avoid it)
Participant;412.45;417.77;now that i think back on it i could've done a whole lot to avoid it but i was just young and foolish
Ellie;418.708;424.115;yeah_downer (yeah) hard_decisionB (tell me about the hardest decision you've ever had to make)
Participant;427.845;428.955;to start living again
Ellie;432.306;438.811;okay_confirm (okay) memory_erase (tell me about an event or something that you wish you could erase from your memory)
Participant;440.77;453.005;<deep breath> <sigh> um as much pain as i've seen in the world
Ellie;457.005;458.165;tell_about_that (can you tell me about that)
Participant;459.89;482.68;um a compilation of all the events uh just different bad things that i've seen i if i could change it i would but sometimes i guess things are there for a reason even though we may not understand it
Ellie;481.376;490.664;yeah_downer (yeah) see_mean (i see what you mean) feelguilty (what's something you feel guilty about)
Participant;493.215;503.785;<laughter> um i have no answer to that
Ellie;505.564;510.319;okay_confirm (okay) family_relationship (tell me about your relationship with your family)
Participant;512.71;538.655;um blood family we really don't talk um my wife don't know if she really wants to be there with me or not she thinks that i'm doing everything in the world but that i'm not and really <laughter> i don't understand i know my daughter loves me but i don't know if she wants to be with me or not
Ellie;540.221;540.791;why2 (why)
Participant;543.44;565.025;because when somebody talks to you when they say something a certain amount of times and the tonage in they voice and the belief in their eyes if you say something so many times it's what really lies in your heart <sharp inhale> so you could say whatever through your mouth but it's what really is there
Ellie;566.588;570.114;isee_downer (i see) kids_elaborate (tell me about your kids)
Participant;570.74;605.63;hmm i love my daughter she a angel i cut her umbilical cord i went out there and <laughter> put on her first shirt i seen her come out she looked at me right out the stomach <laughter> she wouldn't she was fighting with the doctors wouldn't let 'em touch her a bit i talked to her i told her to calm down or i told her it was daddy she looked up at me grabbed my fingers and like just calmed down and just let 'em do everything they needed to do <laughter>
Ellie;605.787;610.145;aw (aw) easy_parent (do you find it easy to be a parent)
Participant;611.75;632.265;no it's constantly changing task um what you have to do on this day won't be the same thing as the next or the next after that it's constantly um what is a better word for it um <laughter> um adjusting
Ellie;633.037;633.507;yeah3 (yeah)
Participant;633.605;634.165;<laughter>
Ellie;635.088;637.068;parent_hardest (what's the hardest thing about being a parent)
Participant;639.56;657.73;um the hardest thing i'll probably say is scolding your child because you know you're doing it out of love for 'em not xxx learn the wrong lessons
Ellie;659.192;660.912;parent_best (what's the best thing about being a parent)
Participant;661.84;665.28;<laughter> seeing your baby smile in appreciation
Ellie;668.091;671.959;parent_differences (what are some ways that you're different as a parent than your parents)
Participant;674.58;679.09;i try to guard my baby a lot more from things that she sees
Ellie;681.307;682.637;give_example (can you give me an example of that)
Participant;685.11;708.755;um when i was younger there were a lotta things that i seen that no child or adult should've seen and um when <whe> i grew up i swore to myself that i'll always take care of my child and i wouldn't disappear or let her be around things like that
Ellie;713.216;717.42;okay_confirm (okay) influence_positive (who's someone that's been a positive influence in your life)
Participant;721.43;725.525;um my old foster parents
Ellie;727.248;728.408;tell_about_that (can you tell me about that)
Participant;729.65;739.665;mm they basically showed me no matter where you come from you can always strive to get better
Ellie;743.136;747.328;okay_confirm (okay) easy_sleep (how easy is it for you to get a good night's sleep)
Participant;750.8;758.39;um a good night's sleep eh um it comes
Ellie;760.258;762.038;sleep_affects (what are you like when you don't sleep well)
Participant;760.3;769.42;<laughter> the same just tired and yawning <laughter>
Ellie;769.846;771.226;feel_lately (how have you been feeling lately)
Participant;772.915;811.185;how have i been feeling mm like i have a wealth of queries and a wealth of gold within my grasp and it's just right out of my reach because i just need that one connector to really just see what i'm capable of and i know i'm capable of a lot it's just i need to make that connection
Ellie;811.787;817.346;hmm_downer (hmm) behavior_changes (have you noticed any changes in your behavior or thoughts lately)
Participant;818.26;818.6;no
Ellie;820.128;822.168;ptsd_diagnosed (have you ever been diagnosed with p_t_s_d)
Participant;825.7;832.93;<sigh> um mm not p_t_s_d no
Ellie;833.921;835.731;depression_diagnosed (have you been diagnosed with depression)
Participant;837.91;849.755;uh i said yes but i don't figure i'm any more depressed or anything than any other person everyone has their different breaking points
Ellie;852.505;858.294;okay_confirm (okay) happy_lasttime (tell me about the last time you felt really happy)
Participant;858.5;860.41;my daughter's birthday on the twenty sixth
Ellie;862.48;863.64;tell_about_that (can you tell me about that)
Participant;864.77;878.875;um took her out to chuck e cheese she had fun she played games she was on bikes <deep breath> she was crawling through puzzle games um man this girl did about everything <laughter>
Ellie;880.084;885.19;great_situation (that sounds like a great situation) BF_describe (how would your best friend describe you)
Participant;889.95;895.47;um fun loyal caring
Ellie;899.078;901.975;self_change (what are some things you wish you could change about yourself)
Participant;905.57;915.675;<sigh> um something to change i would like to be more accurate
Ellie;918.802;922.251;okay_confirm (okay) regret (is there anything you regret)
Participant;925.325;929.515;<sigh> not getting to know who my mom was
Ellie;931.588;934.538;advice_back (what advice would you give to yourself ten or twenty years ago)
Participant;943.2;947.31;stop thinking about whatever else has happened and just do what you need to do
Ellie;949.26;954.833;hmm_downer (hmm) Ellie17Dec2012_07 (what would you say are some of your best qualities)
Participant;957.13;968.485;i'm positive i'm goal-oriented determined um i'm very imaginative very creative
Ellie;971.615;973.855;ideal_weekendC (tell me how you spend your ideal weekend)
Participant;974.725;1001.84;<laughter> ideal i would probably be doing a little bit of everything rock climbing biking hiking going with my daughter places um <laughter> man i'll probably be skiing snowboarding and everything <laughter> in a ideal weekend
Ellie;1000.833;1007.345;nice (nice) Ellie17Dec2012_08 (what are you most proud of in your life)
Participant;1008.23;1008.89;my daughter
Ellie;1011.593;1016.214;asked_everything (okay i think i have asked everything i need to) appreciate_open (thanks for sharing your thoughts with me)
Participant;1016.91;1017.59;no problem
Ellie;1018.308;1018.918;bye (goodbye)
Participant;1019.75;1020.11;goodbye
