speaker;start_time;stop_time;text
Participant;26.67;27.62;<synch>
Ellie;43.881;65.421;IntroV4Confirmation (hi i'm ellie thanks for coming in today i was created to talk to people in a safe and secure environment i'm not a therapist but i'm here to learn about people and would love to learn about you i'll ask a few questions to get us started and please feel free to tell me anything your answers are totally confidential are you ok with this)
Participant;65.67;66.07;yes
Ellie;67.304;72.287;Ellie17Dec2012_03 (that's good) okay_confirm (okay) how_doingV (so how are you doing today)
Participant;73.25;75.7;i'm doing okay it's still morning so
Ellie;77.051;78.371;where_originally (where are you from originally)
Participant;79.23;81.23;i'm from the east coast massachusetts
Ellie;82.012;82.602;really (really)
Participant;84.09;84.46;yes
Ellie;85.299;86.379;when_LA (when did you move to l_a)
Participant;87.09;92.6;um i moved to l_a when i was a child with my parents pretty much didn't have any choice in the matter <laughter>
Ellie;94.047;95.947;often_backB (how often do you go back to your hometown)
Participant;96.55;101.1;um i haven't been back there the last time i was back there was uh three years ago for christmas
Ellie;102.96;104.58;compares_LA (how does it compare to l_a)
Participant;105.71;124.57;um l_a's very hustle and bustle there's a lot of people that are angry and a lot of people don't care about the other person here in l_a in which back east the east coast the the thought pattern is a lot different you know your neighbors you're friendly to your neighbors and to anybody that you see in the street
Ellie;125.391;125.861;uh_huh (uh huh)
Participant;127.53;128.32;so the
Ellie;127.903;128.933;see_mean (i see what you mean)
Participant;129.16;129.37;yeah
Ellie;131.747;134.217;adapted_LA (how easy was it for you to get used to living in l_a)
Participant;135.1;150.09;um well since i was a kid i was fairly young at first it was rough i was getting in trouble a little bit in school but uh after all that surpassed i was <wa> i did fine in high shcool and stuff and even took some college courses
Ellie;151.426;154.989;thats_good (that's good) like_about_LA (what are some things you really like about l_a)
Participant;155.93;169.747;um well i love the beach and i love the mountains i like to go hiking um and i like walking along the beach i just live a few blocks away from the beach so it's easy
Ellie;171.526;179.19;nice (nice) travel_shoes (i'm sure you can tell by my shoes i'm not much of a world explorer do you travel a lot)
Participant;179.468;180.947;no not at all
Ellie;182.353;182.923;why2 (why)
Participant;183.517;198.226;um just not interested uh i've been to mexico a couple times when i was younger went to ensenada but other than that i'm i'm not interested in leaving the united states especially with what's been going on lately um overseas
Ellie;199.668;202.496;okay_confirm (okay) study (what did you study at school)
Participant;203.357;214.537;um <laughter> actually child psychology and i was in the nursing program for a little bit but i had some problems at home which caused me to drop out <sniffle>
Ellie;215.976;217.046;sorry_hear (i'm sorry to hear that)
Participant;217.842;218.368;oh that's alright
Ellie;219.837;225.955;job_virtually (i love my job you could almost say it's virtually made for me what's your dream job)
Participant;223.863;240.4;gah um i don't have one to be honest um i admire people that are doing the job that they love i mean like football players they love playing football and they get paid all that money how great is that <laughter>
Ellie;240.358;240.868;mhm (mhm)
Participant;241.34;241.66;so
Ellie;243.793;248.191;shyoutgoing (do you consider yourself more shy or outgoing)
Participant;247.38;266.655;um i'm pretty outgoing when i meet somebody at first i might be a little bit reserved because we all when we meet somebody pass judgment um as to if we wanna continue communicating with the person or not and but once i've decided that i like that person or whatever i i talk a lot so
Ellie;266.883;278.95;relax_fishtank (sometimes when i'm feeling tense i turn on the fish tank screensaver hey i know it's not hawaii but it's the best i've got what do you do to relax)
Participant;276.626;289.885;yes um i like watching movies i like i used to like reading but lately my concentration level hasn't been so great so it's hard to get into a good book
Ellie;291.499;293.559;control_temper (how are you at controlling your temper)
Participant;294.221;303.571;um not good at times i uh i have a some outburst every once in awhile so <s> eh it depends on how angry i get
Ellie;304.739;307.789;last_argument (when was the last time you argued with someone and what was it about)
Participant;307.971;326.336;uh yesterday and it was with my partner and um actually to be honest i don't remember what it was about it's just sometimes people can have an ugly attitude and i don't appreciate that and if i feel that i'm being disrespected or whichever i'm gonna stand up for myself
Ellie;327.07;330.0;yeah_downer (yeah) landed_trouble (has that gotten you in trouble)
Participant;328.599;352.831;so um at times some people may be turned off for my personality because very opinionated and i say what i'm what's on my mind um i do not purposely go and hurt people's feelings or anything of that nature but i won't be bullied and i won't be made i won't back down if i feel like i'm being challenged so
Ellie;352.753;358.725;okay_confirm (okay) situation_handled (tell me about a situation that you wish you had handled differently)
Participant;359.405;371.142;um uh last year my mother died so i wish i handled that differently
Ellie;372.844;375.404;uncomfortable_talkV (is it uncomfortable for you to talk about this)
Participant;376.014;380.47;um it upsets <ups> it's upsets me so
Ellie;381.154;381.894;im_sorry (i'm sorry)
Participant;382.489;382.789;it's okay
Ellie;384.993;388.662;hard_decisionB (tell me about the hardest decision you've ever had to make)
Participant;389.51;403.44;um let me see <deep breath> uh <sigh> i think i'm gonna pass on that one too because that'll upset me more so <laughter>
Ellie;404.512;404.972;okay_confirm (okay)
Participant;404.97;405.18;<sniffle>
Ellie;407.173;409.613;easy_sleep (how easy is it for you to get a good night's sleep)
Participant;409.97;421.16;that is terrible um sometime uh sometimes actually falling asleep may not be a problem especially you know when you're done working and doing everything that you had to do in a day you're tired
Ellie;421.488;422.018;yeah2 (yeah)
Participant;421.715;435.673;but staying asleep is a whole different thing for me because it's like i can't uh i get up and then i'm i'm wide awake i'll go out in the living room turn on the t_v and watch t_v i'm lucky if i get three to four hours sleep
Ellie;436.86;438.24;trigger (are they triggered by something)
Participant;439.771;452.01;um maybe because i do have a lot on my mind uh you know thinking about bills and and the stressfulness of work and and then all this other stuff so that's probably a big burst part of it
Ellie;452.695;454.045;been_hard (that sounds really hard)
Participant;455.811;469.947;uh it's it's not difficult it's just frustrating 'cause when your mind goes on overtime mode it eh just affects everything your concentration your sleep your eating everything so
Ellie;469.301;474.212;uh_huh (uh huh) sleep_affects (what are you like when you don't sleep well)
Participant;475.1;484.194;i'm a little grouchy especially in the morning i'm not a morning person <laughter> i like the nights but i don't like the morning it's like leave me alone until i get my first cup of coffee
Ellie;484.431;485.231;wild_laughter3 ((laughter))
Participant;484.855;490.431;yeah so other than that i'm i'm okay
Ellie;491.692;493.072;feel_lately (how have you been feeling lately)
Participant;493.69;525.342;um well i've been i've been depressed for quite some time and i'm still having difficulty <diff> difficulty uh 'cause after my mother died four months later my uncle died so i had two deaths last year so i'm still reeling and trying to get myself back together i'm i just recently i've started pursuing like interests that i used to do that i haven't done in a year because of what happened
Ellie;527.038;535.472;Ellie17Dec2012_03 (that's good) Ellie17Dec2012_03 (that's good) behavior_changes (have you noticed any changes in your behavior or thoughts lately)
Participant;537.373;555.11;um i just i might get angry a little easier i sleep a lot i eat i overeat um i get tired very easily 'cause i'm not getting much sleep so sometimes it's hard it seems like i'm struggling to get through the day
Ellie;556.145;559.325;isee_downer (i see) depression_diagnosed (have you been diagnosed with depression)
Participant;559.715;565.789;yes i have a uh psychiatrist that prescribes me medication on a regular basis
Ellie;566.3;568.22;when_diagnosed (how long ago were you diagnosed)
Participant;568.531;582.594;oh i was diagnosed quite some time ago um probably ten to fifteen years ago and it's just something i've never gotten over i don't know whether or not you can so i've always taken the medicine
Ellie;583.452;584.802;why_seek_help (what got you to seek help)
Participant;586.119;614.078;um i was arguing with everybody my family my friends and stuff like that and i was feeling desperate and hopeless and i had attempted to uh take my own life years ago which caused me to be hospitalized and then uh they started treating me i started seeing a therapist so
Ellie;615.21;616.84;therapist_useful (is going to a therapist helping you)
Participant;618.026;656.347;um well right now i'm not going to a therapist because my insurance they'll cover the psychiatrist and not the therapist but i am working with a friend of mine who has <ha> knows some avenues to go to seek <se> seek help for a therapist and i don't know if that's really gonna help me i mean sometime <someti> it depends on what kinda therapist you get sometimes people just sit there and they just listen to you talk and ramble on and you're thinking my god what good is this and the other type is the type that will give you some kinda feedback as to how to deal with the emotions tools to help you deal with your emotions
Ellie;657.017;657.487;yeah3 (yeah)
Participant;658.189;658.463;so
Ellie;658.579;663.861;understand (i understand) therapy_changes (what sort of changes have you noticed since you've been going to therapy)
Participant;664.984;701.1;um like i said i haven't been going to therapy recently just psychiatrist just medication um there's been no changes really i i probably would be doing fine because i was doing great before my mom passed away i was her caregiver and uh even though a lot of times i feeled i felt overwhelmed or lacked <l> uh lacked patience with her uh i still was a heck of a lot happier than i am now so
Ellie;702.566;707.855;okay_confirm (okay) happy_lasttime (tell me about the last time you felt really happy)
Participant;708.115;719.768;um uh <sigh> i would say when my son was born years ago
Ellie;724.023;725.973;easy_parent (do you find it easy to be a parent)
Participant;726.921;734.921;i'm not a parent anymore he passed away so um and that was difficult as well
Ellie;735.708;736.778;sorry_hear (i'm sorry to hear that)
Participant;736.92;737.147;uh
Ellie;740.402;743.342;Ellie17Dec2012_07 (what would you say are some of your best qualities)
Participant;740.54;764.7;hmm um i'm extremely organized extremely reliable my work loves me because i get everything done that i'm supposed to get done even though sometimes i feel a little scatterbrained and um you know those qualities are are admirable in people that can keep their word and and be responsible
Ellie;765.977;769.273;thats_great (that's great) regret (is there anything you regret)
Participant;770.184;770.8;excuse me
Ellie;771.408;772.478;regret (is there anything you regret)
Participant;773.642;801.373;oh i have lots of regrets um uh things that i've done in the past that i'm not too happy about but um you know i met somebody once in my life that had had that saying and you see it on a bumper sticker uh live to never regret so you know you can't go back and make changes it's too late so why you know dwell on the situation but sometimes <so> sometimes it's a lot easier said than done
Ellie;801.859;806.458;right2 (right) advice_back (what advice would you give to yourself ten or twenty years ago)
Participant;809.561;827.821;um i'm not the advice kinda get person <laughter> i i you know i don't really give my friends any kind of advice i mean i find most of the times people don't listen to you anyway so why bother um i just state my opinion that's all
Ellie;830.497;833.383;self_change (what are some things you wish you could change about yourself)
Participant;833.794;855.042;um well right now i'm on a diet because of my overeating after my mom died i was a lot thinner when she was alive i just went crazy with the food and sleeping a lot you know sleep eat sleep eat and so now i'm kinda like on a diet trying to lose this weight 'cause it's very unhealthy for me
Ellie;856.353;862.074;uh_huh (uh huh) Ellie17Dec2012_10 (tell me about something you did recently that you really enjoyed)
Participant;863.047;892.878;um hmm trying to think it's been a long time actually there's really nothing because now i just keep my mind busy i haven't been to a movie in ages i don't i used to go out shopping all the time i don't now um so it's been it uh it's been quite some time since i've been content and happy with who i am and what i'm doing in my life right now
Ellie;895.354;897.56;ideal_weekendC (tell me how you spend your ideal weekend)
Participant;898.122;923.778;um my weekends saturday <sa> uh like on saturday i'm usually working um on sunday is usually clean up day you know do your laundry clean up the house um run some errands go shopping for food you know that kinda thing so it's not if i was younger you know it would be fun you know go out clubbing or whatever but i'm too old for that now
Ellie;924.058;924.858;wild_laughter3 ((laughter))
Participant;926.3;926.6;xxx
Ellie;927.638;929.938;Ellie17Dec2012_08 (what are you most proud of in your life)
Participant;930.876;945.845;um hmm really there's nothing that i can think of um there's nothing that i can be proud of hmm
Ellie;947.617;950.387;Ellie17Dec2012_09 (what are some things that usually put you in a good mood)
Participant;951.368;976.289;um some a good like comedy or whatever i like to watch that um sometimes my partner might do something stupid which i like because i like make fun of him um but mm just that's it you know go <g> maybe go out for a walk on the beach that's it
Ellie;978.228;980.668;asked_everything (okay i think i have asked everything i need to)
Participant;981.389;981.8;okay
Ellie;981.585;983.025;appreciate_open (thanks for sharing your thoughts with me)
Participant;983.4;984.468;no problem thank you
Ellie;984.932;985.542;bye (goodbye)
Participant;985.78;986.08;bye
