speaker;start_time;stop_time;text
Ellie;28.18;49.57;hi i'm ellie thanks for coming in today i was created to talk to people in a safe and secure environment i'm not a therapist but i'm here to learn about people and would love to learn about you i'll ask a few questions to get us started and please feel free to tell me anything your answers are totally confidential are you okay with this
Participant;50.02;50.45;yes
Ellie;50.97;53.9;okay so how are you doing today
Participant;54.51;55.77;i'm doing fine thank you
Ellie;56.45;59.06;that's good where are you from originally
Participant;59.55;64.82;originally i'm from well i was born in mississippi so i'm from gulfport mississippi
Ellie;65.66;66.08;really
Participant;66.42;66.83;yes
Ellie;67.0;67.93;why'd you move to l_a
Participant;68.44;71.84;i didn't have a choice i was a child i moved here with my parents
Ellie;72.86;73.41;aw
Participant;73.86;74.33;<laughter>
Ellie;74.79;75.71;when'd you move to l_a
Participant;76.16;77.74;uh when i was two years old
Ellie;78.96;80.34;you were very young weren't you
Participant;80.62;82.76;<laughter> yes i was i was a toddler
Ellie;84.41;85.37;do you travel a lot
Participant;85.88;88.5;yes i like to travel and i travel a lot
Ellie;89.91;91.38;what do you enjoy about traveling
Participant;93.02;97.77;um being around new environments and new people uh different things
Ellie;99.05;101.35;uh huh i'd love to hear about one of your trips
Participant;101.38;117.16;<cough> um well one of my favorite trips was visiting africa in i think two thousand six i visited uh west africa and that was a great trip for me it was a medical mission where we volunteered and gave medical assistance to people
Ellie;117.94;120.32;wow how did you decide to do that
Participant;120.75;130.46;a friend of mine uh was actually involved and she talked to me about getting involved so i went in with her and it went from there so i don't know i made the decision that way
Ellie;131.32;133.36;cool are you happy you did that
Participant;133.66;137.13;i am i am happy i did that it's something i'll never forget
Ellie;138.57;139.81;that's so good to hear
Participant;139.98;140.41;<laughter>
Ellie;141.0;142.01;what'd you study at school
Participant;142.67;148.07;i studied english and education so that i could teach high school students
Ellie;148.79;149.86;are you still working in that
Participant;150.8;152.07;uh not currently no
Ellie;152.93;153.72;what do you do now
Participant;154.52;163.32;well right now i um tutor privately for a private tutoring company and looking to get back into the classroom working as a teacher
Ellie;163.96;164.37;mhm
Participant;164.62;165.01;mhm
Ellie;165.38;166.38;what's your dream job
Participant;167.72;182.28;wow anything that uh combines teaching traveling and writing would be a dream job for me so yeah anything that combines those three items so teaching has the closest outcome to that
Ellie;184.39;188.53;okay do you consider yourself an introvert
Participant;189.63;193.12;um occasionally yes <laughter>
Ellie;193.65;194.01;why
Participant;194.69;207.82;um <clears throat> i don't know i guess in comparison to others that are considered outgoing um and and a lot of people have said i seem reserved or kinda introverted i don't know
Ellie;209.02;211.98;okay what do you do to relax
Participant;213.64;229.23;mm well i don't know i read um i just started meditation mm try to breathe and calm down <laughter> yeah
Ellie;229.83;232.97;okay what are some things that make you really mad
Participant;233.86;243.36;some things that make me really mad um mistreatment of children abuse of children
Ellie;245.66;249.29;i see what you mean what do you do when you're annoyed
Participant;252.66;269.82;um try to figure out what's annoying me usually and then go from there uh if i can control not being annoyed like ultimately i control that whether or not i'm annoyed so try to figure out what the problem is and then go from there and not be annoyed <laughter> if i can help it all
Ellie;270.62;273.74;yeah how are you at controlling your temper
Participant;274.03;279.38;oh i'm fine i can totally <to> in at controlling my temper i think so i don't have a yeah
Ellie;278.51;283.66;that's good when was the last time you argued with someone and what was it about
Participant;284.22;306.94;the last time i argued with someone was um i don't know maybe a couple of days ago and it was about um it was about um a smell they had on their clothes but i thought smelled like perfume and they said it did not so <laughter> yeah
Ellie;307.14;307.94;that sucks
Participant;307.97;311.34;<laughter> this is cool
Ellie;311.89;313.42;how close are you to your family
Participant;313.74;320.86;uh i think i'm very close to my family we're a pretty close knit family talk every day um see each other almost every day
Ellie;322.18;326.5;that's great who's someone that's been a positive influence in your life
Participant;329.72;338.76;there've been a lot of positive um influences in my life i would say my aunt and uh definitely my mother have all been positive influences
Ellie;340.95;341.96;tell me more about that
Participant;343.05;389.96;well um i look i look <l> i uh <clears throat> look up to my aunt um i think she's positive i look up to her because obviously we grew up with very similar backgrounds came from very similar neighborhoods and areas and she's very successful um despite the types of things that we've gone through as children and um she doesn't let her past define her future uh my mom's overcome so many obstacles as well um she had some challenges with her health but she still tries to be optimistic and she's still tries to you know overcome these things and just still live our life despite some physical barriers that she might have so i look up to people who are able to you know not allow their current situation to dictate their future because anything is possible
Ellie;390.72;396.96;yeah that's great have you ever served in the military
Participant;397.1;398.3;no i have not
Ellie;399.65;401.62;have you ever been diagnosed with p_t_s_d
Participant;401.75;402.23;no
Ellie;403.18;404.85;have you been diagnosed with depression
Participant;404.96;405.49;i have
Ellie;406.59;408.5;how long ago were you diagnosed
Participant;409.25;419.16;um well i was diagnosed um within the last um year and uh then again most recently within the last three months
Ellie;420.04;421.21;what got you to seek help
Participant;424.55;438.34;well um fear and just not knowing what to do with uh some of the things i was feeling and not knowing um you know why i couldn't stop feeling the way i was feeling
Ellie;439.51;442.25;yeah what were your symptoms
Participant;443.91;465.67;there were a lot of symptoms um um you know mostly i uh i gained a lot of weight um i couldn't sleep a lot and then sometimes i could sleep too much <laughter> um felt sad sometimes like i wanted to cry a lot
Ellie;467.49;472.13;i'm sorry how have you been feeling lately
Participant;472.88;490.27;i've been feeling okay um there are days yeah um i don't know every day is different so i mean today i feel fine but like i said everything is differently lately i've been feeling um more like i can be involved <inv> involved in my own life and like i wanna get out and do more things
Ellie;490.9;497.12;yeah have you noticed any changes in your behavior or thoughts lately
Participant;499.72;509.31;um no no it's no no i haven't not any different from before what i was experiencing before
Ellie;511.25;512.54;do you still go to therapy now
Participant;513.0;513.35;no
Ellie;514.62;515.33;why did you stop
Participant;514.65;538.31;mm well mm i was receiving um uh i guess psychotherapy and um i don't know a lot of things happened i moved for a while to go take care of my grandmother and i just kinda got more involved in taking care of other people instead of myself for a while
Ellie;539.81;541.14;that sounds really hard
Participant;541.86;542.86;uh sometimes
Ellie;545.04;546.38;do you feel like therapy's useful
Participant;548.32;550.27;i do yes it is
Ellie;552.31;554.53;how easy is it for you to get a good night's sleep
Participant;555.93;562.05;it's kinda difficult um i either have a hard time falling asleep or a hard time staying asleep
Ellie;563.53;564.83;are they triggered by something
Participant;565.44;579.43;i'm sure it is i just don't know what it is as of yet because i you know <sniffle> usually it's um thoughts continual thoughts running through my mind that either keep me up or make it hard for me to uh go asleep or make it hard for me to stay asleep
Ellie;580.42;580.79;mhm
Participant;580.96;581.3;mhm
Ellie;581.37;582.22;how do you cope with them
Participant;586.15;598.11;um journal sometimes uh that might help if i can write some things down and get it out that helps other than that i don't you know i haven't found any really great ways of coping
Ellie;599.54;600.09;i see
Participant;599.61;599.84;it
Ellie;601.34;602.99;what are you like when you don't sleep well
Participant;604.11;611.58;tired <laughter> yeah mostly uh tired um kinda confused
Ellie;614.29;619.14;okay when was the last time you felt really happy
Participant;622.4;632.91;i don't know for the most part i feel happy it's just um last time i felt really happy was i guess over the holidays
Ellie;635.01;636.59;i'd love to hear all about it
Participant;638.47;652.38;uh i don't know i guess the just being around uh family and friends just the holiday season i guess in general that's just a happy time for me and seeing people i haven't seen in a while um that's about it
Ellie;653.61;656.35;okay how would your best friend describe you
Participant;658.654;693.62;how would my best friend describe me probably as um quiet sometimes cautious talkative sometimes um tenacious um i don't know a lot of my friends say that they look up to me for uh some of my accomplishments and they also say that they are grateful to have me as a friend because i'm caring and compassionate or um easy to talk to um that i remind them of a of <o> feel like a sister to them
Ellie;694.76;696.59;aw that's great
Participant;696.75;697.49;<laughter>
Ellie;698.704;699.82;is there anything you regret
Participant;701.444;706.82;um everyone has regrets i'm sure yeah i regret stuff
Ellie;708.674;711.46;what advice would you give yourself ten or twenty years ago
Participant;716.11;761.89;to just relax and be yourself and just go ahead and it sounds cliche and i don't mean to sound that way but it's true it's just um you have to learn how to be comfortable with you and relax and just know you um to not compare yourself to other people because what someone else is doing or where they may be in their life at a certain time is not necessarily where you are supposed to be or what you're supposed to be doing at that time it doesn't mean that you're less competent or less able to do it it just means that everyone has their path and everyone has their their time and their progression to how they get to things so i would tell me ten years ago to just believe in me and stay on my own path for what it is that i want for my life and don't be
Ellie;761.64;762.03;yeah
Participant;762.32;762.59;yeah
Ellie;763.67;768.99;that makes sense tell me about something you did recently that you really enjoyed
Participant;775.59;791.42;um really enjoyed working with um well okay a science project <laughter> with um my younger uh relatives my cousins we did a science project together and it was fun despite the mess we made it was a ball
Ellie;792.19;797.51;awesome what are you most proud of in your life
Participant;801.86;832.85;um being the first to attend college in my family and then um going to college and coming back to the community where i uh went to school and then teaching in that community and volunteering in that community and helping um youth or children that come from the same background that i came from so uh i'm most proud of being able to have the opportunity to improve and better myself and then to come back and help someone else improve and better themself as well
Ellie;833.68;844.16;that sounds like a great situation okay i think i've asked everything i need to thanks for sharing your thoughts with me goodbye
Participant;844.61;845.18;goodbye
