speaker;start_time;stop_time;text
Ellie;28.655;52.785;hi i'm ellie thanks for coming in today i was created to talk to people in a safe and secure environment think of me as a friend i don't judge i can't i'm a computer i'm here to learn about people and would love to learn about you i'll ask a few questions to get us started and please feel free to tell me anything your answers are totally confidential how are you doing today
Participant;53.245;54.445;i'm doing alright
Ellie;55.045;58.445;that's good where are you from originally
Participant;58.945;63.145;uh originally i'm from california uh born in glendale
Ellie;61.955;68.165;really nice how do you like your living situation
Participant;68.815;70.815;i'm not too happy with it
Ellie;71.615;72.405;why
Participant;73.065;86.055;uh just unemployed at the moment but uh actively seeking uh uh doing what i'm supposed to be doing uh there are some uh some prospects there but hopefully i'll learn something today
Ellie;86.845;92.245;it can be tough to find a good job these days do you have roommates
Participant;92.425;93.035;yeah
Ellie;94.515;96.155;what's it like for you living with them
Participant;96.745;101.425;well i have one it's a girlfriend so i consider her a roommate a lover type thing
Ellie;102.375;106.015;oh how close are you to them
Participant;106.305;107.155;pardon me
Ellie;107.575;108.945;how close are you to them
Participant;109.225;112.645;um we're pretty close
Ellie;113.245;114.505;how do you know them
Participant;114.945;125.465;uh i met her last year and uh we've been through some troubling times but uh we're starting to see a light at the end of the tunnel
Ellie;126.385;131.195;that's good tell me more about that
Participant;132.005;134.525;uh the troubling times
Ellie;136.705;137.305;yes
Participant;137.995;198.025;uh i would let me see uh well i had uh gotten a d_u_i last year and uh lost my job i'm a truck driver by trade so uh that kinda threw me way off uh having a fourteen hundred dollar a week job uh and then going to nothing kinda like plus losing my my license kinda really threw me off and uh I couldn't um i haven't really uh found anything that i was interested in uh so i started cooking and our trying to see which other route i can go as far as uh having some kind of a career and uh so i'm choose choosing to go into the culinary field but you know uh meanwhile i still have to work it's hard to find work with uh without going to school
Ellie;198.445;198.965;yeah
Participant;198.755;214.965;and uh so but i think today uh i applied at ralphs so hopefully i'll get that job i should have that job actually so um but i'm starting to see a light like i said at the end of the tunnel now a little by little
Ellie;213.825;220.125;mhm that's good what's your dream job
Participant;222.385;229.145;my dream job would be probably forestry service out in the wilderness yeah
Ellie;227.935;228.765;really
Participant;230.945;232.215;i like being alone
Ellie;231.405;232.975;how did you decide to do that
Participant;233.145;233.645;pardon me
Ellie;233.815;235.315;how did you decide to do that
Participant;235.685;261.015;well you know i have a a lot of for animals i'm an exotic animal trainer by trade and uh so and i like  being i don't like people too much uh so being outdoors and uh i've always enjoyed being outdoors that's how i like being a truck driver i've traveled the world i don't necessarily like being in a warehouse or an office i'm of a a
Ellie;257.375;257.955;mhm
Participant;262.445;264.365;outdoors type of guy so
Ellie;264.805;268.945;yeah i'd love to hear about one of your trips
Participant;270.305;283.005;uh one of my trips would be uh i spent a year and a half in japan and uh on the uh lower island uh there that uh they built that bridge
Ellie;277.605;278.115;wow
Participant;283.895;305.995;uh the largest bridge in the world uh and uh i went there to work for uh for an all white oh uh an all white tiger act and uh working for a japanese circus so it was interesting that a lot of people on that island hadn't really seen a lot of americans  'cause that was also one of the islands that we uh that they bombed
Ellie;306.385;306.915;mhm
Participant;306.985;336.085;so there was a lot of negativity but i i pretty have a good idea out you know outlook uh on life uh especially during those times you know i i enjoyed myself you know through all the traveling and and meeting new people and um eating you know different um diverse foods and uh it was a good experience for me all of that whole experience was pretty good for me you know just traveling around with circuses and uh you know it's been great
Ellie;336.575;342.405;nice what are some things you really like about l_a
Participant;343.235;367.315;uh probably um one some of the things i like about l_a there's not a lot that i like about l_a but um i like hollywood i like the the the movie industry um
Ellie;366.665;367.315;uh huh
Participant;368.395;390.815;the uh huge uh um different different people you know different uh different ethnics of uh people here you know uh i enjoy talking to uh few you know a lot of foreigners you know i like to see where they came from and and what what it's like there
Ellie;386.805;392.345;mhm yeah
Participant;393.215;397.395;traffic's atrocious you know
Ellie;397.005;402.055;yeah what are some things that make you really mad
Participant;403.375;423.685;traffic <laughter> uh ignorance uh being disrespected uh being disrespectful or whatever you know other people being disrespectful toward you or other people um that's about it
Ellie;424.405;425.245;okay
Participant;425.865;426.775;dishonesty
Ellie;425.895;427.735;when was the last time that happened
Participant;427.585;428.295;pardon me
Ellie;428.285;430.135;when was the last time that happened
Participant;430.175;450.505;uh it happens on a daily basis it seems like you know i ride the bus a lot so uh you know or i if i'm riding my bike uh people tend to almost run me over so if i'm not totally paying attention to traffic uh you know i find myself sometimes
Ellie;446.495;446.975;mm
Participant;451.685;459.485;you know having to wait to see what they're gonna do instead of i having the right of way or uh something like that
Ellie;457.765;461.075;yeah that sucks
Participant;461.275;462.635;yeah big time
Ellie;464.655;466.255;what do you do when you're annoyed
Participant;467.005;468.935;what do i do when i'm annoyed
Ellie;469.435;470.055;mhm
Participant;469.895;504.435;um probably sit there and uh sit there and vent you know uh speak my mind even though a lot of times it's i'm myself you know just like you know assholes or whatever you um well you know i carry rocks in my back pocket so i can it you know it happens so much where i i just it just amazes me at what people will do sometimes you know you almost get run over all you know i i probably almost get run over probably on a daily basis and if i wasn't paying attention i'd be up shit creek
Ellie;501.365;507.765;wow yeah how hard is that
Participant;508.455;513.385;uh it's hard with dealing with people especially trying not to react 'cause there's consequences for your reactions
Ellie;514.185;519.565;yeah when was the last time you argued with someone and what was it about
Participant;520.745;533.745;um it was with my girlfriend and uh it was about being honest uh um i'm pretty honest with i'm open and honest about any anything and everything
Ellie;533.905;534.485;mhm
Participant;534.415;556.245;and uh what it was about was uh just her lying to me uh telling me that she had told our landlord something and and that she had done something and that and that aspect and i come to find out a week later that it was a total lie so i just you know didn't like that at all
Ellie;557.135;560.975;yeah how did you feel in that moment
Participant;561.385;562.095;pardon me
Ellie;562.795;564.615;how did you feel in that moment
Participant;565.445;599.865;um i'm trying to i'm missing the word for it uh just that i don't know now that whether i could believe anything she says now so it was it was uh i felt hurt you know uh that you know here we had been in a relationship for a little bit and well that's probably one of my biggest uh pet peeves is is being honest um i don't like i said i don't hold back and i'm pretty honest in anything and everything that i do or say so
Ellie;600.445;600.885;mhm
Participant;600.725;628.475;you know and if you're lying about something well you just you're always having to cover up uh more lies with the lies that that you already told and i just don't see any you know so it kinda took a lot from uh me trusting her now or you know whatever now i'm i you know is it truthful is it not you know so it's kinda hurt our relationship
Ellie;629.965;631.335;i'm sorry to hear that
Participant;631.665;633.385;can't do nothing about it
Ellie;634.745;636.935;what are some things you like to do for fun
Participant;637.805;702.955;uh fun i like going to the beach uh i love shooting darts but i haven't done it in a while i i love i love to paint uh i got into watercolor painting and i'm pretty gifted at that and um uh i wanna try some other mediums and uh let's see here i love fishing uh haven't gone in a while though and uh i like driving a truck you know uh it's you know my job you know i was a i really really enjoyed it i don't like driving through cities but uh usually when i'm in the middle of the night where i can see all the stars i like star gazing i'll see if i can um pick out some of those uh astronomy uh stars up up there and um i'm a pretty easy going guy so shooting pool um sunshine just those i like
Ellie;703.655;709.555;that's great what's one of your most memorable experiences
Participant;710.865;719.435;uh most memorable experiences um good or bad
Ellie;722.225;723.755;whatever comes to your mind
Participant;724.545;743.925;uh most memorable experiences uh probably uh playing with lions and tigers uh uh wrestling a a baby elephant in a in a mud puddle uh
Ellie;744.015;745.215;oh my gosh
Participant;746.275;748.295;uh just enjoying myself
Ellie;749.255;750.475;awesome
Participant;750.605;751.255;i know
Ellie;753.625;755.255;how close are you to your family
Participant;755.965;812.545;not uh i don't have much family as it is uh at least here in the states i don't my mom's from central america so uh but i'm not close to i have uh three brothers one sister and i'm probably not really really close to none of my siblings i speak with one brother uh quite a bit um my other youngest brother you know he he just i'd just rather not  you know i converse <con> converse with him but it's you know just i try to keep it on a professional basis my sister i don't talk to at all my my other brother underneath me i haven't spoken to him in years so i'm just close with my mom uh my niece some of my nephews and that's about it
Ellie;813.425;816.775;okay could you have done anything to avoid it
Participant;818.435;820.355;have i done anything to avoid it
Ellie;821.825;822.545;yes
Participant;823.155;828.055;um to avoid them
Ellie;828.615;829.375;yes
Participant;829.945;846.425;uh yeah i just don't talk to them i don't call them i don't ask about them i you know i talk to my mom quite a bit my brother quite a bit but i just don't bring up those subjects or if they are brought up i just usually say you know that's on them and i really don't wanna deal with them so
Ellie;847.465;852.915;i see what you mean how easy is it for you to get a good night's sleep
Participant;854.155;890.275;um it's been hard lately it's been probably hard for the last uh going on a year um you know i uh depends on my thought process at the time i like i said i've been looking for work quite a bit um so just wondering why you know i don't get called i i just have my i have racing thoughts so or i get depressed you know 'cause i or i worry about things that you know that really i have no control over so
Ellie;890.305;890.995;yeah
Participant;890.885;905.575;i don't lately i just been sleeping a bit too much uh at least for me because i'm so used to just sleeping four to five hours a a a night but now it's changed to about eight to nine hours and i'm still tired
Ellie;906.025;909.375;mhm do you feel that way often
Participant;909.795;913.925;uh lately i have been probably about the last few months
Ellie;914.675;916.855;what are you like when you don't sleep well
Participant;917.245;941.025;um tired <laughter> um i you know if i don't sleep well sometimes then i just dwell back on the same things that have been bothering me so you know i'm more of a guy you know i love to work um and if i'm not then it's just a little bit too much time for me to spend in my own head
Ellie;941.305;941.915;mhm
Participant;941.915;985.175;and so you know um i there i either if i'm busy or i'm doing what i you know in whatever job i do i kinda you know get to it i enjoy it uh it's something new for me and uh so i can think about you know either work or i think of home and then think about this you know i don't have to worry about you know um money um you know bills are getting paid and i can just concentrate on other things either you know do the things i like or mm you know maybe spending a little bit more time with my girlfriend or you know so something like that
Ellie;985.175;988.065;mm how do you cope with them
Participant;988.525;989.445;how do i what
Ellie;990.225;991.625;how do you cope with them
Participant;991.995;1035.475;how do i cope with them um i just try not to think about it uh it's it's not about whether coping with it or not um i just do it's uh i'm more of a guy that just you know it may take me a moment to to um say that i'm coping with something but you know it it's if i have no control over it there's nothing that i can really do about it the only thing i can do is control to do what i'm doing and that's actively looking for work uh actively going out on uh  interviews
Ellie;1027.365;1027.845;mm
Participant;1036.065;1051.035;uh talking with others about work so that i can just kinda you know get back to um back to basics you know i just don't let a lot of stuff bother me it does bother me but i try not to to let it continue to bother me
Ellie;1051.865;1055.025;yeah has that gotten you in trouble
Participant;1058.165;1064.245;if what has gotten me in trouble my mood swing i mean
Ellie;1065.225;1065.965;yeah
Participant;1066.425;1121.975;um yeah money i mean you know my past i i got a past history so uh which kinda tends to uh uh bother my uh my hiring process i don't know if i'm gonna get hired so i gotta deal with uh different different type of employers who are uh say uh felony friendly and uh uh stuff like that and i try you know i i've taken classes on uh on uh how to interview how to uh how to answer some of the questions which you know come up quite a bit and uh i kinda reflect back on that but i just uh i gotta keep putting to my head that that's not who who i wanna be anymore so or you know i i've done
Ellie;1119.665;1120.225;mhm
Participant;1122.515;1166.145;uh i've done uh i've done my time uh so to say but uh i took the time you know the last time i just took a lot of time and and try to uh work on the issues that were bothering me so um you know toward positive stuff i got my g_e_d different things a lot of classes um uh thought about going to school  i didn't go to school and uh anything that would kinda um change my old ways and and uh and try to move on to more productive activities
Ellie;1167.085;1175.365;mhm that's good do you feel like therapy is useful
Participant;1175.665;1176.335;pardon me
Ellie;1176.775;1178.445;do you feel like therapy is useful
Participant;1181.065;1182.285;i still didn't hear you
Ellie;1182.525;1183.965;do you feel like therapy is useful
Participant;1185.905;1197.175;that people have been deceitful can you repeat that one more time
Ellie;1197.455;1199.405;why don't we talk about that later
Participant;1199.405;1200.285;alright
Ellie;1204.915;1206.865;have you been diagnosed with depression
Participant;1207.675;1210.655;uh i've been diagnosed with uh bipolarism
Ellie;1212.455;1213.565;how hard is that
Participant;1214.705;1232.625;um it's tough if you don't you know um i don't medicate so i mean i have been on medication before  in the past but <sniff> um again it's i try to live on life uh i try to live life on life's terms  and i just you know
Ellie;1233.205;1233.685;mhm
Participant;1233.215;1303.325;um i know the medical establishments always wanna label something and and what i don't like about it is that they just experiment with pills you know i've been on probably every imaginable pill that there is for that and um you know some of them have been too strong or some of them not strong enough and so i just try to cope with things uh um it's just my life skills you know i i don't i don't wanna be using drug i know certain drugs work for like three to four months six months  and then they go well here i'm gonna try you on this and or i'm gonna try you on that  and it's just an ongoing process and i probably for about the last two years actually about three years i kinda just said you know what that's it and um whether it's different than whether if i would be on on on uhon meds for it um i don't think so you know it's the still the same stuff i still get the same problems and i still uh get the same anxiety as if i if i was on medication for it or not so i just
Ellie;1303.025;1303.635;yeah
Participant;1304.385;1329.425;and i'll deal with it you know sometimes it's not good you know i get irritated at people a lot i don't like people um i don't like crowds i don't you know like obnoxious people huge empty quiet so um but i i get a person you know i it's not that personality but i think people can see me and just say uh don't mess with this guy or you know um
Ellie;1330.495;1331.165;mm
Participant;1330.985;1348.815;but still you know i like i i ride public transportation quite a bit and um you know you just get a lot of loud obnoxious people on there sometimes i gotta get off the bus that's how i deal with with with with people because i just know there's consequences if i if i didn't deal with it that way
Ellie;1349.235;1349.905;yeah
Participant;1349.535;1357.895;so i just let it go i'd rather take the time on getting off the bus waiting for the next bus and hopefully it's not that bad
Ellie;1358.955;1362.985;i understand did you think you had a problem before you found out
Participant;1365.395;1367.305;did i have a problem before i got out
Ellie;1367.595;1370.075;did you think you had a problem before you found out
Participant;1370.445;1417.105;uh well i  i don't know if i knew that i had a problem um uh before i found out the thing is that i know other people um i have a lot of ups and downs so i know a lot in my younger days people would tell me you know when i told them that i was diagnosed with you know bipolar that um a lot of remarks were like oh that's what's wrong you know that's what was wrong with you we we wish that you would've would've found that out years ago uh and uh like i don't think the meds really work but what i do uh i think uh time kinda like you know just getting older kind of uh you know makes it work you know
Ellie;1417.705;1418.545;yeah
Participant;1418.095;1420.305;me me dealing with life so
Ellie;1421.745;1424.105;how has seeing a therapist affected you
Participant;1424.745;1425.495;pardon me
Ellie;1425.775;1427.765;how has seeing a therapist affected you
Participant;1428.455;1493.725;uh i talked to a therapist probably on a weekly basis for a while uh recently and uh it helps a lot you know uh just to get out my anger uh my thoughts um a lot of people may not understand that but uh a therapist is i think the bigger thing is that i can just get it all out uh whatever's bothing me whether it be uh people you know uh uh other issues you know were whatever the case may be  i just think talking about it and they're such good listeners and can kinda like you know they they give me the same advice that you know that i you know give myself or whatever that i would give to others uh but it's always helpful if you hear it from somebody else somebody who will be has a you know are are you know they go to school for this so  you know
Ellie;1492.845;1493.615;right
Participant;1494.055;1495.305;but it's good to have
Ellie;1494.585;1495.845;that's so good to hear
Participant;1495.955;1496.695;yeah
Ellie;1497.415;1500.965;what sort of changes have you noticed since you've been going to therapy
Participant;1501.245;1521.775;well i don't go anymore uh so um i kinda miss it you know like i said uh uh i miss it a lot actually but uh it's just one of those things you know i just deal with it you know uh according to you know if i ever get a chance to go to therapy again i probably will
Ellie;1522.255;1523.465;why did you stop
Participant;1523.865;1538.385;um well monetary reasons and uh you know uh i don't have health insurance there's a lot of things that you know i'd like to do but i can't you know um
Ellie;1538.695;1539.235;yeah
Participant;1539.235;1542.245;you know money situation's not that great right now so
Ellie;1542.755;1549.395;i'm sorry how would your best friend describe you
Participant;1550.495;1552.685;how does my friends describe me
Ellie;1553.845;1554.495;yeah
Participant;1555.115;1578.965;um they would probably describe me as uh uh energetic uh outgoing person uh once i get to know people um laughs i you know i laugh a i laugh a lot
Ellie;1579.015;1579.975;<laughter>
Participant;1579.605;1597.055;um but uh they would probably tell you that i'm also very serious and uh uh hidden person i don't reveal a lot you know
Ellie;1597.145;1597.915;mhm
Participant;1598.395;1600.695;and uh so
Ellie;1600.685;1603.285;who's someone that's been a positive influence in your life
Participant;1603.545;1605.955;someone who has been a positive influence in my life
Ellie;1606.145;1606.875;yeah
Participant;1608.645;1656.095;someone who's been um someone who's been a positive influence in my life uh probably my boss one of my bosses uh when i first started with uh with exotic animals he was real you know he was uh uh german and um they didn't teach i don't know what he saw in me but he taught me a lot about working with exotic animals and um showed a lot of confidence in me and which in in it also built confidence in myself
Ellie;1656.595;1657.365;mhm
Participant;1657.765;1666.555;and uh sort of let me know that you know that there's nothing that i really can't accomplish if i put my mind to it you know
Ellie;1666.545;1668.405;that sounds like a great situation
Participant;1668.405;1669.705;yeah it was
Ellie;1671.545;1677.005;okay i think i've asked everything i need to thanks for sharing your thoughts with me
Participant;1677.005;1677.995;you're welcome
Ellie;1678.005;1678.765;goodbye
Participant;1678.775;1679.805;bye <laughter>
