speaker;start_time;stop_time;text
Participant;15.74;16.56;<synch>
Ellie;32.426;53.966;IntroV4Confirmation (hi i'm ellie thanks for coming in today i was created to talk to people in a safe and secure environment i'm not a therapist but i'm here to learn about people and would love to learn about you i'll ask a few questions to get us started and please feel free to tell me anything your answers are totally confidential are you ok with this)
Participant;54.2;54.61;yes
Ellie;55.175;59.155;okay_confirm (okay) how_doingV (so how are you doing today)
Participant;60.05;60.78;i'm doing fine
Ellie;61.402;64.259;thats_good (that's good) where_originally (where are you from originally)
Participant;64.96;66.75;california here in los angeles
Ellie;67.242;67.832;really (really)
Participant;67.94;68.3;mhm
Ellie;69.744;71.854;like_about_LA (what are some things you really like about l_a)
Participant;73.2;79.74;um i love being near the beach um i love the beach i love um living in a big city
Ellie;80.589;81.099;mhm (mhm)
Participant;80.71;84.62;um and i love the fact that i have lots of friends and family here
Ellie;86.157;88.507;dont_like_LA (what are some things you don't really like about l_a)
Participant;89.3;99.8;mm traffic um just so many sometimes too many people but apart from that i i'm generally happy here
Ellie;101.05;104.715;okay_confirm (okay) study (what did you study at school)
Participant;105.4;107.26;photography and language studies
Ellie;108.182;109.312;sounds_interesting (that sounds interesting)
Participant;109.62;110.07;mhm
Ellie;110.109;111.519;hard_decision (how did you decide to do that)
Participant;112.46;125.47;um i love photography i was always interested in it and studied it in high school as well so i wanted to continue to learn more about it and with languages i come from a mixed background so i wanted to learn the languages of my ethnic background
Ellie;126.833;127.773;difficult (how hard is that)
Participant;128.56;131.72;it's um it wasn't hard it was a passion so i enjoyed it
Ellie;133.814;135.074;still_working_on_X (are you still working in that)
Participant;135.94;136.86;i'm not no
Ellie;137.672;138.872;dream_job (what's your dream job)
Participant;139.92;147.52;um to do photography full time and also to do some of the things that i'm passionate about um more creatively more creative things
Ellie;149.436;149.976;like_what (like what)
Participant;150.83;158.31;i have an idea i'd like to do um some <s> make some robe <r> ah like a robe line um women's robes and things like that
Ellie;159.022;159.742;awesome (awesome)
Participant;159.8;160.12;mhm
Ellie;161.981;168.159;travel_shoes (i'm sure you can tell by my shoes i'm not much of a world explorer do you travel a lot)
Participant;168.01;171.03;i have i've traveled quite a bit and i enjoy <en> i love travel
Ellie;171.846;173.366;travel_changed (what do you enjoy about traveling)
Participant;174.19;180.53;um seeing different cultures different countries um meeting new people all of that
Ellie;181.578;183.258;travel_trips (i'd love to hear about one of your trips)
Participant;181.62;196.13;and the language um i lived in greece for um <tisk> over a year i taught english there and um <sniffle> i moved around to different parts of greece and uh really had a great time
Ellie;197.022;199.382;memorableB (what's one of your most memorable experiences)
Participant;200.16;216.72;i think um just having my group of friends that i met there and going through with the experience with them um i think one of my most memorable experiences was going to elafonisos in a car with everybody and um and having a just a fantastic time
Ellie;217.547;219.427;great_situation (that sounds like a great situation)
Participant;221.31;222.21;yes it was
Ellie;222.491;226.917;shyoutgoing (do you consider yourself more shy or outgoing)
Participant;226.39;232.5;um i think i'm shy to begin with and um and as i get to know people then i'm much more outgoing
Ellie;233.503;236.926;uh_huh (uh huh) study (what did you study at school)
Participant;237.94;239.54;photography and language studies
Ellie;240.729;252.501;relax_fishtank (sometimes when i'm feeling tense i turn on the fish tank screensaver hey i know it's not hawaii but it's the best i've got what do you do to relax)
Participant;249.17;265.58;<laughter> <deep breath> um i just stay at home uh maybe watch a movie um rest in bed watching a movie in bed that's probably one of the things that i like to do to relax
Ellie;266.501;270.658;okay_confirm (okay) control_temper (how are you at controlling your temper)
Participant;271.74;273.49;i think very good <laughter>
Ellie;274.351;278.78;thats_good (that's good) last_argument (when was the last time you argued with someone and what was it about)
Participant;279.26;287.48;<deep breath> um it was probably with my boyfriend um uh regarding money issues
Ellie;291.443;293.612;feelguilty (what's something you feel guilty about)
Participant;296.08;302.77;um i need to i feel guilty about not generating as much income as i need to right now
Ellie;304.605;305.765;tell_about_that (can you tell me about that)
Participant;306.55;312.51;i'm having some struggles in my career right now and um financially it's becoming very difficult
Ellie;313.841;317.369;im_sorry (i'm sorry) been_hard (that sounds really hard)
Participant;317.82;323.58;yeah it has been it's been difficult but i've been working very hard to um to remedy that <sigh>
Ellie;324.663;328.105;Ellie17Dec2012_04 (that's great) Ellie17Dec2012_04 (that's great) give_example (can you give me an example of that)
Participant;331.01;342.47;so well i'm here and um i'm doing this this focus study i'm doing um many things to generate more money working harder but looking for other ways to generate money outside of my my career
Ellie;342.92;349.733;mhm (mhm) memory_erase (tell me about an event or something that you wish you could erase from your memory)
Participant;351.6;353.9;um probably being raped
Ellie;358.283;360.323;ptsd_diagnosed (have you ever been diagnosed with p_t_s_d)
Participant;360.52;360.87;no
Ellie;362.898;364.708;depression_diagnosed (have you been diagnosed with depression)
Participant;364.84;365.14;no
Ellie;368.001;369.551;disturbing_thoughts (do you have disturbing thoughts)
Participant;370.61;371.28;sometimes
Ellie;373.084;374.464;trigger (are they triggered by something)
Participant;376.46;377.93;um not that i'm aware of
Ellie;379.916;381.296;feel_lately (how have you been feeling lately)
Participant;382.37;394.82;<deep breath> um i been feeling stressed <sigh> um i been feeling um <deep breath> been feeling stressed and and worried
Ellie;398.366;400.806;easy_sleep (how easy is it for you to get a good night's sleep)
Participant;401.46;404.9;i don't seem to have any problem with it <laughter> i seem to get a good night's sleep almost every night
Ellie;406.408;407.048;thats_good (that's good)
Participant;407.25;407.65;mhm
Ellie;408.274;410.054;sleep_affects (what are you like when you don't sleep well)
Participant;412.1;416.06;um grumpy and and lethargic and um in the morning
Ellie;420.923;424.703;situation_handled (tell me about a situation that you wish you had handled differently)
Participant;426.72;438.33;hmm a situation i wish i would handle differently um i really can't think of one right now
Ellie;440.339;445.599;okay_confirm (okay) hard_decisionB (tell me about the hardest decision you've ever had to make)
Participant;447.58;458.55;<laughter> the hardest decision um that i've ever had to make it was probably um deciding to not have a a child
Ellie;461.746;462.906;tell_about_that (can you tell me about that)
Participant;464.06;484.4;well um i was pregnant um and um wasn't sure <sigh> whether or not i should continue the pregancy um and that was also due to financial burden and um the father who i was involved with did not want the child so i made that very very difficult decision
Ellie;488.464;495.236;yeah_downer (yeah) happy_lasttime (tell me about the last time you felt really happy)
Participant;496.07;514.64;hmm <deep breath> really really happy <sigh> i know when i went to um cancun um on a holiday um over the new year um new year period new year holiday
Ellie;519.467;521.007;describe_felt (how did you feel in that moment)
Participant;522.89;538.77;<deep breath> i felt <sigh> absolutely fantastic i felt happy i felt relaxed um i felt like i didn't have a care in the world temporarily um eh free
Ellie;539.945;547.13;thats_great (that's great) self_change (what are some things you wish you could change about yourself)
Participant;550.47;563.91;<deep breath> um i wish i could um be a little bit stronger and more assertive definitely more assertive
Ellie;562.989;565.929;Ellie17Dec2012_07 (what would you say are some of your best qualities)
Participant;566.91;595.17;um i would say i'm a wonderful wonderful friend um mm i when i love somebody you know i love them very deeply friends family um boyfriend um so i think that's good i'm very loyal as a friend um i'm honest i care about people um i'm fun to be with so i think those are some of my best qualities
Ellie;595.65;600.562;mm (mm) family_relationship (tell me about your relationship with your family)
Participant;600.8;637.47;<deep breath> um my relationship with my family um with my father is not so great um my parents were divorced when i was young and he's sort of been in and out of my life you know forever uh mostly out so that's um it's not fantastic but um but it's something that i'm used to so it's not as painful as it would be had he been there and then i lost him but it's it's still it's still um it's still not the best situation i mean i still wish that could be um remedied somehow
Ellie;638.308;638.748;yeah_downer (yeah)
Participant;639.03;650.05;scrubbed_entry so there's good and and bad relationships in my family
Ellie;652.669;654.999;influence_positive (who's someone that's been a positive influence in your life)
Participant;655.38;669.93;scrubbed_entry someone that's been there for me since i was very very young and has always been just incredible and i love her so much
Ellie;670.947;677.733;aw (aw) advice_back (what advice would you give to yourself ten or twenty years ago)
Participant;679.06;689.88;<deep breath> um ten or twenty years ago um i would've told myself to work harder then and not have so much fun so i don't have to work so hard now
Ellie;692.917;696.99;okay_confirm (okay) regret (is there anything you regret)
Participant;698.95;709.44;i i regret exactly that i regret um not taking my career seriously earlier on um because now it's it's been um it's been much harder
Ellie;712.21;715.46;Ellie17Dec2012_10 (tell me about something you did recently that you really enjoyed)
Participant;718.56;735.14;um i think it was taking the kids to the pier um and spending some wonderful time with them and making them happy that was probably a great time um one of the best times in the last few weeks
Ellie;736.711;737.821;kids_elaborate (tell me about your kids)
Participant;738.57;747.23;scrubbed_entry and uh and they're they're great kids
Ellie;748.944;750.894;easy_parent (do you find it easy to be a parent)
Participant;752.89;779.78;um no i think the they're it's challenging um it is more difficult because they're stepchildren so there are some um times when i'm not sure exactly how much um to get involved and how much not to get involved but i'm we're very lucky because they are really good kids they do tend to fight a lot but um but i but it's not as difficult as um as i think some other parents have it
Ellie;780.96;781.6;thats_good (that's good)
Participant;781.84;782.26;mhm
Ellie;783.553;787.395;parent_differences (what are some ways that you're different as a parent than your parents)
Participant;787.98;811.12;<deep breath> um i made it make a make a conscious effort not to um <laughter> not to punish them um or over-punish them i make a conscious decision not to um scream at them the way that i was screamed at i was screamed at a lot as a child and um it was really it was really difficult so i make sure not to do that
Ellie;814.077;816.377;Ellie17Dec2012_08 (what are you most proud of in your life)
Participant;818.91;850.82;um i think i'm most proud of the fact that i've um been able to travel the world um and live in other places many many other places um around the country and around the world and um the fact that um i learned several languages um and the fact that i've been able to maintain um really long long long relationships with my friends
Ellie;851.474;858.351;mhm (mhm) asked_everything (okay i think i have asked everything i need to) appreciate_open (thanks for sharing your thoughts with me)
Participant;858.53;859.09;thank you
Ellie;859.763;860.373;bye (goodbye)
Participant;860.47;861.05;goodbye
