speaker;start_time;stop_time;text
Ellie;27.6;49.11;hi i'm ellie thanks for coming in today i was created to talk to people in a safe and secure environment i'm not a therapist but i'm here to learn about people and would love to learn about you i'll ask a few questions to get us started and please feel free to tell me anything you're answers are totally confidential are you okay with this
Participant;49.39;49.59;yes
Ellie;50.53;53.52;okay so how are you doing today
Participant;54.26;59.51;um i'm fine this is a little bit strange you know talking to a virtual human
Ellie;58.34;64.36;<laughter> i see what you mean where are you from originally
Participant;64.62;73.88;um i was born i was born in l_a i was raised out in the suburbs um i've lived all over los angeles i've lived in the valley long beach and now i'm in culver city
Ellie;74.81;78.25;awesome what are some things you really like about l_a
Participant;79.92;93.81;um there's great food here the weather is great most of the time there's a lot of sunshine it doesn't get cold i don't have to shovel snow there are lots of opportunities a lot of diversity all different sorts of people uh i think that's really great
Ellie;94.58;97.66;okay what are some things you don't really like about l_a
Participant;97.97;113.6;that is a much longer list i would like to get out of here um the the traffic i think that's number one i think everybody hates the traffic and everybody's so busy all the time it's really hard to to get together with anybody everybody's so devoted to their jobs and uh then we're sitting in traffic a lot too
Ellie;111.78;117.48;yeah yeah what'd you study at school
Participant;118.044;120.96;i just graduated actually um i studied marine biology
Ellie;122.19;126.21;wow that sounds interesting how did you decide to do that
Participant;127.017;141.61;i was i went to school and i orginally studied um graphic design and i found that kind of unfulfilling so i took a trip for a while traveled around the world and started scuba diving and i realized that i really loved marine biology so that's how i got into it
Ellie;143.027;146.53;nice what's your dream job
Participant;148.401;176.76;everybody's been asking me that a lot lately since i just graduated i think i would like to <exhaling> um i think maybe managing a um managing a research you know i'm not i'm not really sure i think i would like to something in tropical marine ecology maybe like managing a preserve um something like that it's a hard question to answer <laughter>
Ellie;175.51;179.41;okay do you travel a lot
Participant;179.635;181.42;i do um
Ellie;181.163;182.67;what do you enjoy about traveling
Participant;183.045;186.17;i like meeting new people and seeing different parts of the world
Ellie;187.363;188.88;i'd love to hear about one of your trips
Participant;190.245;200.34;well i traveled for eight months in central america um and i visited a lot of different countries i um i went scuba diving
Ellie;201.78;206.3;wow what are some things that make you really mad
Participant;208.25;215.79;i think um i think intolerance injustice in the world those are probably the things that get me the most fired up
Ellie;217.04;219.22;mhm what do you do when you're annoyed
Participant;221.608;223.58;vent to my boyfriend does that count <laughter>
Ellie;224.054;229.51;<laughter> yes how are you at controlling your temper
Participant;230.362;247.45;i'm pretty good it takes it takes a lot to really get me um fired up to the point where i i kinda blow my top the very few people that have seen me angry um to the point where i'm kind of yelling and screaming angry um i don't know i just don't get there i think that i'm a little bit afraid of losing my temper so i keep it under control
Ellie;248.01;253.1;that's good when was the last time you argued with someone and what was it about
Participant;253.28;276.55;<laughter> it was yesterday actually i argued with my boyfriend um about uh getting getting a job i was talking about taking a job somewhere and he was being very supportive and i really wanted him to to say no don't go take that job for six months 'cause i would miss you and he was just being supportive so um we kind of argued about that <laughter> and it was ridiculous so we i ended up laughing and that was the end of the fight
Ellie;277.96;284.19;aww that's good what do you do to relax
Participant;284.96;293.94;um meditate excercise go out in nature just um unplug get myself away from the computer away from technology away from people
Ellie;295.1;298.13;okay how close are you to your family
Participant;298.74;323.47;i would say not really um i'm an only child and it's just me and my parents and we're very very dissimilar for example um i'm a pretty adventurous person and i like learning and my parents are uh couch potatoes they like to watch reality television so we don't have too much to talk about or things that we can really do um as far as shared activites so you know i love them and everything but there's not too much common ground
Ellie;324.08;327.69;i see what you mean do you consider yourself an introvert
Participant;328.7;346.6;yes i think i'm a very social introvert but i seem to find most social encounters to be draining where as my my boyfriend for example he um derives a lot of pleasure and energy from being around people for me it's always a little bit the opposite i have to recharge
Ellie;347.78;350.83;mhm how would your best friend describe you
Participant;352.06;370.16;i not sure i have a best friend but um i guess i'll say my boyfriend he's he's kinda my default best friend um he would probably say passionate intelligent um he always tells me that i'm really hard on myself which is true um dedicated loyal
Ellie;372.15;377.22;that's great what are you most proud of in your life
Participant;379.72;401.25;i think i'm just proud of who i am xxx i don't know if that's the answer that most people give but i think that i'm i'm really proud of who i am i try really hard um i've done a lot of things in my life i'm a really good person i think it's it's kind of rare to find people that are kind and i consider myself a kind person that that cares about others and wants to make the world a better place so i'm i'm proud of that
Ellie;402.15;403.45;that's so good to hear
Participant;404.34;405.01;<laughter>
Ellie;404.8;406.29;have you ever served in the military
Participant;406.46;407.5;no i have not
Ellie;410.51;412.48;have you ever been diagnosed with p_t_s_d
Participant;412.73;412.97;no
Ellie;413.75;415.51;have you been diagnosed with depression
Participant;415.67;416.0;yes
Ellie;416.97;418.78;how long ago were you diagnosed
Participant;419.28;424.8;i was probably about fifteen at the time so i think eight was is that seventeen years ago
Ellie;425.63;426.99;you were very young weren't you
Participant;427.6;428.07;yes
Ellie;429.6;430.78;what got you to seek help
Participant;431.8;457.06;um i was cutting and my one of my best friends called um called my parents and let them know and at that point they took me in for treatment i that wasn't the first time i had ever been to a therapist or a psychiatrist but um before it was more they thought i had a_d_h_d so um it was more <m> i think my parents really took me in rather than me seeking help
Ellie;458.59;459.92;do you still go to therapy now
Participant;460.71;471.24;i haven't for about three years uh i stopped because it felt like uh i was checking in with a parole officer i just wasn't enjoying the relationship i had but i still have the psychiatrist that i go to for med checks
Ellie;471.89;472.83;that sucks
Participant;473.45;475.15;<laughter>
Ellie;476.3;477.61;do you feel like therapy's useful
Participant;478.72;490.03;uh i do think it's useful if you have the right therapist i think if you don't have a good relationship with your therapist it can be incredibly harmful i have talked to people that have had bad experiences and and won't ever go back
Ellie;491.43;494.09;yeah how have you been feeling lately
Participant;495.32;529.2;lately i've been a little bit down um i should say a little bit more down than usual because i graduated and my routine of go to school and do school things twenty four seven has come to an end and without the routine it's been a little bit weird finding out what to do with my finding a way to be productive and knowing what to do with my time it's also been a little bit um depressing finding out that my intelligence and good grades in school doesn't translate to real world skills and there aren't that many jobs for marine biologists in california
Ellie;529.95;539.01;yeah that sounds really hard how easy is it for you to get a good night's sleep
Participant;540.25;562.12;almost impossible ever since i was a little kid i had a i had trouble falling asleep and um about four years ago it it became really really bad where i just couldn't sleep through the night i was getting about four hours of sleep sometimes i would wake up every hour and i'd wake up in the morning just a complete wreck so for about four years i've been taking trazadone so i can sleep
Ellie;563.29;566.0;okay what are you like when you don't sleep well
Participant;567.78;593.52;um have you ever seen fight club um you're a virtual human so you probably haven't seen that but it's it's pretty much like that i i'm just um a complete panicked anxious wreck i i lose my ability to deal with um i lose my ability to deal with things i'm much more likely to lose my temper um i can't regulate my moods i'm just really volatile
Ellie;595.04;597.85;i see when was the last time that happened
Participant;600.19;611.31;probably a few months ago i think that i may have been on a trip gone away for a weekend and forgotten to take my medicine with me um or something like that and then i can't sleep and so that's what happens
Ellie;612.4;616.59;okay when was the last time you felt really happy
Participant;618.72;649.38;uh <makes sound with mouth> really happy i mean um i don't know it's easy for me easier for me to keep track of when i feel really really bad really happy i guess i felt happy on new year's really happy on new year's eve which was um uh ten days ago um i was with my boyfriend and some friends and we took a trip out to palm spring and joshua tree and it was really nice to see them i don't get to see them very often um because i've been in school and i've been so busy so it was really nice reintroduction to uh real life
Ellie;650.27;655.85;that's great what would you say are some of your best qualities
Participant;657.3;677.82;i think that i'm i'm kind i'm considerate i'm tolerant i'm pretty open minded i'm aware of my faults um i just i just try to be nice to everybody and i'm very curious about um about the world and things that i don't know about i really like to learn
Ellie;679.65;683.48;okay what's one of your most memorable experiences
Participant;686.14;719.0;uh off the top of my head first thing that came comes to mind is diving the blue whole in belize it was really amazing um it was me and my friends we just you know jumped off the boat and you come up over the edge of this uh limestone sink hole and it's really really really blue and you just drop down to about a hundred and forty feet in something like two minutes we did it pretty quick not everybody could do it that quick and um as you go down you see all these stalagmites and stalactites and they're huge they're larger than human and 'cause it's this
Ellie;709.83;710.2;wow
Participant;719.34;727.61;cave system um and it's really murky and there's sharks swimming all around you so that was that was pretty good <laughter>
Ellie;726.54;733.46;awesome what are some things you like to do for fun
Participant;735.31;755.46;i'm trying to remember that at the moment i haven't had much free time the last three and a half years being in school um <laughter> so uh i guess reading hiking um just being together with my friends doing um relatively low key things going to movies having dinner parties cooking playing with my cat
Ellie;756.58;758.79;okay is there anything you regret
Participant;760.09;767.23;not that i can really think of i'm sure i've made mistakes in my life but um you know i'm still here so can't be that bad
Ellie;768.93;772.79;yeah what advice would you give yourself ten or twenty years ago
Participant;775.27;786.82;hmm um i don't know hang in there um hold on to your clothes 'cause the nineties are coming back in fashion
Ellie;787.46;794.72;<laughter> what are some things that usually put you in a good mood
Participant;798.83;814.85;hmm um cloudy weather uh beautiful sunsets being in um being out in nature kind of being away from the hubub of the city getting a good grade <laughter>
Ellie;815.55;819.3;cool who's someone that's been a positive influence in your life
Participant;819.92;838.28;i think my boyfriend has he's just um especially the last year he's really inspired me he quit drinking he quit smoking he's really inspired me he quit drinking he quit smoking he's made a lot of positive changes in his life and i know that those things aren't aren't hard or aren't easy i should say um to <t> so to see someone overcome that uh really inspired me
Ellie;839.31;846.28;that's great okay i think i've asked everything i need to thanks for sharing your thoughts with me
Participant;847.2;847.58;okay
Ellie;847.37;847.94;goodbye
