speaker;start_time;stop_time;text
Ellie;25.51;46.98;hi i'm ellie thanks for coming in today i was created to talk to people in a safe and secure environment i'm not a therapist but i'm here to learn about people and would love to learn about you i'll ask a few questions to get us started and please feel free to tell me anything your answers are totally confidential are you okay with this
Participant;47.29;47.78;yes
Ellie;48.27;51.41;okay so how are you doing today
Participant;52.06;53.01;i'm doing fine
Ellie;53.69;56.45;that's good where are you from originally
Participant;56.94;58.91;i'm from los angeles california
Ellie;59.37;62.45;really what are some things you really like about l_a
Participant;63.39;69.38;wow wonderful weather um outdoor activities all the time
Ellie;71.01;73.05;what are some things you don't really like about l_a
Participant;73.4;76.98;too crowded pollution the norm
Ellie;78.05;82.03;yeah i see what you mean what'd you study at school
Participant;83.07;85.82;i studied child communications
Ellie;86.6;87.66;are you still working in that
Participant;88.72;92.76;um recently i just i would say yes
Ellie;94.28;95.13;what do you do now
Participant;96.03;96.91;preschool teacher
Ellie;98.68;101.79;aw how did you decide to do that
Participant;102.77;114.67;well i've always worked with children ever since i was eighteen years old so i figured doing something helping someone it doesn't pay well but you're investing in the future
Ellie;115.52;118.88;yeah what's your dream job
Participant;119.8;127.09;wow some job that i could get paid to be outside all day get paid well to be outside all day
Ellie;128.33;131.99;yeah do you consider yourself an introvert
Participant;132.73;133.25;yes
Ellie;134.24;134.6;why
Participant;136.51;150.53;i'm kinda quiet but i also like i probably would say borderline i like outside activities but i mainly kinda do um activities probably by myself so yeah i would say i'm an introvert slightly
Ellie;150.08;154.84;okay what are some things that make you really mad
Participant;156.62;162.53;uh wow just um maybe a racist or disrespectful person
Ellie;164.88;166.26;what do you do when you're annoyed
Participant;168.21;179.1;i kinda shut down and and reevaluate how i am as a person how i'm coming off to other people i can't change anyone else's personality but i can work on my own
Ellie;179.75;183.16;uh huh how are you at controlling your temper
Participant;183.69;184.33;i'm pretty good
Ellie;186.07;190.05;that's good when was the last time you argued with someone and what was it about
Participant;190.68;195.06;i usually don't argue with people i usually walk away i mean a argument doesn't settle anything
Ellie;196.99;199.71;yeah is there anything you regret
Participant;201.31;208.62;wow it's a lot of things i regret but it's not anything that i can control probably the biggest regret was losing my mother
Ellie;210.13;211.2;i'm sorry to hear that
Participant;211.51;211.99;thank you
Ellie;213.1;214.21;how close are you to them
Participant;215.35;221.46;i was extremely close to my mother that was who i am as a person who made me as a person
Ellie;224.35;227.12;what advice would you give yourself ten or twenty years ago
Participant;228.33;244.2;wow twenty ten years ago i would tell myself not to be so angry so upset all the time about things i can't control i would tell myself to relax and not be so hard on myself
Ellie;245.7;248.49;okay what do you think of today's kids
Participant;249.19;253.57;i think that's pretty cool i think you should have different avenues to deal with different people
Ellie;257.23;260.58;okay have you ever served in the military
Participant;261.31;262.46;<clears throat> no i have not
Ellie;263.7;265.6;have you ever been diagnosed with p_t_s_d
Participant;266.05;266.89;no i have not
Ellie;267.38;269.13;have you been diagnosed with depression
Participant;269.58;270.07;yes
Ellie;270.95;272.74;how long ago were you diagnosed
Participant;273.46;274.6;um less than a month
Ellie;278.22;279.4;what got you to seek help
Participant;280.79;289.5;i realized i have to evaluate myself as a person so i can't really look to anyone else to help me unless i i start with myself
Ellie;290.89;292.14;do you still go to therapy now
Participant;292.74;293.3;no i don't
Ellie;294.32;295.05;why did you stop
Participant;296.29;317.94;i feel like as a person as uh a individual i feel like i should be able to control things myself i feel like to go seek out help is good for someone else it probably is very good for other people i've worked with that population of p_t_s_d um veterans before so i know that it helps a lot of people but i don't feel like it's for me
Ellie;318.63;320.25;mhm how hard is that
Participant;322.01;329.73;it's not difficult at all i've always been like a loner someone who who tries to handle <ha> to handle my own problems and situations
Ellie;330.47;332.67;i see how have you been feeling lately
Participant;334.29;341.04;a little depressed but i think everyone is it has a little bit of sadness in them at some point
Ellie;342.26;343.22;how do you cope with them
Participant;344.38;353.12;day by day day by day i just started a exercise program so i'm trying to look at myself for the solution
Ellie;352.29;359.48;that's great did you think you had a problem before you found out
Participant;360.24;376.89;always known ever since i was a child things moved me differently than other kids so i felt like i was always different i felt like if i was gonna ever understand me as a person then i would have to work on myself so yes
Ellie;378.52;382.45;okay when was the last time you felt really happy
Participant;383.8;392.01;um today i got to see my best friend after a long time so i mean happiness comes and goes but i felt happy today
Ellie;393.33;396.56;that's great how would your best friend describe you
Participant;397.18;411.33;wow he would say really silly um but still when i'm around him i try to be happy i try to present a a a situation where we're both gonna be happy no one wants to be around a depressed person
Ellie;411.85;414.06;mhm how do you know them
Participant;414.75;419.19;scrubbed_entry
Ellie;420.76;426.87;cool what would you say are some of your best qualities
Participant;427.43;450.45;wow i mean on certain days everything could be my best quality but i would say um i'm loyal i'm dependable um i would just say i try to be there in the moment i'm not a person who who is really fat flashy <f> excuse me uh flashy or into materialistic things so i feel like i'm very grounded
Ellie;450.9;454.68;uh huh who's someone that's been a positive influence in your life
Participant;454.7;457.8;oh my mother by far my sisters
Ellie;458.69;459.72;can you tell me about that
Participant;460.43;474.08;uh my mom was a school teacher which made me wanna become a school teacher and that's basically what i have been doing uh my sister has been at her job for forty years so i've always had a stable influence in my life
Ellie;475.71;481.3;that's so good to hear what's one of your most memorable experiences
Participant;481.88;492.44;wow i would say just sitting on a sunny nice day talking to my mother i would say that would bring a smile to my face immediately
Ellie;493.1;494.72;how did you feel in that moment
Participant;495.28;497.44;wonderful wonderful
Ellie;500.18;504.86;mhm what are some things you like to do for fun
Participant;505.87;514.55;i like to get out and play sports i play four or five different sports and um i like to go for a walk i like to ride my bike i like to get out and be active
Ellie;516.98;521.91;that's good what are you most proud of in your life
Participant;522.73;541.89;having such a wonderful mother i mean i have to keep going back to that subject because we're introduced into this life and that's our first teacher that's our first teacher and it's gonna be our teacher for a very long time and uh i'm just very thankful i'm very proud to have had such a wonderful woman as my mother
Ellie;542.79;548.09;yeah tell me about something you did recently that you really enjoyed
Participant;549.81;554.18;riding my bike simple things going for a walk with my sister exercising
Ellie;555.89;557.37;when was the last time that happened
Participant;558.09;559.28;uh just last sunday
Ellie;562.01;568.93;that's good okay i think i've asked everything i need to thanks for sharing your thoughts with me
Participant;569.02;569.84;well thank you
Ellie;570.47;570.99;goodbye
