speaker;start_time;stop_time;text
Participant;10.3;11.19;<synch>
Ellie;30.696;52.236;IntroV4Confirmation (hi i'm ellie thanks for coming in today i was created to talk to people in a safe and secure environment i'm not a therapist but i'm here to learn about people and would love to learn about you i'll ask a few questions to get us started and please feel free to tell me anything your answers are totally confidential are you ok with this)
Participant;52.67;53.02;yes
Ellie;53.749;57.665;okay_confirm (okay) how_doingV (so how are you doing today)
Participant;58.23;58.95;very well
Ellie;59.51;62.411;thats_good (that's good) where_originally (where are you from originally)
Participant;63.08;63.98;uh ohio
Ellie;64.6;65.19;really (really)
Participant;65.21;65.55;mhm
Ellie;66.867;67.947;when_LA (when did you move to l_a)
Participant;69.42;73.49;uh finished school and came out to start my life
Ellie;74.232;76.132;often_backB (how often do you go back to your hometown)
Participant;76.835;80.45;uh not often now not really often
Ellie;79.942;80.512;why2 (why)
Participant;81.75;89.27;uh because my parents have both passed away and so that's my reason for that was my reason for going home prior
Ellie;89.958;92.984;isee_downer (i see) compares_LA (how does it compare to l_a)
Participant;94.35;104.97;uh there's really not a comparison you know this is warm and sunny and that has four seasons so it's a very different environment
Ellie;105.564;109.632;mhm (mhm) adapted_LA (how easy was it for you to get used to living in l_a)
Participant;111.0;119.31;i it took a minute to get adjusted to the different culture but uh after i was adjusted you know the sunshine keeps you here
Ellie;120.497;124.04;thats_good (that's good) like_about_LA (what are some things you really like about l_a)
Participant;125.09;138.96;uh i love the weather i love the fact that i have the ocean and the mountains and um so many things that i can choose from and the diversity that i find here
Ellie;139.525;144.253;uh_huh (uh huh) dont_like_LA (what are some things you don't really like about l_a)
Participant;145.365;160.64;uh i tend to not have things that i don't like uh because where i am i know that i'm finding myself there so and i like me so that means that there's really nothing i don't like
Ellie;161.229;169.69;good_hear (that's so good to hear) travel_shoes (i'm sure you can tell by my shoes i'm not much of a world explorer do you travel a lot)
Participant;169.61;170.58;yes i do
Ellie;171.684;173.204;travel_changed (what do you enjoy about traveling)
Participant;173.92;190.5;uh i love being able to explore different cultures be able to meet different people have a different set of experiences and at the same time to be able to find the commonality between uh all types of people it's a very rich experience
Ellie;188.952;190.632;travel_trips (i'd love to hear about one of your trips)
Participant;192.28;195.96;um which one to where
Ellie;195.937;197.137;mind (whatever comes to your mind)
Participant;198.14;219.645;uh i guess i'm thinking about egypt and the wonderful experiences that i have there uh as i go the people and the warm and loving experience i have the knowledge i get to pursue through the exploring the temples and the pyramids etcetera things like that
Ellie;220.829;223.189;memorableB (what's one of your most memorable experiences)
Participant;224.87;257.73;there are so many there really are but i can think of uh seeing a baby in a mosque which was just really pure and it really stayed with me how similar we actually all are um that's probably one of the things that i remember most from one of my very first trips uh there and let's see just the interaction of the people the food you know incredible i love the food too
Ellie;258.826;261.568;nice (nice) study (what did you study at school)
Participant;263.49;276.93;wow i've studied lots of different things i've studied law i've studied um entertainment i've studied communications i've studied whatever i want to quite a renaissance woman
Ellie;278.727;279.527;wild_laughter3 ((laughter))
Participant;279.345;281.435;<laughter> <laughter>
Ellie;280.961;282.371;hard_decision (how did you decide to do that)
Participant;283.275;301.04;ah it's just always been my way to really explore all of the things that i enjoy keeps me fresh keeps me happy keeps me alive and um just allows me to be able to be fully developed as a human being being able to do that
Ellie;301.738;302.768;see_mean (i see what you mean)
Participant;302.865;303.175;mhm
Ellie;304.168;305.368;dream_job (what's your dream job)
Participant;306.98;322.39;um i don't have a dream job per se what i do have is a um desire to just be able to be free to do whatever it is that i choose on a daily basis so
Ellie;322.88;329.479;mm (mm) shyoutgoing (do you consider yourself more shy or outgoing)
Participant;328.23;330.58;uh probably more outgoing mhm
Ellie;331.732;343.807;relax_fishtank (sometimes when i'm feeling tense i turn on the fish tank screensaver hey i know it's not hawaii but it's the best i've got what do you do to relax)
Participant;338.93;365.345;<laughter> well i start my day out very relaxed because i start my day with meditation uh and several <s> uh several other spiritual practices that i perform before i move uh around i get exercise so that uh i keep everything humming everything moving and uh then move forward from there
Ellie;366.433;370.825;thats_great (that's great) control_temper (how are you at controlling your temper)
Participant;372.26;375.83;uh excellent <laughter> i don't really have one anymore
Ellie;376.595;379.645;last_argument (when was the last time you argued with someone and what was it about)
Participant;380.37;401.49;argued um cannot remember the last time that i actually had an argument um don't know what it's about i imagine that the last time i argued about something probably might be related to money
Ellie;402.699;408.267;okay_confirm (okay) situation_handled (tell me about a situation that you wish you had handled differently)
Participant;409.57;443.075;situation i wish i had handled differently you know i try to take each experience as they come and try not to have regrets to hold guilt about the way anything uh went because they're all for me very positive learning experiences uh that i get to explore who i am through so i don't really see them as needing them to be different i need to learn from them or to um just really accept what is
Ellie;443.732;444.242;mhm (mhm)
Participant;444.45;444.86;mhm
Ellie;445.631;449.231;hard_decisionB (tell me about the hardest decision you've ever had to make)
Participant;449.875;499.93;hardest decision i've ever had to make um don't really have a quote on quote hard decision you know because i grew up in a way uh where my mother was extremely wonderful in the way that she always taught me to know that it was my own life and so she would never make decisions for me she always taught me to say she would always say it's your life and so um for me decisions don't really come as difficult to make they're pretty easy to make because i've been making them since childhood so i don't really have a most difficult decision i've ever made
Ellie;500.538;506.602;okay_confirm (okay) memory_erase (tell me about an event or something that you wish you could erase from your memory)
Participant;511.39;530.79;mm event that i could erase from my memory i don't really have one that i can think of that would be so terrible that i would need to erase it again everything for me is a learning experience so there's nothing really to regret or erase
Ellie;531.952;535.937;understand (i understand) easy_sleep (how easy is it for you to get a good night's sleep)
Participant;536.5;539.49;uh very easy as soon as i hit the pillow i'm out
Ellie;540.305;543.388;thats_good (that's good) feel_lately (how have you been feeling lately)
Participant;544.99;557.54;uh great uh a little more uh physical exertion than normal but uh still great <laughter>
Ellie;558.334;561.504;behavior_changes (have you noticed any changes in your behavior or thoughts lately)
Participant;562.68;574.69;mm no not overall but again i attribute that and i accredit that to the spiritual practices that i perform on a daily basis that keep me pretty even tempered
Ellie;575.203;578.351;mhm (mhm) ptsd_diagnosed (have you ever been diagnosed with p_t_s_d)
Participant;578.8;579.44;no
Ellie;579.907;581.717;depression_diagnosed (have you been diagnosed with depression)
Participant;580.125;582.78;mm no
Ellie;583.24;585.787;happy_lasttime (tell me about the last time you felt really happy)
Participant;586.98;598.79;uh that's pretty much every day <laughter> i feel really happy every day i'm thankful i'm grateful for my life and uh i'm just thankful for everything that comes into it
Ellie;600.41;602.1;BF_describe (how would your best friend describe you)
Participant;603.38;619.815;uh very smart uh very loving uh very intelligent funny uh outgoing that's probably probably what my friends would say
Ellie;620.255;626.46;uh_huh (uh huh) self_change (what are some things you wish you could change about yourself)
Participant;627.25;639.0;uh there's really nothing that i think i need <laughter> to to do or to have or to be different uh about myself like i'm okay with everything the way it is really am <laughter>
Ellie;638.669;643.259;okay_confirm (okay) advice_back (what advice would you give to yourself ten or twenty years ago)
Participant;645.21;673.14;what advice would i have given myself ten or twenty years ago to know um to understand that everything that happened ten or twenty years ago was important in terms of developing the person that i am now and so to just be able to go with the flow and go with the experiences of life in order to be able to learn how to move effortlessly through any situation that comes up
Ellie;674.172;678.748;mhm (mhm) Ellie17Dec2012_10 (tell me about something you did recently that you really enjoyed)
Participant;679.89;693.2;recently really enjoyed uh uh cooked a very wonderful meal um 'cause i love cooking so that was something i really enjoyed
Ellie;693.697;694.107;cool3 (cool)
Participant;694.35;694.75;mhm
Ellie;696.217;698.517;Ellie17Dec2012_08 (what are you most proud of in your life)
Participant;700.92;721.33;wow my my willingness to get to know myself through travel through exploration through practices and through the practical application of everything that i've learned about people cultures places and most importantly you know the god within me
Ellie;722.714;729.463;asked_everything (okay i think i have asked everything i need to) appreciate_open (thanks for sharing your thoughts with me) bye (goodbye)
Participant;729.945;730.595;bye
