speaker;start_time;stop_time;text
Ellie;32.56;53.84;hi i'm ellie thanks for coming in today i was created to talk to people in a safe and secure environment i'm not a therapist but i'm here to learn about people and would love to learn about you i'll ask a few questions to get us started and please feel free to tell me anything your answers are totally confidential are you okay with this
Participant;54.52;55.02;yes
Ellie;56.09;59.43;okay so how are you doing today
Participant;61.15;63.64;uh i'm okay a little sleepy right now
Ellie;65.061;69.185;i'm sorry to hear that where are you from originally
Participant;70.31;71.53;i'm from new york
Ellie;72.3;75.07;really why'd you move to l_a
Participant;77.38;83.849;um i wanted a change of environment and i wanted to start over somewhere
Ellie;85.43;86.31;when'd you move to l_a
Participant;87.419;89.679;um about two years ago
Ellie;91.14;93.451;how easy was it for you to get used to living in l_a
Participant;96.309;104.259;um it took uh a bit of an a bit of adjustment so i'd say it was moderately uh difficult
Ellie;105.109;106.359;mm why
Participant;108.1;114.25;um just getting used to the lifestyle different um different pace different environment new people
Ellie;115.353;118.91;i understand what are some things you really like about l_a
Participant;120.42;129.75;<clears throat> um i like the um the nightlife and it's kind of a cosmopolitan city
Ellie;131.16;134.14;cool what are some things you don't really like about l_a
Participant;136.64;144.8;um um it's a little crowded sometimes and the traffic gets a little hectic
Ellie;146.45;149.63;yeah how often to you go back to your home town
Participant;152.03;153.35;um never <laughter>
Ellie;155.11;156.87;really why
Participant;157.75;164.72;<clears throat> uh my family uh my parents passed away and my family and i no longer keep in touch so i'm
Ellie;164.73;165.34;i'm sorry
Participant;165.35;166.28;pretty alone yeah
Ellie;167.93;168.8;that sucks
Participant;170.72;172.09;uh sometimes yes
Ellie;176.83;179.66;how close are you to your family <asks do you travel a lot simultaneously> do you travel a lot
Participant;181.54;185.21;um just locally travel since i've been here
Ellie;186.43;187.81;what do you enjoy about traveling
Participant;189.15;199.96;um a change of pace new environment and um relaxation and escape from reality
Ellie;200.8;202.34;i'd love to hear about one of your trips
Participant;204.29;217.26;um i haven't traveled in awhile i've been moving around but i uh long time ago i studied at i studied in paris and that was a fun time
Ellie;218.97;223.36;awesome what's one of your most memorable experiences
Participant;226.05;238.9;um probably um um this the schools um meeting new people at the schools there
Ellie;240.83;241.25;okay
Participant;242.27;242.84;<laughter>
Ellie;242.97;244.9;do you consider yourself an introvert
Participant;245.73;250.49;um i'd yes i'd say yes most of the time
Ellie;251.73;252.16;why
Participant;253.51;258.83;uh i don't know i've just i don't know why i'm like that i'm just always always been more reserved
Ellie;260.38;262.23;how are you at controlling your temper
Participant;265.3;269.47;um pretty uh pretty good pretty controlled
Ellie;270.92;272.71;what are some things that make you really mad
Participant;275.4;285.5;um when people are doing things that don't make any sense to me
Ellie;287.02;288.27;can you give me an example of that
Participant;290.59;299.78;um just i i don't know when people seem to be deliberately trying to annoy me or
Ellie;303.33;303.68;okay
Participant;303.74;305.82;i i can't be more specific right now i'm sorry
Ellie;307.41;310.6;i see what you mean what do you do when you're annoyed
Participant;312.76;317.28;um usually try to work it out by myself somehow
Ellie;319.89;322.33;that's good what do you do to relax
Participant;324.03;328.89;uh i take walks and i take <ta> i do yoga
Ellie;330.75;334.32;cool what do you do now
Participant;337.46;340.64;um what do i do now for a living or
Ellie;341.4;341.8;mhm
Participant;343.44;346.29;for a living i'm i'm currently out of work i used to work for the county
Ellie;348.22;349.39;what's your dream job
Participant;349.71;372.62;<sharp inhale> <cough> um <cough> see um um probably <prob> probably uh doing something creative that allows me to travel at the same time
Ellie;375.45;375.88;okay
Participant;379.56;380.08;<laughter>
Ellie;379.81;381.28;have you ever served in the military
Participant;383.44;383.93;uh no
Ellie;385.22;387.08;have you ever been diagnosed with p_t_s_d
Participant;388.11;388.67;yes
Ellie;390.9;392.52;how long ago were you diagnosed
Participant;393.26;396.26;um about maybe ten years ago
Ellie;398.39;399.83;what got you to seek help
Participant;401.7;410.61;um just feeling overwhelmed and anxious about some things that had happened and um so i went into therapy for a while
Ellie;411.9;413.22;do you feel like therapy's useful
Participant;415.14;415.77;yes
Ellie;417.63;418.85;do you still go to therapy now
Participant;419.64;420.11;yes
Ellie;421.33;424.15;what sort of changes have you noticed since you've been going to therapy
Participant;426.43;433.761;uh i've been more confident a little more at ease with myself less anxious
Ellie;433.57;435.27;have you been diagnosed with depression
Participant;436.25;436.92;yes
Ellie;438.69;440.071;how have you been feeling lately
Participant;442.61;455.928;um kind of uh i guess sorta sorta depressed generally
Ellie;455.823;456.654;tell me more about that
Participant;457.878;468.658;uh just uh feeling tired and sluggish and um less less motivated and less interested in things
Ellie;470.751;476.39;i'm sorry to hear that is it uncomfortable for you to talk about this
Participant;478.58;480.73;uh yes can you tell
Ellie;482.79;487.72;yes how would your best friend describe you
Participant;489.37;498.0;<cough> um i guess easy-going and um likes to have fun sometimes
Ellie;500.972;503.168;what would you say are some of your best qualities
Participant;506.23;516.433;uh i'm smart and innovative and like to try new things very open-minded person very tolerant
Ellie;517.777;523.417;that's great what are some things that usually put you in a good mood
Participant;525.92;534.522;um uh music uh seeing movies any kind of uh adventure somewhere
Ellie;536.18;537.57;when was the last time that happened
Participant;539.56;545.18;um i'd say yesterday i saw a movie and i felt better
Ellie;546.42;547.21;what was it about
Participant;548.13;550.9;uh it was the james bond movie skyfall
Ellie;551.5;555.92;awesome is there anything you regret
Participant;560.14;564.46;uh regret yes yeah
Ellie;567.675;570.405;what advice would you give yourself ten or twenty years ago
Participant;574.625;585.805;<sharp inhale> um um be careful who you trust in life maybe
Ellie;588.488;590.238;could you have done anything to avoid it
Participant;593.388;599.988;um it doesn't uh it doesn't seem like it right now but possibly yes
Ellie;600.911;607.448;mm when was the last time you felt really happy
Participant;609.973;617.4;um i'd say maybe ten <te> ten years ago or so
Ellie;619.03;619.93;tell me more about that
Participant;622.29;634.251;um it was just a more carefree time i had less stress less of a burden on myself um and i had a good group of friends
Ellie;635.495;636.858;how did you feel in that moment
Participant;640.061;651.38;um i felt more um uh more capable and more confident about things
Ellie;653.876;656.115;who's someone that's been a positive influence in your life
Participant;660.69;669.27;i'd say uh i can't think of anyone actually right now
Ellie;671.11;675.85;okay when was the last time you argued with someone and what was it about
Participant;679.89;689.48;um friends for about money issues spending too much
Ellie;692.5;696.87;that sounds really hard how do you know them
Participant;698.75;703.08;um through school a long time ago
Ellie;704.73;705.73;how close are you to them
Participant;707.83;711.55;um we just speak on the phone we don't really see each other anymore
Ellie;714.213;715.583;aw okay
Participant;716.902;718.223;<laughter>
Ellie;725.26;726.94;what are you most proud of in your life
Participant;731.764;743.534;um i'd say finishing grad school and finishing um some training um at a sea <s> for a sea <s> a a seamanship maritime school
Ellie;746.077;747.233;what'd you study at school
Participant;748.7;750.78;i visual studies cinema studies
Ellie;753.621;754.669;that sounds interesting
Participant;753.74;756.95;it yes
Ellie;759.47;766.087;okay i think i've asked everything i need to thanks for sharing your thoughts with me goodbye
Participant;766.76;767.67;thank you goodbye
