speaker;start_time;stop_time;text
Participant;9.35;10.31;<sync>
Ellie;25.102;46.642;IntroV4Confirmation (hi i'm ellie thanks for coming in today i was created to talk to people in a safe and secure environment i'm not a therapist but i'm here to learn about people and would love to learn about you i'll ask a few questions to get us started and please feel free to tell me anything your answers are totally confidential are you ok with this)
Participant;46.8;47.0;yeah
Ellie;47.762;51.554;okay_confirm (okay) how_doingV (so how are you doing today)
Participant;52.13;52.64;i'm okay
Ellie;53.34;56.349;thats_good (that's good) where_originally (where are you from originally)
Participant;56.88;58.15;uh i'm from los angeles
Ellie;58.747;59.337;really (really)
Participant;59.66;59.95;mhm
Ellie;60.745;62.855;like_about_LA (what are some things you really like about l_a)
Participant;63.55;73.2;oh um the weather <laughter> the weather the weather the weather the beach the weather the beach the laid backness the driving instead of public transportation
Ellie;73.763;74.273;mhm (mhm)
Participant;74.92;75.51;and the sporty
Ellie;74.932;77.282;dont_like_LA (what are some things you don't really like about l_a)
Participant;77.55;94.95;um i really i don't know the lack of um uh uh mm i don't know there's not a lot i don't like about l_a as compared to most cities i really it's my favorite and i've lived around the world i love it i love l_a a lot
Ellie;94.885;103.279;thats_great (that's great) travel_shoes (i'm sure you can tell by my shoes i'm not much of a world explorer do you travel a lot)
Participant;100.92;107.37;<laughter> yes i've lived in paris and i've been around the world a lot
Ellie;107.95;112.104;awesome (awesome) travel_changed (what do you enjoy about traveling)
Participant;112.46;131.26;um uh it's just um it's fun and it's it's it's it's it's it's a blast it's good to see new places it's good to get to um get to experience all the fantastic um sights and and <ss> and cultures
Ellie;131.928;133.608;travel_trips (i'd love to hear about one of your trips)
Participant;134.37;174.88;um uh well i mean um uh i i tended to actually do a lot of them um i probably would do them differently i think i'm more developed as a person now i i um i lived in paris for two years so and i lived in spain for spain was fun spain it madrid is a party town and then um and then so these were all work they were all work so i was working so it was um there's a grind there you didn't really appreciate you know what was around you so much and then i mean i still um i still i love going just to you know vacation spots like hawaii and and jamaica i'm still just really a sucker for that kind of stuff
Ellie;176.513;180.004;yeah3 (yeah) memorableB (what's one of your most memorable experiences)
Participant;180.64;204.8;um i guess madagascar was pretty much like just really bitching because it was um it was in the eighties and it was like you were seeing a lot of uh people that had never seen white people before according to the guy driving us around i might he might've been lying um but it was just it was bitching africa was pretty much the best senegal and madagascar yeah
Ellie;205.311;207.77;nice (nice) study (what did you study at school)
Participant;208.24;222.45;um i'm right now about to go for an early childhood education degree and then i did a little bit of paralegal but that was really just to just to get the um just to get the stipend i didn't really have any concept of what i wanna do now i really do
Ellie;223.778;225.208;change_directions (what made you decide to do that)
Participant;225.56;254.1;i have i was saying to rachel actually i don't know if you guys were able to overhear i really think that um the way the school system goes right now it um it just it it turns people into into um just um just uh dog eat dog um you know i i don't like the way the people <peo> it i think it's so draining the um school system right now and i feel pretty bad for everybody so i wanna try to fix that
Ellie;254.87;257.283;yeah_downer (yeah) dream_job (what's your dream job)
Participant;257.97;274.24;that would be my dream job that so i'm excited that like i wanna go in a direction that i wanna go in and yeah that would be my dream job is to work with sort of getting um kids on a more um organic universal um you know uh trajectory
Ellie;275.237;276.177;difficult (how hard is that)
Participant;276.94;303.5;um i think it could be done i don't think it would be done via any sort of um legislation except here and there i mean it it that always ends up for becoming you know facade and farce itself anyway but i think there are ways i've always reached kids anyway and they've always felt where i was coming from and so i think you know there are ways to sort of buck the system without even talking to the system
Ellie;305.07;312.433;okay_confirm (okay) shyoutgoing (do you consider yourself more shy or outgoing)
Participant;311.68;327.35;uh i guess i'm just a combination of the two i don't think um i don't know actually i'm kinda i might even be working that out there might some outgoingness to overcompensate for what's actually shyness and vice versa so you don't know
Ellie;326.985;327.785;wild_laughter3 ((laughter))
Participant;328.07;329.36;<laughter> yeah
Ellie;329.314;330.254;makes_sense (that makes sense)
Participant;330.07;330.53;yeah
Ellie;331.394;343.156;relax_fishtank (sometimes when i'm feeling tense i turn on the fish tank screensaver hey i know it's not hawaii but it's the best i've got what do you do to relax)
Participant;340.68;384.79;yeah that's cool um i definitely um uh try to reflect and stay in a pretty lucid space as often as possible so a lot of lying down at the moment i'm in transition so there's just a lot of and i and i hang out with my dogs a lot so that's quite soothing i try not to do i don't really do anything that's too tense unless it's time for it like time to drive to a job or time to you know go make some things happen meetings and stuff but otherwise um i try to stay in a pretty relaxed space most of the time so it's not like break and but you know and i i miss <mi> i miss swimming i can't believe summer's coming so i'm gonna swim some more too
Ellie;385.783;389.045;mhm (mhm) control_temper (how are you at controlling your temper)
Participant;389.75;406.71;um when i'm truly outraged uh it comes out and then i i'm i'm i'm hitting some kind of bad parts right now 'cause it's a very hard time i'm fighting for my child so there are times when i will just cuss up a storm just to get off some steam
Ellie;407.834;409.314;landed_trouble (has that gotten you in trouble)
Participant;409.54;424.39;a little bit but usually pretty much there's always um you know someone in the periphery that gets it and and you know it's like that bumper sticker if you're not outraged you're not paying attention so usually some kind of sanity can prevail
Ellie;425.834;428.884;last_argument (when was the last time you argued with someone and what was it about)
Participant;428.49;459.34;oh well i mean these are times where i just can't find somthing in the car and but when i argue with people it's been a lot of the times when i'm being flat out you know um sabotaged or or definitely just when uh what's the last specific time well i you know i lost my temper dreadfully with um unfortunately um the woman that gave me birth because that she is intrinsic in a lot of i mean she's pretty much a horrible person so i i recently lost my temper with her
Ellie;461.592;463.132;describe_felt (how did you feel in that moment)
Participant;463.97;506.45;i felt like um i mean i like again um i think i sort of said this just now i felt in a way good because i get it you know which is as opposed to not getting it which is even worse but i guess there's another side of the bank of the thing to get to to where you can be a little more constructive about it it's like you know you get to a point where you're glad you can actually see that there's a horrible travesty going on but then you have to figure out how to deal with the horrible travesty but so i mean i don't <do> i didn't feel like shame i really honestly didn't feel shame i didn't i didn't feel
Ellie;501.703;502.653;understand (i understand)
Participant;507.14;515.71;there are times when i feel like it was stupid to lose my temper just because there are people that will try to use that against you that's all but i never really feel bad for
Ellie;514.608;515.078;yeah3 (yeah)
Participant;516.26;517.82;being angry about what i'm angry about
Ellie;518.907;524.779;okay_confirm (okay) situation_handled (tell me about a situation that you wish you had handled differently)
Participant;526.11;572.98;well when i was pregnant i wish i had um like i said um i i went through um such an awakening about realizing when i was being sort of um undermined that um that demanding my respect became a huge issue and when i was pregnant i ended up being so disrespected in the place 'cause i was being a hippie on the beach for six years so i always felt like i was being so disrespected in the place where um i was set to be when the child arrived that i stormed out via what was a good survival mode before but left me jumping out of the frying pan into the fire and they got my kid so
Ellie;574.129;574.809;Ellie17Dec2012_06 (wow)
Participant;574.82;575.21;yeah
Ellie;575.766;577.116;been_hard (that sounds really hard)
Participant;577.01;580.84;it's fucked up yeah
Ellie;581.007;585.136;memory_erase (tell me about an event or something that you wish you could erase from your memory)
Participant;585.57;596.39;i don't want to erase anything from my memory i like having everything consolidated and cohesive i don't and integrated i don't wanna erase anything from my memory
Ellie;597.526;602.722;okay_confirm (okay) hard_decisionB (tell me about the hardest decision you've ever had to make)
Participant;605.34;636.8;um well did i get it right or did i get it wrong <laughter> um yeah i'm uh i guess the hardest decision was whether or not to sign um sign mediation agreement with d_c_f_s and i should've said no let's just go straight to court because the there is nothing wrong with me i just happen to succumb to an s_s_i check via bullshit with my mother and i should've just been you know um brave enough to just go in there and do that and instead i chickened out and did their mediation and they played me out
Ellie;638.932;640.362;change_directions (what made you decide to do that)
Participant;641.85;643.61;overcautiousness
Ellie;645.462;650.519;okay_confirm (okay) family_relationship (tell me about your relationship with your family)
Participant;650.51;658.43;it's horrific horrendous bourgeoise quality intrigue and sabotage it's bad
Ellie;659.291;660.031;im_sorry (i'm sorry)
Participant;659.94;660.65;it's okay
Ellie;661.707;664.037;influence_positive (who's someone that's been a positive influence in your life)
Participant;665.66;707.22;someone that i mean there's been um you know there's been some some great people uh again from afar i have not sort of really um achieved a real great ability to build relationships and i'm working through that right right right <r> right now and i think that's a lot why i don't have my son but as i've grown and developed i've seen encouragement from like minded souls and you can see that and so that's wonderful and um but otherwise you know a constant you know contact with someone that's really good for me it has been hard for me to um get to that point
Ellie;709.118;713.47;okay_confirm (okay) easy_sleep (how easy is it for you to get a good night's sleep)
Participant;713.82;715.7;not so easy these days at all
Ellie;716.397;716.967;why2 (why)
Participant;717.38;735.21;um i'm being i've been um i'm not completely centered and then there's been some um actual you know uh people thinking it's funny to harass me or jolt me as they walk by and so there's been actual harassment and stuff like that
Ellie;736.487;738.267;sleep_affects (what are you like when you don't sleep well)
Participant;739.19;745.81;um i'm still pretty pollyanna'd out i still forge ahead and try to be as pleasant as possible
Ellie;747.431;748.811;feel_lately (how have you been feeling lately)
Participant;749.58;766.4;i'm tired and drained and a little bit um frustrated because that i know that um i've been sort of that i sort of have a bit of um my um energy and and space being usurped <u> usurped and i can tell and i don't know how to get through that and past it
Ellie;768.936;770.976;ptsd_diagnosed (have you ever been diagnosed with p_t_s_d)
Participant;770.98;771.26;no
Ellie;772.108;773.918;depression_diagnosed (have you been diagnosed with depression)
Participant;773.94;774.19;no
Ellie;775.997;778.544;happy_lasttime (tell me about the last time you felt really happy)
Participant;779.73;820.9;um there are i'm i'm i'm basically very very very happy pretty much blissed out person but um this fighting for my son has me sort of trudging areas that it's as if the same trees that were thrown in my road in childhood before i realized i was such a happy person are thrown there again so i'm going through some of the same pitfalls and mistakes but you know um during the day i'll i'll i'll i'll think something completely true and organic and i i'll just stare at something and go wow that's beautiful and i'll be reminded that i'm pretty close to my spirit so um i try to stay there twenty four seven i'm pretty spiritual that way
Ellie;822.09;823.78;BF_describe (how would your best friend describe you)
Participant;825.28;848.17;um uh uh fun i mean if i had one that was willing to say all the nice things about me gets pretty competitive out there um that you know that i'm this is off you guys that i'm funny and that um and that um i think that's bad um that i'm funny and that i'm good and that that i'm trustworthy
Ellie;852.138;855.02;self_change (what are some things you wish you could change about yourself)
Participant;857.12;874.55;um just uh i'm i'm i not necessarily change but grow through um my ability to connect with the people i wanna connect with and disconnect from the people that manage to to drain me
Ellie;875.877;878.528;isee_downer (i see) regret (is there anything you regret)
Participant;880.09;890.27;i already said i regret the thing with um leaving the place where i could've delivered my son even though i was being um uh sort of abused
Ellie;892.264;895.995;right2 (right) advice_back (what advice would you give to yourself ten or twenty years ago)
Participant;897.24;910.08;get the fuck away from your mother <laughter> sorry um you know and like a lot of the <th> um and and yeah and to open your eyes look what look what's going on
Ellie;911.225;915.919;okay_confirm (okay) Ellie17Dec2012_08 (what are you most proud of in your life)
Participant;916.21;931.74;i'm proud of my um spirit and my outlook and my um my access to um what's really going on in the world and my um awakeness i'm just proud of me as a person
Ellie;932.848;937.988;thats_great (that's great) asked_everything (okay i think i have asked everything i need to)
Participant;937.97;938.44;okay
Ellie;938.332;939.772;appreciate_open (thanks for sharing your thoughts with me)
Participant;939.73;940.34;you're welcome
Ellie;941.251;941.861;bye (goodbye)
Participant;941.85;942.09;bye
