speaker;start_time;stop_time;text
Participant;24.57;25.54;<sync>
Ellie;40.119;61.659;IntroV4Confirmation (hi i'm ellie thanks for coming in today i was created to talk to people in a safe and secure environment i'm not a therapist but i'm here to learn about people and would love to learn about you i'll ask a few questions to get us started and please feel free to tell me anything your answers are totally confidential are you ok with this)
Participant;62.45;63.23;yes
Ellie;63.261;67.12;okay_confirm (okay) how_doingV (so how are you doing today)
Participant;67.98;68.81;okay
Ellie;69.438;72.76;thats_good (that's good) where_originally (where are you from originally)
Participant;73.92;75.33;originally from texas
Ellie;75.603;78.899;really (really) when_LA (when did you move to l_a)
Participant;80.58;82.02;oh few weeks ago
Ellie;84.726;86.346;compares_LA (how does it compare to l_a)
Participant;89.05;96.66;uh well i've been living in um palm springs actually so uh l_a there's a lot more to do and uh weather's a lot better
Ellie;97.805;98.825;why_LA (why did you move to l_a)
Participant;100.25;101.42;uh for work
Ellie;102.968;103.968;happy_didthat (are you happy you did that)
Participant;105.6;106.23;yes
Ellie;107.305;111.414;thats_good (that's good) like_about_LA (what are some things you really like about l_a)
Participant;112.82;117.76;uh the weather the beach a lot of activities things to do
Ellie;118.774;121.124;dont_like_LA (what are some things you don't really like about l_a)
Participant;122.7;128.7;mm traffic and the uh rental is higher <high> a lot higher here
Ellie;129.278;135.25;yeah3 (yeah) see_mean (i see what you mean) adapted_LA (how easy was it for you to get used to living in l_a)
Participant;137.64;141.6;uh at at first it was a little difficult but then i adapted
Ellie;142.709;148.886;travel_shoes (i'm sure you can tell by my shoes i'm not much of a world explorer do you travel a lot)
Participant;149.89;151.76;uh just in the united states
Ellie;152.622;154.142;travel_changed (what do you enjoy about traveling)
Participant;155.9;160.0;uh new experiences uh learn a lot of things
Ellie;160.932;162.612;travel_trips (i'd love to hear about one of your trips)
Participant;165.0;175.87;uh yeah one time i went uh yosemite and up through san francisco uh i really enjoy the beautiful scenery
Ellie;177.5;179.86;memorableB (what's one of your most memorable experiences)
Participant;181.59;196.12;uh probably when i uh last year i i uh met a girlfriend up in uh san francisco and drove down highway one and uh saw a lot of uh sights hearst castle things like that
Ellie;196.879;201.04;awesome (awesome) study (what did you study at school)
Participant;202.67;204.05;uh computer science
Ellie;205.704;207.114;hard_decision (how did you decide to do that)
Participant;209.19;218.9;uh well i went to school back in the eighties and uh computers were uh kind of a new new up and coming thing so decided to to do that
Ellie;220.324;221.584;still_working_on_X (are you still working in that)
Participant;223.1;224.62;little bit not too much
Ellie;225.517;226.717;dream_job (what's your dream job)
Participant;228.93;234.18;uh probably um i think to have like a little uh little magazine
Ellie;238.387;238.927;like_what (like what)
Participant;240.99;253.81;uh well i've started already started it it's like a small uh local magazine that has uh coupons and uh going to expand it to different uh parts of california
Ellie;254.192;261.288;cool3 (cool) shyoutgoing (do you consider yourself more shy or outgoing)
Participant;260.74;261.93;probably shy
Ellie;262.712;263.282;why2 (why)
Participant;265.51;275.36;um mm well let's see not uh i guess not as outgoing as many of my friends
Ellie;276.899;290.921;okay_confirm (okay) relax_fishtank (sometimes when i'm feeling tense i turn on the fish tank screensaver hey i know it's not hawaii but it's the best i've got what do you do to relax)
Participant;292.32;298.39;um actually i uh go dancing i like dancing it's relaxing to me
Ellie;298.525;301.744;nice (nice) bouts_symptoms (when was the last time that happened)
Participant;303.3;309.11;uh uh uh i do latin dancing so i do it several times a week so last weekend i went
Ellie;309.748;313.993;thats_great (that's great) control_temper (how are you at controlling your temper)
Participant;315.0;315.8;very good
Ellie;316.408;319.458;last_argument (when was the last time you argued with someone and what was it about)
Participant;321.45;328.46;um i i think i argued with someone a couple of weeks back it was about a religion religious issue
Ellie;330.814;332.354;describe_felt (how did you feel in that moment)
Participant;335.13;338.62;um felt okay
Ellie;340.42;345.976;okay_confirm (okay) situation_handled (tell me about a situation that you wish you had handled differently)
Participant;348.37;366.28;mm um see can't think of one right now <laughter> let's see maybe uh when i was doing one of my real estate sales
Ellie;368.025;369.185;tell_about_that (can you tell me about that)
Participant;372.22;386.99;um i was um sometimes the clients are pretty uh pretty difficult and i think i should've been like a little more uh assertive with them
Ellie;388.513;394.504;see_mean (i see what you mean) hard_decisionB (tell me about the hardest decision you've ever had to make)
Participant;396.56;402.84;mm probably uh moving to california
Ellie;404.32;405.41;more (tell me more about that)
Participant;408.24;418.84;well i was uh leaving my friends and family in texas and um just pretty much starting a new life out in california out here
Ellie;419.43;420.37;difficult (how hard is that)
Participant;422.25;426.6;uh well it was it was pretty difficult but you know i got adjusted
Ellie;428.294;431.049;family_relationship (tell me about your relationship with your family)
Participant;433.54;458.51;well um i have only an aunt and a few cousins left so uh it's it's not too much a relationship i have a a a great a uh an aunt that's the sister of my mom and uh you know i send her texts periodically but uh most of the time i really don't have  much uh contact with family
Ellie;458.992;462.72;mm (mm) influence_positive (who's someone that's been a positive influence in your life)
Participant;465.0;471.15;um probably parents both of them were very supportive
Ellie;473.489;477.619;memory_erase (tell me about an event or something that you wish you could erase from your memory)
Participant;480.89;487.58;mm probably when the parents were sick and passed away
Ellie;488.845;493.943;sorry_hear (i'm sorry to hear that) uncomfortable_talkV (is it uncomfortable for you to talk about this)
Participant;495.02;495.57;no
Ellie;497.582;498.742;tell_about_that (can you tell me about that)
Participant;500.8;515.61;uh well i both parents were um uh got sick and uh got dementia and uh it's you know one parent didn't remember who i was so it was uh that part was pretty difficult
Ellie;517.485;520.363;Ellie17Dec2012_06 (wow) symptoms_cope (how do you cope with them)
Participant;522.72;531.94;well they they passed away so it's just uh it's been about ten years so it's uh just um it's just memories now
Ellie;532.533;537.18;downer (okay) easy_sleep (how easy is it for you to get a good night's sleep)
Participant;538.82;541.35;mm not too easy
Ellie;542.065;542.635;why2 (why)
Participant;545.22;553.17;uh it's just tossing and turning i think all night and uh probably thinking thinking too much about things
Ellie;554.344;554.884;like_what (like what)
Participant;556.74;564.32;uh probably like the future things like the economy and uh my work things like that
Ellie;565.264;568.87;okay_confirm (okay) sleep_affects (what are you like when you don't sleep well)
Participant;571.04;572.47;uh tired
Ellie;574.503;575.883;feel_lately (how have you been feeling lately)
Participant;576.68;577.62;tired <laughter>
Ellie;579.054;582.224;behavior_changes (have you noticed any changes in your behavior or thoughts lately)
Participant;583.84;586.48;mm just uh not as positive
Ellie;588.028;590.068;ptsd_diagnosed (have you ever been diagnosed with p_t_s_d)
Participant;590.62;591.23;no
Ellie;591.549;593.359;depression_diagnosed (have you been diagnosed with depression)
Participant;593.92;594.47;no
Ellie;596.005;599.81;happy_lasttime (tell me about the last time you felt really happy)
Participant;602.48;615.25;mm probably uh few weeks ago i received a pretty good uh real estate commission so i was happy about that
Ellie;616.257;621.99;thats_good (that's good) ideal_weekendC (tell me how you spend your ideal weekend)
Participant;624.69;638.36;uh when i'm in l_a um going to some of the meet up groups or some some of the uh i like going to whole foods and and trying some new uh places to go salsa dancing
Ellie;640.703;643.294;okay_confirm (okay) regret (is there anything you regret)
Participant;644.96;645.88;no
Ellie;646.87;649.82;advice_back (what advice would you give to yourself ten or twenty years ago)
Participant;651.87;659.28;mm probably to be more uh outgoing
Ellie;662.657;665.626;self_change (what are some things you wish you could change about yourself)
Participant;667.4;679.87;mm probably be more successful in uh business and be a little more uh uh outgoing
Ellie;680.249;687.185;mhm (mhm) feelbadly (tell me about a time when someone made you feel really badly about yourself)
Participant;688.53;714.4;mm probably my boss uh he's pretty uh condescending and um really likes to belittle people and uh <laughter> put him uh put himself as the king so he he has says a lot of comments to make himself build himself up and uh belittle whoever whoever else is in the room
Ellie;715.257;718.732;oh_no (oh no) give_example (can you give me an example of that)
Participant;721.55;747.12;uh it's well usually when you go in uh he likes to brag on how much money he's made in the business and uh then say things like uh see see how much better i am than you are uh you've look how much money i've made this year and and you're the worst piece of shit agent there is things like that
Ellie;747.134;747.974;that_sucks (that sucks)
Participant;751.02;751.62;mhm
Ellie;751.021;753.961;Ellie17Dec2012_07 (what would you say are some of your best qualities)
Participant;755.54;767.09;um probably uh i have integrity and a good heart hardworking honest
Ellie;768.439;771.689;Ellie17Dec2012_10 (tell me about something you did recently that you really enjoyed)
Participant;775.8;798.96;um probably i just went i guess uh some of the times i've gone dancing uh i went to a casino uh in a little town called temecula i met a lot of new friends and uh it uh dancing and meeting friends new friends
Ellie;799.202;804.686;thats_great (that's great) Ellie17Dec2012_08 (what are you most proud of in your life)
Participant;806.89;823.46;um probably it was about it uh education i guess my education and uh able to uh move move out here where i wanted to go
Ellie;824.858;829.376;asked_everything (okay i think i have asked everything i need to) appreciate_open (thanks for sharing your thoughts with me)
Participant;830.19;831.07;thank you
Ellie;831.103;831.713;bye (goodbye)
Participant;832.26;832.92;bye
