speaker;start_time;stop_time;text
Ellie;39.185;60.645;hi i'm ellie thanks for coming in today i was created to talk to people in a safe and secure environment i'm not a therapist but i'm here to learn about people and would love to learn about you i'll ask a few questions to get us started and please feel free to tell me anything your answers are totally confidential are you okay with this
Participant;60.915;61.245;yes
Ellie;61.96;65.28;okay so how are you doing today
Participant;65.68;66.62;fine thank you
Ellie;67.405;70.445;that's good where are you from originally
Participant;70.89;72.14;i'm originally from india
Ellie;72.94;73.39;really
Participant;73.68;74.04;yeah
Ellie;74.71;75.61;why'd you move to l_a
Participant;76.32;76.78;i'm sorry
Ellie;77.63;78.5;why'd you move to l_a
Participant;79.895;82.385;why <wh> why do i miss sorry
Ellie;82.25;83.15;why'd you move to l_a
Participant;85.485;86.525;why do i miss l_a
Ellie;88.37;89.32;when'd you move to l_a
Participant;89.77;91.5;oh about twenty years ago
Ellie;93.0;98.42;wow that's a long time how often do you go back to your home town
Participant;98.585;100.345;oh once every three four years
Ellie;101.8;105.717;that's good how easy was it for you to get used to living in l_a
Participant;106.767;116.397;um i mean the first <f> the first six months it was a little difficult but but then i got used to it then i'm feel i feel very comfortable now
Ellie;117.142;119.767;that's good do you travel a lot
Participant;120.312;120.772;yes
Ellie;121.807;123.197;what do you enjoy about traveling
Participant;124.507;145.1;um the food <laughter> uh actually i enjoy uh flying then um eh you know meeting different people uh different scenes um you know then uh try <tr> try try <tr> try to achieve my goals
Ellie;146.64;148.07;i'd love to hear about one of your trips
Participant;146.89;149.16;uh i'm sorry
Ellie;150.19;151.7;i'd love to hear about one of your trips
Participant;152.84;205.0;oh the they i used to run a business i used to travel to um meet people to get orders and that traveling involved uh going to northeast of you know ohio and pennsylvania uh places like that uh meet top uh people uh eh to get my uh to get orders for my business and uh you know i enjoyed uh listening to their problems i used to take them out for dinner and uh if you know uh i'll be i really enjoyed uh genuinely enjoyed uh talking to talking to them and um many of them were open enough to tell me about their problems and uh you know uh all my but my main goal main main objective was to get the orders for the business
Ellie;206.29;211.03;nice what do you do to relax
Participant;212.2;220.0;ooh mm you know cook um watch movies uh meet friends uh throw a party
Ellie;221.78;225.31;okay what do you do now
Participant;226.4;227.24;i'm talking to you
Ellie;229.18;230.18;what'd you study at school
Participant;231.2;235.98;uh i'd i'm an engineer i did mechanical engineering i'm also an m_b_a
Ellie;237.21;238.24;are you still working in that
Participant;239.48;243.54;uh <clears throat> actually i branched off to finance i trade stocks now
Ellie;245.1;246.5;how did you decide to do that
Participant;248.16;284.645;um <clears throat> a friend of mine was um you know making a lot of money in stocks and um you know i was um first i used to uh uh you know interact with him uh well also be with him when he was trading stocks and i realized he was uh making a lot of money then i uh did a formal course in it uh attended lot of seminars then you know um lost <lo> lost <lo> lost a lot of money and uh before i started making money
Ellie;286.875;292.305;mhm what are some things you like to do for fun
Participant;293.815;307.895;uh it's the same thing that i said um you know watch movies go be visit people um play basketball uh then do shopping cooking
Ellie;309.63;313.355;okay how are you at controlling your temper
Participant;313.815;321.495;i'm very good at that you know uh even <e> even when i'm irritated uh you know i'm very good at controlling uh my temper
Ellie;324.445;329.025;that's great when was the last time you argued with someone and what was it about
Participant;331.485;369.89;the last time i argued with was with my brother it was about my dad um you know uh he was getting old uh i mean he's getting old and um he lives in india and uh i was planning on uh bringing him here my dad's um i mean my brother said it's gonna be very expensive to um you know it's gonna be very expensive uh with respect to health bills and uh i was uh you know arguing with him that we should all pool in the money and get them here because they are quite old i have a mom too you know pool some they're both old
Ellie;368.847;373.872;uh huh how close are you to your family
Participant;374.907;381.35;i'm very close to my parents not so close to <t> uh um with my brother and their family
Ellie;382.535;382.895;why
Participant;384.785;416.89;um it's the i mean like i tend to be judgmental and uh you know but i think sometimes that the my niece and nephew should have been brought brought up in a different way and uh you know uh and you know my <m> my brother doesn't seem to uh think along the same lines and um you know uh we have disagreements and mm you know that's the reason
Ellie;417.925;419.225;that sounds really hard
Participant;419.98;420.38;it is
Ellie;424.6;425.51;is there anything you regret
Participant;427.97;430.485;um no not at this time
Ellie;432.22;433.6;what do you think of today's kids
Participant;434.83;435.75;what do i think of what
Ellie;437.28;438.67;what do you think of today's kids
Participant;441.405;443.775;um can you can you repeat that one more time
Ellie;444.86;446.29;what do you think of today's kids
Participant;448.345;451.19;um and i still couldn't follow you
Ellie;451.825;453.215;let's come back to that later
Participant;453.755;454.155;okay
Ellie;455.745;457.265;have you ever served in the military
Participant;457.54;457.75;no
Ellie;459.1;461.0;have you ever been diagnosed with p_t_s_d
Participant;461.62;461.83;no
Ellie;462.965;464.695;have you been diagnosed with depression
Participant;465.475;466.175;uh yes
Ellie;467.36;469.14;how long ago were you diagnosed
Participant;469.275;470.875;about <bout> one to two years ago
Ellie;473.16;475.18;what made you decide to go and see someone
Participant;475.92;494.07;i was feeling down <d> uh down and i was not interested in things that i was <wa> that i was normally interested in and uh you know i was sort of withdrawn and um the it was sh i was not able to focus on my things so i thought maybe i should go see a doctor and i ended up doing that
Ellie;495.145;498.3;yeah did you think you had a problem before you found out
Participant;500.18;503.0;uh no mm
Ellie;502.795;503.865;what were your symptoms
Participant;505.027;523.205;xxx i lost appetite i was not sleeping well and i i had difficulty um concentrating you know and focusing and uh i was not getting uh my assignments done on time uh these <the> these were some of the problems
Ellie;524.33;525.7;how have you been feeling lately
Participant;526.11;528.3;i been feeling good but
Ellie;528.46;529.0;that's good
Participant;528.595;528.735;uh
Ellie;531.375;532.615;do you still go to therapy now
Participant;532.925;533.465;no i don't
Ellie;534.53;535.18;why did you stop
Participant;535.74;544.015;i started doing yoga and uh you know i've been doing that for about a year and that's uh and meditation and that's helped a lot
Ellie;545.14;549.72;awesome what made you decide to do that
Participant;551.835;570.12;uh it's just that uh you know when i was diagnosed with uh depression i thought i shouldn't be taking any medication for it and i was looking at uh uh other ways to get over the problem and uh then i realized some of my friends were doing meditation and uh you know i got influenced by them
Ellie;572.055;576.6;i understand how easy is it for you to get a good night's sleep
Participant;577.89;589.21;uh it's a little difficult but uh of late i've been able to sleep uh within half an hour there are days when it takes almost one two hours to uh go to sleep
Ellie;591.41;592.6;are they triggered by something
Participant;593.665;595.185;are they what can you repeat that
Ellie;595.68;596.93;are they triggered by something
Participant;598.505;599.075;uh no
Ellie;600.27;601.87;what are you like when you don't sleep well
Participant;604.46;623.195;i just uh you know uh just switch off the light and uh you know keep tossing around and uh try to focus on things uh that makes me uh feel good and this and that
Ellie;624.295;625.795;when was the last time that happened
Participant;627.575;629.355;um about <bout> three days ago
Ellie;630.73;635.98;okay what are you most proud of in your life
Participant;637.26;638.33;what am i proud of
Ellie;639.765;640.125;yes
Participant;640.995;663.105;uh i was in i i was among the top two percent in my m_b_a class and um and when i used to run my business i designed a product um that was uh working really well and uh i was happy that i was able to design something that was so useful for my business
Ellie;664.69;669.135;yeah how would your best friend describe you
Participant;671.211;687.332;uh my my i'm thinking my friends would describe me as uh very friendly very easy to get along with uh very focused uh very intelligent and a good cook
Ellie;690.05;693.944;okay who's someone that's been a positive influence in your life
Participant;696.261;703.994;um albert einstein
Ellie;705.648;706.657;can you tell me about that
Participant;708.579;746.781;uh i mean some <so> some of some of some of his theories um you know it obviously it involves <inv> it involves a lot of deep thinking and uh the the first few times i read about him about his uh uh theories uh i had difficulty in um um really understanding that and uh that you know we it i mean when's when there when there are things that i really try to understand and i i'm not able to i and uh you know there are there are the type of people i admire
Ellie;747.676;754.216;mhm what advice would you give yourself ten or twenty years ago
Participant;757.699;758.772;listen to other people
Ellie;763.099;765.044;what are some things you really like about l_a
Participant;766.959;783.572;uh it's diverse um and i like the the entertainment industry and uh i like uh yeah the fact that there are more women uh than men here
Ellie;784.613;785.332;<laughter>
Participant;785.558;787.913;<laughter> um
Ellie;787.899;789.926;what are some things you don't really like about l_a
Participant;791.908;807.29;uh there are certain areas where only spanish <spa> uh where only spanish is spoken uh you know i would like uh for all people who come to america to be able to understand english and be able to speak in english so that everybody can participate
Ellie;810.239;812.303;what are some things that make you really mad
Participant;814.948;817.206;um in l_a
Ellie;819.197;820.315;whatever comes to your mind
Participant;822.206;849.807;um i mean like i some of the things the political leaders uh do really makes me mad uh uh sometimes i think they're wasting their wasting their time our time and other countries are advancing and um you know these <th> these guys don't get things done and you know i feel very bad about it and sometimes it makes me angry
Ellie;850.943;853.251;yeah can you give me an example of that
Participant;854.76;905.156;uh yeah i mean the first four years of uh obama administration i'd i think it was wasted because uh if the if congress had acted together uh eh got things done then uh you know we would <wou> mm maybe we could have uh you know uh made it much more difficult for china to catch up with us and you know the fact that china's able to do things and get things done much faster and these people still um you know uh argue and uh you know find <fi> uh find faults with each other and not get things done um you know they don't seem to realize that you know uh you know the clock keeps ticking you know they have to get things done
Ellie;906.086;910.33;yeah what's one of your most memorable experiences
Participant;912.025;927.076;um i mean like you know uh <laughter> one thing that comes to my mind is well you know i made a lot of money while uh you know once in los angeles uh
Ellie;927.139;927.748;nice
Participant;928.226;937.048;and you know i thought it happened during christmas some ten years ago and uh that that made me very happy
Ellie;939.061;945.225;okay what are some things that usually put you in a good mood
Participant;947.629;972.117;good music good food uh i mean the eh a party with friends that i like and uh and you know i also like cooking and i enjoy cooking with groups in groups uh those are things that really put me in a good mood
Ellie;975.508;977.699;what would you say are some of your best qualities
Participant;980.208;1007.763;um i'm very clean um i listen to people and i empathize uh try to solve their problems uh and i'm hoping they think i'm you know uh my advices and recommendations are uh worth um their time
Ellie;1010.645;1017.59;that's great okay i think i've asked everything i need to thanks for sharing your thoughts with me
Participant;1017.917;1019.744;thank you so much you've been nice
Ellie;1019.39;1019.944;goodbye
Participant;1020.254;1020.563;bye
