speaker;start_time;stop_time;text
Participant;17.14;17.93;<synch>
Ellie;34.004;55.544;IntroV4Confirmation (hi i'm ellie thanks for coming in today i was created to talk to people in a safe and secure environment i'm not a therapist but i'm here to learn about people and would love to learn about you i'll ask a few questions to get us started and please feel free to tell me anything your answers are totally confidential are you ok with this)
Participant;55.678;56.448;yeah go ahead
Ellie;57.418;61.484;okay_confirm (okay) okay_confirm (okay) how_doingV (so how are you doing today) how_doingV (so how are you doing today)
Participant;61.858;63.108;um i'm okay
Ellie;64.271;67.15;thats_good (that's good) thats_good (that's good) where_originally (where are you from originally) where_originally (where are you from originally)
Participant;67.707;75.137;i grew up in wisconsin and i lived in colorado for a bit and then i lived overseas for a little while then i moved to california
Ellie;75.865;76.435;wow (wow)
Participant;77.11;77.57;mhm
Ellie;79.262;80.342;when_LA (when did you move to l_a)
Participant;81.26;88.55;i moved here at the end of june of last year so i guess it's been what eight months something like that
Ellie;89.977;91.878;often_backB (how often do you go back to your hometown) often_backB (how often do you go back to your hometown)
Participant;92.79;96.26;um <sigh> at the most probably twice a year
Ellie;97.759;99.38;compares_LA (how does it compare to l_a) compares_LA (how does it compare to l_a)
Participant;99.76;112.8;<laughter> well my hometown is uh all of five thousand people  and um there are a lot of cows and barns and farms so the opposite of l_a <laughter>
Ellie;106.941;115.054;wild_laughter3 ((laughter)) wild_laughter3 ((laughter)) why_LA (why did you move to l_a) why_LA (why did you move to l_a)
Participant;116.79;157.052;um <sigh> it's a good question i i've always wanted to live in california so but i had been living in in the central coast um and i just had been coming down to l_a like once a month for different business and networking and personal development stuff so um yeah things were were changing in santa cruz for me the client i had who was really the main like financial um main financial source i had that relationship ended so i was totally free to move and i thought well i guess i'll give l_a a try and see what happens so
Ellie;157.649;158.119;uh_huh (uh huh)
Participant;158.516;159.772;so i gave it a shot and here i am
Ellie;160.457;162.937;adapted_LA (how easy was it for you to get used to living in l_a) adapted_LA (how easy was it for you to get used to living in l_a)
Participant;163.139;191.835;oh not at all <laughter> it's a very very big city um i lived in dublin in ireland it was a which is also a big city but you know european cities are much more condensed and the public transportation is much more easy um and yeah so just getting around here and getting familiar with the city was pretty challenging and uh yeah so
Ellie;192.296;201.893;yeah3 (yeah) yeah3 (yeah) see_mean (i see what you mean) travel_shoes (i'm sure you can tell by my shoes i'm not much of a world explorer do you travel a lot) travel_shoes (i'm sure you can tell by my shoes i'm not much of a world explorer do you travel a lot)
Participant;195.983;215.395;<sigh> <laughter> i love to travel i love it yeah i've i i lived in ireland and i traveled um i was in morocco and i was in costa rica um i've spent some time in mexico so yeah
Ellie;215.03;216.55;travel_changed (what do you enjoy about traveling)
Participant;217.563;231.018;um i love <sigh> meeting new people experiencing new cultures and like also not just seeing what's different but seeing what's similar among people everywhere you go
Ellie;232.818;234.499;travel_trips (i'd love to hear about one of your trips) travel_trips (i'd love to hear about one of your trips)
Participant;235.881;261.795;um sure well i guess hmm i'm trying to think which was my favorite i mean eh there was amazing things about morocco and costa rica both but morocco was incredible it was like twelve days and we went to three different locations we went up in the atlas mountains which are beautiful and uh yeah it's a really really cool culture so it was fun
Ellie;262.321;264.683;memorableB (what's one of your most memorable experiences) memorableB (what's one of your most memorable experiences)
Participant;266.455;308.757;um <sigh> my trip to ireland i actually visited there which is why i decided to move there so my most memorable moment of that trip i mean there's probably dozens but the first most memorable moment of that trip was um being on a bus and and leaving um dublin and going just out to the countryside and seeing how absolutely breathtakingly beautiful it is i mean it's everyone sees pictures of ireland or you know you see it in films and it's green and lush and gorgeous but when you actually get there and experience it it's it like the pictures don't do it justice so it was incredible
Ellie;309.605;310.326;awesome (awesome) awesome (awesome)
Participant;311.065;311.405;yeah
Ellie;312.115;313.255;study (what did you study at school)
Participant;314.417;321.687;um i have an undergrad degree in english and psychology and a psychology minor and i have a master's degree in women studies
Ellie;322.732;323.993;still_working_on_X (are you still working in that) still_working_on_X (are you still working in that)
Participant;325.42;355.17;no i use my english and psychology um i work in marketing communications so i actually do sales so um yeah the psychology definitely comes into comes into play and eh so does my i guess my undergrad degree in english but really like i took that on and and created something out of it because most people who get an english degree just teach and i i wasn't wanting to teach
Ellie;356.034;358.948;yeah3 (yeah) yeah3 (yeah) change_directions (what made you decide to do that) change_directions (what made you decide to do that)
Participant;361.04;367.032;um to guess i'm not clear on the question um
Ellie;369.496;371.117;back_later (let's come back to that later) back_later (let's come back to that later)
Participant;371.13;371.48;okay
Ellie;372.235;378.326;job_virtually (i love my job you could almost say it's virtually made for me what's your dream job)
Participant;376.14;400.135;<laughter> wow um <sigh> you know my dream job is being a a motivational speaker and trainer and coach um and traveling the world doing that and and impacting people's lives and um really contributing to people
Ellie;402.113;407.114;okay_confirm (okay) okay_confirm (okay) family_relationship (tell me about your relationship with your family)
Participant;408.77;446.365;um my relationship's pretty good actually i i just repaired my relationship with my biological mother who would not she was sporadic i saw her sporadically growing up i lived my dad raised me and then he married my stepmom and um they had two kids together so i grew up and i consider them like the family i grew up with so but i got  in communication with my biological mother um last may and we've been we've you know cleared things up and have been in communication since then so
Ellie;447.402;450.494;thats_good (that's good) thats_good (that's good) describe_felt (how did you feel in that moment) describe_felt (how did you feel in that moment)
Participant;453.525;480.26;um <mutters> well not sure which moment you mean but if you're referring to being in communication with my birth mother um i mean it was very freeing to just let go of the past and let the past be the past and create something new in the future and eh not just the future but in the present moment with her so yeah
Ellie;480.202;487.353;mhm (mhm) shyoutgoing (do you consider yourself more shy or outgoing)
Participant;486.64;487.3;i'm shy
Ellie;489.596;501.361;relax_fishtank (sometimes when i'm feeling tense i turn on the fish tank screensaver hey i know it's not hawaii but it's the best i've got what do you do to relax) relax_fishtank (sometimes when i'm feeling tense i turn on the fish tank screensaver hey i know it's not hawaii but it's the best i've got what do you do to relax)
Participant;494.64;549.415;<laughter> <laughter> um to relax i do a number of things i like to do yoga although i don't have the money for it right now um i love to dance i love to read i love to go to the ocean spend time just staring at the waves and soaking up all those negative ions that really recharges my battery actually probably more than anything else um i like to be with friends um i love art and trying new restaurants um yeah all those things are both relaxing eh i guess they're relaxing in the sense that um i feel connected to the people in my life and to the experiences of my life so
Ellie;550.534;551.004;uh_huh (uh huh)
Participant;550.58;551.91;yeah yeah
Ellie;553.297;555.357;control_temper (how are you at controlling your temper) control_temper (how are you at controlling your temper)
Participant;556.695;562.095;um depends if i'm driving not very good but otherwise i'm pretty good at it <laughter>
Ellie;562.566;565.617;last_argument (when was the last time you argued with someone and what was it about) last_argument (when was the last time you argued with someone and what was it about)
Participant;567.07;581.28;um <sigh> last time i argued with somebody probably would have to be oh no it was with the l_a times about the newspaper delivery yeah that was the last time so
Ellie;581.559;582.719;tell_about_that (can you tell me about that)
Participant;584.27;636.2;yeah the <sigh> um the newspaper that was supposed to show up for the elderly lady that i take care of uh it didn't show up and uh i didn't realize that it wasn't there until um late i don't know afternoon i think early afternoon and then i called them and they said they couldn't send a replacement because it was after ten thirty in the morning which was absurd to me when they made the mistake in the first place so i mean for a service that you know we pay for for every day so um yeah it was i was really irratated and then i found out that the newspaper had been forwarded to a new address and that had not been communicated with me so i was angry with the l_a times i was angry with the people who'd forwarded the newspaper and didn't tell me yeah i was pretty frustrated
Ellie;636.767;641.87;yeah_downer (yeah) situation_handled (tell me about a situation that you wish you had handled differently)
Participant;642.49;738.52;oh wow there are quite a few of those <sigh> um let me think about one um the other day i had a phone call and i'm in a coaching program and it was from <sigh> one of the coaches in the program and she was um explaining to me that there was an additional call that was going to be we have meetings every week classroom meetings and then we also have coaching calls 'cause we have one particular coach we work with and then she called to tell me that i was going to have another coaching call with um someone who's not my coach and uh that hadn't been explained to me as part of the program so it in that moment it just seemed to me like oh my god i have all these people i have to be accountable to and i'm like eh you know i have to not just be accountable to them but share private things that are happening in my life with these people and it just was i don't know so yeah i wasn't um i wasn't angry i was just i just felt frustrated and a little overwhelmed in that moment and it you know and i talked it out with her and we got through it but um yeah i could've certainly just um been okay with whatever was being asked of me in the at that time and would've made the call go a lot smoother
Ellie;739.17;746.061;uh_huh (uh huh) hard_decisionB (tell me about the hardest decision you've ever had to make) hard_decisionB (tell me about the hardest decision you've ever had to make)
Participant;747.81;798.15;hmm the hardest decision wow there's been a few i guess moving to ireland was probably the hardest decision no it wasn't even the hardest decision it was such an easy decision actually but telling my family about it was challenging um that but the hardest decision was my the first time that i moved uh away from my family i was twenty eight and i decided to i chose to move to colorado and um that was a pretty tough decision 'cause at that point my family had been you know within an hour's drive of wherever i lived an hour hour and a half and now they were gonna be you know um a twelve hour drive away or a plane ride away so that was it was challenging
Ellie;798.917;800.349;change_directions (what made you decide to do that) change_directions (what made you decide to do that)
Participant;802.057;855.438;oh lots of things um i loved colorado colorado is a beautiful beautiful state and the weather is so much better than wisconsin and um at the time i was very much into rock climbing and there's just a huge outdoor <outdoo> outdoor community in colorado so there were a lot more people who were um in my age group and or single that was another factor um and were interested in the things i was interested in so colorado just seemed like a really natural fit so yeah and then i i found a a job that i liked the pay was atrocious but um i found some work that was really rewarding and so it all came together and i chose to move
Ellie;856.131;858.012;great_situation (that sounds like a great situation) great_situation (that sounds like a great situation)
Participant;859.728;860.038;yeah
Ellie;860.632;863.072;easy_sleep (how easy is it for you to get a good night's sleep)
Participant;864.377;905.208;uh that was totally unrelated question um <sigh> relatively easily it just depends on like what time i go to sleep if i'm out and i don't get home until eleven thirty then you know then i go to bed late and uh i wake up feeling tired like i feel today but generally i can sleep through the night i've had some pretty anxiety-ridden dreams the last couple of weeks um but even so even when i wake up from those or if i you know stir from those i still can fall back to sleep relatively easily
Ellie;905.913;907.293;trigger (are they triggered by something)
Participant;909.236;940.489;um yeah i'm sure they are i mean i'm in another transition state i'm moving out of out of the <sigh> house that i live in right now where i take care of an elderly woman <sigh> um yeah and i just i have to find the financial means to support me in doing that and it's and she creates a lot of anxiety just in her state of being she's exhausting and utterly depressing so yeah
Ellie;940.897;941.838;difficult (how hard is that) difficult (how hard is that)
Participant;943.051;954.61;um living with her is pretty hard like it's probably the hardest thing i've ever done and i would never ever choose to do it again if i honestly if i knew what i was getting into i don't think i would've said yes to the situation
Ellie;955.564;959.44;isee_downer (i see) feel_lately (how have you been feeling lately) feel_lately (how have you been feeling lately)
Participant;960.802;983.992;um i feel trapped and helpless like there's you know nothing i can there's no way out of the situation that i'm in no matter what i do it doesn't get any better i don't <d> i don't i know i'm not getting any kind of work that i want to do and mm my money's not working at all so yeah it feels pretty crappy
Ellie;985.202;985.943;im_sorry (i'm sorry) im_sorry (i'm sorry)
Participant;986.379;987.309;<laughter> thanks
Ellie;988.362;990.172;depression_diagnosed (have you been diagnosed with depression)
Participant;991.029;992.549;i have in the past yeah
Ellie;993.127;995.049;when_diagnosed (how long ago were you diagnosed) when_diagnosed (how long ago were you diagnosed)
Participant;995.373;1000.563;oh a long time i was fifteen i think or fourteen so it was over twenty years ago
Ellie;1001.692;1003.043;why_seek_help (what got you to seek help) why_seek_help (what got you to seek help)
Participant;1004.191;1004.971;i was suicidal
Ellie;1007.789;1009.189;feel_down (do you feel down)
Participant;1010.573;1012.223;oh yeah i feel down mhm
Ellie;1013.311;1014.751;therapy_going (do you still go to therapy now)
Participant;1015.437;1016.797;i don't actually no
Ellie;1017.54;1018.192;stop_going (why did you stop) stop_going (why did you stop)
Participant;1020.205;1049.352;um well i originally stopped with my therapist because we had completed i mean we had worked on what needed to be worked on and i was no longer depressed and um and then i began therapy again later on think i was <wa> it was in my early thirties um and then i we ended that because i'd moved to ireland so
Ellie;1050.633;1052.085;therapy_useful (do you feel like therapy is useful) therapy_useful (do you feel like therapy is useful)
Participant;1053.333;1063.083;yeah i mean depending on the therapist and depending on your intention like i i don't go into therapy thinking oh i'm gonna be in this therapeutic relationship for the next ten years i think that's ridiculous
Ellie;1063.33;1063.72;right2 (right)
Participant;1064.093;1094.373;i think you go into therapy to um work on a specific problem and have a solution and have somebody be your sounding board who can see things that you can't see and you know work through that situation and come up with um a strategy for not just that not just creating a solution in that area but also just creating strategies and uh tools for the rest of your life so that you don't have to be in therapy forever
Ellie;1094.977;1100.141;yeah3 (yeah) happy_lasttime (tell me about the last time you felt really happy) happy_lasttime (tell me about the last time you felt really happy)
Participant;1099.173;1128.747;<deep breath> <sigh> the last time i felt really happy <sigh> wow huh wow that's pretty sad um it was at least a year ago no i that's not true it was when i um saw my biological mother which was last may
Ellie;1133.185;1136.125;Ellie17Dec2012_07 (what would you say are some of your best qualities)
Participant;1137.384;1167.473;my best qualities um <sigh> i'm very strong very strong-willed i um am very supportive and loving and nurturing um i'm easy to be around i'm intelligent and um yeah
Ellie;1169.996;1171.066;regret (is there anything you regret)
Participant;1172.635;1181.19;anything i regret i don't think so no
Ellie;1182.367;1185.317;advice_back (what advice would you give to yourself ten or twenty years ago)
Participant;1186.484;1191.109;<sigh> don't take life too seriously <laughter>
Ellie;1192.299;1194.502;ideal_weekendC (tell me how you spend your ideal weekend)
Participant;1195.309;1241.114;oh my ideal weekend um i spend some time at the beach i'll spend some time with friends um either going out at night you know to a movie or just going out to um a club or a bar or somewhere that we can just sit and chat and be together um maybe go dancing after um and sundays i usually go to scrubbed_entry and then i have brunch with friends and um yeah i go home and sunday night i get ready for the next day so
Ellie;1242.638;1248.333;okay_confirm (okay) okay_confirm (okay) Ellie17Dec2012_08 (what are you most proud of in your life)
Participant;1248.956;1289.239;hmm <sigh> i am most proud of um a few things i mean i've moved to places that i wanted to move to and uh so i've done things that have really spoken to me and have meant something you know been dear to my heart to actually um mm achieve those those um goals or those yeah i've done things that i've wanted to do like move to ireland and move to california
Ellie;1290.414;1291.314;thats_great (that's great)
Participant;1292.063;1292.423;mhm
Ellie;1293.1;1295.54;asked_everything (okay i think i have asked everything i need to) asked_everything (okay i think i have asked everything i need to)
Participant;1296.203;1296.643;okay
Ellie;1296.334;1297.775;appreciate_open (thanks for sharing your thoughts with me) appreciate_open (thanks for sharing your thoughts with me)
Participant;1298.159;1298.489;sure
Ellie;1299.015;1299.626;bye (goodbye) bye (goodbye)
Participant;1299.922;1300.332;bye
