speaker;start_time;stop_time;text
Participant;12.18;13.03;<synch>
Ellie;27.997;49.537;IntroV4Confirmation (hi i'm ellie thanks for coming in today i was created to talk to people in a safe and secure environment i'm not a therapist but i'm here to learn about people and would love to learn about you i'll ask a few questions to get us started and please feel free to tell me anything your answers are totally confidential are you ok with this)
Participant;49.75;50.18;yes
Ellie;50.839;54.66;okay_confirm (okay) how_doingV (so how are you doing today)
Participant;55.2;55.75;i'm doing good
Ellie;56.64;59.698;thats_good (that's good) where_originally (where are you from originally)
Participant;60.4;61.98;uh los angeles
Ellie;62.555;63.145;really (really)
Participant;63.13;63.51;mhm
Ellie;64.507;66.617;like_about_LA (what are some things you really like about l_a)
Participant;68.29;70.55;convenience convenience
Ellie;71.371;76.039;mhm (mhm) dont_like_LA (what are some things you don't really like about l_a)
Participant;73.75;79.67;uh people the crowd uh traffic
Ellie;80.907;81.937;see_mean (i see what you mean)
Participant;80.94;83.57;people not respecting <re> uh eh lack of respect
Ellie;84.95;85.42;yeah3 (yeah)
Participant;85.5;85.81;uh huh
Ellie;86.675;92.857;travel_shoes (i'm sure you can tell by my shoes i'm not much of a world explorer do you travel a lot)
Participant;89.09;94.53;<laughter> uh locally regionally
Ellie;95.59;98.468;cool3 (cool) travel_changed (what do you enjoy about traveling)
Participant;100.74;104.29;meeting old people <laughter> i love talking to old people
Ellie;105.936;107.616;travel_trips (i'd love to hear about one of your trips)
Participant;107.765;122.16;um well i work a lot with uh my elders in my reservation and other reservations here in california and i spend a lot of time with uh with the elders and i talk with them and they help me out a lot so i get to hear good stories
Ellie;122.752;124.112;good_hear (that's so good to hear)
Participant;123.99;124.38;mhm
Ellie;124.811;127.171;memorableB (what's one of your most memorable experiences)
Participant;127.22;136.08;mm uh going in the mountains and seeing waterfalls that no one else had seen except for my people yeah that was the most beautiful thing i think i found
Ellie;137.714;138.284;wow (wow)
Participant;138.47;141.73;mm mhm <laughter>
Ellie;141.535;145.941;shyoutgoing (do you consider yourself more shy or outgoing)
Participant;145.16;160.15;um it depends on the situation if i'm um if somebody comes to me looking for me to help them i take control but if i need help it's eh i i work at asking for help so it depends on the situation
Ellie;161.24;162.18;makes_sense (that makes sense)
Participant;163.41;163.77;mhm
Ellie;163.54;175.306;relax_fishtank (sometimes when i'm feeling tense i turn on the fish tank screensaver hey i know it's not hawaii but it's the best i've got what do you do to relax)
Participant;175.3;178.61;i garden and i paint
Ellie;180.393;184.135;nice (nice) control_temper (how are you at controlling your temper)
Participant;184.222;185.672;mm i'm very good at it
Ellie;186.887;191.353;thats_good (that's good) last_argument (when was the last time you argued with someone and what was it about)
Participant;192.01;210.19;uh three days ago it was about communication it was uh the lack of communication on the other person's part and i needed them to communicate better so that way i could understand uh they didn't communicate so we had an argument and uh got it settled <laughter>
Ellie;210.189;211.729;describe_felt (how did you feel in that moment)
Participant;212.7;227.67;i felt um caught off guard because this is a individual that i spend pretty much almost every minute of my day with and to not be told what was going on in this person's head and then to have a situation arise you know i was kept out i didn't like that
Ellie;228.728;229.198;mm (mm)
Participant;230.13;230.31;uh
Ellie;231.789;235.624;situation_handled (tell me about a situation that you wish you had handled differently)
Participant;238.11;240.16;mm i'd rather pass <laughter>
Ellie;240.921;241.381;okay_confirm (okay)
Participant;242.4;242.72;mm
Ellie;244.305;246.512;feelguilty (what's something you feel guilty about)
Participant;248.17;260.27;uh um probably the lack of time spent with my grandparents growing up
Ellie;261.643;262.803;tell_about_that (can you tell me about that)
Participant;267.79;273.99;it's just when they're gone you regret that you didn't miss time with spent time with them so
Ellie;274.073;283.418;sorry_hear (i'm sorry to hear that) memory_erase (tell me about an event or something that you wish you could erase from your memory)
Participant;287.09;311.46;mm uh one thing i truly wish i could remember i i was a i was a professional athlete at one time and i had partied 'til like four in the morning and then i had did my event at like ten o'clock in the morning and uh i was my xxx captain and i embarrassed my whole team and uh that's one thing i truly regret i was a professional fighter so
Ellie;313.514;315.384;avoid (could you have done anything to avoid it)
Participant;315.48;319.52;yeah <sigh> like not party thought about other people besides myself
Ellie;321.386;321.826;isee_downer (i see)
Participant;322.185;322.505;mhm
Ellie;322.936;324.076;study (what did you study at school)
Participant;324.81;334.335;uh i studied uh massage therapy and got my nursing degree um and a lot of it's just been on job education
Ellie;335.373;338.611;sounds_interesting (that sounds interesting) how_close (how close are you to them)
Participant;339.06;339.96;um very close
Ellie;339.324;340.734;hard_decision (how did you decide to do that)
Participant;341.06;352.15;uh uh due to my own injuries um i had just gone through the therapy process and believing in people and seeing how it worked and i decided to do that i wanted to help people too
Ellie;353.146;354.146;happy_didthat (are you happy you did that)
Participant;353.29;356.42;yeah oh yeah yeah
Ellie;357.586;358.846;still_working_on_X (are you still working in that)
Participant;359.26;359.66;yes
Ellie;360.557;361.757;dream_job (what's your dream job)
Participant;363.61;367.215;i wanna paint that's all i wanna do is just paint <laughter>
Ellie;368.81;374.829;awesome (awesome) hard_decisionB (tell me about the hardest decision you've ever had to make)
Participant;383.21;396.73;um i have two sons and it's time for me to uh to move on and they're older and they can take care of themselves now so me leaving the area where my sons are it's pretty hard
Ellie;398.758;400.708;easy_parent (do you find it easy to be a parent)
Participant;401.19;404.78;yeah oh
Ellie;404.724;406.444;parent_best (what's the best thing about being a parent)
Participant;408.42;415.48;the reflection of you <laughter> the reflection of you reminds you so much about yourself who you are
Ellie;417.047;419.027;parent_hardest (what's the hardest thing about being a parent)
Participant;420.315;424.73;consistency even when you're sick <laughter> being consistent
Ellie;427.817;431.652;parent_differences (what are some ways that you're different as a parent than your parents)
Participant;432.02;454.15;i don't assume my kids are right or wrong i listen to 'em first and i make my decisions after that and i try not to come from an emotional heightened place i think logically and i put myself in their place before i do it we discuss we communicate heavy in my family uh 'cause that's the only way we get along with each other is through communication
Ellie;454.946;455.456;mhm (mhm)
Participant;455.61;456.39;so communicate
Ellie;459.678;462.381;family_relationship (tell me about your relationship with your family)
Participant;462.84;477.22;um my family is severed pretty much so my family and my relationship with my family on the reservation is very tight um the rest of the family we're all fragmented and scattered around the southwest so it's not very tight at all
Ellie;480.095;482.425;influence_positive (who's someone that's been a positive influence in your life)
Participant;482.895;494.815;uh i have too many to count um start with my uncle my uncle was like my dad raised me a good way uh xxx
Ellie;494.428;495.588;tell_about_that (can you tell me about that)
Participant;496.5;509.63;uh he watched out for me he told me he taught me hard work at a very young age um he also taught me to protect my family and taught me honor taught me love he's a good man
Ellie;511.842;516.772;thats_great (that's great) easy_sleep (how easy is it for you to get a good night's sleep)
Participant;517.85;523.1;mm i don't i haven't had a good night's sleep in years so i i have get broken sleep
Ellie;524.571;525.141;why2 (why)
Participant;526.0;528.13;uh dreams the dreams become too real
Ellie;530.682;531.792;symptoms_cope (how do you cope with them)
Participant;533.185;538.405;i get up and go to the bathroom <laughter> and go back to sleep <laughter> i try to <laughter>
Ellie;539.66;541.04;trigger (are they triggered by something)
Participant;541.41;547.04;um <sigh> um my years of fighting it just uh it caught up to me
Ellie;549.416;551.196;sleep_affects (what are you like when you don't sleep well)
Participant;549.48;562.26;xxx uh reserved yeah reserved and i try to find things to distract my brain i think of different ways of doing things
Ellie;563.205;563.675;uh_huh (uh huh)
Participant;565.31;565.59;uh
Ellie;565.892;566.432;like_what (like what)
Participant;566.8;584.58;mm well i got rid of t_v about eight months ago so i got rid of that distraction so what i do now is i either paint i garden or cleaning house washing dishes you know or get out and go walk that's another thing too do a lot of walking nowadays
Ellie;585.408;589.543;thats_good (that's good) feel_lately (how have you been feeling lately)
Participant;590.57;599.805;uh anxiety <anxi> anxious <sigh> uh um a lot of anxieties uh but it's good i have techniques to bring myself down now
Ellie;602.275;605.445;behavior_changes (have you noticed any changes in your behavior or thoughts lately)
Participant;606.53;611.45;um nothing new out of the normal
Ellie;612.301;615.933;okay_confirm (okay) ptsd_diagnosed (have you ever been diagnosed with p_t_s_d)
Participant;615.79;616.18;yes
Ellie;617.593;619.513;when_diagnosed (how long ago were you diagnosed)
Participant;619.65;622.92;uh three years ago <sigh> around there three <sigh>
Ellie;623.697;625.047;why_seek_help (what got you to seek help)
Participant;625.74;626.78;insomnia issues
Ellie;628.766;630.206;therapy_going (do you still go to therapy now)
Participant;630.46;638.62;um it was about two years ago around there two little bit over two years ago i was released from therapy
Ellie;641.148;641.798;stop_going (why did you stop)
Participant;642.28;643.85;oh the therapist released me
Ellie;645.726;650.66;okay_confirm (okay) therapy_changes (what sort of changes have you noticed since you've been going to therapy)
Participant;651.73;694.29;um well i had i noticed is i still deal with pictures and emotions but what i do is now i've i really practice hard at taking care of myself and and getting to those places the things that strike me that get get me anxious or excited or angry i've learned how to work out of it and realize it's not real it's not real it's just the emotion it's not real so these are the things like little mantras that i tell myself and this has really helped me a lot from therapy because it taught me that those emotions and pictures truly aren't real and yeah so therapy has helped a lot i mean it's just it's changed my world
Ellie;690.719;698.836;yeah_downer (yeah) depression_diagnosed (have you been diagnosed with depression)
Participant;698.89;699.25;yes
Ellie;700.611;702.531;when_diagnosed (how long ago were you diagnosed)
Participant;702.35;706.09;around the same time as the p_t_s_d uh three years ago
Ellie;707.143;708.693;disturbing_thoughts (do you have disturbing thoughts)
Participant;709.42;712.5;um <sigh> in my dreams when i dream i do
Ellie;714.057;715.597;bouts_symptoms (when was the last time that happened)
Participant;715.71;716.2;last night
Ellie;717.33;718.49;tell_about_that (can you tell me about that)
Participant;718.75;745.62;i was just dreaming of fighting and then in preparing fighters to fight and that was another thing too i build up anxiety dreaming about preparing fighters to fight and then stepping in front of thousands of people and then i always end up fighting in my dreams so it's always mm what gets me scared in all my dreams is that i should've made the move and finished the fight and i didn't and so it builds anxiety and stress in me and then i tend to act out in my sleep
Ellie;746.884;747.334;hmm_downer (hmm)
Participant;747.475;747.755;yeah
Ellie;748.76;750.3;describe_felt (how did you feel in that moment)
Participant;751.025;756.325;like it was real like i was there like like i smell taste feel everything there i was there
Ellie;757.933;759.283;been_hard (that sounds really hard)
Participant;759.79;760.06;yeah
Ellie;761.365;763.912;happy_lasttime (tell me about the last time you felt really happy)
Participant;765.03;769.31;uh this morning <laughter> driving here talking to my girlfriend
Ellie;770.555;771.235;aw (aw)
Participant;770.66;771.47;this mm
Ellie;772.872;774.562;BF_describe (how would your best friend describe you)
Participant;775.46;780.03;trustworthy he loves me i love him he's we're best friends
Ellie;781.479;788.217;good_hear (that's so good to hear) self_change (what are some things you wish you could change about yourself)
Participant;791.615;792.785;i have zero to change
Ellie;795.205;800.515;feelbadly (tell me about a time when someone made you feel really badly about yourself)
Participant;807.32;809.2;mm i can't recall
Ellie;810.321;812.982;okay_confirm (okay) regret (is there anything you regret)
Participant;814.01;829.05;regret uh just not spending time with my grandparents and and i think day to day issues maybe you know a couple here there that i should've went to the store first or something like that but i mean
Ellie;829.197;829.997;wild_laughter3 ((laughter))
Participant;829.79;831.75;yeah it's nothing like that xxx
Ellie;832.857;835.807;advice_back (what advice would you give to yourself ten or twenty years ago)
Participant;838.02;842.32;quit thinking you know it all yeah
Ellie;844.232;847.172;Ellie17Dec2012_07 (what would you say are some of your best qualities)
Participant;849.13;851.88;my loyalty my trustworthiness
Ellie;855.109;858.359;Ellie17Dec2012_10 (tell me about something you did recently that you really enjoyed)
Participant;860.78;865.41;mm start a new art project yesterday it was nice
Ellie;867.772;868.932;tell_about_that (can you tell me about that)
Participant;869.785;899.3;mm well i i we were in santa barbara and we found some rocks and yeah some old rocks that someone had made a pile of and just threw a dump of old rocks out of the way and i went through the pile of rocks and i found this old rock that was in the middle of it and i took it home and now i'm doing a art piece on it and for me it was like this thing was totally forgotten about was just considered a rock and now potentially it'll be sitting on my grandkid's table you know it's just to me that's really cool i like that
Ellie;899.485;905.314;awesome (awesome) Ellie17Dec2012_08 (what are you most proud of in your life)
Participant;908.72;938.83;mm start starting something that i'm so bad at that i don't think there's no way i can be good at it and all the sudden i get to be better at it to where i don't even have to think about it just so good at it that way i could just touch it and feel it and i don't think about it i these are the things that i'm proud of like i like that i like that accomplishment i guess you can say
Ellie;937.647;945.202;yeah3 (yeah) asked_everything (okay i think i have asked everything i need to) appreciate_open (thanks for sharing your thoughts with me)
Participant;944.935;945.205;mm
Ellie;946.479;947.089;bye (goodbye)
Participant;947.78;1024.84;bye <laughter>
