speaker;start_time;stop_time;text
Participant;24.2;25.4;<sync>
Ellie;40.1;61.64;IntroV4Confirmation (hi i'm ellie thanks for coming in today i was created to talk to people in a safe and secure environment i'm not a therapist but i'm here to learn about people and would love to learn about you i'll ask a few questions to get us started and please feel free to tell me anything your answers are totally confidential are you ok with this)
Participant;62.43;63.14;yes
Ellie;63.374;67.526;okay_confirm (okay) how_doingV (so how are you doing today)
Participant;68.69;69.92;i'm doing fine
Ellie;70.284;73.009;thats_good (that's good) where_originally (where are you from originally)
Participant;74.2;75.17;indiana
Ellie;75.628;76.218;really (really)
Participant;78.15;79.01;yes
Ellie;78.564;79.644;when_LA (when did you move to l_a)
Participant;81.29;83.65;uh i don't know maybe ten years ago
Ellie;84.563;86.463;often_backB (how often do you go back to your hometown)
Participant;87.52;88.31;never
Ellie;89.097;89.667;why2 (why)
Participant;91.3;94.11;uh just don't like the cold weather
Ellie;95.504;99.526;see_mean (i see what you mean) compares_LA (how does it compare to l_a)
Participant;101.31;106.63;l_a has beautiful weather and activities all the time
Ellie;107.616;108.636;why_LA (why did you move to l_a)
Participant;109.98;110.89;new life
Ellie;112.49;114.96;adapted_LA (how easy was it for you to get used to living in l_a)
Participant;117.1;118.99;uh reasonably easy
Ellie;120.301;122.411;like_about_LA (what are some things you really like about l_a)
Participant;124.65;129.85;the good weather the ocean and there's always something to do
Ellie;131.034;134.388;mhm (mhm) dont_like_LA (what are some things you don't really like about l_a)
Participant;135.01;138.8;hm uh the traffic
Ellie;142.457;148.983;travel_shoes (i'm sure you can tell by my shoes i'm not much of a world explorer do you travel a lot)
Participant;148.92;149.91;sometimes
Ellie;150.987;152.507;travel_changed (what do you enjoy about traveling)
Participant;153.31;157.54;seeing new places uh and visiting new people
Ellie;158.527;160.207;travel_trips (i'd love to hear about one of your trips)
Participant;162.16;166.31;well a couple years ago i went to the catalina islands for my birthday
Ellie;167.066;171.231;nice (nice) tell_about_that (can you tell me about that)
Participant;172.57;179.01;i was i spent the whole day uh on the catalina islands i took a boat there
Ellie;179.944;182.304;memorableB (what's one of your most memorable experiences)
Participant;185.09;191.65;uh hopping on the airplane and leaving indiana for good
Ellie;192.766;194.306;describe_felt (how did you feel in that moment)
Participant;195.27;196.08;okay
Ellie;199.165;202.305;okay_confirm (okay) study (what did you study at school)
Participant;204.87;206.26;sleeping
Ellie;209.24;215.638;job_virtually (i love my job you could almost say it's virtually made for me what's your dream job)
Participant;216.41;219.72;uh being a filmmaker
Ellie;222.046;226.13;sounds_interesting (that sounds interesting) hard_decision (how did you decide to do that)
Participant;228.74;231.33;because it's one job i haven't had yet
Ellie;232.926;233.866;difficult (how hard is that)
Participant;235.55;236.51;not too hard
Ellie;240.002;244.465;shyoutgoing (do you consider yourself more shy or outgoing)
Participant;243.79;244.53;shy
Ellie;245.734;246.304;why2 (why)
Participant;247.33;251.74;hm because of my past
Ellie;254.742;255.902;tell_about_that (can you tell me about that)
Participant;258.8;266.83;um i just have trouble making new friends and just let <l> trusting people
Ellie;268.155;269.505;been_hard (that sounds really hard)
Participant;273.85;274.8;okay
Ellie;276.52;288.635;relax_fishtank (sometimes when i'm feeling tense i turn on the fish tank screensaver hey i know it's not hawaii but it's the best i've got what do you do to relax)
Participant;290.68;293.82;uh watch t_v or go to the movies
Ellie;294.644;298.04;cool3 (cool) control_temper (how are you at controlling your temper)
Participant;300.41;303.17;i really don't have a temper
Ellie;304.52;309.211;thats_good (that's good) last_argument (when was the last time you argued with someone and what was it about)
Participant;310.56;320.46;when i was sixteen my stepfather uh because of uh nightmares i was having
Ellie;323.174;324.334;tell_about_that (can you tell me about that)
Participant;325.12;331.22;i was just having nightmares about my childhood about my involving my biological father
Ellie;332.045;333.425;trigger (are they triggered by something)
Participant;334.9;337.46;so far i have no idea if they are or not
Ellie;339.581;340.691;symptoms_cope (how do you cope with them)
Participant;343.27;346.28;uh go for a walk or drive
Ellie;347.527;349.067;bouts_symptoms (when was the last time that happened)
Participant;350.7;352.68;uh maybe a few days ago
Ellie;355.869;357.409;describe_felt (how did you feel in that moment)
Participant;358.48;361.92;uh just walked around the block a few times
Ellie;364.872;369.74;okay_confirm (okay) feelguilty (what's something you feel guilty about)
Participant;372.4;373.93;pushing people away
Ellie;375.819;377.689;avoid (could you have done anything to avoid it)
Participant;381.23;388.27;uh i guess try to trust them a little bit more let them in my life little bit more
Ellie;391.632;395.766;memory_erase (tell me about an event or something that you wish you could erase from your memory)
Participant;399.4;402.38;well that'd be easy that'd be the first half of my life
Ellie;405.841;406.411;why2 (why)
Participant;410.51;414.4;it'd be easier to start a new life if i can't remember my old one <laughter>
Ellie;415.515;422.452;see_mean (i see what you mean) hard_decisionB (tell me about the hardest decision you've ever had to make)
Participant;427.07;444.95;uh really i mm all my decisions is not that hard i just try to avoid stress and everything so i don't really have hard decisions
Ellie;446.075;452.077;uh_huh (uh huh) situation_handled (tell me about a situation that you wish you had handled differently)
Participant;453.82;460.32;uh well every time i push someone away i wish i handled all those situations differently
Ellie;463.965;465.295;give_example (can you give me an example of that)
Participant;467.59;478.06;uh well uh whenever someone gets too involved <volve> involved in my life i always say or do something to make them want to stay away from me
Ellie;479.642;480.182;like_what (like what)
Participant;483.05;488.96;um this depending on the type of person they are
Ellie;491.314;496.449;okay_confirm (okay) family_relationship (tell me about your relationship with your family)
Participant;498.78;517.68;uh i really don't have a relationship with any of my family i know i have a sister someplace in vegas a half of a brother in indiana uh my stepfather's in arizona other than that i have no relationship with any of them
Ellie;519.344;520.504;tell_about_that (can you tell me about that)
Participant;523.14;529.71;um we really don't talk so it's kind of hard to talk about them <laughter>
Ellie;534.359;536.689;influence_positive (who's someone that's been a positive influence in your life)
Participant;541.95;543.42;edgar cayce
Ellie;547.375;549.005;love_hear (i'd love to hear all about it)
Participant;551.44;557.45;well he died way before i was born and i only know him from like books and documentaries
Ellie;560.511;564.621;okay_confirm (okay) easy_sleep (how easy is it for you to get a good night's sleep)
Participant;565.94;576.44;uh really not that easy um i usually <use> usually take me like a few hours to get to finally get to sleep once i lay down in my bed
Ellie;578.456;579.416;tell_me_about (tell me about that)
Participant;581.35;595.07;uh well basically i try to lay down i have stressful <s> racing or stressful thoughts a few times i might even try to listen to music for one hour just to see if it calms me down
Ellie;597.347;599.127;sleep_affects (what are you like when you don't sleep well)
Participant;601.84;608.08;stressed out and just yeah just basically a little stressed out
Ellie;612.459;613.839;feel_lately (how have you been feeling lately)
Participant;616.65;623.6;well i've been feeling a little bit lately <leet> a little bit upset and just wish my life was different
Ellie;625.741;626.901;tell_about_that (can you tell me about that)
Participant;630.28;641.13;uh well i wish i had friends and loved ones and all of that and i wish i had an actual relationship and everything but i don't
Ellie;642.816;648.853;yeah_downer (yeah) behavior_changes (have you noticed any changes in your behavior or thoughts lately)
Participant;650.94;676.61;well lately i live <li> i move we moved a bunch of stuff <st> things out my stress <st> life stressful things like bills and what not and just  try to keep uh to make sure there's the least amount of stress in my life by just removing just different things out my life and trying to incorporate new things
Ellie;678.511;682.163;Ellie17Dec2012_03 (that's good) ptsd_diagnosed (have you ever been diagnosed with p_t_s_d)
Participant;682.45;683.17;yes
Ellie;683.719;685.639;when_diagnosed (how long ago were you diagnosed)
Participant;686.36;688.91;i i guess we're number sixteen
Ellie;689.927;691.277;why_seek_help (what got you to seek help)
Participant;692.56;693.62;nightmares
Ellie;695.598;697.038;therapy_going (do you still go to therapy now)
Participant;698.13;701.68;uh stopped a while back because it was getting too stressful
Ellie;704.077;705.967;therapist_affect (how has seeing a therapist affected you)
Participant;707.92;729.18;well basically i just i just pushed like i got rid of them out my life because i didn't feel like they was really listening to me or anything and uh yeah so i just didn't feel too much beneficial help from them  so i've been looking for alternative means
Ellie;731.154;731.694;like_what (like what)
Participant;734.07;743.28;uh well just basically like music and going forcing myself to go to like different social related events
Ellie;745.506;748.855;mhm (mhm) depression_diagnosed (have you been diagnosed with depression)
Participant;749.34;750.06;yes
Ellie;750.723;751.873;symptoms_what (what were your symptoms)
Participant;753.3;763.37;depressed mm just but basically just depressed uh keeping myself locked in not talking to anyone
Ellie;765.528;769.262;happy_lasttime (tell me about the last time you felt really happy)
Participant;770.69;776.94;uh uh i guess a few days ago
Ellie;778.929;786.099;Ellie17Dec2012_02 (uh huh) tell_about_that (can you tell me about that)
Participant;787.06;818.02;okay well basically i feel that the best way to keep people in my life is having fake people in my life by playing online multiplayer games with avatars and user names and everything and i just have some uh fun going into virtual worlds with these avatars and talking to people that way so they don't know who i really am they don't even know my real name
Ellie;818.9;825.103;awesome (awesome) ideal_weekendC (tell me how you spend your ideal weekend)
Participant;826.4;884.84;okay well my ideal weekend uh let me see is uh if i'm not working that weekend i will get up maybe go to like starbucks or a mcdonalds get online while eating or drinking something maybe play a online multiplayer game for a little while and then later on in the day maybe go to a movie uh whatever's playing then uh go someplace else relax watch some t_v um and maybe put on a d_v_d movie and um or i might spend the day i the whole day driving to someplace i  haven't been before or it's been a long time since i've been just try to spend the day in that area and just yeah so that's the weekend
Ellie;884.824;888.501;uh_huh (uh huh) regret (is there anything you regret)
Participant;890.25;891.32;my life
Ellie;894.91;896.07;tell_about_that (can you tell me about that)
Participant;897.59;905.43;i just regret how my life turned out i wish i wish i had a more normal stable life
Ellie;907.257;910.207;advice_back (what advice would you give to yourself ten or twenty years ago)
Participant;913.22;944.42;uh let me see ten twenty years ago i was especially uh i would just tell myself to keep a journal or something <s> uh or to basically tell myself how my life will turn out now so that way hopefully the other me will make different choices
Ellie;948.012;950.312;Ellie17Dec2012_08 (what are you most proud of in your life)
Participant;953.28;954.98;uh my mind
Ellie;958.587;961.455;self_change (what are some things you wish you could change about yourself)
Participant;964.31;977.44;well i wish i wish i was a bit healthier i wish i looked a little bit better i wish my eyesight was a lot better and i wish i had a bunch of people in my life that i could call friends
Ellie;980.621;983.561;Ellie17Dec2012_07 (what would you say are some of your best qualities)
Participant;984.8;1016.13;um i'm a freaking genius i could uh everything that i'm good at i learned self taught so basically i can't get a career in that type of stuff unless i go to school for it but it's hard to it's basically easier if i teach myself than like take some type of a class to do it and everything 'cause yeah basically <bay> yeah just basically the fact i'm a freaking genius okay
Ellie;1018.08;1022.783;asked_everything (okay i think i have asked everything i need to) appreciate_open (thanks for sharing your thoughts with me)
Participant;1024.26;1025.16;thank you
Ellie;1025.282;1025.892;bye (goodbye)
Participant;1026.7;1027.72;have a good day
