speaker;start_time;stop_time;text
Ellie;31.15;52.56;hi i'm ellie thanks for coming in today i was created to talk to people in a safe and secure environment i'm not a therapist but i'm here to learn about people and would love to learn about you i'll ask a few questions to get us started and please feel free to tell me anything your answers are totally confidential are you okay with this
Participant;52.9;53.27;yes
Ellie;53.64;56.67;okay so how are you doing today
Participant;57.5;58.08;i'm okay
Ellie;58.83;61.36;that's good where are you from originally
Participant;62.05;64.11;uh born downtown los angeles
Ellie;64.54;68.13;really what are some things you really like about l_a
Participant;68.97;78.83;i love l_a i love the traffic on the four o five i love the beach i live near the beach i love there's so much to do here i just love <lo> and i love the weather i love it here
Ellie;79.41;83.25;that's great what are some things you don't really like about l_a
Participant;84.83;85.27;nothing
Ellie;87.27;89.65;okay do you travel a lot
Participant;90.08;91.0;a little bit
Ellie;92.15;93.78;what do you enjoy about traveling
Participant;95.18;98.98;uh i guess visiting family and destinations
Ellie;101.24;102.75;i'd love to hear about one of your trips
Participant;104.76;118.67;uh i last flew to cedar rapids to visit a friend and was there for a couple weeks and i'm flying back february eleventh to see him again he's an old friend and uh
Ellie;118.13;124.18;nice do you consider yourself an introvert
Participant;125.17;125.45;no
Ellie;126.71;127.07;why
Participant;128.61;134.21;i'm pretty outgoing i talk to people i enjoy talking to people i talk to people at the airport
Ellie;135.96;139.12;mhm what do you do to relax
Participant;140.03;149.73;um i garden a little bit i read a little bit i watch t_v i'm a basketball fan i go to the beach when the weather is nice go to the pool
Ellie;150.93;155.12;okay what are some things that make you really mad
Participant;157.5;165.66;uh annoying people rude people people that drive that just have no consideration for others
Ellie;163.54;168.4;uh huh what do you do when you're annoyed
Participant;169.44;170.3;i swear a lot
Ellie;171.44;172.19;<laughter>
Participant;172.87;173.27;<laughter>
Ellie;173.45;175.3;how are you at controlling your temper
Participant;176.27;178.46;oh i'm alright i get mad once in awhile
Ellie;180.08;183.0;when was the last time you argued with someone and what was it about
Participant;183.24;195.49;oh it was probably my daughter she's twenty one almost twenty two uh she's probably she is lives at college but comes home on the weekends and she was probably her room was probably a mess it's the same fight we've been having for years
Ellie;196.6;198.39;uh oh that sucks
Participant;197.76;203.31;yeah yeah it does it's better now that we don't live together all the time though
Ellie;204.01;207.25;that's good do you find it easy to be a parent
Participant;207.78;208.39;uh no
Ellie;209.86;211.89;what's the hardest thing about being a parent
Participant;212.26;228.84;i guess making the right decisions like start started out when she was little about education the right school to go to the right activities to do um setting a good example being a good role model
Ellie;231.23;232.96;what's the best thing about being a parent
Participant;233.81;251.22;oh everything my kids are the greatest joy of my life i love them so much and you just get so um enriched and fulfilled by them and when the kids are little you see things through their eyes which is exciting you wanna share everything with them
Ellie;253.13;257.72;aw that's so good to hear tell me about your kids
Participant;258.79;266.19;i have an older son who's a financial analyst and then i have a daughter in college she's a liberal studies major she's gonna be a teacher
Ellie;266.97;270.37;cool what'd you study at school
Participant;270.91;271.66;uh business
Ellie;273.11;274.14;are you still working in that
Participant;274.78;275.29;uh yes
Ellie;276.2;276.97;what do you do now
Participant;277.3;278.36;i'm an office manager
Ellie;279.72;280.87;what's your dream job
Participant;281.96;296.4;<laughter> um my dream job wow that's hard um i don't know i like my job it's good i like the people i enjoy it it's fun
Ellie;295.95;299.85;that's good what do you think of today's kids
Participant;301.13;307.33;uh my son told me they're called the teacup generation because they're fragile <laughter> and i think they're
Ellie;306.31;307.09;<laughter>
Participant;308.39;309.88;pains in the asses most of 'em
Ellie;311.79;313.28;yeah i see what you mean
Participant;313.55;313.89;yeah
Ellie;316.49;319.0;when was the last time you felt really happy
Participant;320.39;323.13;not for a while maybe a month ago
Ellie;324.67;325.63;can you tell me about that
Participant;326.85;341.55;mm i have a new boyfriend and things were going really great and now they're just going <laughter> it's it was it was great and now it's just okay i guess the newness wore off
Ellie;344.23;345.8;yeah how hard is that
Participant;347.08;350.67;it's hard it's hard and i don't really
Ellie;350.23;351.11;how do you know them
Participant;351.9;352.23;i'm sorry
Ellie;352.97;353.92;how do you know them
Participant;355.69;356.82;how do i know them
Ellie;357.3;357.71;mhm
Participant;359.31;360.6;i don't know what you mean by them
Ellie;362.26;363.78;let's come back to that later
Participant;364.03;364.41;mm k
Ellie;366.57;368.08;have you ever served in the military
Participant;368.36;368.67;no
Ellie;369.41;371.33;have you ever been diagnosed with p_t_s_d
Participant;371.51;371.82;no
Ellie;372.5;374.23;have you been diagnosed with depression
Participant;374.46;374.91;yes
Ellie;375.53;377.25;how long ago were you diagnosed
Participant;377.48;378.99;oh i don't know a year or so
Ellie;379.88;381.27;what got you to seek help
Participant;381.89;386.95;i just didn't feel well i just couldn't i just didn't feel right i couldn't pull myself out of it
Ellie;387.92;390.06;did you think you had a problem before you found out
Participant;390.83;391.25;yeah
Ellie;392.38;393.54;what were your symptoms
Participant;393.86;401.08;oh just sad and just lack of energy and didn't really wasn't really motivated didn't really wasn't really my happy self
Ellie;402.26;406.3;mhm do you feel like therapy's useful
Participant;407.32;408.22;therapy yes
Ellie;409.36;410.67;do you still go to therapy now
Participant;411.19;411.51;i do
Ellie;413.2;416.07;what sort of changes have you noticed since you've been going to therapy
Participant;416.34;423.55;well not that many changes <cha> i still don't feel that great but i just it's good to talk to someone and tell them how you feel
Ellie;424.28;424.71;yeah
Participant;424.91;427.18;even if it's just to get something off your chest
Ellie;427.97;429.34;how have you been feeling lately
Participant;430.34;433.13;tired sad depressed blue
Ellie;437.75;440.82;have you noticed any changes in your behavior or thoughts lately
Participant;442.23;445.96;no i'm just not happy i don't feel good and i'm not happy
Ellie;448.31;449.39;how do you cope with them
Participant;450.89;457.21;i stay <st> don't just stay stay to myself don't go out with friends as much as i used to
Ellie;458.52;459.82;that sounds really hard
Participant;460.43;461.31;it's very hard
Ellie;462.57;464.86;how easy is it for you to get a good night's sleep
Participant;465.02;466.28;terrible i don't sleep
Ellie;467.46;468.2;i'm sorry
Participant;468.36;468.79;thank you
Ellie;469.21;470.94;what are you like when you don't sleep well
Participant;472.36;481.92;oh crazy distracted just it's hard for me to cope with things easy you know mundane things are just difficult
Ellie;483.21;490.97;mhm i see what you mean what are some things that usually put you in a good mood
Participant;492.61;497.54;well being around my kids is fun uh
Ellie;497.23;500.27;tell me about something you did recently that you really enjoyed
Participant;500.7;513.62;oh we went out to my son <so> my son and daughter-in-law and my daughter and i went out to have hawaiian food got together it's always fun to get together we got together at my house on christmas i enjoyed just getting together with them
Ellie;514.7;517.88;awesome is there anything you regret
Participant;518.52;518.89;no
Ellie;520.1;522.96;what advice would you give yourself ten or twenty years ago
Participant;524.55;526.56;uh take better care of my health i guess
Ellie;528.18;529.89;could you have done anything to avoid it
Participant;531.98;536.36;uh i don't know i don't know
Ellie;537.7;541.24;okay who's someone that's been a positive influence in your life
Participant;542.26;553.09;mm well my daughter's pretty positive and upbeat and uh my my parents they're both gone but they were pretty positive
Ellie;554.82;557.08;what's one of your most memorable experiences
Participant;558.54;565.76;um i suppose going on a trip to canada with my daughter was very memorable
Ellie;569.05;570.0;can you tell me about that
Participant;570.8;594.78;uh we flew to detroit where i have my best friend lives there and then we stayed with her then we went from we drove from detroit to through canada niagara falls and we went to buffalo where she's from and we she has three girls and my daughter was i think i don't know third fourth grade something like that it was just fun for all of us to get together and do things
Ellie;595.93;600.91;that sounds like a great situation how would your best friend describe you
Participant;599.39;618.33;yep <laughter> exactly like her we're outgoing we're outspoken we tell it like it is we um we're high energy people we have a lot of anxiety we like to do a lot of the same things
Ellie;619.67;623.33;okay when was the last time you felt really happy
Participant;625.13;627.48;oh i don't know about three or four weeks ago
Ellie;629.33;630.3;tell me more about that
Participant;631.09;642.83;well i i say that my feeling is attributed to weather i don't like cold weather and i'm not comfortable at all in it and whenever the weather changes i sorta get down
Ellie;644.65;651.04;uh huh what would you say are some of your best qualities
Participant;652.09;670.53;well i'm funny i'm hardworking i'm uh i care about everyone i i'm a very kind compassionate person i have sympathy for for everyone and i'll reach out to someone that i see in a store or anywhere that needs my help
Ellie;671.93;676.42;that's good what are you most proud of in your life
Participant;676.81;682.4;i suppose raising my kids and the good people they've turned out to be
Ellie;683.86;694.21;that's great okay i think i've asked everything i need to thanks for sharing your thoughts with me
Participant;694.5;694.88;sure
Ellie;695.22;695.78;goodbye
Participant;696.05;696.39;bye
