speaker;start_time;stop_time;text
Participant;21.35;22.24;<synch>
Ellie;48.735;70.275;IntroV4Confirmation (hi i'm ellie thanks for coming in today i was created to talk to people in a safe and secure environment i'm not a therapist but i'm here to learn about people and would love to learn about you i'll ask a few questions to get us started and please feel free to tell me anything your answers are totally confidential are you ok with this)
Participant;49.35;70.93;hi sure
Ellie;71.894;75.77;okay_confirm (okay) how_doingV (so how are you doing today)
Participant;76.82;77.32;alright
Ellie;78.306;81.525;thats_good (that's good) where_originally (where are you from originally)
Participant;82.36;85.21;uh originally originally i'm from uh korea
Ellie;86.104;86.694;really (really)
Participant;86.56;86.88;mhm
Ellie;88.404;89.484;when_LA (when did you move to l_a)
Participant;90.135;91.275;uh when i was a year old
Ellie;93.115;94.815;very_young (you were very young weren't you)
Participant;94.505;94.915;yes
Ellie;95.817;97.717;often_backB (how often do you go back to your hometown)
Participant;97.935;101.045;uh almost never i've i've been to korea once
Ellie;102.125;107.241;cool3 (cool) like_about_LA (what are some things you really like about l_a)
Participant;108.21;116.14;uh i love the weather <sigh> and being by the ocean and the culture has a lotta things to do the food there's a lot to like
Ellie;117.34;120.902;mhm (mhm) dont_like_LA (what are some things you don't really like about l_a)
Participant;121.02;139.84;um the traffic um it seems like we're having a lot of uh economic difficulties and the the parking tickets are super high i sometimes i'm really annoyed by our government <laughter>
Ellie;140.162;150.37;yeah_downer (yeah) see_mean (i see what you mean) travel_shoes (i'm sure you can tell by my shoes i'm not much of a world explorer do you travel a lot)
Participant;151.03;155.06;by your shoes did you say by your shoes
Ellie;154.883;155.503;yes (yes)
Participant;155.89;165.11;<laughter> your shoes aren't showing um i have traveled a bit i'm i'm sort of traveled i haven't traveled in a little bit in a little while
Ellie;166.091;167.611;travel_changed (what do you enjoy about traveling)
Participant;168.51;194.135;oh just <sigh> it um it helps you keep things in perspective about our life here um it's exciting and it makes me feel like um i'm actually <act> i'm really living 'cause sometimes we're stuck in this bubble here in l_a and seeing other places you realize that you know life is about a lotta different things that you don't think about every day
Ellie;194.824;197.707;mhm (mhm) travel_trips (i'd love to hear about one of your trips)
Participant;199.13;267.575;well um one of my trips i went uh i went to singapore and then to thailand and it was when i was with my ex-boyfriend and we went to um he had <ha> he was uh uh a sales engineer or systems engineer but he he did well that year and so this was kind of like a a company thing so we went to singapore for a few days and that was really interesting um you know of course eh it's a lot different over there um not just like going to canada or something but they had a big reception the evening we got there and they had like a play put on by the principals of the company which was real fun and um after singapore uh we did some tours in singapore it was really it was a interesting experience it's really clean there and it's really there's not a lotta crime but the government is very it it's a little bit imposing but it was very interesting then we went to thailand and that was almost <almo> it was really completely different 'cause it's like jungle
Ellie;261.192;261.722;yeah2 (yeah)
Participant;268.167;285.957;we went to um phuket it's a little island and it was just it was very primitive compared to singapore just in a lotta different ways but it was very interesting and it was nice and everything was really cheap had a massage on the beach for eight dollars <laughter>
Ellie;286.721;287.291;wow (wow)
Participant;286.947;291.347;it was interesting yeah yeah it was an hour for eight dollars <laughter>
Ellie;292.224;292.944;awesome (awesome)
Participant;292.707;292.957;mm
Ellie;294.929;296.069;study (what did you study at school)
Participant;296.91;313.97;well i'm in school right now and um i didn't i didn't finish school when i was younger because i had um i had health problems so um here i am i'm i'm just doing my general ed right now i'm going to s_m_c
Ellie;315.061;315.961;thats_great (that's great)
Participant;316.78;318.17;yeah i'm happy
Ellie;318.46;319.66;dream_job (what's your dream job)
Participant;320.91;341.405;ooh <sigh> well my dream job would be <sigh> to be a veterinarian but uh it's probably not very realistic for me at this stage in life and you know also because of monetarily it costs a lot but that would be my dream job working with animals and and in in a veterinary capacity yeah
Ellie;341.575;345.979;shyoutgoing (do you consider yourself more shy or outgoing)
Participant;345.49;359.86;i think i'm right on the cusp um it depends on the environment and the people i'm with and how comfortable i am but um i'm really outgoing when i feel comfortable with people and i'll be really reserved <laughter> if i'm not
Ellie;360.705;361.645;makes_sense (that makes sense)
Participant;361.655;361.905;yeah
Ellie;362.429;374.51;relax_fishtank (sometimes when i'm feeling tense i turn on the fish tank screensaver hey i know it's not hawaii but it's the best i've got what do you do to relax)
Participant;367.265;401.535;<laughter> <laughter> uh <sigh> well i mean aside from sleeping um i like like relaxing things uh like going for a bike ride on the strand or um if i'm at home uh just like reading or a lotta times i can just lay there and my mind might be doing things but i'm kinda relaxing
Ellie;402.95;407.421;uh_huh (uh huh) control_temper (how are you at controlling your temper)
Participant;408.43;433.35;ah really good i don't have i would say there's certain things that um they can really like make me like when i see injustices or things like that then i mean i can really feel it but i never just like fly off the handle or throw things or uh even you know yell <laughter>
Ellie;433.879;438.638;thats_good (that's good) last_argument (when was the last time you argued with someone and what was it about)
Participant;437.68;455.63;<sigh> argued um <sigh> i can't really say i have arguments i mean just like a disagreement or an actual argument like if we just
Ellie;455.399;456.599;mind (whatever comes to your mind)
Participant;457.715;541.032;well uh i would say last summer when um i think it was after a baseball game there was a group of us and we went uh to we went to have shabu shabu after the game and i don't know i think scrubbed_entry and i don't know it's it's it's kind of a tenuous friendship like mm she's a good friend in some ways and she's mm we're we're actually kinda distant in other ways so i i don't consider her um like someone that i would confide in and you know if any deep problems but um sometimes we just have she's very touchy and she doesn't have the same sense of humor i do so i think she had said some things to me during the night which mm kinda bothered me but mm you know i just kinda that's just how she is and then i guess i said some things that she felt were eh well she gets really offended easily i think <laughter> but um after that we didn't talk for a while but then we then one day she called me up and then we were friends again
Ellie;542.891;543.351;okay_confirm (okay)
Participant;544.242;546.002;but like she never she never confronted me
Ellie;545.0;548.706;hard_decisionB (tell me about the hardest decision you've ever had to make)
Participant;549.687;555.167;hardest decision <sigh> uh it was leaving my ex-boyfriend
Ellie;557.311;558.721;hard_decision (how did you decide to do that)
Participant;559.25;626.04;uh well it wasn't <sigh> it was a long time coming i mean i was thinking about it for like five years um you know he wasn't like beating me or anything he was a really good guy but we just had a lot of um we <w> we weren't always on the same wavelength and we did have a lot of like disagreements so i had thought about it and thought about it and we were already engaged but we had been together for a long time so i don't know uh i was always it was always on my mind like should i get married or should i not and then finally eh we were just always having um we were always what what's the word i'm looking for um we were just having these little snippy disagreements all the time and then one day we had one and i just decided that i was gonna leave and um i did
Ellie;628.093;629.443;been_hard (that sounds really hard)
Participant;630.01;644.52;it was really hard it was it was the hardest decision in my life and i can stay that definitively um and but i i think it was for the best
Ellie;647.303;653.215;Ellie17Dec2012_03 (that's good) situation_handled (tell me about a situation that you wish you had handled differently)
Participant;651.96;747.445;<deep breath> <sigh> hmm um probably leaving my job for well to help my friend start a business in nevada and when i when i i really liked my job i mean it was it was pretty good um it was right over at the beach and when i told them that i was leaving then they offered me this huge raise and they offered me a a different position which was awesome and that was really stressful for me because um i'd already promised my friend <laughter> to leave i wouldn't have gotten the position you know offer if if it wasn't for her wanting me to come over there um it was really really stressful and i stressed over it for about three weeks until i actually left and um when i went over there like we had we had made agreements about how much they were gonna pay me and blah blah blah when i got there everything like she didn't remember telling me that i needed a certain amount and the other principals of the company were um you know the <th> it was a hard situation 'cause she had she had talked with me but they hadn't talked with me and they're like well that's too much and also they were a different religion and it was very strange i mean they were all one religion <laughter> i was i was surrounded by mormons and i i don't have anything against mormons but it was very different because eh
Ellie;743.909;744.779;wild_laughter5 ((laughter))
Participant;748.017;768.427;eh i was kind of an outsider there and then also the weather was just it was absolutely awful there <laughter> so i would say that's one decision it it's it just a a pivotal point in my life and i think that um i really wish i i had just stayed
Ellie;769.541;775.64;yeah_downer (yeah) memory_erase (tell me about an event or something that you wish you could erase from your memory)
Participant;775.61;793.925;<laughter> um well if you're gonna erase something from my memory then <laughter> um i would probably say <sigh> my memory like really if if i could erase something from my memory what would i want to erase is that what you're saying
Ellie;793.67;794.14;uh_huh (uh huh)
Participant;795.375;819.78;mm <sigh> can't really think of anything i mean even like that that bad decision that i made you know it it has value in it so <sigh> i can't really say that i would want something erased i mean maybe if i was like raped or something
Ellie;815.986;816.456;mm (mm)
Participant;820.425;823.735;and it was really <sigh> horrifying then i would but i don't
Ellie;825.297;829.549;yeah_downer (yeah) easy_sleep (how easy is it for you to get a good night's sleep)
Participant;830.63;844.125;<sigh> well if you're talking about sleep <s> being in a deep sleep i'm in a deep sleep a lot but i never feel rested and that's um it's a medical problem of mine
Ellie;846.02;847.18;tell_about_that (can you tell me about that)
Participant;847.97;874.005;well i always feel like i haven't slept for two days and um there are points in in the day i would say in some <s> during some days there are points in the day where i really feel alert and alive and and rested but they're short-lived but i sleep a lot i sleep
Ellie;874.056;875.436;feel_lately (how have you been feeling lately)
Participant;876.42;881.0;uh pretty crappy <laughter> physically pretty crappy yeah
Ellie;880.856;881.926;sorry_hear (i'm sorry to hear that)
Participant;881.895;882.925;well thanks <laughter>
Ellie;884.06;886.1;ptsd_diagnosed (have you ever been diagnosed with p_t_s_d)
Participant;886.175;887.69;no <sniffle>
Ellie;887.364;889.174;depression_diagnosed (have you been diagnosed with depression)
Participant;890.235;916.17;i haven't been officially diagnosed with depression but um that's that's usually what doctors um like my sleeping problem hasn't been diagnosed i'm i'm in the process of really working to get it diagnosed but um that's the first thing that they try and figure out they they've given me like depression drugs before but they haven't helped with my sleep
Ellie;919.396;919.836;isee_downer (i see)
Participant;921.48;921.93;but i do
Ellie;921.898;925.399;feel_down (do you feel down) feel_down (do you feel down)
Participant;924.505;955.71;<sigh> i do <sigh> i would say i feel down sometimes <someti> well my life is very strange right now so there are a lot of reasons to feel down um i would say that i do feel down sometimes a lotta times but it's not i would say it's reasonable considering the situations that i'm in
Ellie;957.849;961.421;downer (okay) trigger (are they triggered by something)
Participant;962.71;975.605;uh they're just triggered by the fact that my health is is not great and it makes it makes life really difficult but um i wouldn't say it's triggered by anything in particular
Ellie;977.168;980.961;happy_lasttime (tell me about the last time you felt really happy)
Participant;980.955;997.86;oh there i mean <sigh> you mean for a long period of time or i mean i i experience happiness like when i go out with friends or i go and you know i've find some great new dish i like i mean what type of happiness are you looking for
Ellie;999.184;1002.434;Ellie17Dec2012_10 (tell me about something you did recently that you really enjoyed)
Participant;1003.41;1028.42;um <sigh> well i mean right now um my friend just had surgery and so i'm staying with her this week um i'm really enjoying it i mean even though we could never live together i could never live with live with her long term and i'm sure she couldn't live with me long term but i'm having fun and um
Ellie;1025.815;1026.685;wild_laughter5 ((laughter))
Participant;1030.09;1053.03;you know she just she i i installed the groupon app on her ah on her phone um yesterday 'cause she's been paying too much for laser hair removal <laughter> and so i installed it on her phone and then today she's she's looking up cupcakes so she had me pick up cupcakes on the way here to bring back to her uh as a groupon deal so i mean
Ellie;1052.938;1053.668;nice (nice)
Participant;1053.77;1055.78;you know there's little fun things like that
Ellie;1057.943;1059.633;BF_describe (how would your best friend describe you)
Participant;1058.51;1114.66;<sniffle> uh <sigh> probably um o_c_d <laughter> and um she probably thinks i'm pretty prissy compared to her um i think that she would say that i have a good heart um we're very different um and probably that i'm <sigh> i should ask her <laughter> uh i don't know we we go out so i think she'd say that i'm fun um but she has mentioned that i'm i'm a very private person and that i know i i knew before she said that
Ellie;1116.822;1117.392;why2 (why)
Participant;1118.66;1201.555;why um <sigh> i have <ha> well i told you i have i have a lotta problems right now and <sigh> so i don't really tell people about them um it it's kind of a it's kind of a killjoy but also people can feel i feel that people can feel less comfortable if they perceive that you have a have difficulties and they feel kind of um it just uncomfortable like oh they maybe they should help or they feel guilty but they have good busy lives so just kinda creates a gap but i would say even before even before this difficult time in my life i've been i've been a private person i don't know why i think <thi> i think a lot eh you know i'm a deep thinker and maybe it's just you know not like i feels like i feel abnormal but um maybe i just have a lotta thoughts that don't seem doesn't seem appropriate to share with people or i'm not sure
Ellie;1202.508;1207.057;isee_downer (i see) advice_back (what advice would you give to yourself ten or twenty years ago)
Participant;1205.25;1239.035;<sniffle> ten or twenty years ago <sigh> um well one thing that i regret right now is um you know i haven't really found somebody you know to spend the rest of my life with so i would tell myself to concentrate more on that 'cause once you hit forty it's really <rea> it's it's a lot harder that's it
Ellie;1238.837;1241.137;Ellie17Dec2012_08 (what are you most proud of in your life)
Participant;1243.475;1300.36;um i would say <sigh> that i've perservered i'm very proud that even though i have a lot of difficulties in my life the fact that i'm you know making this commitment to go to school and i'm doing it on my own and um you know it's it's kind of a if people if people knew all the problems that i have they'd be like well you know why are you worrying about school but um i really feel that you know i'm i'm doing this and and i'm really proud that even through everything um yeah i'm getting a's
Ellie;1302.405;1303.305;thats_great (that's great)
Participant;1304.88;1305.23;thanks
Ellie;1305.12;1307.56;asked_everything (okay i think i have asked everything i need to)
Participant;1307.61;1307.99;mm k
Ellie;1308.216;1309.656;appreciate_open (thanks for sharing your thoughts with me)
Participant;1310.065;1310.385;thanks
Ellie;1311.226;1311.836;bye (goodbye)
Participant;1311.76;1312.04;bye
