speaker;start_time;stop_time;text
Ellie;12.43;33.93;hi i'm ellie thanks for coming in today i was created to talk to people in a safe and secure environment i'm not a therapist but i'm here to learn about people and would love to learn about you i'll ask a few questions to get us started and please feel free to tell me anything your answers are totally confidential are you okay with this
Participant;34.38;34.86;yes
Ellie;35.6;38.88;okay so how are you doing today
Participant;39.32;39.94;i'm alright
Ellie;40.87;43.78;that's good where are you from originally
Participant;44.26;45.54;los angeles california
Ellie;47.07;47.55;really
Participant;48.41;48.76;yep
Ellie;49.93;51.92;what are some things you really like about l_a
Participant;53.02;57.92;um the lights big city it's always something going on
Ellie;58.71;62.31;mhm what are some things you don't really like about l_a
Participant;62.56;66.22;the traffic and that's it
Ellie;68.38;71.49;okay what'd you study at school
Participant;72.75;75.28;uh business administration and business management
Ellie;76.33;77.32;are you still doing that
Participant;77.91;81.75;uh not that i'm doing something else i'm doing networking at the moment
Ellie;82.95;84.04;what's your dream job
Participant;84.91;94.11;<sigh> hmm uh to open up a big clothing line and just supply the whole world with clothing <laughter>
Ellie;95.06;96.13;that sounds interesting
Participant;101.06;101.35;yeah
Ellie;101.37;102.81;do you consider yourself an introvert
Participant;103.54;104.23;definitely
Ellie;105.47;105.88;why
Participant;107.98;113.25;uh 'cause i'm all about myself it's all about me <laughter>
Ellie;114.19;115.42;do you feel that way often
Participant;117.86;120.3;not often but more times than not yeah
Ellie;121.97;124.1;what are some things that make you really mad
Participant;126.86;135.96;being lied to and i guess when people think you're dumber than you than what you are <laughter>
Ellie;136.91;140.91;i understand what do you do when you're annoyed
Participant;142.83;147.66;uh try to get away from everything go into my own space
Ellie;149.05;151.1;how are you at controlling your temper
Participant;151.64;154.36;very well i'm great at controlling my temper
Ellie;155.05;159.6;that's good when was the last time you argued with someone and what was it about
Participant;160.2;167.67;<sigh> i um probably like two days ago <laughter> and it was probably just over some sports it wasn't a real argument
Ellie;169.19;173.55;<laughter> okay do you travel a lot
Participant;174.05;177.39;<sharp inhaling> not a lot but i travel enough
Ellie;178.46;179.94;what do you enjoy about traveling
Participant;180.68;186.52;just being able to see <s> to get a change of pace see somebody new see new faces new environment
Ellie;188.83;190.44;i'd love to hear about one of your trips
Participant;191.81;201.71;mm let me see the last trip i had was vegas you know how vegas goes it was pretty fun it was a lotta
Ellie;201.21;201.8;<laughter>
Participant;202.21;204.81;lotta drinking and a lot of partying going on <laughter>
Ellie;204.84;212.59;nice what would you say are some of your best qualities
Participant;213.6;221.69;um pretty open-minded i'm kind to pretty much everybody i'm a pretty even-keel guy
Ellie;223.34;224.97;how do you like your living situation
Participant;225.73;227.01;it's alright it could be better
Ellie;227.95;229.06;do you have roommates
Participant;229.39;229.75;no
Ellie;231.2;236.37;that's good have you ever served in the military
Participant;236.77;237.5;no ma'am
Ellie;238.42;240.4;have you ever been diagnosed with p_t_s_d
Participant;241.14;241.55;nope
Ellie;242.21;244.02;have you been diagnosed with depression
Participant;244.46;244.94;no
Ellie;245.7;247.92;how easy is it for you to get a good night's sleep
Participant;249.72;258.02;uh lately it's been pretty tough i guess because i've been staying up so late but uh that's my fault <laughter>
Ellie;258.09;258.48;why
Participant;259.45;263.77;i don't know i guess i'm a night owl all of a sudden i'm turning into an owl
Ellie;266.35;269.29;okay what are you like when you don't sleep well
Participant;270.73;275.88;sluggish and tired all day if i don't sleep well all day i'm just laying around
Ellie;276.86;281.15;mm have you noticed any changes in your behavior or thoughts lately
Participant;282.95;284.54;no not too much
Ellie;285.59;288.3;okay is there anything you regret
Participant;291.05;293.11;mm no <laughter>
Ellie;294.14;296.88;what advice would you give yourself ten or twenty years ago
Participant;297.79;301.79;oh stay focused and listen to the adults <laughter>
Ellie;303.98;305.75;could you have done anything to avoid it
Participant;308.49;309.04;yeah
Ellie;311.07;312.1;tell me more about that
Participant;312.8;333.28;i mean it's self-explanatory i could've just listened to parents or other adults that tried to steer you in the right way and you know you're being a stubborn kid at that uh at those ages so it's like what what are you talking about i this is my life i can do what i want i don't have to listen to you but now i see that <laughter> what they were telling me was correct
Ellie;334.65;338.01;yeah how would your best friend describe you
Participant;339.19;343.01;um hilarious <laughter>
Ellie;345.25;349.8;okay how close are you to your family
Participant;350.65;351.34;pretty close
Ellie;354.41;356.68;who's someone that's been a positive influence in your life
Participant;357.25;359.53;uh both my parents mother and father
Ellie;362.99;369.38;that's great tell me about something you did recently that you really enjoyed
Participant;370.61;381.49;mm recently what did i do um new year's eve party i had i had the time of my life it was so fun
Ellie;383.41;384.98;i'd love to hear all about it
Participant;385.96;406.66;uh this new year's eve i went to a party at a friend's house in baldwin hills area he had it at a a pretty nice house it's a three story house and it was like three hundred and fifty people in there it was pretty fun but it was also not that fun because there was so many people and you couldn't really move so
Ellie;399.46;399.87;wow
Participant;407.6;415.04;that was the only downfall but besides that i brought my new year in great with tons of friends and that's how it's supposed to be done
Ellie;415.96;424.1;awesome what are some things that usually put you in a good mood
Participant;425.76;439.4;um i'm generally in a good mood every day i mean waking up puts me in a good mood i i guess you could say that but um i don't know a good a good meal <laughter>
Ellie;441.77;449.22;that's so good to hear what's one of your most memorable experiences
Participant;450.19;492.01;<makes clicking sounds with mouth> ooh one of my most memorable experiences were probably uh when i was younger i was in the boy scouts and we used to go camping all the time and one year we went to yellowstone or yosemite one of those places and we had to work on a mountain biking merit badge and of course being from the city i'm like a mountain biking i can ride a mountain bike but once we got in the real mountains on got on real mountain bikes i gained a new respect for the mountain bikers it was pretty it was fun and pretty intense going downhill doing about forty five miles an hour in dirt on a bicycle was pretty intense and that was i'll i'll never forget that
Ellie;494.09;502.27;yeah what are you most proud of in your life
Participant;504.87;512.95;mm i don't know that's a tough one to to answer what am i most proud of i don't know honestly
Ellie;517.65;526.44;okay okay i think i've asked everything i need to thanks for sharing your thoughts with me goodbye
Participant;527.54;528.09;bye
