speaker;start_time;stop_time;text
Participant;11.26;12.3;<sync>
Ellie;27.467;49.007;IntroV4Confirmation (hi i'm ellie thanks for coming in today i was created to talk to people in a safe and secure environment i'm not a therapist but i'm here to learn about people and would love to learn about you i'll ask a few questions to get us started and please feel free to tell me anything your answers are totally confidential are you ok with this)
Participant;49.36;49.76;sure
Ellie;50.446;54.404;okay_confirm (okay) how_doingV (so how are you doing today)
Participant;54.87;58.3;in a day uh pretty well except for drab weather
Ellie;60.087;63.653;see_mean (i see what you mean) where_originally (where are you from originally)
Participant;63.87;65.71;originally i'm from detroit michigan
Ellie;66.215;66.805;really (really)
Participant;66.86;67.3;yes
Ellie;68.886;69.966;when_LA (when did you move to l_a)
Participant;70.38;71.76;uh back in the eighties
Ellie;73.171;74.471;long_time (that's a long time)
Participant;74.36;74.89;yeah
Ellie;75.454;77.354;often_backB (how often do you go back to your hometown)
Participant;78.3;81.99;uh it's been a while the last time uh it's been about five years
Ellie;83.931;85.551;compares_LA (how does it compare to l_a)
Participant;85.67;97.55;<laughter> uh not even close uh <sigh> more setback uh out here it's you know you have the weather that's that's that's prominent <pr> prominent reason for coming is the weather
Ellie;98.837;99.857;why_LA (why did you move to l_a)
Participant;100.28;107.35;it does uh well maybe better opportunities uh and the weather <laughter>
Ellie;107.803;108.803;happy_didthat (are you happy you did that)
Participant;111.47;113.17;yes <sigh>
Ellie;114.531;117.001;adapted_LA (how easy was it for you to get used to living in l_a)
Participant;117.88;131.99;it took a minute uh had to adjust to <tisk> the uh different attitudes of the people the surroundings the locations and the vast area that someone had to cover to get to one spot to another
Ellie;132.976;139.189;yeah3 (yeah) understand (i understand) like_about_LA (what are some things you really like about l_a)
Participant;140.32;158.54;um well the weather uh for one the never end uh uh uh it never snows in in southern california uh two uh the prospects of uh uh starting out a business or becoming uh self-employed and doing what i like to do
Ellie;159.989;162.339;dont_like_LA (what are some things you don't really like about l_a)
Participant;162.52;163.12;the people
Ellie;164.766;165.926;tell_about_that (can you tell me about that)
Participant;166.34;184.08;they're not friendly for no no one's friendly out here you know uh back east and i'm from uh i was raised in the south where everybody is uh cordial friendly hi when you pass in the streets out here people think that you have uh uh some agenda just for saying hello in passing so that's what i don't like about l_a
Ellie;184.573;192.409;yeah_downer (yeah) travel_shoes (i'm sure you can tell by my shoes i'm not much of a world explorer do you travel a lot)
Participant;192.03;204.99;used to uh i used to be on the road a lot i was a a truck driver and plus uh a entertainment uh coach driver for several uh motown bands back in the day so yeah so i'm used to traveling yes yeah
Ellie;202.234;207.672;awesome (awesome) travel_changed (what do you enjoy about traveling)
Participant;208.47;222.41;well this is a beautiful <beau> this is actually a beautiful country so just viewing uh uh the countryside uh visiting different towns different cultures uh different towns uh and seeing how basically how the rest of the uh the country uh uh lives
Ellie;223.184;224.864;travel_trips (i'd love to hear about one of your trips)
Participant;225.76;258.66;uh some not so good some bad uh and some good um let's see denver colorado i lived in denver for a couple years which is uh really a great uh uh city uh and then i lived in uh atlanta which is uh uh really a great state where is you know you have the southern attitude <a> a southern attitude southern attitude which is everybody's friendly and gets along and and let's see i've been back and forth across this country at least sixteen to twenty times so yeah it's it's been it's been it's been an adventure
Ellie;259.866;262.226;memorableB (what's one of your most memorable experiences)
Participant;261.76;295.96;<laughter> uh arkansas little rock where i had to get into a uh you might wanna say a a altercation with the rednecks down there because as as you know um i'm african american and down there they're very prejudiced you know they're the uh uh southern uh uh uh which what were the rebels uh not rebels but uh what were they uh confederates they still have this uh uh tendency of thinking blacks or any other culture besides whites aren't uh valuable people
Ellie;296.478;297.358;oh_no (oh no)
Participant;297.18;303.88;yeah so it i had a incident down there where it actually turned into a shoot out but i'm okay
Ellie;306.542;313.93;okay_confirm (okay) shyoutgoing (do you consider yourself more shy or outgoing)
Participant;313.23;333.79;a little of both it it depends on it depends on the time on the period it depends on what mood i'm in at the time you know i can be outgoing 'cause i do uh like to go to  nightclubs and listen to live music live bands and i know like i said i uh i did some entertainment before so at clubs i'm more outgoing in social events more shy
Ellie;335.154;347.219;relax_fishtank (sometimes when i'm feeling tense i turn on the fish tank screensaver hey i know it's not hawaii but it's the best i've got what do you do to relax)
Participant;343.78;347.44;<laughter> meditate
Ellie;350.965;355.236;thats_great (that's great) control_temper (how are you at controlling your temper)
Participant;355.74;380.51;very good very good because uh if i let my temper get the best of me i uh tend to um cause more harm than good you know uh harm to the person harm to myself by you know uh physical altercations or um going to jail and so yeah i'm very good at uh controlling my emotions my temper
Ellie;380.167;383.217;last_argument (when was the last time you argued with someone and what was it about)
Participant;384.68;407.1;good question uh okay girlfriend <laughter> uh we just recently broke up about two three weeks ago because of a argument about what she thought she could do and what i know she couldn't do and she wanted to do it anyway so uh that led to a argument and the argument ended in us breaking up so yeah
Ellie;408.92;409.86;difficult (how hard is that)
Participant;412.0;421.63;it was emotional uh but um i'm fifty five and it's not my first break up so i just take it in stride and and move on
Ellie;423.364;428.996;mhm (mhm) situation_handled (tell me about a situation that you wish you had handled differently)
Participant;431.26;465.22;uh well it's it's probably it's no one no no situation actually can be i feel uh at the time when you when you deal with a situation at any particular time there's probably always a better way to handle it after the fact but uh i would say back in the day back in the eighties when me and my  wife broke up i think i could've handled that one better because i was younger more hot tempered and more irrational so i could've handled that one better yes
Ellie;466.422;467.852;change_directions (what made you decide to do that)
Participant;469.23;473.03;what the uh uh the way i broke the way i handled that situation
Ellie;473.007;473.477;yeah3 (yeah)
Participant;473.93;487.17;well like i said uh being young and and inexperienced and and emotions and and attitudes and uh not being able to communicate with another person on the level of of understanding
Ellie;488.587;494.082;okay_confirm (okay) hard_decisionB (tell me about the hardest decision you've ever had to make)
Participant;495.87;500.18;<laughter> hmm leaving home
Ellie;502.159;503.319;tell_about_that (can you tell me about that)
Participant;504.05;521.21;well it was like <sigh> what can i say it was about one o'clock two o'clock in the morning and i just decided to pack up and and and leave  uh without letting anyone know that i was leaving that was like one of the hardest decisions i've had to make
Ellie;523.404;526.103;family_relationship (tell me about your relationship with your family)
Participant;526.7;555.06;sketchy loving but sketchy uh my family's in detroit and atlanta georgia i'm in california l_a i have no one out here so uh i'm basically on my own and i've been on my own for a long time so uh we communiate and we talk and send christmas cards thanksgiving cards you know and in that factor but uh as far as uh family it's it's it's sketchy
Ellie;556.049;559.92;isee_downer (i see) influence_positive (who's someone that's been a positive influence in your life)
Participant;560.3;560.83;no one
Ellie;563.394;567.51;memory_erase (tell me about an event or something that you wish you could erase from your memory)
Participant;569.8;598.65;hm uh i don't know uh most things that that i don't wanna remember i don't so and i have erased a lot of things from my memory or uh placed them in a closet which i can't open anymore to to remember that so but the most thing that i can say is uh uh i won't go into detail on it but a incident where it caused great bodily harm to a person
Ellie;600.111;604.76;okay_confirm (okay) easy_sleep (how easy is it for you to get a good night's sleep)
Participant;605.65;621.14;in the last two weeks uh with the i've had uh this hearburn problem so in the last two weeks it's been really difficult for me to get uh some sleep 'cause i have a i have uh in my pocket right now i have a a jar of tums it's keeping me pretty uh sedated right now
Ellie;622.21;623.99;sleep_affects (what are you like when you don't sleep well)
Participant;625.35;625.79;irritable
Ellie;629.244;630.624;feel_lately (how have you been feeling lately)
Participant;632.57;654.47;um anxious um need to get things done uh and i feel like uh i have uh people and things that's against me and trying to block everything that i'm doing to succeed and that's been a great uh disturbance to me
Ellie;655.825;657.175;been_hard (that sounds really hard)
Participant;657.05;671.81;yes it is but you know like i said i take everything it with a grain of salt and i keep pushing because uh you can't stay mad or vengeful at any one person or any one thing too long because it doesn't accomplish anything so i have to keep pushing
Ellie;672.663;677.72;yeah_downer (yeah) behavior_changes (have you noticed any changes in your behavior or thoughts lately)
Participant;678.12;689.08;uh no basically i'm still <s> still the same i just just keep my thoughts <th> uh i keep my ideas that i need to do uh and try to accomplish uh uh what i need to uh uh accomplish
Ellie;689.895;693.926;uh_huh (uh huh) ptsd_diagnosed (have you ever been diagnosed with p_t_s_d)
Participant;695.31;699.01;post mm traumatic stress uh no uh uh
Ellie;699.8;701.61;depression_diagnosed (have you been diagnosed with depression)
Participant;701.48;701.96;yes
Ellie;702.419;704.339;when_diagnosed (how long ago were you diagnosed)
Participant;704.36;708.9;uh back in uh oh nine two thousand nine
Ellie;708.482;709.832;why_seek_help (what got you to seek help)
Participant;710.49;729.65;um crying a lot uh not trusting uh suspiciousness of other people uh so what uh and i was uh recommended uh and referred to a medical uh uh um mental health uh facility for treatment
Ellie;730.787;732.227;therapy_going (do you still go to therapy now)
Participant;732.89;738.64;off and on yes when i feel depressed and feel anxiety building up in me uh yes i still have treatment
Ellie;739.893;741.343;therapy_useful (do you feel like therapy is useful)
Participant;741.85;755.09;yes because i get a chance to express uh some of the things that i normally don't express and i can i can like blow off steam or uh blow off the anxiety part of uh my depression
Ellie;755.889;760.398;thats_good (that's good) happy_lasttime (tell me about the last time you felt really happy)
Participant;762.25;786.18;hmm well i don't know uh really really happy um oh when uh well i was really really happy when my uh the girl that i just broke up with came from upstate for us to be together that's when i was really really happy and then that turned around within two weeks but at that point in time when that happened i was really really happy
Ellie;786.523;789.968;mhm (mhm) BF_describe (how would your best friend describe you)
Participant;792.17;815.75;witty um <laughter> witty um informative <inf> informative um um social uh i basically everybody say i need i should've became a counselor because i'm very enlightened in a lot of life's uh problems so uh my friends would describe me as helpful
Ellie;818.131;821.036;self_change (what are some things you wish you could change about yourself)
Participant;824.5;831.17;probably education more education
Ellie;834.296;835.366;regret (is there anything you regret)
Participant;837.88;839.34;not raising my sons
Ellie;841.212;842.372;tell_about_that (can you tell me about that)
Participant;843.05;860.0;well uh my son my my sons were young in age when me and my wife broke up out here and she moved and remarried and she has the she has the boys with her and they took on the new husband's name and i wasn't able to raise them like i would've wanted them raised
Ellie;861.854;866.712;yeah_downer (yeah) advice_back (what advice would you give to yourself ten or twenty years ago)
Participant;869.99;876.59;patience more patience being more acceptable of other ideas and other people's opinions
Ellie;878.635;881.885;Ellie17Dec2012_10 (tell me about something you did recently that you really enjoyed)
Participant;883.62;887.46;hmm there's nothing
Ellie;891.718;893.925;ideal_weekendC (tell me how you spend your ideal weekend)
Participant;896.89;903.81;basically at home watching movies to myself i'm a loner
Ellie;906.645;908.945;Ellie17Dec2012_08 (what are you most proud of in your life)
Participant;909.52;910.13;my sons
Ellie;912.717;917.301;asked_everything (okay i think i have asked everything i need to) appreciate_open (thanks for sharing your thoughts with me)
Participant;917.82;918.4;you're welcome
Ellie;919.109;919.719;bye (goodbye)
Participant;919.85;926.79;see you later do i push the button now
Ellie;927.828;928.298;yeah3 (yeah)
Participant;933.82;934.648;why aren't you married
